rtls_interval_id,asset_id,asset_type,start_time,end_time,location_id,location_name,location_code,duration_sec
RTLS_00001,EUREKA-VPL-001,nurse,2025-03-19 08:00:00.000000000,2025-03-19 08:00:08.766999941,NS_A,B2.71 Open wacht,2.71,8.766999
RTLS_00147,EUREKA-VPL-002,nurse,2025-03-19 08:00:00.000000000,2025-03-19 08:03:08.404111751,NS_A,B2.71 Open wacht,2.71,188.404111
RTLS_00247,EUREKA-VPL-003,nurse,2025-03-19 08:00:00.000000000,2025-03-19 08:12:45.408752344,NS_B,B2.71.01 Dienstplaats,2.71.01,765.408752
RTLS_00300,EUREKA-VPL-004,nurse,2025-03-19 08:00:00.000000000,2025-03-19 08:00:42.473066277,NS_B,B2.71.01 Dienstplaats,2.71.01,42.473066
RTLS_00381,EUREKA-VPL-005,nurse,2025-03-19 08:00:00.000000000,2025-03-19 08:00:01.000000000,NS_A,B2.71 Open wacht,2.71,1.0
RTLS_00490,EUREKA-VPL-006,nurse,2025-03-19 08:00:00.000000000,2025-03-19 08:00:30.096046817,NS_B,B2.71.01 Dienstplaats,2.71.01,30.096046
RTLS_00648,EUREKA-VPL-007,nurse,2025-03-19 08:00:00.000000000,2025-03-19 08:05:34.189178184,NS_B,B2.71.01 Dienstplaats,2.71.01,334.189178
RTLS_00810,EUREKA-VPL-008,nurse,2025-03-19 08:00:00.000000000,2025-03-19 08:03:18.666795045,NS_B,B2.71.01 Dienstplaats,2.71.01,198.666795
RTLS_00933,EUREKA-VPL-009,nurse,2025-03-19 08:00:00.000000000,2025-03-19 08:00:01.888037556,NS_B,B2.71.01 Dienstplaats,2.71.01,1.888037
RTLS_01076,EUREKA-VPL-010,nurse,2025-03-19 08:00:00.000000000,2025-03-19 08:02:51.909301772,NS_B,B2.71.01 Dienstplaats,2.71.01,171.909301
RTLS_01269,EUREKA-VPL-011,nurse,2025-03-19 08:00:00.000000000,2025-03-19 08:00:58.516415239,NS_B,B2.71.01 Dienstplaats,2.71.01,58.516415
RTLS_01396,EUREKA-VPL-012,nurse,2025-03-19 08:00:00.000000000,2025-03-19 08:06:17.996972733,NS_A,B2.71 Open wacht,2.71,377.996972
RTLS_01467,EUREKA-VPL-013,nurse,2025-03-19 08:00:00.000000000,2025-03-19 08:00:28.067925608,NS_A,B2.71 Open wacht,2.71,28.067925
RTLS_01581,EUREKA-VPL-014,nurse,2025-03-19 08:00:00.000000000,2025-03-19 08:05:44.155156541,NS_B,B2.71.01 Dienstplaats,2.71.01,344.155156
RTLS_01761,EUREKA-VPL-015,nurse,2025-03-19 08:00:00.000000000,2025-03-19 08:12:00.000000000,NS_A,B2.71 Open wacht,2.71,720.0
RTLS_01873,EUREKA-VPL-016,nurse,2025-03-19 08:00:00.000000000,2025-03-19 08:00:55.856603395,NS_B,B2.71.01 Dienstplaats,2.71.01,55.856603
RTLS_02018,EUREKA-VPL-017,nurse,2025-03-19 08:00:00.000000000,2025-03-19 08:00:06.129408850,NS_B,B2.71.01 Dienstplaats,2.71.01,6.129408
RTLS_02190,EUREKA-VPL-018,nurse,2025-03-19 08:00:00.000000000,2025-03-19 08:00:05.335422412,NS_A,B2.71 Open wacht,2.71,5.335422
RTLS_02323,EUREKA-VPL-019,nurse,2025-03-19 08:00:00.000000000,2025-03-19 08:00:08.939874813,NS_A,B2.71 Open wacht,2.71,8.939874
RTLS_02551,EUREKA-VPL-020,nurse,2025-03-19 08:00:00.000000000,2025-03-19 08:01:27.139285205,NS_B,B2.71.01 Dienstplaats,2.71.01,87.139285
RTLS_02657,EUREKA-VPL-021,nurse,2025-03-19 08:00:00.000000000,2025-03-19 08:00:35.402732552,NS_B,B2.71.01 Dienstplaats,2.71.01,35.402732
RTLS_02791,EUREKA-VPL-022,nurse,2025-03-19 08:00:00.000000000,2025-03-19 08:00:04.052950505,NS_A,B2.71 Open wacht,2.71,4.05295
RTLS_03009,EUREKA-VPL-023,nurse,2025-03-19 08:00:00.000000000,2025-03-19 08:01:43.781895339,NS_A,B2.71 Open wacht,2.71,103.781895
RTLS_03179,EUREKA-VPL-024,nurse,2025-03-19 08:00:00.000000000,2025-03-19 08:00:16.021391429,NS_B,B2.71.01 Dienstplaats,2.71.01,16.021391
RTLS_03371,EUREKA-VPL-025,nurse,2025-03-19 08:00:00.000000000,2025-03-19 08:00:07.073893939,NS_A,B2.71 Open wacht,2.71,7.073893
RTLS_03586,EUREKA-VPL-026,nurse,2025-03-19 08:00:00.000000000,2025-03-19 08:01:13.813829192,NS_A,B2.71 Open wacht,2.71,73.813829
RTLS_00382,EUREKA-VPL-005,nurse,2025-03-19 08:00:01.000000000,2025-03-19 08:00:21.446980195,PREP_A,B2.71.02 Voorbereiding,2.71.02,20.44698
RTLS_00934,EUREKA-VPL-009,nurse,2025-03-19 08:00:01.888037556,2025-03-19 08:00:20.151354167,ROOM_105,B2.82 1-bedskamer,2.82,18.263316
RTLS_02792,EUREKA-VPL-022,nurse,2025-03-19 08:00:04.052950505,2025-03-19 08:00:21.825972856,ROOM_103,B2.78 1-bedskamer,2.78,17.773022
RTLS_02191,EUREKA-VPL-018,nurse,2025-03-19 08:00:05.335422412,2025-03-19 08:04:35.877201531,PREP_B,B2.71.02 Voorbereiding,2.71.02,270.541779
RTLS_02019,EUREKA-VPL-017,nurse,2025-03-19 08:00:06.129408850,2025-03-19 08:01:31.149631286,ROOM_117,B2.54 2-bedskamer,2.54,85.020222
RTLS_03372,EUREKA-VPL-025,nurse,2025-03-19 08:00:07.073893939,2025-03-19 08:00:17.296348408,BATH_B,B2.55 Badkamer,2.55,10.222454
RTLS_00002,EUREKA-VPL-001,nurse,2025-03-19 08:00:08.766999941,2025-03-19 08:00:09.766999941,STORE_C,B2.65 Berging,2.65,1.0
RTLS_02324,EUREKA-VPL-019,nurse,2025-03-19 08:00:08.939874813,2025-03-19 08:02:40.859763571,ROOM_111,B2.81 2-bedskamer,2.81,151.919888
RTLS_00003,EUREKA-VPL-001,nurse,2025-03-19 08:00:09.766999941,2025-03-19 08:09:29.734303834,PREP_B,B2.71.02 Voorbereiding,2.71.02,559.967303
RTLS_04389,Bladderscan,equipment,2025-03-19 08:00:11.000000000,2025-03-19 08:00:39.000000000,UTIL_A,B2.63 Utility,2.63,28.0
RTLS_03180,EUREKA-VPL-024,nurse,2025-03-19 08:00:16.021391429,2025-03-19 08:06:53.312652170,STORE_B,B2.59 Berging,2.59,397.29126
RTLS_03373,EUREKA-VPL-025,nurse,2025-03-19 08:00:17.296348408,2025-03-19 08:00:41.949414357,ROOM_112,B2.83 2-bedskamer,2.83,24.653065
RTLS_00935,EUREKA-VPL-009,nurse,2025-03-19 08:00:20.151354167,2025-03-19 08:00:31.665852311,ROOM_107,B2.64 2-bedskamer,2.64,11.514498
RTLS_00383,EUREKA-VPL-005,nurse,2025-03-19 08:00:21.446980195,2025-03-19 08:00:37.366247536,ROOM_110,B2.79 2-bedskamer,2.79,15.919267
RTLS_02793,EUREKA-VPL-022,nurse,2025-03-19 08:00:21.825972856,2025-03-19 08:00:37.599667009,ROOM_111,B2.81 2-bedskamer,2.81,15.773694
RTLS_01468,EUREKA-VPL-013,nurse,2025-03-19 08:00:28.067925608,2025-03-19 08:00:39.295607603,KITCHEN,B2.77 Keuken,2.77,11.227681
RTLS_00491,EUREKA-VPL-006,nurse,2025-03-19 08:00:30.096046817,2025-03-19 08:01:02.315806493,ROOM_113,B2.84 1-bedskamer,2.84,32.219759
RTLS_00936,EUREKA-VPL-009,nurse,2025-03-19 08:00:31.665852311,2025-03-19 08:01:36.092920228,UTIL_B,B2.75 Utility,2.75,64.427067
RTLS_02658,EUREKA-VPL-021,nurse,2025-03-19 08:00:35.402732552,2025-03-19 08:00:45.065171337,ROOM_108,B2.66 2-bedskamer,2.66,9.662438
RTLS_00384,EUREKA-VPL-005,nurse,2025-03-19 08:00:37.366247536,2025-03-19 08:01:12.485094102,PREP_B,B2.71.02 Voorbereiding,2.71.02,35.118846
RTLS_02794,EUREKA-VPL-022,nurse,2025-03-19 08:00:37.599667009,2025-03-19 08:01:24.383511453,KITCHEN,B2.77 Keuken,2.77,46.783844
RTLS_01469,EUREKA-VPL-013,nurse,2025-03-19 08:00:39.295607603,2025-03-19 08:01:46.802209085,ROOM_112,B2.83 2-bedskamer,2.83,67.506601
RTLS_03374,EUREKA-VPL-025,nurse,2025-03-19 08:00:41.949414357,2025-03-19 08:00:54.486882222,ROOM_117,B2.54 2-bedskamer,2.54,12.537467
RTLS_00301,EUREKA-VPL-004,nurse,2025-03-19 08:00:42.473066277,2025-03-19 08:00:48.198926377,ROOM_112,B2.83 2-bedskamer,2.83,5.72586
RTLS_02659,EUREKA-VPL-021,nurse,2025-03-19 08:00:45.065171337,2025-03-19 08:01:10.230613646,ROOM_103,B2.78 1-bedskamer,2.78,25.165442
RTLS_00302,EUREKA-VPL-004,nurse,2025-03-19 08:00:48.198926377,2025-03-19 08:00:54.921303002,KITCHEN,B2.77 Keuken,2.77,6.722376
RTLS_03375,EUREKA-VPL-025,nurse,2025-03-19 08:00:54.486882222,2025-03-19 08:03:20.474013359,KITCHEN,B2.77 Keuken,2.77,145.987131
RTLS_00303,EUREKA-VPL-004,nurse,2025-03-19 08:00:54.921303002,2025-03-19 08:01:13.019494919,ROOM_107,B2.64 2-bedskamer,2.64,18.098191
RTLS_01874,EUREKA-VPL-016,nurse,2025-03-19 08:00:55.856603395,2025-03-19 08:02:07.541122609,ROOM_103,B2.78 1-bedskamer,2.78,71.684519
RTLS_03845,Medicatiekar geel,equipment,2025-03-19 08:00:55.856603395,2025-03-19 08:02:07.541122609,ROOM_103,B2.78 1-bedskamer,2.78,71.684519
RTLS_01270,EUREKA-VPL-011,nurse,2025-03-19 08:00:58.516415239,2025-03-19 08:10:01.919711613,PREP_A,B2.71.02 Voorbereiding,2.71.02,543.403296
RTLS_00492,EUREKA-VPL-006,nurse,2025-03-19 08:01:02.315806493,2025-03-19 08:01:38.861163596,ROOM_118,B2.60 2-bedskamer,2.60,36.545357
RTLS_02660,EUREKA-VPL-021,nurse,2025-03-19 08:01:10.230613646,2025-03-19 08:02:35.032019792,ROOM_105,B2.82 1-bedskamer,2.82,84.801406
RTLS_00385,EUREKA-VPL-005,nurse,2025-03-19 08:01:12.485094102,2025-03-19 08:01:55.648714680,ROOM_114,B2.85 2-bedskamer,2.85,43.16362
RTLS_00304,EUREKA-VPL-004,nurse,2025-03-19 08:01:13.019494919,2025-03-19 08:02:13.448287714,NS_A,B2.71 Open wacht,2.71,60.428792
RTLS_03587,EUREKA-VPL-026,nurse,2025-03-19 08:01:13.813829192,2025-03-19 08:06:55.057652095,PREP_A,B2.71.02 Voorbereiding,2.71.02,341.243822
RTLS_02795,EUREKA-VPL-022,nurse,2025-03-19 08:01:24.383511453,2025-03-19 08:01:39.638064973,STORE_A,B2.53 Berging,2.53,15.254553
RTLS_02552,EUREKA-VPL-020,nurse,2025-03-19 08:01:27.139285205,2025-03-19 08:02:59.187308931,ROOM_112,B2.83 2-bedskamer,2.83,92.048023
RTLS_02020,EUREKA-VPL-017,nurse,2025-03-19 08:01:31.149631286,2025-03-19 08:01:35.363347397,NS_B,B2.71.01 Dienstplaats,2.71.01,4.213716
RTLS_02021,EUREKA-VPL-017,nurse,2025-03-19 08:01:35.363347397,2025-03-19 08:01:44.783867506,STORE_B,B2.59 Berging,2.59,9.42052
RTLS_00937,EUREKA-VPL-009,nurse,2025-03-19 08:01:36.092920228,2025-03-19 08:03:46.873209174,PREP_B,B2.71.02 Voorbereiding,2.71.02,130.780288
RTLS_00493,EUREKA-VPL-006,nurse,2025-03-19 08:01:38.861163596,2025-03-19 08:01:50.021838107,ROOM_104,B2.80 1-bedskamer,2.80,11.160674
RTLS_02796,EUREKA-VPL-022,nurse,2025-03-19 08:01:39.638064973,2025-03-19 08:02:25.811334827,STORAGE,B2.61 Opslag,2.61,46.173269
RTLS_03010,EUREKA-VPL-023,nurse,2025-03-19 08:01:43.781895339,2025-03-19 08:02:35.905115309,ROOM_106,B2.62 2-bedskamer,2.62,52.123219
RTLS_02022,EUREKA-VPL-017,nurse,2025-03-19 08:01:44.783867506,2025-03-19 08:01:51.419972074,KITCHEN,B2.77 Keuken,2.77,6.636104
RTLS_01470,EUREKA-VPL-013,nurse,2025-03-19 08:01:46.802209085,2025-03-19 08:02:55.964083307,ROOM_113,B2.84 1-bedskamer,2.84,69.161874
RTLS_00494,EUREKA-VPL-006,nurse,2025-03-19 08:01:50.021838107,2025-03-19 08:02:19.046304328,ROOM_109,B2.68 2-bedskamer,2.68,29.024466
RTLS_02023,EUREKA-VPL-017,nurse,2025-03-19 08:01:51.419972074,2025-03-19 08:03:18.266660918,NS_B,B2.71.01 Dienstplaats,2.71.01,86.846688
RTLS_00386,EUREKA-VPL-005,nurse,2025-03-19 08:01:55.648714680,2025-03-19 08:02:29.125173692,UTIL_A,B2.63 Utility,2.63,33.476459
RTLS_04390,Bladderscan,equipment,2025-03-19 08:01:59.000000000,2025-03-19 08:02:24.000000000,UTIL_A,B2.63 Utility,2.63,25.0
RTLS_01875,EUREKA-VPL-016,nurse,2025-03-19 08:02:07.541122609,2025-03-19 08:02:24.934232591,KITCHEN,B2.77 Keuken,2.77,17.393109
RTLS_00305,EUREKA-VPL-004,nurse,2025-03-19 08:02:13.448287714,2025-03-19 08:07:59.248981573,PREP_A,B2.71.02 Voorbereiding,2.71.02,345.800693
RTLS_05432,Voedingspomp 5,equipment,2025-03-19 08:02:15.000000000,2025-03-19 08:02:38.000000000,UTIL_A,B2.63 Utility,2.63,23.0
RTLS_03868,Infuuspomp 1,equipment,2025-03-19 08:02:19.000000000,2025-03-19 08:02:37.000000000,UTIL_A,B2.63 Utility,2.63,18.0
RTLS_00495,EUREKA-VPL-006,nurse,2025-03-19 08:02:19.046304328,2025-03-19 08:13:07.975122140,PREP_B,B2.71.02 Voorbereiding,2.71.02,648.928817
RTLS_01876,EUREKA-VPL-016,nurse,2025-03-19 08:02:24.934232591,2025-03-19 08:03:03.550666965,ROOM_118,B2.60 2-bedskamer,2.60,38.616434
RTLS_02797,EUREKA-VPL-022,nurse,2025-03-19 08:02:25.811334827,2025-03-19 08:02:29.430806741,STORE_C,B2.65 Berging,2.65,3.619471
RTLS_00387,EUREKA-VPL-005,nurse,2025-03-19 08:02:29.125173692,2025-03-19 08:18:59.669227212,BATHROOM,B2.57 Stortbad,2.57,990.544053
RTLS_02798,EUREKA-VPL-022,nurse,2025-03-19 08:02:29.430806741,2025-03-19 08:02:31.972584362,STORE_C,B2.65 Berging,2.65,2.5417769999999997
RTLS_02799,EUREKA-VPL-022,nurse,2025-03-19 08:02:31.972584362,2025-03-19 08:02:59.153649005,ROOM_108,B2.66 2-bedskamer,2.66,27.181064
RTLS_02661,EUREKA-VPL-021,nurse,2025-03-19 08:02:35.032019792,2025-03-19 08:07:59.538077722,ROOM_103,B2.78 1-bedskamer,2.78,324.506057
RTLS_03011,EUREKA-VPL-023,nurse,2025-03-19 08:02:35.905115309,2025-03-19 08:09:21.201949622,ROOM_115,B2.58 2-bedskamer,2.58,405.296834
RTLS_02325,EUREKA-VPL-019,nurse,2025-03-19 08:02:40.859763571,2025-03-19 08:03:41.107602891,ROOM_112,B2.83 2-bedskamer,2.83,60.247839
RTLS_01077,EUREKA-VPL-010,nurse,2025-03-19 08:02:51.909301772,2025-03-19 08:06:09.216042021,PREP_B,B2.71.02 Voorbereiding,2.71.02,197.30674
RTLS_01471,EUREKA-VPL-013,nurse,2025-03-19 08:02:55.964083307,2025-03-19 08:03:03.791517680,KITCHEN,B2.77 Keuken,2.77,7.827434
RTLS_02800,EUREKA-VPL-022,nurse,2025-03-19 08:02:59.153649005,2025-03-19 08:03:59.741385467,ROOM_101,B2.74 1-bedskamer,2.74,60.587736
RTLS_02553,EUREKA-VPL-020,nurse,2025-03-19 08:02:59.187308931,2025-03-19 08:03:05.987130068,KITCHEN,B2.77 Keuken,2.77,6.799821
RTLS_01877,EUREKA-VPL-016,nurse,2025-03-19 08:03:03.550666965,2025-03-19 08:14:26.840533565,PREP_B,B2.71.02 Voorbereiding,2.71.02,683.289866
RTLS_01472,EUREKA-VPL-013,nurse,2025-03-19 08:03:03.791517680,2025-03-19 08:03:21.730095618,ROOM_114,B2.85 2-bedskamer,2.85,17.938577
RTLS_02554,EUREKA-VPL-020,nurse,2025-03-19 08:03:05.987130068,2025-03-19 08:07:11.957124366,ROOM_104,B2.80 1-bedskamer,2.80,245.969994
RTLS_00148,EUREKA-VPL-002,nurse,2025-03-19 08:03:08.404111751,2025-03-19 08:03:50.277848546,ROOM_114,B2.85 2-bedskamer,2.85,41.873736
RTLS_05326,Voedingspomp 4,equipment,2025-03-19 08:03:14.000000000,2025-03-19 08:03:34.000000000,UTIL_B,B2.75 Utility,2.75,20.0
RTLS_04703,Toiletstoel 1,equipment,2025-03-19 08:03:16.000000000,2025-03-19 08:03:22.000000000,UTIL_A,B2.63 Utility,2.63,6.0
RTLS_04497,Glucosemeter 1,equipment,2025-03-19 08:03:17.000000000,2025-03-19 08:03:24.000000000,NS_A,B2.71 Open wacht,2.71,7.0
RTLS_02024,EUREKA-VPL-017,nurse,2025-03-19 08:03:18.266660918,2025-03-19 08:07:21.772721805,ROOM_114,B2.85 2-bedskamer,2.85,243.50606
RTLS_03847,Medicatiekar groen,equipment,2025-03-19 08:03:18.266660918,2025-03-19 08:07:21.772721805,ROOM_114,B2.85 2-bedskamer,2.85,243.50606
RTLS_00811,EUREKA-VPL-008,nurse,2025-03-19 08:03:18.666795045,2025-03-19 08:03:31.381011159,ROOM_118,B2.60 2-bedskamer,2.60,12.714216
RTLS_03376,EUREKA-VPL-025,nurse,2025-03-19 08:03:20.474013359,2025-03-19 08:04:37.400766363,ROOM_117,B2.54 2-bedskamer,2.54,76.926753
RTLS_03853,Medicatiekar geel,equipment,2025-03-19 08:03:20.474013359,2025-03-19 08:04:37.400766363,ROOM_117,B2.54 2-bedskamer,2.54,76.926753
RTLS_01473,EUREKA-VPL-013,nurse,2025-03-19 08:03:21.730095618,2025-03-19 08:03:24.506637058,PREP_B,B2.71.02 Voorbereiding,2.71.02,2.776541
RTLS_01474,EUREKA-VPL-013,nurse,2025-03-19 08:03:24.506637058,2025-03-19 08:04:14.390887762,ROOM_118,B2.60 2-bedskamer,2.60,49.88425
RTLS_04813,Toiletstoel 2,equipment,2025-03-19 08:03:25.000000000,2025-03-19 08:03:37.000000000,UTIL_B,B2.75 Utility,2.75,12.0
RTLS_00812,EUREKA-VPL-008,nurse,2025-03-19 08:03:31.381011159,2025-03-19 08:04:17.447219447,ROOM_104,B2.80 1-bedskamer,2.80,46.066208
RTLS_05433,Voedingspomp 5,equipment,2025-03-19 08:03:38.000000000,2025-03-19 08:04:12.000000000,UTIL_A,B2.63 Utility,2.63,34.0
RTLS_02326,EUREKA-VPL-019,nurse,2025-03-19 08:03:41.107602891,2025-03-19 08:04:13.348861559,STORE_B,B2.59 Berging,2.59,32.241258
RTLS_00938,EUREKA-VPL-009,nurse,2025-03-19 08:03:46.873209174,2025-03-19 08:06:33.990275842,STORAGE,B2.61 Opslag,2.61,167.117066
RTLS_00149,EUREKA-VPL-002,nurse,2025-03-19 08:03:50.277848546,2025-03-19 08:11:40.046759775,STORAGE,B2.61 Opslag,2.61,469.768911
RTLS_02801,EUREKA-VPL-022,nurse,2025-03-19 08:03:59.741385467,2025-03-19 08:04:17.115740590,KITCHEN,B2.77 Keuken,2.77,17.374355
RTLS_02327,EUREKA-VPL-019,nurse,2025-03-19 08:04:13.348861559,2025-03-19 08:04:31.254282977,KITCHEN,B2.77 Keuken,2.77,17.905421
RTLS_01475,EUREKA-VPL-013,nurse,2025-03-19 08:04:14.390887762,2025-03-19 08:07:06.530166555,ROOM_117,B2.54 2-bedskamer,2.54,172.139278
RTLS_02802,EUREKA-VPL-022,nurse,2025-03-19 08:04:17.115740590,2025-03-19 08:04:19.464086154,NS_A,B2.71 Open wacht,2.71,2.348345
RTLS_00813,EUREKA-VPL-008,nurse,2025-03-19 08:04:17.447219447,2025-03-19 08:05:08.651616130,ROOM_118,B2.60 2-bedskamer,2.60,51.204396
RTLS_02803,EUREKA-VPL-022,nurse,2025-03-19 08:04:19.464086154,2025-03-19 08:04:34.000573358,STORE_B,B2.59 Berging,2.59,14.536487
RTLS_02328,EUREKA-VPL-019,nurse,2025-03-19 08:04:31.254282977,2025-03-19 08:11:10.703769016,PREP_A,B2.71.02 Voorbereiding,2.71.02,399.449486
RTLS_02804,EUREKA-VPL-022,nurse,2025-03-19 08:04:34.000573358,2025-03-19 08:13:54.008032136,NS_B,B2.71.01 Dienstplaats,2.71.01,560.007458
RTLS_02192,EUREKA-VPL-018,nurse,2025-03-19 08:04:35.877201531,2025-03-19 08:08:11.026129685,NS_B,B2.71.01 Dienstplaats,2.71.01,215.148928
RTLS_03377,EUREKA-VPL-025,nurse,2025-03-19 08:04:37.400766363,2025-03-19 08:08:27.550837378,KITCHEN,B2.77 Keuken,2.77,230.150071
RTLS_04179,Infuuspomp 4,equipment,2025-03-19 08:04:39.000000000,2025-03-19 08:04:49.000000000,UTIL_B,B2.75 Utility,2.75,10.0
RTLS_04498,Glucosemeter 1,equipment,2025-03-19 08:04:45.000000000,2025-03-19 08:05:21.000000000,NS_A,B2.71 Open wacht,2.71,36.0
RTLS_04288,Spuitaandrijver,equipment,2025-03-19 08:04:57.000000000,2025-03-19 08:05:07.000000000,UTIL_B,B2.75 Utility,2.75,10.0
RTLS_05434,Voedingspomp 5,equipment,2025-03-19 08:05:02.000000000,2025-03-19 08:05:30.000000000,UTIL_A,B2.63 Utility,2.63,28.0
RTLS_00814,EUREKA-VPL-008,nurse,2025-03-19 08:05:08.651616130,2025-03-19 08:05:09.651616130,KITCHEN,B2.77 Keuken,2.77,1.0
RTLS_00815,EUREKA-VPL-008,nurse,2025-03-19 08:05:09.651616130,2025-03-19 08:05:10.651616130,NS_A,B2.71 Open wacht,2.71,1.0
RTLS_00816,EUREKA-VPL-008,nurse,2025-03-19 08:05:10.651616130,2025-03-19 08:05:25.198990817,KITCHEN,B2.77 Keuken,2.77,14.547374
RTLS_04391,Bladderscan,equipment,2025-03-19 08:05:25.000000000,2025-03-19 08:05:55.000000000,UTIL_A,B2.63 Utility,2.63,30.0
RTLS_00817,EUREKA-VPL-008,nurse,2025-03-19 08:05:25.198990817,2025-03-19 08:05:33.122934285,NS_A,B2.71 Open wacht,2.71,7.9239429999999995
RTLS_05220,Voedingspomp 3,equipment,2025-03-19 08:05:26.000000000,2025-03-19 08:05:34.000000000,UTIL_A,B2.63 Utility,2.63,8.0
RTLS_00818,EUREKA-VPL-008,nurse,2025-03-19 08:05:33.122934285,2025-03-19 08:05:34.122934285,STORE_A,B2.53 Berging,2.53,1.0
RTLS_00819,EUREKA-VPL-008,nurse,2025-03-19 08:05:34.122934285,2025-03-19 08:05:39.339172465,KITCHEN,B2.77 Keuken,2.77,5.216238
RTLS_00649,EUREKA-VPL-007,nurse,2025-03-19 08:05:34.189178184,2025-03-19 08:05:43.162588213,ROOM_107,B2.64 2-bedskamer,2.64,8.97341
RTLS_00820,EUREKA-VPL-008,nurse,2025-03-19 08:05:39.339172465,2025-03-19 08:05:50.180257388,PREP_A,B2.71.02 Voorbereiding,2.71.02,10.841084
RTLS_00650,EUREKA-VPL-007,nurse,2025-03-19 08:05:43.162588213,2025-03-19 08:08:23.388786687,ROOM_112,B2.83 2-bedskamer,2.83,160.226198
RTLS_01582,EUREKA-VPL-014,nurse,2025-03-19 08:05:44.155156541,2025-03-19 08:06:18.474948982,ROOM_113,B2.84 1-bedskamer,2.84,34.319792
RTLS_00821,EUREKA-VPL-008,nurse,2025-03-19 08:05:50.180257388,2025-03-19 08:05:52.331703447,ROOM_114,B2.85 2-bedskamer,2.85,2.151446
RTLS_00822,EUREKA-VPL-008,nurse,2025-03-19 08:05:52.331703447,2025-03-19 08:10:19.520564358,BATHROOM,B2.57 Stortbad,2.57,267.18886
RTLS_01078,EUREKA-VPL-010,nurse,2025-03-19 08:06:09.216042021,2025-03-19 08:06:16.460942199,ROOM_109,B2.68 2-bedskamer,2.68,7.2449
RTLS_01079,EUREKA-VPL-010,nurse,2025-03-19 08:06:16.460942199,2025-03-19 08:09:39.713830476,NS_A,B2.71 Open wacht,2.71,203.252888
RTLS_01397,EUREKA-VPL-012,nurse,2025-03-19 08:06:17.996972733,2025-03-19 08:11:13.988570678,ROOM_109,B2.68 2-bedskamer,2.68,295.991597
RTLS_01583,EUREKA-VPL-014,nurse,2025-03-19 08:06:18.474948982,2025-03-19 08:06:55.514336538,ROOM_108,B2.66 2-bedskamer,2.66,37.039387
RTLS_00939,EUREKA-VPL-009,nurse,2025-03-19 08:06:33.990275842,2025-03-19 08:08:13.857954764,ROOM_102,B2.76 1-bedskamer,2.76,99.867678
RTLS_03838,Medicatiekar geel,equipment,2025-03-19 08:06:33.990275842,2025-03-19 08:08:13.857954764,ROOM_102,B2.76 1-bedskamer,2.76,99.867678
RTLS_03869,Infuuspomp 1,equipment,2025-03-19 08:06:51.000000000,2025-03-19 08:07:12.000000000,UTIL_A,B2.63 Utility,2.63,21.0
RTLS_03181,EUREKA-VPL-024,nurse,2025-03-19 08:06:53.312652170,2025-03-19 08:08:48.318415534,ROOM_113,B2.84 1-bedskamer,2.84,115.005763
RTLS_03588,EUREKA-VPL-026,nurse,2025-03-19 08:06:55.057652095,2025-03-19 08:08:31.999142636,NS_A,B2.71 Open wacht,2.71,96.94149
RTLS_01584,EUREKA-VPL-014,nurse,2025-03-19 08:06:55.514336538,2025-03-19 08:07:11.051498278,NS_A,B2.71 Open wacht,2.71,15.537161
RTLS_01476,EUREKA-VPL-013,nurse,2025-03-19 08:07:06.530166555,2025-03-19 08:33:33.265083055,PREP_B,B2.71.02 Voorbereiding,2.71.02,1586.734916
RTLS_01585,EUREKA-VPL-014,nurse,2025-03-19 08:07:11.051498278,2025-03-19 08:08:50.177575928,PREP_B,B2.71.02 Voorbereiding,2.71.02,99.126077
RTLS_02555,EUREKA-VPL-020,nurse,2025-03-19 08:07:11.957124366,2025-03-19 08:07:13.080323083,STORE_B,B2.59 Berging,2.59,1.123198
RTLS_02556,EUREKA-VPL-020,nurse,2025-03-19 08:07:13.080323083,2025-03-19 08:12:28.007670278,NS_B,B2.71.01 Dienstplaats,2.71.01,314.927347
RTLS_02025,EUREKA-VPL-017,nurse,2025-03-19 08:07:21.772721805,2025-03-19 08:07:31.418536259,NS_B,B2.71.01 Dienstplaats,2.71.01,9.645814
RTLS_02026,EUREKA-VPL-017,nurse,2025-03-19 08:07:31.418536259,2025-03-19 08:07:33.486946144,PREP_A,B2.71.02 Voorbereiding,2.71.02,2.068409
RTLS_02027,EUREKA-VPL-017,nurse,2025-03-19 08:07:33.486946144,2025-03-19 08:13:12.287507906,ROOM_113,B2.84 1-bedskamer,2.84,338.800561
RTLS_04392,Bladderscan,equipment,2025-03-19 08:07:35.000000000,2025-03-19 08:08:09.000000000,UTIL_A,B2.63 Utility,2.63,34.0
RTLS_04915,Toiletstoel 3,equipment,2025-03-19 08:07:59.000000000,2025-03-19 08:08:05.000000000,STORAGE,B2.61 Opslag,2.61,6.0
RTLS_00306,EUREKA-VPL-004,nurse,2025-03-19 08:07:59.248981573,2025-03-19 08:08:05.546312282,NS_A,B2.71 Open wacht,2.71,6.29733
RTLS_02662,EUREKA-VPL-021,nurse,2025-03-19 08:07:59.538077722,2025-03-19 08:08:19.388805444,ROOM_109,B2.68 2-bedskamer,2.68,19.850727
RTLS_00307,EUREKA-VPL-004,nurse,2025-03-19 08:08:05.546312282,2025-03-19 08:08:11.342078005,ROOM_106,B2.62 2-bedskamer,2.62,5.795765
RTLS_05327,Voedingspomp 4,equipment,2025-03-19 08:08:10.000000000,2025-03-19 08:08:37.000000000,UTIL_B,B2.75 Utility,2.75,27.0
RTLS_02193,EUREKA-VPL-018,nurse,2025-03-19 08:08:11.026129685,2025-03-19 08:09:01.157761474,ROOM_106,B2.62 2-bedskamer,2.62,50.131631
RTLS_00308,EUREKA-VPL-004,nurse,2025-03-19 08:08:11.342078005,2025-03-19 08:08:32.971922575,ROOM_104,B2.80 1-bedskamer,2.80,21.629844
RTLS_00940,EUREKA-VPL-009,nurse,2025-03-19 08:08:13.857954764,2025-03-19 08:10:49.516395180,ROOM_101,B2.74 1-bedskamer,2.74,155.65844
RTLS_02663,EUREKA-VPL-021,nurse,2025-03-19 08:08:19.388805444,2025-03-19 08:08:38.834591148,ROOM_115,B2.58 2-bedskamer,2.58,19.445785
RTLS_00651,EUREKA-VPL-007,nurse,2025-03-19 08:08:23.388786687,2025-03-19 08:08:24.972666750,ROOM_111,B2.81 2-bedskamer,2.81,1.58388
RTLS_00652,EUREKA-VPL-007,nurse,2025-03-19 08:08:24.972666750,2025-03-19 08:08:25.972666750,BATHROOM,B2.57 Stortbad,2.57,1.0
RTLS_00653,EUREKA-VPL-007,nurse,2025-03-19 08:08:25.972666750,2025-03-19 08:08:53.876072604,NS_B,B2.71.01 Dienstplaats,2.71.01,27.903405
RTLS_03378,EUREKA-VPL-025,nurse,2025-03-19 08:08:27.550837378,2025-03-19 08:10:23.107813663,ROOM_116,B2.56 2-bedskamer,2.56,115.556976
RTLS_04499,Glucosemeter 1,equipment,2025-03-19 08:08:30.000000000,2025-03-19 08:08:38.000000000,NS_A,B2.71 Open wacht,2.71,8.0
RTLS_03589,EUREKA-VPL-026,nurse,2025-03-19 08:08:31.999142636,2025-03-19 08:09:30.841131718,PREP_B,B2.71.02 Voorbereiding,2.71.02,58.841989
RTLS_00309,EUREKA-VPL-004,nurse,2025-03-19 08:08:32.971922575,2025-03-19 08:08:33.971922575,ROOM_107,B2.64 2-bedskamer,2.64,1.0
RTLS_00310,EUREKA-VPL-004,nurse,2025-03-19 08:08:33.971922575,2025-03-19 08:08:44.899039024,NS_A,B2.71 Open wacht,2.71,10.927116
RTLS_02664,EUREKA-VPL-021,nurse,2025-03-19 08:08:38.834591148,2025-03-19 08:08:42.648049224,ROOM_110,B2.79 2-bedskamer,2.79,3.813458
RTLS_05435,Voedingspomp 5,equipment,2025-03-19 08:08:39.000000000,2025-03-19 08:09:07.000000000,UTIL_A,B2.63 Utility,2.63,28.0
RTLS_02665,EUREKA-VPL-021,nurse,2025-03-19 08:08:42.648049224,2025-03-19 08:08:54.308676206,ROOM_115,B2.58 2-bedskamer,2.58,11.660626
RTLS_05125,Voedingspomp 2,equipment,2025-03-19 08:08:47.000000000,2025-03-19 08:09:06.000000000,UTIL_B,B2.75 Utility,2.75,19.0
RTLS_03182,EUREKA-VPL-024,nurse,2025-03-19 08:08:48.318415534,2025-03-19 08:08:56.913138766,ROOM_103,B2.78 1-bedskamer,2.78,8.594723
RTLS_01586,EUREKA-VPL-014,nurse,2025-03-19 08:08:50.177575928,2025-03-19 08:09:16.962855887,NS_B,B2.71.01 Dienstplaats,2.71.01,26.785279
RTLS_00654,EUREKA-VPL-007,nurse,2025-03-19 08:08:53.876072604,2025-03-19 08:09:13.339666352,ROOM_111,B2.81 2-bedskamer,2.81,19.463593
RTLS_02666,EUREKA-VPL-021,nurse,2025-03-19 08:08:54.308676206,2025-03-19 08:09:14.605188083,KITCHEN,B2.77 Keuken,2.77,20.296511
RTLS_03183,EUREKA-VPL-024,nurse,2025-03-19 08:08:56.913138766,2025-03-19 08:11:08.502707562,ROOM_104,B2.80 1-bedskamer,2.80,131.589568
RTLS_02194,EUREKA-VPL-018,nurse,2025-03-19 08:09:01.157761474,2025-03-19 08:09:02.379230560,ROOM_107,B2.64 2-bedskamer,2.64,1.221469
RTLS_02195,EUREKA-VPL-018,nurse,2025-03-19 08:09:02.379230560,2025-03-19 08:09:25.370935437,ROOM_118,B2.60 2-bedskamer,2.60,22.991704
RTLS_04704,Toiletstoel 1,equipment,2025-03-19 08:09:09.000000000,2025-03-19 08:09:16.000000000,UTIL_A,B2.63 Utility,2.63,7.0
RTLS_05017,Voedingspomp 1,equipment,2025-03-19 08:09:13.000000000,2025-03-19 08:09:28.000000000,UTIL_A,B2.63 Utility,2.63,15.0
RTLS_00655,EUREKA-VPL-007,nurse,2025-03-19 08:09:13.339666352,2025-03-19 08:12:09.558992207,NS_A,B2.71 Open wacht,2.71,176.219325
RTLS_02667,EUREKA-VPL-021,nurse,2025-03-19 08:09:14.605188083,2025-03-19 08:12:59.733013059,ROOM_112,B2.83 2-bedskamer,2.83,225.127824
RTLS_01587,EUREKA-VPL-014,nurse,2025-03-19 08:09:16.962855887,2025-03-19 08:09:24.861475275,UTIL_A,B2.63 Utility,2.63,7.898619
RTLS_05221,Voedingspomp 3,equipment,2025-03-19 08:09:21.000000000,2025-03-19 08:09:40.000000000,UTIL_A,B2.63 Utility,2.63,19.0
RTLS_04600,Glucosemeter 2,equipment,2025-03-19 08:09:21.000000000,2025-03-19 08:09:38.000000000,NS_B,B2.71.01 Dienstplaats,2.71.01,17.0
RTLS_03012,EUREKA-VPL-023,nurse,2025-03-19 08:09:21.201949622,2025-03-19 08:09:23.104143359,ROOM_104,B2.80 1-bedskamer,2.80,1.902193
RTLS_03013,EUREKA-VPL-023,nurse,2025-03-19 08:09:23.104143359,2025-03-19 08:17:49.253452692,ROOM_111,B2.81 2-bedskamer,2.81,506.149309
RTLS_01588,EUREKA-VPL-014,nurse,2025-03-19 08:09:24.861475275,2025-03-19 08:09:33.305803178,ROOM_112,B2.83 2-bedskamer,2.83,8.444327
RTLS_04814,Toiletstoel 2,equipment,2025-03-19 08:09:25.000000000,2025-03-19 08:09:54.000000000,UTIL_B,B2.75 Utility,2.75,29.0
RTLS_02196,EUREKA-VPL-018,nurse,2025-03-19 08:09:25.370935437,2025-03-19 08:09:51.328667359,KITCHEN,B2.77 Keuken,2.77,25.957731
RTLS_00004,EUREKA-VPL-001,nurse,2025-03-19 08:09:29.734303834,2025-03-19 08:10:56.340934744,ROOM_115,B2.58 2-bedskamer,2.58,86.60663
RTLS_03590,EUREKA-VPL-026,nurse,2025-03-19 08:09:30.841131718,2025-03-19 08:10:17.985642456,ROOM_113,B2.84 1-bedskamer,2.84,47.14451
RTLS_01589,EUREKA-VPL-014,nurse,2025-03-19 08:09:33.305803178,2025-03-19 08:19:00.810964928,NS_B,B2.71.01 Dienstplaats,2.71.01,567.505161
RTLS_01080,EUREKA-VPL-010,nurse,2025-03-19 08:09:39.713830476,2025-03-19 08:16:51.183283190,PREP_B,B2.71.02 Voorbereiding,2.71.02,431.469452
RTLS_02197,EUREKA-VPL-018,nurse,2025-03-19 08:09:51.328667359,2025-03-19 08:09:53.017535199,ROOM_104,B2.80 1-bedskamer,2.80,1.6888670000000001
RTLS_02198,EUREKA-VPL-018,nurse,2025-03-19 08:09:53.017535199,2025-03-19 08:16:52.394228611,NS_B,B2.71.01 Dienstplaats,2.71.01,419.376693
RTLS_04081,Infuuspomp 3,equipment,2025-03-19 08:09:57.000000000,2025-03-19 08:10:17.000000000,UTIL_B,B2.75 Utility,2.75,20.0
RTLS_03979,Infuuspomp 2,equipment,2025-03-19 08:09:59.000000000,2025-03-19 08:10:12.000000000,UTIL_A,B2.63 Utility,2.63,13.0
RTLS_01271,EUREKA-VPL-011,nurse,2025-03-19 08:10:01.919711613,2025-03-19 08:10:06.283879554,KITCHEN,B2.77 Keuken,2.77,4.364167
RTLS_01272,EUREKA-VPL-011,nurse,2025-03-19 08:10:06.283879554,2025-03-19 08:10:16.699046241,ROOM_109,B2.68 2-bedskamer,2.68,10.415166
RTLS_01273,EUREKA-VPL-011,nurse,2025-03-19 08:10:16.699046241,2025-03-19 08:21:09.349240811,ROOM_104,B2.80 1-bedskamer,2.80,652.650194
RTLS_03840,Medicatiekar groen,equipment,2025-03-19 08:10:16.699046241,2025-03-19 08:21:09.349240811,ROOM_104,B2.80 1-bedskamer,2.80,652.650194
RTLS_03591,EUREKA-VPL-026,nurse,2025-03-19 08:10:17.985642456,2025-03-19 08:10:47.709919858,ROOM_101,B2.74 1-bedskamer,2.74,29.724277
RTLS_00823,EUREKA-VPL-008,nurse,2025-03-19 08:10:19.520564358,2025-03-19 08:10:43.173741426,ROOM_104,B2.80 1-bedskamer,2.80,23.653177
RTLS_04180,Infuuspomp 4,equipment,2025-03-19 08:10:20.000000000,2025-03-19 08:10:27.000000000,UTIL_B,B2.75 Utility,2.75,7.0
RTLS_03379,EUREKA-VPL-025,nurse,2025-03-19 08:10:23.107813663,2025-03-19 08:10:31.730407801,ROOM_109,B2.68 2-bedskamer,2.68,8.622594
RTLS_03380,EUREKA-VPL-025,nurse,2025-03-19 08:10:31.730407801,2025-03-19 08:11:42.901814534,ROOM_115,B2.58 2-bedskamer,2.58,71.171406
RTLS_04289,Spuitaandrijver,equipment,2025-03-19 08:10:32.000000000,2025-03-19 08:10:59.000000000,UTIL_B,B2.75 Utility,2.75,27.0
RTLS_00824,EUREKA-VPL-008,nurse,2025-03-19 08:10:43.173741426,2025-03-19 08:10:52.640036247,ROOM_116,B2.56 2-bedskamer,2.56,9.466294
RTLS_03592,EUREKA-VPL-026,nurse,2025-03-19 08:10:47.709919858,2025-03-19 08:13:45.194504872,ROOM_102,B2.76 1-bedskamer,2.76,177.484585
RTLS_00941,EUREKA-VPL-009,nurse,2025-03-19 08:10:49.516395180,2025-03-19 08:10:56.750246068,ROOM_103,B2.78 1-bedskamer,2.78,7.23385
RTLS_00825,EUREKA-VPL-008,nurse,2025-03-19 08:10:52.640036247,2025-03-19 08:11:00.572117077,ROOM_109,B2.68 2-bedskamer,2.68,7.93208
RTLS_00005,EUREKA-VPL-001,nurse,2025-03-19 08:10:56.340934744,2025-03-19 08:12:11.296034579,ROOM_114,B2.85 2-bedskamer,2.85,74.955099
RTLS_00942,EUREKA-VPL-009,nurse,2025-03-19 08:10:56.750246068,2025-03-19 08:11:18.130987594,KITCHEN,B2.77 Keuken,2.77,21.380741
RTLS_03184,EUREKA-VPL-024,nurse,2025-03-19 08:11:08.502707562,2025-03-19 08:18:28.227301362,PREP_B,B2.71.02 Voorbereiding,2.71.02,439.724593
RTLS_02329,EUREKA-VPL-019,nurse,2025-03-19 08:11:10.703769016,2025-03-19 08:13:15.465299139,NS_B,B2.71.01 Dienstplaats,2.71.01,124.76153
RTLS_01398,EUREKA-VPL-012,nurse,2025-03-19 08:11:13.988570678,2025-03-19 08:12:27.970686562,ROOM_103,B2.78 1-bedskamer,2.78,73.982115
RTLS_00943,EUREKA-VPL-009,nurse,2025-03-19 08:11:18.130987594,2025-03-19 08:11:21.130128306,ROOM_111,B2.81 2-bedskamer,2.81,2.99914
RTLS_00944,EUREKA-VPL-009,nurse,2025-03-19 08:11:21.130128306,2025-03-19 08:11:29.446422401,ROOM_112,B2.83 2-bedskamer,2.83,8.316294
RTLS_00945,EUREKA-VPL-009,nurse,2025-03-19 08:11:29.446422401,2025-03-19 08:11:57.472325687,ROOM_111,B2.81 2-bedskamer,2.81,28.025903
RTLS_04601,Glucosemeter 2,equipment,2025-03-19 08:11:34.000000000,2025-03-19 08:12:09.000000000,NS_B,B2.71.01 Dienstplaats,2.71.01,35.0
RTLS_05018,Voedingspomp 1,equipment,2025-03-19 08:11:38.000000000,2025-03-19 08:12:08.000000000,UTIL_A,B2.63 Utility,2.63,30.0
RTLS_00150,EUREKA-VPL-002,nurse,2025-03-19 08:11:40.046759775,2025-03-19 08:12:14.657685390,ROOM_112,B2.83 2-bedskamer,2.83,34.610925
RTLS_03381,EUREKA-VPL-025,nurse,2025-03-19 08:11:42.901814534,2025-03-19 08:11:46.238272913,ROOM_104,B2.80 1-bedskamer,2.80,3.336458
RTLS_05222,Voedingspomp 3,equipment,2025-03-19 08:11:46.000000000,2025-03-19 08:12:04.000000000,UTIL_A,B2.63 Utility,2.63,18.0
RTLS_03382,EUREKA-VPL-025,nurse,2025-03-19 08:11:46.238272913,2025-03-19 08:11:47.238272913,UTIL_B,B2.75 Utility,2.75,1.0
RTLS_03383,EUREKA-VPL-025,nurse,2025-03-19 08:11:47.238272913,2025-03-19 08:11:49.476210530,ROOM_113,B2.84 1-bedskamer,2.84,2.237937
RTLS_03384,EUREKA-VPL-025,nurse,2025-03-19 08:11:49.476210530,2025-03-19 08:12:02.974757216,STORE_A,B2.53 Berging,2.53,13.498546
RTLS_00946,EUREKA-VPL-009,nurse,2025-03-19 08:11:57.472325687,2025-03-19 08:25:25.508058650,PREP_B,B2.71.02 Voorbereiding,2.71.02,808.035732
RTLS_01762,EUREKA-VPL-015,nurse,2025-03-19 08:12:00.000000000,2025-03-19 08:15:38.494024902,KITCHEN,B2.77 Keuken,2.77,218.494024
RTLS_04705,Toiletstoel 1,equipment,2025-03-19 08:12:01.000000000,2025-03-19 08:12:36.000000000,UTIL_A,B2.63 Utility,2.63,35.0
RTLS_03385,EUREKA-VPL-025,nurse,2025-03-19 08:12:02.974757216,2025-03-19 08:22:19.480166216,ROOM_106,B2.62 2-bedskamer,2.62,616.505409
RTLS_00656,EUREKA-VPL-007,nurse,2025-03-19 08:12:09.558992207,2025-03-19 08:13:16.216980972,KITCHEN,B2.77 Keuken,2.77,66.657988
RTLS_00006,EUREKA-VPL-001,nurse,2025-03-19 08:12:11.296034579,2025-03-19 08:15:12.701118927,STORE_A,B2.53 Berging,2.53,181.405084
RTLS_04393,Bladderscan,equipment,2025-03-19 08:12:12.000000000,2025-03-19 08:12:34.000000000,UTIL_A,B2.63 Utility,2.63,22.0
RTLS_00151,EUREKA-VPL-002,nurse,2025-03-19 08:12:14.657685390,2025-03-19 08:12:21.923194734,ROOM_105,B2.82 1-bedskamer,2.82,7.265509
RTLS_03870,Infuuspomp 1,equipment,2025-03-19 08:12:19.000000000,2025-03-19 08:12:47.000000000,UTIL_A,B2.63 Utility,2.63,28.0
RTLS_00152,EUREKA-VPL-002,nurse,2025-03-19 08:12:21.923194734,2025-03-19 08:12:42.029893609,ROOM_107,B2.64 2-bedskamer,2.64,20.106698
RTLS_05436,Voedingspomp 5,equipment,2025-03-19 08:12:22.000000000,2025-03-19 08:12:27.000000000,UTIL_A,B2.63 Utility,2.63,5.0
RTLS_01399,EUREKA-VPL-012,nurse,2025-03-19 08:12:27.970686562,2025-03-19 08:12:43.369250338,NS_B,B2.71.01 Dienstplaats,2.71.01,15.398563
RTLS_02557,EUREKA-VPL-020,nurse,2025-03-19 08:12:28.007670278,2025-03-19 08:12:29.007670278,PREP_B,B2.71.02 Voorbereiding,2.71.02,1.0
RTLS_02558,EUREKA-VPL-020,nurse,2025-03-19 08:12:29.007670278,2025-03-19 08:12:33.283417359,NS_B,B2.71.01 Dienstplaats,2.71.01,4.275747
RTLS_02559,EUREKA-VPL-020,nurse,2025-03-19 08:12:33.283417359,2025-03-19 08:12:35.688694873,ROOM_110,B2.79 2-bedskamer,2.79,2.405277
RTLS_02560,EUREKA-VPL-020,nurse,2025-03-19 08:12:35.688694873,2025-03-19 08:13:49.118983415,ROOM_108,B2.66 2-bedskamer,2.66,73.430288
RTLS_05328,Voedingspomp 4,equipment,2025-03-19 08:12:39.000000000,2025-03-19 08:12:58.000000000,UTIL_B,B2.75 Utility,2.75,19.0
RTLS_00153,EUREKA-VPL-002,nurse,2025-03-19 08:12:42.029893609,2025-03-19 08:13:24.808678007,ROOM_103,B2.78 1-bedskamer,2.78,42.778784
RTLS_01400,EUREKA-VPL-012,nurse,2025-03-19 08:12:43.369250338,2025-03-19 08:12:47.660845059,KITCHEN,B2.77 Keuken,2.77,4.291594
RTLS_00248,EUREKA-VPL-003,nurse,2025-03-19 08:12:45.408752344,2025-03-19 08:15:01.699301549,STORAGE,B2.61 Opslag,2.61,136.290549
RTLS_01401,EUREKA-VPL-012,nurse,2025-03-19 08:12:47.660845059,2025-03-19 08:12:53.405540685,ROOM_106,B2.62 2-bedskamer,2.62,5.744695
RTLS_01402,EUREKA-VPL-012,nurse,2025-03-19 08:12:53.405540685,2025-03-19 08:13:05.221180379,KITCHEN,B2.77 Keuken,2.77,11.815639000000001
RTLS_02668,EUREKA-VPL-021,nurse,2025-03-19 08:12:59.733013059,2025-03-19 08:13:11.541728146,KITCHEN,B2.77 Keuken,2.77,11.808715
RTLS_01403,EUREKA-VPL-012,nurse,2025-03-19 08:13:05.221180379,2025-03-19 08:13:15.335432263,STORE_A,B2.53 Berging,2.53,10.114251
RTLS_00496,EUREKA-VPL-006,nurse,2025-03-19 08:13:07.975122140,2025-03-19 08:13:22.769912440,ROOM_116,B2.56 2-bedskamer,2.56,14.79479
RTLS_02669,EUREKA-VPL-021,nurse,2025-03-19 08:13:11.541728146,2025-03-19 08:13:28.491751295,ROOM_118,B2.60 2-bedskamer,2.60,16.950023
RTLS_02028,EUREKA-VPL-017,nurse,2025-03-19 08:13:12.287507906,2025-03-19 08:13:27.568853330,ROOM_109,B2.68 2-bedskamer,2.68,15.281345
RTLS_01404,EUREKA-VPL-012,nurse,2025-03-19 08:13:15.335432263,2025-03-19 08:15:37.775901794,NS_A,B2.71 Open wacht,2.71,142.440469
RTLS_02330,EUREKA-VPL-019,nurse,2025-03-19 08:13:15.465299139,2025-03-19 08:13:28.027820608,ROOM_110,B2.79 2-bedskamer,2.79,12.562521
RTLS_00657,EUREKA-VPL-007,nurse,2025-03-19 08:13:16.216980972,2025-03-19 08:24:57.162735722,STORE_B,B2.59 Berging,2.59,700.945754
RTLS_00497,EUREKA-VPL-006,nurse,2025-03-19 08:13:22.769912440,2025-03-19 08:13:26.376188646,KITCHEN,B2.77 Keuken,2.77,3.6062760000000003
RTLS_04290,Spuitaandrijver,equipment,2025-03-19 08:13:24.000000000,2025-03-19 08:13:53.000000000,UTIL_B,B2.75 Utility,2.75,29.0
RTLS_00154,EUREKA-VPL-002,nurse,2025-03-19 08:13:24.808678007,2025-03-19 08:15:07.592347774,ROOM_111,B2.81 2-bedskamer,2.81,102.783669
RTLS_00498,EUREKA-VPL-006,nurse,2025-03-19 08:13:26.376188646,2025-03-19 08:13:38.655912663,NS_A,B2.71 Open wacht,2.71,12.279724
RTLS_02029,EUREKA-VPL-017,nurse,2025-03-19 08:13:27.568853330,2025-03-19 08:13:45.272806205,ROOM_108,B2.66 2-bedskamer,2.66,17.703952
RTLS_02331,EUREKA-VPL-019,nurse,2025-03-19 08:13:28.027820608,2025-03-19 08:13:42.342228393,ROOM_111,B2.81 2-bedskamer,2.81,14.314407
RTLS_02670,EUREKA-VPL-021,nurse,2025-03-19 08:13:28.491751295,2025-03-19 08:20:20.810106644,NS_B,B2.71.01 Dienstplaats,2.71.01,412.318355
RTLS_04181,Infuuspomp 4,equipment,2025-03-19 08:13:36.000000000,2025-03-19 08:14:02.000000000,UTIL_B,B2.75 Utility,2.75,26.0
RTLS_00499,EUREKA-VPL-006,nurse,2025-03-19 08:13:38.655912663,2025-03-19 08:13:54.848053371,STORE_B,B2.59 Berging,2.59,16.19214
RTLS_04602,Glucosemeter 2,equipment,2025-03-19 08:13:40.000000000,2025-03-19 08:14:06.000000000,NS_B,B2.71.01 Dienstplaats,2.71.01,26.0
RTLS_05019,Voedingspomp 1,equipment,2025-03-19 08:13:41.000000000,2025-03-19 08:14:14.000000000,UTIL_A,B2.63 Utility,2.63,33.0
RTLS_02332,EUREKA-VPL-019,nurse,2025-03-19 08:13:42.342228393,2025-03-19 08:14:18.708242614,ROOM_109,B2.68 2-bedskamer,2.68,36.366014
RTLS_03593,EUREKA-VPL-026,nurse,2025-03-19 08:13:45.194504872,2025-03-19 08:15:16.923227789,ROOM_104,B2.80 1-bedskamer,2.80,91.728722
RTLS_02030,EUREKA-VPL-017,nurse,2025-03-19 08:13:45.272806205,2025-03-19 08:14:53.825680814,ROOM_104,B2.80 1-bedskamer,2.80,68.552874
RTLS_02561,EUREKA-VPL-020,nurse,2025-03-19 08:13:49.118983415,2025-03-19 08:13:56.751452785,KITCHEN,B2.77 Keuken,2.77,7.632469
RTLS_02805,EUREKA-VPL-022,nurse,2025-03-19 08:13:54.008032136,2025-03-19 08:14:24.840899644,NS_B,B2.71.01 Dienstplaats,2.71.01,30.832867
RTLS_00500,EUREKA-VPL-006,nurse,2025-03-19 08:13:54.848053371,2025-03-19 08:13:56.492525923,ROOM_112,B2.83 2-bedskamer,2.83,1.644472
RTLS_05223,Voedingspomp 3,equipment,2025-03-19 08:13:55.000000000,2025-03-19 08:14:22.000000000,UTIL_A,B2.63 Utility,2.63,27.0
RTLS_00501,EUREKA-VPL-006,nurse,2025-03-19 08:13:56.492525923,2025-03-19 08:14:02.493161804,ROOM_105,B2.82 1-bedskamer,2.82,6.000635
RTLS_02562,EUREKA-VPL-020,nurse,2025-03-19 08:13:56.751452785,2025-03-19 08:21:03.776765085,NS_B,B2.71.01 Dienstplaats,2.71.01,427.025312
RTLS_00502,EUREKA-VPL-006,nurse,2025-03-19 08:14:02.493161804,2025-03-19 08:14:03.493161804,STORAGE,B2.61 Opslag,2.61,1.0
RTLS_00503,EUREKA-VPL-006,nurse,2025-03-19 08:14:03.493161804,2025-03-19 08:14:48.396065128,ROOM_111,B2.81 2-bedskamer,2.81,44.902903
RTLS_04916,Toiletstoel 3,equipment,2025-03-19 08:14:07.000000000,2025-03-19 08:14:19.000000000,STORAGE,B2.61 Opslag,2.61,12.0
RTLS_04500,Glucosemeter 1,equipment,2025-03-19 08:14:14.000000000,2025-03-19 08:14:47.000000000,NS_A,B2.71 Open wacht,2.71,33.0
RTLS_03871,Infuuspomp 1,equipment,2025-03-19 08:14:18.000000000,2025-03-19 08:14:41.000000000,UTIL_A,B2.63 Utility,2.63,23.0
RTLS_02333,EUREKA-VPL-019,nurse,2025-03-19 08:14:18.708242614,2025-03-19 08:14:25.787296076,ROOM_112,B2.83 2-bedskamer,2.83,7.079053
RTLS_02806,EUREKA-VPL-022,nurse,2025-03-19 08:14:24.840899644,2025-03-19 08:24:56.031461182,STORE_A,B2.53 Berging,2.53,631.190561
RTLS_02334,EUREKA-VPL-019,nurse,2025-03-19 08:14:25.787296076,2025-03-19 08:15:27.003779784,ROOM_111,B2.81 2-bedskamer,2.81,61.216483
RTLS_01878,EUREKA-VPL-016,nurse,2025-03-19 08:14:26.840533565,2025-03-19 08:14:31.116291860,NS_B,B2.71.01 Dienstplaats,2.71.01,4.275758
RTLS_01879,EUREKA-VPL-016,nurse,2025-03-19 08:14:31.116291860,2025-03-19 08:15:02.727644119,ROOM_113,B2.84 1-bedskamer,2.84,31.611352
RTLS_00504,EUREKA-VPL-006,nurse,2025-03-19 08:14:48.396065128,2025-03-19 08:19:57.828696584,NS_B,B2.71.01 Dienstplaats,2.71.01,309.432631
RTLS_02031,EUREKA-VPL-017,nurse,2025-03-19 08:14:53.825680814,2025-03-19 08:14:57.697381776,ROOM_110,B2.79 2-bedskamer,2.79,3.8717
RTLS_05329,Voedingspomp 4,equipment,2025-03-19 08:14:54.000000000,2025-03-19 08:15:20.000000000,UTIL_B,B2.75 Utility,2.75,26.0
RTLS_02032,EUREKA-VPL-017,nurse,2025-03-19 08:14:57.697381776,2025-03-19 08:15:20.101525950,ROOM_112,B2.83 2-bedskamer,2.83,22.404144
RTLS_00249,EUREKA-VPL-003,nurse,2025-03-19 08:15:01.699301549,2025-03-19 08:15:03.791817277,STORE_A,B2.53 Berging,2.53,2.092515
RTLS_01880,EUREKA-VPL-016,nurse,2025-03-19 08:15:02.727644119,2025-03-19 08:15:06.160832615,ROOM_111,B2.81 2-bedskamer,2.81,3.433188
RTLS_00250,EUREKA-VPL-003,nurse,2025-03-19 08:15:03.791817277,2025-03-19 08:19:01.457696733,NS_B,B2.71.01 Dienstplaats,2.71.01,237.665879
RTLS_05126,Voedingspomp 2,equipment,2025-03-19 08:15:04.000000000,2025-03-19 08:15:20.000000000,UTIL_B,B2.75 Utility,2.75,16.0
RTLS_01881,EUREKA-VPL-016,nurse,2025-03-19 08:15:06.160832615,2025-03-19 08:16:02.261663799,NS_B,B2.71.01 Dienstplaats,2.71.01,56.100831
RTLS_00155,EUREKA-VPL-002,nurse,2025-03-19 08:15:07.592347774,2025-03-19 08:31:53.506496024,NS_A,B2.71 Open wacht,2.71,1005.914148
RTLS_04291,Spuitaandrijver,equipment,2025-03-19 08:15:08.000000000,2025-03-19 08:15:23.000000000,UTIL_B,B2.75 Utility,2.75,15.0
RTLS_00007,EUREKA-VPL-001,nurse,2025-03-19 08:15:12.701118927,2025-03-19 08:15:19.043670744,ROOM_116,B2.56 2-bedskamer,2.56,6.342551
RTLS_03594,EUREKA-VPL-026,nurse,2025-03-19 08:15:16.923227789,2025-03-19 08:15:18.862890749,ROOM_107,B2.64 2-bedskamer,2.64,1.939662
RTLS_03595,EUREKA-VPL-026,nurse,2025-03-19 08:15:18.862890749,2025-03-19 08:15:44.658847882,ROOM_111,B2.81 2-bedskamer,2.81,25.795957
RTLS_00008,EUREKA-VPL-001,nurse,2025-03-19 08:15:19.043670744,2025-03-19 08:15:42.144011579,ROOM_115,B2.58 2-bedskamer,2.58,23.10034
RTLS_02033,EUREKA-VPL-017,nurse,2025-03-19 08:15:20.101525950,2025-03-19 08:15:35.212627762,ROOM_117,B2.54 2-bedskamer,2.54,15.111101
RTLS_02335,EUREKA-VPL-019,nurse,2025-03-19 08:15:27.003779784,2025-03-19 08:20:43.992385557,UTIL_A,B2.63 Utility,2.63,316.988605
RTLS_02034,EUREKA-VPL-017,nurse,2025-03-19 08:15:35.212627762,2025-03-19 08:17:57.250235976,ROOM_111,B2.81 2-bedskamer,2.81,142.037608
RTLS_04082,Infuuspomp 3,equipment,2025-03-19 08:15:37.000000000,2025-03-19 08:15:44.000000000,UTIL_B,B2.75 Utility,2.75,7.0
RTLS_01763,EUREKA-VPL-015,nurse,2025-03-19 08:15:38.494024902,2025-03-19 08:15:52.617457971,ROOM_109,B2.68 2-bedskamer,2.68,14.123433
RTLS_00009,EUREKA-VPL-001,nurse,2025-03-19 08:15:42.144011579,2025-03-19 08:15:49.871762921,UTIL_A,B2.63 Utility,2.63,7.727751
RTLS_03596,EUREKA-VPL-026,nurse,2025-03-19 08:15:44.658847882,2025-03-19 08:15:45.658847882,PREP_A,B2.71.02 Voorbereiding,2.71.02,1.0
RTLS_03597,EUREKA-VPL-026,nurse,2025-03-19 08:15:45.658847882,2025-03-19 08:15:59.820873523,NS_A,B2.71 Open wacht,2.71,14.162025
RTLS_03872,Infuuspomp 1,equipment,2025-03-19 08:15:46.000000000,2025-03-19 08:16:07.000000000,UTIL_A,B2.63 Utility,2.63,21.0
RTLS_03980,Infuuspomp 2,equipment,2025-03-19 08:15:49.000000000,2025-03-19 08:15:56.000000000,UTIL_A,B2.63 Utility,2.63,7.0
RTLS_00010,EUREKA-VPL-001,nurse,2025-03-19 08:15:49.871762921,2025-03-19 08:16:17.573046208,NS_B,B2.71.01 Dienstplaats,2.71.01,27.701283
RTLS_01764,EUREKA-VPL-015,nurse,2025-03-19 08:15:52.617457971,2025-03-19 08:19:08.833431172,ROOM_112,B2.83 2-bedskamer,2.83,196.215973
RTLS_03598,EUREKA-VPL-026,nurse,2025-03-19 08:15:59.820873523,2025-03-19 08:16:30.947814009,KITCHEN,B2.77 Keuken,2.77,31.12694
RTLS_01882,EUREKA-VPL-016,nurse,2025-03-19 08:16:02.261663799,2025-03-19 08:16:44.711323202,ROOM_102,B2.76 1-bedskamer,2.76,42.449659
RTLS_04815,Toiletstoel 2,equipment,2025-03-19 08:16:13.000000000,2025-03-19 08:16:24.000000000,UTIL_B,B2.75 Utility,2.75,11.0
RTLS_00011,EUREKA-VPL-001,nurse,2025-03-19 08:16:17.573046208,2025-03-19 08:16:59.273711563,ROOM_110,B2.79 2-bedskamer,2.79,41.700665
RTLS_04501,Glucosemeter 1,equipment,2025-03-19 08:16:26.000000000,2025-03-19 08:17:02.000000000,NS_A,B2.71 Open wacht,2.71,36.0
RTLS_03599,EUREKA-VPL-026,nurse,2025-03-19 08:16:30.947814009,2025-03-19 08:17:17.874574686,ROOM_104,B2.80 1-bedskamer,2.80,46.92676
RTLS_04182,Infuuspomp 4,equipment,2025-03-19 08:16:34.000000000,2025-03-19 08:16:58.000000000,UTIL_B,B2.75 Utility,2.75,24.0
RTLS_04603,Glucosemeter 2,equipment,2025-03-19 08:16:43.000000000,2025-03-19 08:17:18.000000000,NS_B,B2.71.01 Dienstplaats,2.71.01,35.0
RTLS_01883,EUREKA-VPL-016,nurse,2025-03-19 08:16:44.711323202,2025-03-19 08:18:07.521192335,ROOM_108,B2.66 2-bedskamer,2.66,82.809869
RTLS_01081,EUREKA-VPL-010,nurse,2025-03-19 08:16:51.183283190,2025-03-19 08:17:48.091664653,NS_B,B2.71.01 Dienstplaats,2.71.01,56.908381
RTLS_02199,EUREKA-VPL-018,nurse,2025-03-19 08:16:52.394228611,2025-03-19 08:17:11.336546730,KITCHEN,B2.77 Keuken,2.77,18.942318
RTLS_05330,Voedingspomp 4,equipment,2025-03-19 08:16:59.000000000,2025-03-19 08:17:19.000000000,UTIL_B,B2.75 Utility,2.75,20.0
RTLS_00012,EUREKA-VPL-001,nurse,2025-03-19 08:16:59.273711563,2025-03-19 08:17:45.037138467,ROOM_103,B2.78 1-bedskamer,2.78,45.763426
RTLS_02200,EUREKA-VPL-018,nurse,2025-03-19 08:17:11.336546730,2025-03-19 08:17:21.594265716,NS_B,B2.71.01 Dienstplaats,2.71.01,10.257718
RTLS_04394,Bladderscan,equipment,2025-03-19 08:17:14.000000000,2025-03-19 08:17:20.000000000,UTIL_A,B2.63 Utility,2.63,6.0
RTLS_03600,EUREKA-VPL-026,nurse,2025-03-19 08:17:17.874574686,2025-03-19 08:17:32.737947339,ROOM_102,B2.76 1-bedskamer,2.76,14.863372
RTLS_04816,Toiletstoel 2,equipment,2025-03-19 08:17:19.000000000,2025-03-19 08:17:25.000000000,UTIL_B,B2.75 Utility,2.75,6.0
RTLS_02201,EUREKA-VPL-018,nurse,2025-03-19 08:17:21.594265716,2025-03-19 08:25:43.965108921,ROOM_114,B2.85 2-bedskamer,2.85,502.370843
RTLS_05127,Voedingspomp 2,equipment,2025-03-19 08:17:27.000000000,2025-03-19 08:17:58.000000000,UTIL_B,B2.75 Utility,2.75,31.0
RTLS_04706,Toiletstoel 1,equipment,2025-03-19 08:17:32.000000000,2025-03-19 08:17:55.000000000,UTIL_A,B2.63 Utility,2.63,23.0
RTLS_03601,EUREKA-VPL-026,nurse,2025-03-19 08:17:32.737947339,2025-03-19 08:17:41.389962489,ROOM_116,B2.56 2-bedskamer,2.56,8.652015
RTLS_03602,EUREKA-VPL-026,nurse,2025-03-19 08:17:41.389962489,2025-03-19 08:17:46.160987089,ROOM_112,B2.83 2-bedskamer,2.83,4.771024
RTLS_00013,EUREKA-VPL-001,nurse,2025-03-19 08:17:45.037138467,2025-03-19 08:18:01.468387310,STORAGE,B2.61 Opslag,2.61,16.431248
RTLS_03603,EUREKA-VPL-026,nurse,2025-03-19 08:17:46.160987089,2025-03-19 08:18:16.164778998,NS_B,B2.71.01 Dienstplaats,2.71.01,30.003791
RTLS_01082,EUREKA-VPL-010,nurse,2025-03-19 08:17:48.091664653,2025-03-19 08:24:27.866664916,ROOM_115,B2.58 2-bedskamer,2.58,399.775
RTLS_03014,EUREKA-VPL-023,nurse,2025-03-19 08:17:49.253452692,2025-03-19 08:21:17.257229242,ROOM_115,B2.58 2-bedskamer,2.58,208.003776
RTLS_02035,EUREKA-VPL-017,nurse,2025-03-19 08:17:57.250235976,2025-03-19 08:18:35.963233846,ROOM_105,B2.82 1-bedskamer,2.82,38.712997
RTLS_00014,EUREKA-VPL-001,nurse,2025-03-19 08:18:01.468387310,2025-03-19 08:20:04.973090513,ROOM_106,B2.62 2-bedskamer,2.62,123.504703
RTLS_05224,Voedingspomp 3,equipment,2025-03-19 08:18:06.000000000,2025-03-19 08:18:35.000000000,UTIL_A,B2.63 Utility,2.63,29.0
RTLS_01884,EUREKA-VPL-016,nurse,2025-03-19 08:18:07.521192335,2025-03-19 08:18:21.112707687,ROOM_109,B2.68 2-bedskamer,2.68,13.591515
RTLS_03604,EUREKA-VPL-026,nurse,2025-03-19 08:18:16.164778998,2025-03-19 08:19:30.346890967,ROOM_101,B2.74 1-bedskamer,2.74,74.182111
RTLS_01885,EUREKA-VPL-016,nurse,2025-03-19 08:18:21.112707687,2025-03-19 08:18:31.255755805,NS_B,B2.71.01 Dienstplaats,2.71.01,10.143048
RTLS_03185,EUREKA-VPL-024,nurse,2025-03-19 08:18:28.227301362,2025-03-19 08:18:46.786407533,KITCHEN,B2.77 Keuken,2.77,18.559106
RTLS_01886,EUREKA-VPL-016,nurse,2025-03-19 08:18:31.255755805,2025-03-19 08:18:54.779252938,ROOM_103,B2.78 1-bedskamer,2.78,23.523497
RTLS_02036,EUREKA-VPL-017,nurse,2025-03-19 08:18:35.963233846,2025-03-19 08:19:03.279959579,ROOM_103,B2.78 1-bedskamer,2.78,27.316725
RTLS_03186,EUREKA-VPL-024,nurse,2025-03-19 08:18:46.786407533,2025-03-19 08:20:19.010315837,NS_B,B2.71.01 Dienstplaats,2.71.01,92.223908
RTLS_01887,EUREKA-VPL-016,nurse,2025-03-19 08:18:54.779252938,2025-03-19 08:19:23.422153236,ROOM_114,B2.85 2-bedskamer,2.85,28.6429
RTLS_00388,EUREKA-VPL-005,nurse,2025-03-19 08:18:59.669227212,2025-03-19 08:19:05.282606342,NS_A,B2.71 Open wacht,2.71,5.613379
RTLS_01590,EUREKA-VPL-014,nurse,2025-03-19 08:19:00.810964928,2025-03-19 08:20:29.992379361,ROOM_102,B2.76 1-bedskamer,2.76,89.181414
RTLS_03841,Medicatiekar geel,equipment,2025-03-19 08:19:00.810964928,2025-03-19 08:20:29.992379361,ROOM_102,B2.76 1-bedskamer,2.76,89.181414
RTLS_00251,EUREKA-VPL-003,nurse,2025-03-19 08:19:01.457696733,2025-03-19 08:19:03.436857857,STORE_A,B2.53 Berging,2.53,1.979161
RTLS_02037,EUREKA-VPL-017,nurse,2025-03-19 08:19:03.279959579,2025-03-19 08:19:07.080485742,ROOM_114,B2.85 2-bedskamer,2.85,3.800526
RTLS_00252,EUREKA-VPL-003,nurse,2025-03-19 08:19:03.436857857,2025-03-19 09:00:00.000000000,STORE_A,B2.53 Berging,2.53,2456.563142
RTLS_00389,EUREKA-VPL-005,nurse,2025-03-19 08:19:05.282606342,2025-03-19 08:19:32.336548164,PREP_A,B2.71.02 Voorbereiding,2.71.02,27.053941
RTLS_02038,EUREKA-VPL-017,nurse,2025-03-19 08:19:07.080485742,2025-03-19 08:59:59.999999742,PREP_A,B2.71.02 Voorbereiding,2.71.02,2452.919514
RTLS_01765,EUREKA-VPL-015,nurse,2025-03-19 08:19:08.833431172,2025-03-19 08:19:16.356414549,ROOM_115,B2.58 2-bedskamer,2.58,7.522983
RTLS_01766,EUREKA-VPL-015,nurse,2025-03-19 08:19:16.356414549,2025-03-19 08:19:25.716046171,ROOM_103,B2.78 1-bedskamer,2.78,9.359631
RTLS_01888,EUREKA-VPL-016,nurse,2025-03-19 08:19:23.422153236,2025-03-19 08:19:28.778420068,ROOM_109,B2.68 2-bedskamer,2.68,5.356266
RTLS_01767,EUREKA-VPL-015,nurse,2025-03-19 08:19:25.716046171,2025-03-19 08:32:14.024084125,NS_A,B2.71 Open wacht,2.71,768.308037
RTLS_01889,EUREKA-VPL-016,nurse,2025-03-19 08:19:28.778420068,2025-03-19 08:19:54.269482115,ROOM_113,B2.84 1-bedskamer,2.84,25.491062
RTLS_03605,EUREKA-VPL-026,nurse,2025-03-19 08:19:30.346890967,2025-03-19 08:19:42.908336148,ROOM_118,B2.60 2-bedskamer,2.60,12.561444999999999
RTLS_00390,EUREKA-VPL-005,nurse,2025-03-19 08:19:32.336548164,2025-03-19 08:22:28.629426379,NS_A,B2.71 Open wacht,2.71,176.292878
RTLS_05437,Voedingspomp 5,equipment,2025-03-19 08:19:39.000000000,2025-03-19 08:20:09.000000000,UTIL_A,B2.63 Utility,2.63,30.0
RTLS_03606,EUREKA-VPL-026,nurse,2025-03-19 08:19:42.908336148,2025-03-19 08:19:57.095788702,ROOM_104,B2.80 1-bedskamer,2.80,14.187452
RTLS_03873,Infuuspomp 1,equipment,2025-03-19 08:19:47.000000000,2025-03-19 08:19:58.000000000,UTIL_A,B2.63 Utility,2.63,11.0
RTLS_01890,EUREKA-VPL-016,nurse,2025-03-19 08:19:54.269482115,2025-03-19 08:22:55.942753618,ROOM_106,B2.62 2-bedskamer,2.62,181.673271
RTLS_03607,EUREKA-VPL-026,nurse,2025-03-19 08:19:57.095788702,2025-03-19 08:20:58.008379576,ROOM_106,B2.62 2-bedskamer,2.62,60.91259
RTLS_00505,EUREKA-VPL-006,nurse,2025-03-19 08:19:57.828696584,2025-03-19 08:20:01.331541739,ROOM_113,B2.84 1-bedskamer,2.84,3.5028449999999998
RTLS_00506,EUREKA-VPL-006,nurse,2025-03-19 08:20:01.331541739,2025-03-19 08:41:10.480918262,PREP_B,B2.71.02 Voorbereiding,2.71.02,1269.149376
RTLS_00015,EUREKA-VPL-001,nurse,2025-03-19 08:20:04.973090513,2025-03-19 08:20:26.063251663,ROOM_113,B2.84 1-bedskamer,2.84,21.090161
RTLS_04395,Bladderscan,equipment,2025-03-19 08:20:15.000000000,2025-03-19 08:20:43.000000000,UTIL_A,B2.63 Utility,2.63,28.0
RTLS_03187,EUREKA-VPL-024,nurse,2025-03-19 08:20:19.010315837,2025-03-19 08:20:20.010315837,ROOM_111,B2.81 2-bedskamer,2.81,1.0
RTLS_03188,EUREKA-VPL-024,nurse,2025-03-19 08:20:20.010315837,2025-03-19 08:22:07.994384843,BATHROOM,B2.57 Stortbad,2.57,107.984069
RTLS_02671,EUREKA-VPL-021,nurse,2025-03-19 08:20:20.810106644,2025-03-19 08:20:25.573104735,ROOM_110,B2.79 2-bedskamer,2.79,4.762998
RTLS_02672,EUREKA-VPL-021,nurse,2025-03-19 08:20:25.573104735,2025-03-19 08:20:50.812328879,ROOM_112,B2.83 2-bedskamer,2.83,25.239224
RTLS_00016,EUREKA-VPL-001,nurse,2025-03-19 08:20:26.063251663,2025-03-19 08:21:11.293805204,KITCHEN,B2.77 Keuken,2.77,45.230553
RTLS_01591,EUREKA-VPL-014,nurse,2025-03-19 08:20:29.992379361,2025-03-19 08:23:07.355743795,ROOM_109,B2.68 2-bedskamer,2.68,157.363364
RTLS_05020,Voedingspomp 1,equipment,2025-03-19 08:20:36.000000000,2025-03-19 08:21:13.000000000,UTIL_A,B2.63 Utility,2.63,37.0
RTLS_02336,EUREKA-VPL-019,nurse,2025-03-19 08:20:43.992385557,2025-03-19 08:21:36.521696463,STORE_C,B2.65 Berging,2.65,52.52931
RTLS_04183,Infuuspomp 4,equipment,2025-03-19 08:20:50.000000000,2025-03-19 08:21:26.000000000,UTIL_B,B2.75 Utility,2.75,36.0
RTLS_02673,EUREKA-VPL-021,nurse,2025-03-19 08:20:50.812328879,2025-03-19 08:21:12.310787685,NS_B,B2.71.01 Dienstplaats,2.71.01,21.498458
RTLS_05331,Voedingspomp 4,equipment,2025-03-19 08:20:53.000000000,2025-03-19 08:21:23.000000000,UTIL_B,B2.75 Utility,2.75,30.0
RTLS_05128,Voedingspomp 2,equipment,2025-03-19 08:20:53.000000000,2025-03-19 08:21:22.000000000,UTIL_B,B2.75 Utility,2.75,29.0
RTLS_03608,EUREKA-VPL-026,nurse,2025-03-19 08:20:58.008379576,2025-03-19 08:22:09.436846580,ROOM_103,B2.78 1-bedskamer,2.78,71.428467
RTLS_04917,Toiletstoel 3,equipment,2025-03-19 08:20:59.000000000,2025-03-19 08:21:15.000000000,STORAGE,B2.61 Opslag,2.61,16.0
RTLS_02563,EUREKA-VPL-020,nurse,2025-03-19 08:21:03.776765085,2025-03-19 08:21:21.162644480,KITCHEN,B2.77 Keuken,2.77,17.385879
RTLS_01274,EUREKA-VPL-011,nurse,2025-03-19 08:21:09.349240811,2025-03-19 08:21:26.126127639,KITCHEN,B2.77 Keuken,2.77,16.776886
RTLS_00017,EUREKA-VPL-001,nurse,2025-03-19 08:21:11.293805204,2025-03-19 08:21:15.983491785,ROOM_109,B2.68 2-bedskamer,2.68,4.689686
RTLS_00018,EUREKA-VPL-001,nurse,2025-03-19 08:21:15.983491785,2025-03-19 08:22:09.673494561,ROOM_115,B2.58 2-bedskamer,2.58,53.690002
RTLS_05438,Voedingspomp 5,equipment,2025-03-19 08:21:17.000000000,2025-03-19 08:21:23.000000000,UTIL_A,B2.63 Utility,2.63,6.0
RTLS_03015,EUREKA-VPL-023,nurse,2025-03-19 08:21:17.257229242,2025-03-19 08:21:43.020369726,ROOM_114,B2.85 2-bedskamer,2.85,25.76314
RTLS_02564,EUREKA-VPL-020,nurse,2025-03-19 08:21:21.162644480,2025-03-19 08:21:23.657764948,NS_A,B2.71 Open wacht,2.71,2.49512
RTLS_01275,EUREKA-VPL-011,nurse,2025-03-19 08:21:26.126127639,2025-03-19 08:21:27.455758402,STORE_C,B2.65 Berging,2.65,1.3296299999999999
RTLS_01276,EUREKA-VPL-011,nurse,2025-03-19 08:21:27.455758402,2025-03-19 08:23:19.199697283,KITCHEN,B2.77 Keuken,2.77,111.743938
RTLS_02337,EUREKA-VPL-019,nurse,2025-03-19 08:21:36.521696463,2025-03-19 08:27:50.877268777,ROOM_105,B2.82 1-bedskamer,2.82,374.355572
RTLS_03016,EUREKA-VPL-023,nurse,2025-03-19 08:21:43.020369726,2025-03-19 08:21:52.337028722,ROOM_109,B2.68 2-bedskamer,2.68,9.316658
RTLS_03017,EUREKA-VPL-023,nurse,2025-03-19 08:21:52.337028722,2025-03-19 08:22:52.717932510,ROOM_102,B2.76 1-bedskamer,2.76,60.380903
RTLS_04292,Spuitaandrijver,equipment,2025-03-19 08:21:57.000000000,2025-03-19 08:22:22.000000000,UTIL_B,B2.75 Utility,2.75,25.0
RTLS_04918,Toiletstoel 3,equipment,2025-03-19 08:22:07.000000000,2025-03-19 08:22:28.000000000,STORAGE,B2.61 Opslag,2.61,21.0
RTLS_03189,EUREKA-VPL-024,nurse,2025-03-19 08:22:07.994384843,2025-03-19 08:25:28.455707746,ROOM_107,B2.64 2-bedskamer,2.64,200.461322
RTLS_03609,EUREKA-VPL-026,nurse,2025-03-19 08:22:09.436846580,2025-03-19 08:22:38.433828000,ROOM_116,B2.56 2-bedskamer,2.56,28.996981
RTLS_00019,EUREKA-VPL-001,nurse,2025-03-19 08:22:09.673494561,2025-03-19 08:22:44.174368664,ROOM_116,B2.56 2-bedskamer,2.56,34.500874
RTLS_03386,EUREKA-VPL-025,nurse,2025-03-19 08:22:19.480166216,2025-03-19 08:22:43.584189811,ROOM_114,B2.85 2-bedskamer,2.85,24.104023
RTLS_03981,Infuuspomp 2,equipment,2025-03-19 08:22:27.000000000,2025-03-19 08:22:43.000000000,UTIL_A,B2.63 Utility,2.63,16.0
RTLS_05225,Voedingspomp 3,equipment,2025-03-19 08:22:28.000000000,2025-03-19 08:22:56.000000000,UTIL_A,B2.63 Utility,2.63,28.0
RTLS_00391,EUREKA-VPL-005,nurse,2025-03-19 08:22:28.629426379,2025-03-19 08:42:36.785979338,UTIL_B,B2.75 Utility,2.75,1208.156552
RTLS_03610,EUREKA-VPL-026,nurse,2025-03-19 08:22:38.433828000,2025-03-19 08:24:22.536861299,ROOM_102,B2.76 1-bedskamer,2.76,104.103033
RTLS_03387,EUREKA-VPL-025,nurse,2025-03-19 08:22:43.584189811,2025-03-19 08:22:51.202809231,ROOM_117,B2.54 2-bedskamer,2.54,7.618619
RTLS_04502,Glucosemeter 1,equipment,2025-03-19 08:22:44.000000000,2025-03-19 08:22:57.000000000,NS_A,B2.71 Open wacht,2.71,13.0
RTLS_03388,EUREKA-VPL-025,nurse,2025-03-19 08:22:51.202809231,2025-03-19 08:22:53.493870446,ROOM_105,B2.82 1-bedskamer,2.82,2.291061
RTLS_03018,EUREKA-VPL-023,nurse,2025-03-19 08:22:52.717932510,2025-03-19 08:26:46.932536273,ROOM_106,B2.62 2-bedskamer,2.62,234.214603
RTLS_03389,EUREKA-VPL-025,nurse,2025-03-19 08:22:53.493870446,2025-03-19 08:22:56.050861070,ROOM_108,B2.66 2-bedskamer,2.66,2.55699
RTLS_04083,Infuuspomp 3,equipment,2025-03-19 08:22:55.000000000,2025-03-19 08:23:00.000000000,UTIL_B,B2.75 Utility,2.75,5.0
RTLS_01891,EUREKA-VPL-016,nurse,2025-03-19 08:22:55.942753618,2025-03-19 08:23:04.255652612,ROOM_105,B2.82 1-bedskamer,2.82,8.312898
RTLS_03390,EUREKA-VPL-025,nurse,2025-03-19 08:22:56.050861070,2025-03-19 08:23:21.373767473,ROOM_118,B2.60 2-bedskamer,2.60,25.322906
RTLS_01592,EUREKA-VPL-014,nurse,2025-03-19 08:23:07.355743795,2025-03-19 08:23:17.417886798,KITCHEN,B2.77 Keuken,2.77,10.062143
RTLS_01593,EUREKA-VPL-014,nurse,2025-03-19 08:23:17.417886798,2025-03-19 08:23:35.365265412,ROOM_110,B2.79 2-bedskamer,2.79,17.947378
RTLS_01277,EUREKA-VPL-011,nurse,2025-03-19 08:23:19.199697283,2025-03-19 08:23:53.204794620,ROOM_105,B2.82 1-bedskamer,2.82,34.005097
RTLS_03391,EUREKA-VPL-025,nurse,2025-03-19 08:23:21.373767473,2025-03-19 08:37:05.858604473,STORE_A,B2.53 Berging,2.53,824.484837
RTLS_01594,EUREKA-VPL-014,nurse,2025-03-19 08:23:35.365265412,2025-03-19 08:23:54.057321025,ROOM_113,B2.84 1-bedskamer,2.84,18.692055
RTLS_04919,Toiletstoel 3,equipment,2025-03-19 08:23:40.000000000,2025-03-19 08:23:53.000000000,STORAGE,B2.61 Opslag,2.61,13.0
RTLS_01278,EUREKA-VPL-011,nurse,2025-03-19 08:23:53.204794620,2025-03-19 08:37:25.752996494,NS_B,B2.71.01 Dienstplaats,2.71.01,812.548201
RTLS_04817,Toiletstoel 2,equipment,2025-03-19 08:23:54.000000000,2025-03-19 08:24:28.000000000,UTIL_B,B2.75 Utility,2.75,34.0
RTLS_01595,EUREKA-VPL-014,nurse,2025-03-19 08:23:54.057321025,2025-03-19 08:23:58.121549449,ROOM_111,B2.81 2-bedskamer,2.81,4.064228
RTLS_01596,EUREKA-VPL-014,nurse,2025-03-19 08:23:58.121549449,2025-03-19 08:24:10.659489601,KITCHEN,B2.77 Keuken,2.77,12.53794
RTLS_04707,Toiletstoel 1,equipment,2025-03-19 08:24:09.000000000,2025-03-19 08:24:39.000000000,UTIL_A,B2.63 Utility,2.63,30.0
RTLS_01597,EUREKA-VPL-014,nurse,2025-03-19 08:24:10.659489601,2025-03-19 08:25:08.074102241,ROOM_113,B2.84 1-bedskamer,2.84,57.414612
RTLS_04184,Infuuspomp 4,equipment,2025-03-19 08:24:11.000000000,2025-03-19 08:24:45.000000000,UTIL_B,B2.75 Utility,2.75,34.0
RTLS_05129,Voedingspomp 2,equipment,2025-03-19 08:24:19.000000000,2025-03-19 08:24:37.000000000,UTIL_B,B2.75 Utility,2.75,18.0
RTLS_03611,EUREKA-VPL-026,nurse,2025-03-19 08:24:22.536861299,2025-03-19 08:24:44.429614215,ROOM_114,B2.85 2-bedskamer,2.85,21.892752
RTLS_01083,EUREKA-VPL-010,nurse,2025-03-19 08:24:27.866664916,2025-03-19 08:24:28.866664916,UTIL_B,B2.75 Utility,2.75,1.0
RTLS_01084,EUREKA-VPL-010,nurse,2025-03-19 08:24:28.866664916,2025-03-19 08:24:56.293185033,NS_B,B2.71.01 Dienstplaats,2.71.01,27.42652
RTLS_04604,Glucosemeter 2,equipment,2025-03-19 08:24:40.000000000,2025-03-19 08:25:00.000000000,NS_B,B2.71.01 Dienstplaats,2.71.01,20.0
RTLS_03612,EUREKA-VPL-026,nurse,2025-03-19 08:24:44.429614215,2025-03-19 08:25:50.610835439,ROOM_110,B2.79 2-bedskamer,2.79,66.181221
RTLS_02807,EUREKA-VPL-022,nurse,2025-03-19 08:24:56.031461182,2025-03-19 08:25:01.525435621,KITCHEN,B2.77 Keuken,2.77,5.493974
RTLS_01085,EUREKA-VPL-010,nurse,2025-03-19 08:24:56.293185033,2025-03-19 08:25:13.959662484,STORAGE,B2.61 Opslag,2.61,17.666477
RTLS_00658,EUREKA-VPL-007,nurse,2025-03-19 08:24:57.162735722,2025-03-19 08:24:59.757115727,NS_A,B2.71 Open wacht,2.71,2.59438
RTLS_00659,EUREKA-VPL-007,nurse,2025-03-19 08:24:59.757115727,2025-03-19 08:31:30.785375327,BATHROOM,B2.57 Stortbad,2.57,391.028259
RTLS_02808,EUREKA-VPL-022,nurse,2025-03-19 08:25:01.525435621,2025-03-19 08:25:58.556383170,ROOM_107,B2.64 2-bedskamer,2.64,57.030947
RTLS_05021,Voedingspomp 1,equipment,2025-03-19 08:25:08.000000000,2025-03-19 08:25:33.000000000,UTIL_A,B2.63 Utility,2.63,25.0
RTLS_01598,EUREKA-VPL-014,nurse,2025-03-19 08:25:08.074102241,2025-03-19 08:34:27.744359879,NS_A,B2.71 Open wacht,2.71,559.670257
RTLS_01086,EUREKA-VPL-010,nurse,2025-03-19 08:25:13.959662484,2025-03-19 08:26:10.403907612,KITCHEN,B2.77 Keuken,2.77,56.444245
RTLS_05332,Voedingspomp 4,equipment,2025-03-19 08:25:25.000000000,2025-03-19 08:25:30.000000000,UTIL_B,B2.75 Utility,2.75,5.0
RTLS_00947,EUREKA-VPL-009,nurse,2025-03-19 08:25:25.508058650,2025-03-19 08:28:29.837494339,NS_A,B2.71 Open wacht,2.71,184.329435
RTLS_03190,EUREKA-VPL-024,nurse,2025-03-19 08:25:28.455707746,2025-03-19 08:25:39.403598444,ROOM_114,B2.85 2-bedskamer,2.85,10.94789
RTLS_03191,EUREKA-VPL-024,nurse,2025-03-19 08:25:39.403598444,2025-03-19 08:26:02.421311562,ROOM_112,B2.83 2-bedskamer,2.83,23.017713
RTLS_02202,EUREKA-VPL-018,nurse,2025-03-19 08:25:43.965108921,2025-03-19 08:25:52.017549189,STORE_A,B2.53 Berging,2.53,8.05244
RTLS_05439,Voedingspomp 5,equipment,2025-03-19 08:25:46.000000000,2025-03-19 08:26:22.000000000,UTIL_A,B2.63 Utility,2.63,36.0
RTLS_03613,EUREKA-VPL-026,nurse,2025-03-19 08:25:50.610835439,2025-03-19 08:25:57.832790839,KITCHEN,B2.77 Keuken,2.77,7.221955
RTLS_03982,Infuuspomp 2,equipment,2025-03-19 08:25:52.000000000,2025-03-19 08:26:01.000000000,UTIL_A,B2.63 Utility,2.63,9.0
RTLS_02203,EUREKA-VPL-018,nurse,2025-03-19 08:25:52.017549189,2025-03-19 08:26:14.779146999,ROOM_101,B2.74 1-bedskamer,2.74,22.761597
RTLS_03614,EUREKA-VPL-026,nurse,2025-03-19 08:25:57.832790839,2025-03-19 08:28:04.663777495,PREP_A,B2.71.02 Voorbereiding,2.71.02,126.830986
RTLS_02809,EUREKA-VPL-022,nurse,2025-03-19 08:25:58.556383170,2025-03-19 08:29:11.328668743,UTIL_A,B2.63 Utility,2.63,192.772285
RTLS_03192,EUREKA-VPL-024,nurse,2025-03-19 08:26:02.421311562,2025-03-19 08:26:43.269129031,ROOM_106,B2.62 2-bedskamer,2.62,40.847817
RTLS_04084,Infuuspomp 3,equipment,2025-03-19 08:26:07.000000000,2025-03-19 08:26:35.000000000,UTIL_B,B2.75 Utility,2.75,28.0
RTLS_01087,EUREKA-VPL-010,nurse,2025-03-19 08:26:10.403907612,2025-03-19 08:33:25.317355897,STORE_C,B2.65 Berging,2.65,434.913448
RTLS_02204,EUREKA-VPL-018,nurse,2025-03-19 08:26:14.779146999,2025-03-19 08:26:20.749187052,KITCHEN,B2.77 Keuken,2.77,5.97004
RTLS_02205,EUREKA-VPL-018,nurse,2025-03-19 08:26:20.749187052,2025-03-19 08:26:45.493810013,ROOM_118,B2.60 2-bedskamer,2.60,24.744622
RTLS_04818,Toiletstoel 2,equipment,2025-03-19 08:26:43.000000000,2025-03-19 08:27:16.000000000,UTIL_B,B2.75 Utility,2.75,33.0
RTLS_03193,EUREKA-VPL-024,nurse,2025-03-19 08:26:43.269129031,2025-03-19 08:28:33.539759225,ROOM_108,B2.66 2-bedskamer,2.66,110.27063
RTLS_02206,EUREKA-VPL-018,nurse,2025-03-19 08:26:45.493810013,2025-03-19 08:27:14.500428981,ROOM_112,B2.83 2-bedskamer,2.83,29.006618
RTLS_03019,EUREKA-VPL-023,nurse,2025-03-19 08:26:46.932536273,2025-03-19 08:35:05.199402022,STORE_B,B2.59 Berging,2.59,498.266865
RTLS_04293,Spuitaandrijver,equipment,2025-03-19 08:27:16.000000000,2025-03-19 08:27:41.000000000,UTIL_B,B2.75 Utility,2.75,25.0
RTLS_03874,Infuuspomp 1,equipment,2025-03-19 08:27:27.000000000,2025-03-19 08:27:40.000000000,UTIL_A,B2.63 Utility,2.63,13.0
RTLS_02338,EUREKA-VPL-019,nurse,2025-03-19 08:27:50.877268777,2025-03-19 08:27:59.992111666,ROOM_112,B2.83 2-bedskamer,2.83,9.114842
RTLS_02339,EUREKA-VPL-019,nurse,2025-03-19 08:27:59.992111666,2025-03-19 08:28:08.873537655,ROOM_108,B2.66 2-bedskamer,2.66,8.881425
RTLS_04396,Bladderscan,equipment,2025-03-19 08:28:00.000000000,2025-03-19 08:28:37.000000000,UTIL_A,B2.63 Utility,2.63,37.0
RTLS_03615,EUREKA-VPL-026,nurse,2025-03-19 08:28:04.663777495,2025-03-19 08:35:09.667918939,NS_A,B2.71 Open wacht,2.71,425.004141
RTLS_02340,EUREKA-VPL-019,nurse,2025-03-19 08:28:08.873537655,2025-03-19 08:28:26.142914663,ROOM_103,B2.78 1-bedskamer,2.78,17.269377
RTLS_02341,EUREKA-VPL-019,nurse,2025-03-19 08:28:26.142914663,2025-03-19 08:28:37.288371196,KITCHEN,B2.77 Keuken,2.77,11.145456
RTLS_00948,EUREKA-VPL-009,nurse,2025-03-19 08:28:29.837494339,2025-03-19 08:29:07.092735037,KITCHEN,B2.77 Keuken,2.77,37.25524
RTLS_03194,EUREKA-VPL-024,nurse,2025-03-19 08:28:33.539759225,2025-03-19 08:29:43.380516281,STORAGE,B2.61 Opslag,2.61,69.840757
RTLS_02342,EUREKA-VPL-019,nurse,2025-03-19 08:28:37.288371196,2025-03-19 08:30:37.591109582,NS_B,B2.71.01 Dienstplaats,2.71.01,120.302738
RTLS_05226,Voedingspomp 3,equipment,2025-03-19 08:28:41.000000000,2025-03-19 08:28:51.000000000,UTIL_A,B2.63 Utility,2.63,10.0
RTLS_03875,Infuuspomp 1,equipment,2025-03-19 08:28:52.000000000,2025-03-19 08:29:08.000000000,UTIL_A,B2.63 Utility,2.63,16.0
RTLS_04503,Glucosemeter 1,equipment,2025-03-19 08:28:59.000000000,2025-03-19 08:29:17.000000000,NS_A,B2.71 Open wacht,2.71,18.0
RTLS_00949,EUREKA-VPL-009,nurse,2025-03-19 08:29:07.092735037,2025-03-19 08:33:02.585214627,ROOM_116,B2.56 2-bedskamer,2.56,235.492479
RTLS_02810,EUREKA-VPL-022,nurse,2025-03-19 08:29:11.328668743,2025-03-19 08:29:42.557555216,ROOM_108,B2.66 2-bedskamer,2.66,31.228886
RTLS_04605,Glucosemeter 2,equipment,2025-03-19 08:29:24.000000000,2025-03-19 08:29:44.000000000,NS_B,B2.71.01 Dienstplaats,2.71.01,20.0
RTLS_04920,Toiletstoel 3,equipment,2025-03-19 08:29:31.000000000,2025-03-19 08:29:54.000000000,STORAGE,B2.61 Opslag,2.61,23.0
RTLS_04294,Spuitaandrijver,equipment,2025-03-19 08:29:37.000000000,2025-03-19 08:30:13.000000000,UTIL_B,B2.75 Utility,2.75,36.0
RTLS_02811,EUREKA-VPL-022,nurse,2025-03-19 08:29:42.557555216,2025-03-19 08:30:02.831080845,ROOM_105,B2.82 1-bedskamer,2.82,20.273525
RTLS_05333,Voedingspomp 4,equipment,2025-03-19 08:29:43.000000000,2025-03-19 08:29:55.000000000,UTIL_B,B2.75 Utility,2.75,12.0
RTLS_03195,EUREKA-VPL-024,nurse,2025-03-19 08:29:43.380516281,2025-03-19 08:30:14.031586482,ROOM_110,B2.79 2-bedskamer,2.79,30.65107
RTLS_04185,Infuuspomp 4,equipment,2025-03-19 08:29:47.000000000,2025-03-19 08:30:16.000000000,UTIL_B,B2.75 Utility,2.75,29.0
RTLS_02812,EUREKA-VPL-022,nurse,2025-03-19 08:30:02.831080845,2025-03-19 08:30:17.573450194,ROOM_110,B2.79 2-bedskamer,2.79,14.742369
RTLS_05130,Voedingspomp 2,equipment,2025-03-19 08:30:03.000000000,2025-03-19 08:30:19.000000000,UTIL_B,B2.75 Utility,2.75,16.0
RTLS_03196,EUREKA-VPL-024,nurse,2025-03-19 08:30:14.031586482,2025-03-19 08:31:39.608358427,UTIL_B,B2.75 Utility,2.75,85.576771
RTLS_03983,Infuuspomp 2,equipment,2025-03-19 08:30:16.000000000,2025-03-19 08:30:34.000000000,UTIL_A,B2.63 Utility,2.63,18.0
RTLS_02813,EUREKA-VPL-022,nurse,2025-03-19 08:30:17.573450194,2025-03-19 08:30:27.457917373,KITCHEN,B2.77 Keuken,2.77,9.884467
RTLS_02814,EUREKA-VPL-022,nurse,2025-03-19 08:30:27.457917373,2025-03-19 08:32:51.335818448,STORAGE,B2.61 Opslag,2.61,143.877901
RTLS_02343,EUREKA-VPL-019,nurse,2025-03-19 08:30:37.591109582,2025-03-19 08:31:46.953681879,ROOM_114,B2.85 2-bedskamer,2.85,69.362572
RTLS_05440,Voedingspomp 5,equipment,2025-03-19 08:31:04.000000000,2025-03-19 08:31:09.000000000,UTIL_A,B2.63 Utility,2.63,5.0
RTLS_04708,Toiletstoel 1,equipment,2025-03-19 08:31:26.000000000,2025-03-19 08:31:52.000000000,UTIL_A,B2.63 Utility,2.63,26.0
RTLS_00660,EUREKA-VPL-007,nurse,2025-03-19 08:31:30.785375327,2025-03-19 08:31:52.146864232,ROOM_117,B2.54 2-bedskamer,2.54,21.361488
RTLS_04819,Toiletstoel 2,equipment,2025-03-19 08:31:39.000000000,2025-03-19 08:31:50.000000000,UTIL_B,B2.75 Utility,2.75,11.0
RTLS_03197,EUREKA-VPL-024,nurse,2025-03-19 08:31:39.608358427,2025-03-19 08:31:49.682820572,KITCHEN,B2.77 Keuken,2.77,10.074462
RTLS_02344,EUREKA-VPL-019,nurse,2025-03-19 08:31:46.953681879,2025-03-19 08:31:47.953681879,NS_A,B2.71 Open wacht,2.71,1.0
RTLS_02345,EUREKA-VPL-019,nurse,2025-03-19 08:31:47.953681879,2025-03-19 08:32:15.512164461,ROOM_102,B2.76 1-bedskamer,2.76,27.558482
RTLS_03198,EUREKA-VPL-024,nurse,2025-03-19 08:31:49.682820572,2025-03-19 08:33:16.478496582,BATHROOM,B2.57 Stortbad,2.57,86.795676
RTLS_00661,EUREKA-VPL-007,nurse,2025-03-19 08:31:52.146864232,2025-03-19 08:32:18.344669313,STORAGE,B2.61 Opslag,2.61,26.197805
RTLS_00156,EUREKA-VPL-002,nurse,2025-03-19 08:31:53.506496024,2025-03-19 08:32:01.555832462,KITCHEN,B2.77 Keuken,2.77,8.049336
RTLS_00157,EUREKA-VPL-002,nurse,2025-03-19 08:32:01.555832462,2025-03-19 08:40:32.565700493,UTIL_A,B2.63 Utility,2.63,511.009868
RTLS_04186,Infuuspomp 4,equipment,2025-03-19 08:32:14.000000000,2025-03-19 08:32:19.000000000,UTIL_B,B2.75 Utility,2.75,5.0
RTLS_01768,EUREKA-VPL-015,nurse,2025-03-19 08:32:14.024084125,2025-03-19 08:32:17.757042989,ROOM_110,B2.79 2-bedskamer,2.79,3.732958
RTLS_02346,EUREKA-VPL-019,nurse,2025-03-19 08:32:15.512164461,2025-03-19 08:32:27.461768071,ROOM_114,B2.85 2-bedskamer,2.85,11.949603
RTLS_01769,EUREKA-VPL-015,nurse,2025-03-19 08:32:17.757042989,2025-03-19 08:32:22.116600234,KITCHEN,B2.77 Keuken,2.77,4.359557
RTLS_05022,Voedingspomp 1,equipment,2025-03-19 08:32:18.000000000,2025-03-19 08:32:27.000000000,UTIL_A,B2.63 Utility,2.63,9.0
RTLS_00662,EUREKA-VPL-007,nurse,2025-03-19 08:32:18.344669313,2025-03-19 08:32:58.601271156,KITCHEN,B2.77 Keuken,2.77,40.256601
RTLS_01770,EUREKA-VPL-015,nurse,2025-03-19 08:32:22.116600234,2025-03-19 08:34:17.911632746,STORE_C,B2.65 Berging,2.65,115.795032
RTLS_02347,EUREKA-VPL-019,nurse,2025-03-19 08:32:27.461768071,2025-03-19 08:32:31.803977409,ROOM_103,B2.78 1-bedskamer,2.78,4.342209
RTLS_02348,EUREKA-VPL-019,nurse,2025-03-19 08:32:31.803977409,2025-03-19 08:35:03.475418656,STORAGE,B2.61 Opslag,2.61,151.671441
RTLS_05227,Voedingspomp 3,equipment,2025-03-19 08:32:39.000000000,2025-03-19 08:33:08.000000000,UTIL_A,B2.63 Utility,2.63,29.0
RTLS_02815,EUREKA-VPL-022,nurse,2025-03-19 08:32:51.335818448,2025-03-19 08:35:10.824476070,ROOM_111,B2.81 2-bedskamer,2.81,139.488657
RTLS_00663,EUREKA-VPL-007,nurse,2025-03-19 08:32:58.601271156,2025-03-19 08:33:07.454700332,ROOM_107,B2.64 2-bedskamer,2.64,8.853429
RTLS_04397,Bladderscan,equipment,2025-03-19 08:33:02.000000000,2025-03-19 08:33:15.000000000,UTIL_A,B2.63 Utility,2.63,13.0
RTLS_00950,EUREKA-VPL-009,nurse,2025-03-19 08:33:02.585214627,2025-03-19 08:33:08.792741150,KITCHEN,B2.77 Keuken,2.77,6.207526
RTLS_04295,Spuitaandrijver,equipment,2025-03-19 08:33:03.000000000,2025-03-19 08:33:33.000000000,UTIL_B,B2.75 Utility,2.75,30.0
RTLS_00664,EUREKA-VPL-007,nurse,2025-03-19 08:33:07.454700332,2025-03-19 08:33:23.145395530,BATHROOM,B2.57 Stortbad,2.57,15.690695
RTLS_00951,EUREKA-VPL-009,nurse,2025-03-19 08:33:08.792741150,2025-03-19 08:33:47.972721643,UTIL_A,B2.63 Utility,2.63,39.17998
RTLS_03199,EUREKA-VPL-024,nurse,2025-03-19 08:33:16.478496582,2025-03-19 08:33:56.389398163,BATH_B,B2.55 Badkamer,2.55,39.910901
RTLS_05334,Voedingspomp 4,equipment,2025-03-19 08:33:18.000000000,2025-03-19 08:33:32.000000000,UTIL_B,B2.75 Utility,2.75,14.0
RTLS_00665,EUREKA-VPL-007,nurse,2025-03-19 08:33:23.145395530,2025-03-19 08:33:29.924130516,STORE_C,B2.65 Berging,2.65,6.778734
RTLS_04606,Glucosemeter 2,equipment,2025-03-19 08:33:25.000000000,2025-03-19 08:34:00.000000000,NS_B,B2.71.01 Dienstplaats,2.71.01,35.0
RTLS_01088,EUREKA-VPL-010,nurse,2025-03-19 08:33:25.317355897,2025-03-19 08:39:33.321042973,NS_B,B2.71.01 Dienstplaats,2.71.01,368.003687
RTLS_00666,EUREKA-VPL-007,nurse,2025-03-19 08:33:29.924130516,2025-03-19 08:33:50.080017527,ROOM_117,B2.54 2-bedskamer,2.54,20.155887
RTLS_01477,EUREKA-VPL-013,nurse,2025-03-19 08:33:33.265083055,2025-03-19 08:35:31.032591210,ROOM_110,B2.79 2-bedskamer,2.79,117.767508
RTLS_00667,EUREKA-VPL-007,nurse,2025-03-19 08:33:50.080017527,2025-03-19 08:34:20.339832952,ROOM_116,B2.56 2-bedskamer,2.56,30.259815
RTLS_04085,Infuuspomp 3,equipment,2025-03-19 08:33:55.000000000,2025-03-19 08:34:05.000000000,UTIL_B,B2.75 Utility,2.75,10.0
RTLS_03200,EUREKA-VPL-024,nurse,2025-03-19 08:33:56.389398163,2025-03-19 08:35:01.468593199,KITCHEN,B2.77 Keuken,2.77,65.079195
RTLS_01771,EUREKA-VPL-015,nurse,2025-03-19 08:34:17.911632746,2025-03-19 08:34:26.941758149,NS_B,B2.71.01 Dienstplaats,2.71.01,9.030125
RTLS_00668,EUREKA-VPL-007,nurse,2025-03-19 08:34:20.339832952,2025-03-19 08:34:28.104993248,ROOM_118,B2.60 2-bedskamer,2.60,7.76516
RTLS_04504,Glucosemeter 1,equipment,2025-03-19 08:34:23.000000000,2025-03-19 08:34:32.000000000,NS_A,B2.71 Open wacht,2.71,9.0
RTLS_01772,EUREKA-VPL-015,nurse,2025-03-19 08:34:26.941758149,2025-03-19 08:35:25.738916370,ROOM_110,B2.79 2-bedskamer,2.79,58.797158
RTLS_01599,EUREKA-VPL-014,nurse,2025-03-19 08:34:27.744359879,2025-03-19 08:45:09.953828667,UTIL_B,B2.75 Utility,2.75,642.209468
RTLS_04820,Toiletstoel 2,equipment,2025-03-19 08:34:46.000000000,2025-03-19 08:34:59.000000000,UTIL_B,B2.75 Utility,2.75,13.0
RTLS_03201,EUREKA-VPL-024,nurse,2025-03-19 08:35:01.468593199,2025-03-19 08:36:18.863435119,NS_A,B2.71 Open wacht,2.71,77.394841
RTLS_03876,Infuuspomp 1,equipment,2025-03-19 08:35:03.000000000,2025-03-19 08:35:08.000000000,UTIL_A,B2.63 Utility,2.63,5.0
RTLS_02349,EUREKA-VPL-019,nurse,2025-03-19 08:35:03.475418656,2025-03-19 08:37:41.974759190,ROOM_114,B2.85 2-bedskamer,2.85,158.49934
RTLS_03020,EUREKA-VPL-023,nurse,2025-03-19 08:35:05.199402022,2025-03-19 08:37:19.402488721,NS_B,B2.71.01 Dienstplaats,2.71.01,134.203086
RTLS_03616,EUREKA-VPL-026,nurse,2025-03-19 08:35:09.667918939,2025-03-19 08:35:24.238251953,ROOM_105,B2.82 1-bedskamer,2.82,14.570333
RTLS_02816,EUREKA-VPL-022,nurse,2025-03-19 08:35:10.824476070,2025-03-19 08:35:37.114508353,STORE_C,B2.65 Berging,2.65,26.290032
RTLS_05023,Voedingspomp 1,equipment,2025-03-19 08:35:20.000000000,2025-03-19 08:35:40.000000000,UTIL_A,B2.63 Utility,2.63,20.0
RTLS_03617,EUREKA-VPL-026,nurse,2025-03-19 08:35:24.238251953,2025-03-19 08:40:23.323838030,PREP_A,B2.71.02 Voorbereiding,2.71.02,299.085586
RTLS_01773,EUREKA-VPL-015,nurse,2025-03-19 08:35:25.738916370,2025-03-19 08:35:53.277436159,ROOM_109,B2.68 2-bedskamer,2.68,27.538519
RTLS_05335,Voedingspomp 4,equipment,2025-03-19 08:35:29.000000000,2025-03-19 08:36:05.000000000,UTIL_B,B2.75 Utility,2.75,36.0
RTLS_04921,Toiletstoel 3,equipment,2025-03-19 08:35:29.000000000,2025-03-19 08:36:02.000000000,STORAGE,B2.61 Opslag,2.61,33.0
RTLS_01478,EUREKA-VPL-013,nurse,2025-03-19 08:35:31.032591210,2025-03-19 08:36:25.281242854,ROOM_117,B2.54 2-bedskamer,2.54,54.248651
RTLS_02817,EUREKA-VPL-022,nurse,2025-03-19 08:35:37.114508353,2025-03-19 08:35:40.259962926,STORAGE,B2.61 Opslag,2.61,3.145454
RTLS_02818,EUREKA-VPL-022,nurse,2025-03-19 08:35:40.259962926,2025-03-19 08:36:15.149082334,NS_A,B2.71 Open wacht,2.71,34.889119
RTLS_04709,Toiletstoel 1,equipment,2025-03-19 08:35:42.000000000,2025-03-19 08:35:51.000000000,UTIL_A,B2.63 Utility,2.63,9.0
RTLS_01774,EUREKA-VPL-015,nurse,2025-03-19 08:35:53.277436159,2025-03-19 08:36:00.345584959,ROOM_118,B2.60 2-bedskamer,2.60,7.068148
RTLS_01775,EUREKA-VPL-015,nurse,2025-03-19 08:36:00.345584959,2025-03-19 08:36:08.928128063,ROOM_112,B2.83 2-bedskamer,2.83,8.582543
RTLS_03202,EUREKA-VPL-024,nurse,2025-03-19 08:36:18.863435119,2025-03-19 08:36:33.852170626,BATH_B,B2.55 Badkamer,2.55,14.988735
RTLS_01479,EUREKA-VPL-013,nurse,2025-03-19 08:36:25.281242854,2025-03-19 08:36:26.281242854,PREP_A,B2.71.02 Voorbereiding,2.71.02,1.0
RTLS_01480,EUREKA-VPL-013,nurse,2025-03-19 08:36:26.281242854,2025-03-19 08:45:13.467572598,NS_B,B2.71.01 Dienstplaats,2.71.01,527.186329
RTLS_03203,EUREKA-VPL-024,nurse,2025-03-19 08:36:33.852170626,2025-03-19 08:36:52.242965157,ROOM_117,B2.54 2-bedskamer,2.54,18.390794
RTLS_05131,Voedingspomp 2,equipment,2025-03-19 08:36:34.000000000,2025-03-19 08:36:40.000000000,UTIL_B,B2.75 Utility,2.75,6.0
RTLS_05441,Voedingspomp 5,equipment,2025-03-19 08:36:40.000000000,2025-03-19 08:36:59.000000000,UTIL_A,B2.63 Utility,2.63,19.0
RTLS_04607,Glucosemeter 2,equipment,2025-03-19 08:36:45.000000000,2025-03-19 08:37:21.000000000,NS_B,B2.71.01 Dienstplaats,2.71.01,36.0
RTLS_04505,Glucosemeter 1,equipment,2025-03-19 08:37:00.000000000,2025-03-19 08:37:30.000000000,NS_A,B2.71 Open wacht,2.71,30.0
RTLS_03392,EUREKA-VPL-025,nurse,2025-03-19 08:37:05.858604473,2025-03-19 08:37:07.643215274,BATHROOM,B2.57 Stortbad,2.57,1.78461
RTLS_03393,EUREKA-VPL-025,nurse,2025-03-19 08:37:07.643215274,2025-03-19 08:48:33.821607274,STORAGE,B2.61 Opslag,2.61,686.178392
RTLS_04398,Bladderscan,equipment,2025-03-19 08:37:17.000000000,2025-03-19 08:37:37.000000000,UTIL_A,B2.63 Utility,2.63,20.0
RTLS_03021,EUREKA-VPL-023,nurse,2025-03-19 08:37:19.402488721,2025-03-19 08:44:07.581742021,STORE_A,B2.53 Berging,2.53,408.179253
RTLS_01279,EUREKA-VPL-011,nurse,2025-03-19 08:37:25.752996494,2025-03-19 08:47:06.144569208,PREP_A,B2.71.02 Voorbereiding,2.71.02,580.391572
RTLS_05132,Voedingspomp 2,equipment,2025-03-19 08:37:34.000000000,2025-03-19 08:37:41.000000000,UTIL_B,B2.75 Utility,2.75,7.0
RTLS_02350,EUREKA-VPL-019,nurse,2025-03-19 08:37:41.974759190,2025-03-19 08:37:52.244987287,ROOM_110,B2.79 2-bedskamer,2.79,10.270228
RTLS_02351,EUREKA-VPL-019,nurse,2025-03-19 08:37:52.244987287,2025-03-19 08:38:21.281764198,NS_B,B2.71.01 Dienstplaats,2.71.01,29.036776
RTLS_03984,Infuuspomp 2,equipment,2025-03-19 08:37:56.000000000,2025-03-19 08:38:06.000000000,UTIL_A,B2.63 Utility,2.63,10.0
RTLS_05228,Voedingspomp 3,equipment,2025-03-19 08:37:57.000000000,2025-03-19 08:38:09.000000000,UTIL_A,B2.63 Utility,2.63,12.0
RTLS_04187,Infuuspomp 4,equipment,2025-03-19 08:38:03.000000000,2025-03-19 08:38:23.000000000,UTIL_B,B2.75 Utility,2.75,20.0
RTLS_02352,EUREKA-VPL-019,nurse,2025-03-19 08:38:21.281764198,2025-03-19 08:38:27.371234013,ROOM_116,B2.56 2-bedskamer,2.56,6.089469
RTLS_05336,Voedingspomp 4,equipment,2025-03-19 08:38:37.000000000,2025-03-19 08:38:58.000000000,UTIL_B,B2.75 Utility,2.75,21.0
RTLS_04710,Toiletstoel 1,equipment,2025-03-19 08:39:10.000000000,2025-03-19 08:39:38.000000000,UTIL_A,B2.63 Utility,2.63,28.0
RTLS_03877,Infuuspomp 1,equipment,2025-03-19 08:39:16.000000000,2025-03-19 08:39:34.000000000,UTIL_A,B2.63 Utility,2.63,18.0
RTLS_04086,Infuuspomp 3,equipment,2025-03-19 08:39:21.000000000,2025-03-19 08:39:32.000000000,UTIL_B,B2.75 Utility,2.75,11.0
RTLS_01089,EUREKA-VPL-010,nurse,2025-03-19 08:39:33.321042973,2025-03-19 08:39:39.821980091,ROOM_103,B2.78 1-bedskamer,2.78,6.500937
RTLS_01090,EUREKA-VPL-010,nurse,2025-03-19 08:39:39.821980091,2025-03-19 08:40:26.154774302,ROOM_109,B2.68 2-bedskamer,2.68,46.332794
RTLS_04922,Toiletstoel 3,equipment,2025-03-19 08:40:00.000000000,2025-03-19 08:40:22.000000000,STORAGE,B2.61 Opslag,2.61,22.0
RTLS_05133,Voedingspomp 2,equipment,2025-03-19 08:40:14.000000000,2025-03-19 08:40:20.000000000,UTIL_B,B2.75 Utility,2.75,6.0
RTLS_01091,EUREKA-VPL-010,nurse,2025-03-19 08:40:26.154774302,2025-03-19 08:40:28.046537004,ROOM_102,B2.76 1-bedskamer,2.76,1.891762
RTLS_01092,EUREKA-VPL-010,nurse,2025-03-19 08:40:28.046537004,2025-03-19 08:46:58.697691004,ROOM_106,B2.62 2-bedskamer,2.62,390.651154
RTLS_03839,Medicatiekar geel,equipment,2025-03-19 08:40:28.046537004,2025-03-19 08:46:58.697691004,ROOM_106,B2.62 2-bedskamer,2.62,390.651154
RTLS_00158,EUREKA-VPL-002,nurse,2025-03-19 08:40:32.565700493,2025-03-19 09:00:00.000000000,PREP_A,B2.71.02 Voorbereiding,2.71.02,1167.434299
RTLS_05024,Voedingspomp 1,equipment,2025-03-19 08:40:42.000000000,2025-03-19 08:41:09.000000000,UTIL_A,B2.63 Utility,2.63,27.0
RTLS_04087,Infuuspomp 3,equipment,2025-03-19 08:40:42.000000000,2025-03-19 08:41:00.000000000,UTIL_B,B2.75 Utility,2.75,18.0
RTLS_04821,Toiletstoel 2,equipment,2025-03-19 08:40:56.000000000,2025-03-19 08:41:07.000000000,UTIL_B,B2.75 Utility,2.75,11.0
RTLS_04296,Spuitaandrijver,equipment,2025-03-19 08:41:01.000000000,2025-03-19 08:41:13.000000000,UTIL_B,B2.75 Utility,2.75,12.0
RTLS_04399,Bladderscan,equipment,2025-03-19 08:41:07.000000000,2025-03-19 08:41:23.000000000,UTIL_A,B2.63 Utility,2.63,16.0
RTLS_00507,EUREKA-VPL-006,nurse,2025-03-19 08:41:10.480918262,2025-03-19 08:55:17.620229011,UTIL_B,B2.75 Utility,2.75,847.13931
RTLS_04188,Infuuspomp 4,equipment,2025-03-19 08:41:17.000000000,2025-03-19 08:41:51.000000000,UTIL_B,B2.75 Utility,2.75,34.0
RTLS_04923,Toiletstoel 3,equipment,2025-03-19 08:41:35.000000000,2025-03-19 08:41:49.000000000,STORAGE,B2.61 Opslag,2.61,14.0
RTLS_03985,Infuuspomp 2,equipment,2025-03-19 08:41:44.000000000,2025-03-19 08:42:18.000000000,UTIL_A,B2.63 Utility,2.63,34.0
RTLS_05442,Voedingspomp 5,equipment,2025-03-19 08:42:06.000000000,2025-03-19 08:42:22.000000000,UTIL_A,B2.63 Utility,2.63,16.0
RTLS_04711,Toiletstoel 1,equipment,2025-03-19 08:42:10.000000000,2025-03-19 08:42:37.000000000,UTIL_A,B2.63 Utility,2.63,27.0
RTLS_04608,Glucosemeter 2,equipment,2025-03-19 08:42:33.000000000,2025-03-19 08:43:09.000000000,NS_B,B2.71.01 Dienstplaats,2.71.01,36.0
RTLS_00392,EUREKA-VPL-005,nurse,2025-03-19 08:42:36.785979338,2025-03-19 08:42:46.920526636,NS_B,B2.71.01 Dienstplaats,2.71.01,10.134547
RTLS_00393,EUREKA-VPL-005,nurse,2025-03-19 08:42:46.920526636,2025-03-19 08:43:02.700949721,ROOM_110,B2.79 2-bedskamer,2.79,15.780423
RTLS_00394,EUREKA-VPL-005,nurse,2025-03-19 08:43:02.700949721,2025-03-19 08:43:38.621959815,BATHROOM,B2.57 Stortbad,2.57,35.92101
RTLS_04822,Toiletstoel 2,equipment,2025-03-19 08:43:10.000000000,2025-03-19 08:43:38.000000000,UTIL_B,B2.75 Utility,2.75,28.0
RTLS_05443,Voedingspomp 5,equipment,2025-03-19 08:43:15.000000000,2025-03-19 08:43:20.000000000,UTIL_A,B2.63 Utility,2.63,5.0
RTLS_05134,Voedingspomp 2,equipment,2025-03-19 08:43:43.000000000,2025-03-19 08:43:48.000000000,UTIL_B,B2.75 Utility,2.75,5.0
RTLS_04506,Glucosemeter 1,equipment,2025-03-19 08:43:44.000000000,2025-03-19 08:43:49.000000000,NS_A,B2.71 Open wacht,2.71,5.0
RTLS_03022,EUREKA-VPL-023,nurse,2025-03-19 08:44:07.581742021,2025-03-19 08:45:31.822591190,KITCHEN,B2.77 Keuken,2.77,84.240849
RTLS_04712,Toiletstoel 1,equipment,2025-03-19 08:44:20.000000000,2025-03-19 08:44:26.000000000,UTIL_A,B2.63 Utility,2.63,6.0
RTLS_05229,Voedingspomp 3,equipment,2025-03-19 08:44:34.000000000,2025-03-19 08:44:45.000000000,UTIL_A,B2.63 Utility,2.63,11.0
RTLS_04189,Infuuspomp 4,equipment,2025-03-19 08:44:52.000000000,2025-03-19 08:45:11.000000000,UTIL_B,B2.75 Utility,2.75,19.0
RTLS_01600,EUREKA-VPL-014,nurse,2025-03-19 08:45:09.953828667,2025-03-19 08:45:24.958589468,UTIL_A,B2.63 Utility,2.63,15.00476
RTLS_01481,EUREKA-VPL-013,nurse,2025-03-19 08:45:13.467572598,2025-03-19 08:59:59.999999598,PREP_B,B2.71.02 Voorbereiding,2.71.02,886.532427
RTLS_05337,Voedingspomp 4,equipment,2025-03-19 08:45:21.000000000,2025-03-19 08:45:38.000000000,UTIL_B,B2.75 Utility,2.75,17.0
RTLS_01601,EUREKA-VPL-014,nurse,2025-03-19 08:45:24.958589468,2025-03-19 08:47:21.883337407,ROOM_109,B2.68 2-bedskamer,2.68,116.924747
RTLS_03023,EUREKA-VPL-023,nurse,2025-03-19 08:45:31.822591190,2025-03-19 08:48:39.676164163,NS_B,B2.71.01 Dienstplaats,2.71.01,187.853572
RTLS_04088,Infuuspomp 3,equipment,2025-03-19 08:45:42.000000000,2025-03-19 08:45:55.000000000,UTIL_B,B2.75 Utility,2.75,13.0
RTLS_04507,Glucosemeter 1,equipment,2025-03-19 08:46:05.000000000,2025-03-19 08:46:30.000000000,NS_A,B2.71 Open wacht,2.71,25.0
RTLS_03878,Infuuspomp 1,equipment,2025-03-19 08:46:12.000000000,2025-03-19 08:46:17.000000000,UTIL_A,B2.63 Utility,2.63,5.0
RTLS_04297,Spuitaandrijver,equipment,2025-03-19 08:46:18.000000000,2025-03-19 08:46:24.000000000,UTIL_B,B2.75 Utility,2.75,6.0
RTLS_04823,Toiletstoel 2,equipment,2025-03-19 08:46:29.000000000,2025-03-19 08:46:42.000000000,UTIL_B,B2.75 Utility,2.75,13.0
RTLS_01093,EUREKA-VPL-010,nurse,2025-03-19 08:46:58.697691004,2025-03-19 08:48:00.309517760,ROOM_112,B2.83 2-bedskamer,2.83,61.611826
RTLS_01280,EUREKA-VPL-011,nurse,2025-03-19 08:47:06.144569208,2025-03-19 08:47:12.511432118,NS_A,B2.71 Open wacht,2.71,6.366862
RTLS_01281,EUREKA-VPL-011,nurse,2025-03-19 08:47:12.511432118,2025-03-19 08:54:53.004572318,UTIL_B,B2.75 Utility,2.75,460.49314
RTLS_03879,Infuuspomp 1,equipment,2025-03-19 08:47:13.000000000,2025-03-19 08:47:36.000000000,UTIL_A,B2.63 Utility,2.63,23.0
RTLS_01602,EUREKA-VPL-014,nurse,2025-03-19 08:47:21.883337407,2025-03-19 08:47:28.432676394,ROOM_111,B2.81 2-bedskamer,2.81,6.549338
RTLS_01603,EUREKA-VPL-014,nurse,2025-03-19 08:47:28.432676394,2025-03-19 08:48:16.128168959,ROOM_106,B2.62 2-bedskamer,2.62,47.695492
RTLS_04924,Toiletstoel 3,equipment,2025-03-19 08:47:30.000000000,2025-03-19 08:47:37.000000000,STORAGE,B2.61 Opslag,2.61,7.0
RTLS_04713,Toiletstoel 1,equipment,2025-03-19 08:47:43.000000000,2025-03-19 08:47:55.000000000,UTIL_A,B2.63 Utility,2.63,12.0
RTLS_01094,EUREKA-VPL-010,nurse,2025-03-19 08:48:00.309517760,2025-03-19 08:52:40.443622136,PREP_A,B2.71.02 Voorbereiding,2.71.02,280.134104
RTLS_04400,Bladderscan,equipment,2025-03-19 08:48:02.000000000,2025-03-19 08:48:19.000000000,UTIL_A,B2.63 Utility,2.63,17.0
RTLS_04609,Glucosemeter 2,equipment,2025-03-19 08:48:05.000000000,2025-03-19 08:48:37.000000000,NS_B,B2.71.01 Dienstplaats,2.71.01,32.0
RTLS_05025,Voedingspomp 1,equipment,2025-03-19 08:48:11.000000000,2025-03-19 08:48:32.000000000,UTIL_A,B2.63 Utility,2.63,21.0
RTLS_01604,EUREKA-VPL-014,nurse,2025-03-19 08:48:16.128168959,2025-03-19 08:48:18.442558236,KITCHEN,B2.77 Keuken,2.77,2.314389
RTLS_05444,Voedingspomp 5,equipment,2025-03-19 08:48:24.000000000,2025-03-19 08:48:49.000000000,UTIL_A,B2.63 Utility,2.63,25.0
RTLS_03986,Infuuspomp 2,equipment,2025-03-19 08:48:33.000000000,2025-03-19 08:49:03.000000000,UTIL_A,B2.63 Utility,2.63,30.0
RTLS_03394,EUREKA-VPL-025,nurse,2025-03-19 08:48:33.821607274,2025-03-19 08:49:14.317705952,ROOM_101,B2.74 1-bedskamer,2.74,40.496098
RTLS_03024,EUREKA-VPL-023,nurse,2025-03-19 08:48:39.676164163,2025-03-19 08:49:19.697814459,ROOM_117,B2.54 2-bedskamer,2.54,40.02165
RTLS_03395,EUREKA-VPL-025,nurse,2025-03-19 08:49:14.317705952,2025-03-19 08:50:28.287195353,ROOM_115,B2.58 2-bedskamer,2.58,73.969489
RTLS_03025,EUREKA-VPL-023,nurse,2025-03-19 08:49:19.697814459,2025-03-19 08:51:08.392208860,ROOM_113,B2.84 1-bedskamer,2.84,108.694394
RTLS_03850,Medicatiekar groen,equipment,2025-03-19 08:49:19.697814459,2025-03-19 08:51:08.392208860,ROOM_113,B2.84 1-bedskamer,2.84,108.694394
RTLS_04401,Bladderscan,equipment,2025-03-19 08:49:20.000000000,2025-03-19 08:49:48.000000000,UTIL_A,B2.63 Utility,2.63,28.0
RTLS_03880,Infuuspomp 1,equipment,2025-03-19 08:49:38.000000000,2025-03-19 08:50:06.000000000,UTIL_A,B2.63 Utility,2.63,28.0
RTLS_05135,Voedingspomp 2,equipment,2025-03-19 08:49:42.000000000,2025-03-19 08:49:52.000000000,UTIL_B,B2.75 Utility,2.75,10.0
RTLS_03396,EUREKA-VPL-025,nurse,2025-03-19 08:50:28.287195353,2025-03-19 08:51:07.492651648,KITCHEN,B2.77 Keuken,2.77,39.205456
RTLS_05026,Voedingspomp 1,equipment,2025-03-19 08:50:31.000000000,2025-03-19 08:50:42.000000000,UTIL_A,B2.63 Utility,2.63,11.0
RTLS_04925,Toiletstoel 3,equipment,2025-03-19 08:50:51.000000000,2025-03-19 08:51:00.000000000,STORAGE,B2.61 Opslag,2.61,9.0
RTLS_04190,Infuuspomp 4,equipment,2025-03-19 08:50:52.000000000,2025-03-19 08:51:28.000000000,UTIL_B,B2.75 Utility,2.75,36.0
RTLS_03397,EUREKA-VPL-025,nurse,2025-03-19 08:51:07.492651648,2025-03-19 08:51:27.739095030,ROOM_106,B2.62 2-bedskamer,2.62,20.246443
RTLS_03026,EUREKA-VPL-023,nurse,2025-03-19 08:51:08.392208860,2025-03-19 08:56:27.356883459,PREP_B,B2.71.02 Voorbereiding,2.71.02,318.964674
RTLS_03398,EUREKA-VPL-025,nurse,2025-03-19 08:51:27.739095030,2025-03-19 08:51:49.908228611,KITCHEN,B2.77 Keuken,2.77,22.169133
RTLS_04298,Spuitaandrijver,equipment,2025-03-19 08:51:30.000000000,2025-03-19 08:51:49.000000000,UTIL_B,B2.75 Utility,2.75,19.0
RTLS_05445,Voedingspomp 5,equipment,2025-03-19 08:51:48.000000000,2025-03-19 08:51:55.000000000,UTIL_A,B2.63 Utility,2.63,7.0
RTLS_05230,Voedingspomp 3,equipment,2025-03-19 08:52:15.000000000,2025-03-19 08:52:43.000000000,UTIL_A,B2.63 Utility,2.63,28.0
RTLS_01095,EUREKA-VPL-010,nurse,2025-03-19 08:52:40.443622136,2025-03-19 08:52:53.808359177,NS_A,B2.71 Open wacht,2.71,13.364737
RTLS_04610,Glucosemeter 2,equipment,2025-03-19 08:52:44.000000000,2025-03-19 08:53:04.000000000,NS_B,B2.71.01 Dienstplaats,2.71.01,20.0
RTLS_05338,Voedingspomp 4,equipment,2025-03-19 08:52:45.000000000,2025-03-19 08:53:03.000000000,UTIL_B,B2.75 Utility,2.75,18.0
RTLS_03881,Infuuspomp 1,equipment,2025-03-19 08:52:48.000000000,2025-03-19 08:53:11.000000000,UTIL_A,B2.63 Utility,2.63,23.0
RTLS_01096,EUREKA-VPL-010,nurse,2025-03-19 08:52:53.808359177,2025-03-19 08:52:59.866833486,ROOM_109,B2.68 2-bedskamer,2.68,6.058474
RTLS_04824,Toiletstoel 2,equipment,2025-03-19 08:52:57.000000000,2025-03-19 08:53:32.000000000,UTIL_B,B2.75 Utility,2.75,35.0
RTLS_01097,EUREKA-VPL-010,nurse,2025-03-19 08:52:59.866833486,2025-03-19 08:54:38.102530666,ROOM_116,B2.56 2-bedskamer,2.56,98.235697
RTLS_04299,Spuitaandrijver,equipment,2025-03-19 08:53:08.000000000,2025-03-19 08:53:35.000000000,UTIL_B,B2.75 Utility,2.75,27.0
RTLS_04089,Infuuspomp 3,equipment,2025-03-19 08:53:17.000000000,2025-03-19 08:53:42.000000000,UTIL_B,B2.75 Utility,2.75,25.0
RTLS_03987,Infuuspomp 2,equipment,2025-03-19 08:53:24.000000000,2025-03-19 08:53:57.000000000,UTIL_A,B2.63 Utility,2.63,33.0
RTLS_04508,Glucosemeter 1,equipment,2025-03-19 08:53:25.000000000,2025-03-19 08:53:52.000000000,NS_A,B2.71 Open wacht,2.71,27.0
RTLS_03882,Infuuspomp 1,equipment,2025-03-19 08:54:16.000000000,2025-03-19 08:54:43.000000000,UTIL_A,B2.63 Utility,2.63,27.0
RTLS_04714,Toiletstoel 1,equipment,2025-03-19 08:54:36.000000000,2025-03-19 08:54:53.000000000,UTIL_A,B2.63 Utility,2.63,17.0
RTLS_01098,EUREKA-VPL-010,nurse,2025-03-19 08:54:38.102530666,2025-03-19 08:55:18.310393848,ROOM_113,B2.84 1-bedskamer,2.84,40.207863
RTLS_01282,EUREKA-VPL-011,nurse,2025-03-19 08:54:53.004572318,2025-03-19 08:58:43.251142568,PREP_A,B2.71.02 Voorbereiding,2.71.02,230.24657
RTLS_04402,Bladderscan,equipment,2025-03-19 08:55:06.000000000,2025-03-19 08:55:23.000000000,UTIL_A,B2.63 Utility,2.63,17.0
RTLS_00508,EUREKA-VPL-006,nurse,2025-03-19 08:55:17.620229011,2025-03-19 08:55:33.238983924,KITCHEN,B2.77 Keuken,2.77,15.618754
RTLS_01099,EUREKA-VPL-010,nurse,2025-03-19 08:55:18.310393848,2025-03-19 08:56:06.027484817,ROOM_105,B2.82 1-bedskamer,2.82,47.71709
RTLS_00509,EUREKA-VPL-006,nurse,2025-03-19 08:55:33.238983924,2025-03-19 09:00:00.000000000,ROOM_109,B2.68 2-bedskamer,2.68,266.761016
RTLS_03837,Medicatiekar geel,equipment,2025-03-19 08:55:33.238983924,2025-03-19 09:00:00.000000000,ROOM_109,B2.68 2-bedskamer,2.68,266.761016
RTLS_04611,Glucosemeter 2,equipment,2025-03-19 08:55:37.000000000,2025-03-19 08:55:48.000000000,NS_B,B2.71.01 Dienstplaats,2.71.01,11.0
RTLS_05231,Voedingspomp 3,equipment,2025-03-19 08:55:42.000000000,2025-03-19 08:55:53.000000000,UTIL_A,B2.63 Utility,2.63,11.0
RTLS_01100,EUREKA-VPL-010,nurse,2025-03-19 08:56:06.027484817,2025-03-19 08:59:59.999999817,PREP_A,B2.71.02 Voorbereiding,2.71.02,233.972515
RTLS_03988,Infuuspomp 2,equipment,2025-03-19 08:56:17.000000000,2025-03-19 08:56:48.000000000,UTIL_A,B2.63 Utility,2.63,31.0
RTLS_03027,EUREKA-VPL-023,nurse,2025-03-19 08:56:27.356883459,2025-03-19 08:56:37.406355008,ROOM_110,B2.79 2-bedskamer,2.79,10.049471
RTLS_03028,EUREKA-VPL-023,nurse,2025-03-19 08:56:37.406355008,2025-03-19 08:57:59.044658951,ROOM_106,B2.62 2-bedskamer,2.62,81.638303
RTLS_03851,Medicatiekar groen,equipment,2025-03-19 08:56:37.406355008,2025-03-19 08:57:59.044658951,ROOM_106,B2.62 2-bedskamer,2.62,81.638303
RTLS_04612,Glucosemeter 2,equipment,2025-03-19 08:56:53.000000000,2025-03-19 08:57:10.000000000,NS_B,B2.71.01 Dienstplaats,2.71.01,17.0
RTLS_05027,Voedingspomp 1,equipment,2025-03-19 08:56:54.000000000,2025-03-19 08:57:14.000000000,UTIL_A,B2.63 Utility,2.63,20.0
RTLS_05136,Voedingspomp 2,equipment,2025-03-19 08:57:13.000000000,2025-03-19 08:57:46.000000000,UTIL_B,B2.75 Utility,2.75,33.0
RTLS_04090,Infuuspomp 3,equipment,2025-03-19 08:57:28.000000000,2025-03-19 08:57:49.000000000,UTIL_B,B2.75 Utility,2.75,21.0
RTLS_04926,Toiletstoel 3,equipment,2025-03-19 08:57:35.000000000,2025-03-19 08:57:58.000000000,STORAGE,B2.61 Opslag,2.61,23.0
RTLS_05446,Voedingspomp 5,equipment,2025-03-19 08:57:56.000000000,2025-03-19 08:58:05.000000000,UTIL_A,B2.63 Utility,2.63,9.0
RTLS_03029,EUREKA-VPL-023,nurse,2025-03-19 08:57:59.044658951,2025-03-19 08:58:00.131692523,PREP_B,B2.71.02 Voorbereiding,2.71.02,1.087033
RTLS_03030,EUREKA-VPL-023,nurse,2025-03-19 08:58:00.131692523,2025-03-19 08:58:11.248348241,KITCHEN,B2.77 Keuken,2.77,11.116655
RTLS_04825,Toiletstoel 2,equipment,2025-03-19 08:58:05.000000000,2025-03-19 08:58:37.000000000,UTIL_B,B2.75 Utility,2.75,32.0
RTLS_04191,Infuuspomp 4,equipment,2025-03-19 08:58:20.000000000,2025-03-19 08:58:46.000000000,UTIL_B,B2.75 Utility,2.75,26.0
RTLS_04715,Toiletstoel 1,equipment,2025-03-19 08:58:31.000000000,2025-03-19 08:58:49.000000000,UTIL_A,B2.63 Utility,2.63,18.0
RTLS_01283,EUREKA-VPL-011,nurse,2025-03-19 08:58:43.251142568,2025-03-19 08:58:46.624017856,NS_A,B2.71 Open wacht,2.71,3.372875
RTLS_01284,EUREKA-VPL-011,nurse,2025-03-19 08:58:46.624017856,2025-03-19 09:00:00.000000000,ROOM_117,B2.54 2-bedskamer,2.54,73.375982
RTLS_03883,Infuuspomp 1,equipment,2025-03-19 08:59:01.000000000,2025-03-19 08:59:06.000000000,UTIL_A,B2.63 Utility,2.63,5.0
RTLS_04509,Glucosemeter 1,equipment,2025-03-19 08:59:26.000000000,2025-03-19 08:59:43.000000000,NS_A,B2.71 Open wacht,2.71,17.0
RTLS_00020,EUREKA-VPL-001,nurse,2025-03-19 09:00:00.000000000,2025-03-19 09:00:29.276194059,ROOM_117,B2.54 2-bedskamer,2.54,29.276194
RTLS_00159,EUREKA-VPL-002,nurse,2025-03-19 09:00:00.000000000,2025-03-19 09:03:50.149566006,UTIL_B,B2.75 Utility,2.75,230.149566
RTLS_00253,EUREKA-VPL-003,nurse,2025-03-19 09:00:00.000000000,2025-03-19 09:14:10.117974560,PREP_B,B2.71.02 Voorbereiding,2.71.02,850.117974
RTLS_00311,EUREKA-VPL-004,nurse,2025-03-19 09:00:00.000000000,2025-03-19 09:00:04.901285291,ROOM_105,B2.82 1-bedskamer,2.82,4.901285
RTLS_00395,EUREKA-VPL-005,nurse,2025-03-19 09:00:00.000000000,2025-03-19 09:12:51.428571428,STORE_B,B2.59 Berging,2.59,771.428571
RTLS_00510,EUREKA-VPL-006,nurse,2025-03-19 09:00:00.000000000,2025-03-19 09:08:34.285714285,UTIL_B,B2.75 Utility,2.75,514.285714
RTLS_00669,EUREKA-VPL-007,nurse,2025-03-19 09:00:00.000000000,2025-03-19 09:00:06.513117973,ROOM_114,B2.85 2-bedskamer,2.85,6.513117
RTLS_00826,EUREKA-VPL-008,nurse,2025-03-19 09:00:00.000000000,2025-03-19 09:00:28.380166944,ROOM_117,B2.54 2-bedskamer,2.54,28.380166
RTLS_00952,EUREKA-VPL-009,nurse,2025-03-19 09:00:00.000000000,2025-03-19 09:00:07.882888025,ROOM_104,B2.80 1-bedskamer,2.80,7.882888
RTLS_01101,EUREKA-VPL-010,nurse,2025-03-19 09:00:00.000000000,2025-03-19 09:00:43.852066200,KITCHEN,B2.77 Keuken,2.77,43.852066
RTLS_01285,EUREKA-VPL-011,nurse,2025-03-19 09:00:00.000000000,2025-03-19 09:00:16.883400035,ROOM_105,B2.82 1-bedskamer,2.82,16.8834
RTLS_01405,EUREKA-VPL-012,nurse,2025-03-19 09:00:00.000000000,2025-03-19 09:00:54.234785517,ROOM_110,B2.79 2-bedskamer,2.79,54.234785
RTLS_01482,EUREKA-VPL-013,nurse,2025-03-19 09:00:00.000000000,2025-03-19 09:12:00.000000000,PREP_B,B2.71.02 Voorbereiding,2.71.02,720.0
RTLS_01605,EUREKA-VPL-014,nurse,2025-03-19 09:00:00.000000000,2025-03-19 09:00:06.466647867,ROOM_103,B2.78 1-bedskamer,2.78,6.466647
RTLS_01776,EUREKA-VPL-015,nurse,2025-03-19 09:00:00.000000000,2025-03-19 09:00:34.114438734,KITCHEN,B2.77 Keuken,2.77,34.114438
RTLS_01892,EUREKA-VPL-016,nurse,2025-03-19 09:00:00.000000000,2025-03-19 09:00:17.457404378,ROOM_110,B2.79 2-bedskamer,2.79,17.457404
RTLS_02039,EUREKA-VPL-017,nurse,2025-03-19 09:00:00.000000000,2025-03-19 09:00:21.628782018,ROOM_113,B2.84 1-bedskamer,2.84,21.628782
RTLS_02207,EUREKA-VPL-018,nurse,2025-03-19 09:00:00.000000000,2025-03-19 09:02:42.234251234,NS_A,B2.71 Open wacht,2.71,162.234251
RTLS_02353,EUREKA-VPL-019,nurse,2025-03-19 09:00:00.000000000,2025-03-19 09:01:05.075931560,ROOM_118,B2.60 2-bedskamer,2.60,65.075931
RTLS_02565,EUREKA-VPL-020,nurse,2025-03-19 09:00:00.000000000,2025-03-19 09:00:59.345859688,ROOM_112,B2.83 2-bedskamer,2.83,59.345859
RTLS_02674,EUREKA-VPL-021,nurse,2025-03-19 09:00:00.000000000,2025-03-19 09:00:14.466852935,KITCHEN,B2.77 Keuken,2.77,14.466852
RTLS_02819,EUREKA-VPL-022,nurse,2025-03-19 09:00:00.000000000,2025-03-19 09:01:09.024576562,ROOM_117,B2.54 2-bedskamer,2.54,69.024576
RTLS_03031,EUREKA-VPL-023,nurse,2025-03-19 09:00:00.000000000,2025-03-19 09:00:03.855536500,ROOM_105,B2.82 1-bedskamer,2.82,3.855536
RTLS_03204,EUREKA-VPL-024,nurse,2025-03-19 09:00:00.000000000,2025-03-19 09:00:19.595024085,ROOM_110,B2.79 2-bedskamer,2.79,19.595024
RTLS_03399,EUREKA-VPL-025,nurse,2025-03-19 09:00:00.000000000,2025-03-19 09:00:03.255733031,ROOM_106,B2.62 2-bedskamer,2.62,3.255733
RTLS_03618,EUREKA-VPL-026,nurse,2025-03-19 09:00:00.000000000,2025-03-19 09:01:07.649133833,NS_B,B2.71.01 Dienstplaats,2.71.01,67.649133
RTLS_03400,EUREKA-VPL-025,nurse,2025-03-19 09:00:03.255733031,2025-03-19 09:00:50.475281441,STORE_C,B2.65 Berging,2.65,47.219548
RTLS_03032,EUREKA-VPL-023,nurse,2025-03-19 09:00:03.855536500,2025-03-19 09:02:10.502706812,NS_B,B2.71.01 Dienstplaats,2.71.01,126.64717
RTLS_00312,EUREKA-VPL-004,nurse,2025-03-19 09:00:04.901285291,2025-03-19 09:00:09.948451621,ROOM_116,B2.56 2-bedskamer,2.56,5.047166
RTLS_01606,EUREKA-VPL-014,nurse,2025-03-19 09:00:06.466647867,2025-03-19 09:00:11.542601272,KITCHEN,B2.77 Keuken,2.77,5.075953
RTLS_00670,EUREKA-VPL-007,nurse,2025-03-19 09:00:06.513117973,2025-03-19 09:00:11.909197868,KITCHEN,B2.77 Keuken,2.77,5.396079
RTLS_00953,EUREKA-VPL-009,nurse,2025-03-19 09:00:07.882888025,2025-03-19 09:00:11.300683428,ROOM_105,B2.82 1-bedskamer,2.82,3.417795
RTLS_00313,EUREKA-VPL-004,nurse,2025-03-19 09:00:09.948451621,2025-03-19 09:00:36.891132009,ROOM_113,B2.84 1-bedskamer,2.84,26.94268
RTLS_05447,Voedingspomp 5,equipment,2025-03-19 09:00:10.000000000,2025-03-19 09:00:29.000000000,UTIL_A,B2.63 Utility,2.63,19.0
RTLS_00954,EUREKA-VPL-009,nurse,2025-03-19 09:00:11.300683428,2025-03-19 09:01:01.244863804,ROOM_107,B2.64 2-bedskamer,2.64,49.94418
RTLS_01607,EUREKA-VPL-014,nurse,2025-03-19 09:00:11.542601272,2025-03-19 09:05:23.793396652,ROOM_103,B2.78 1-bedskamer,2.78,312.250795
RTLS_03842,Medicatiekar geel,equipment,2025-03-19 09:00:11.542601272,2025-03-19 09:05:23.793396652,ROOM_103,B2.78 1-bedskamer,2.78,312.250795
RTLS_00671,EUREKA-VPL-007,nurse,2025-03-19 09:00:11.909197868,2025-03-19 09:00:14.505109808,ROOM_113,B2.84 1-bedskamer,2.84,2.595911
RTLS_05339,Voedingspomp 4,equipment,2025-03-19 09:00:14.000000000,2025-03-19 09:00:33.000000000,UTIL_B,B2.75 Utility,2.75,19.0
RTLS_02675,EUREKA-VPL-021,nurse,2025-03-19 09:00:14.466852935,2025-03-19 09:00:19.320959590,ROOM_105,B2.82 1-bedskamer,2.82,4.854106
RTLS_00672,EUREKA-VPL-007,nurse,2025-03-19 09:00:14.505109808,2025-03-19 09:00:32.644534826,ROOM_105,B2.82 1-bedskamer,2.82,18.139425
RTLS_01286,EUREKA-VPL-011,nurse,2025-03-19 09:00:16.883400035,2025-03-19 09:00:30.830459575,KITCHEN,B2.77 Keuken,2.77,13.947059
RTLS_01893,EUREKA-VPL-016,nurse,2025-03-19 09:00:17.457404378,2025-03-19 09:01:01.642349996,ROOM_114,B2.85 2-bedskamer,2.85,44.184945
RTLS_02676,EUREKA-VPL-021,nurse,2025-03-19 09:00:19.320959590,2025-03-19 09:01:12.739449785,NS_A,B2.71 Open wacht,2.71,53.41849
RTLS_03205,EUREKA-VPL-024,nurse,2025-03-19 09:00:19.595024085,2025-03-19 09:00:24.267084774,PREP_B,B2.71.02 Voorbereiding,2.71.02,4.67206
RTLS_04192,Infuuspomp 4,equipment,2025-03-19 09:00:20.000000000,2025-03-19 09:00:28.000000000,UTIL_B,B2.75 Utility,2.75,8.0
RTLS_02040,EUREKA-VPL-017,nurse,2025-03-19 09:00:21.628782018,2025-03-19 09:00:28.133997280,BATHROOM,B2.57 Stortbad,2.57,6.505215
RTLS_03206,EUREKA-VPL-024,nurse,2025-03-19 09:00:24.267084774,2025-03-19 09:00:28.854045115,BATH_B,B2.55 Badkamer,2.55,4.58696
RTLS_04403,Bladderscan,equipment,2025-03-19 09:00:26.000000000,2025-03-19 09:01:02.000000000,UTIL_A,B2.63 Utility,2.63,36.0
RTLS_02041,EUREKA-VPL-017,nurse,2025-03-19 09:00:28.133997280,2025-03-19 09:03:21.576960886,STORE_B,B2.59 Berging,2.59,173.442963
RTLS_00827,EUREKA-VPL-008,nurse,2025-03-19 09:00:28.380166944,2025-03-19 09:00:29.380166944,STORE_A,B2.53 Berging,2.53,1.0
RTLS_03207,EUREKA-VPL-024,nurse,2025-03-19 09:00:28.854045115,2025-03-19 09:02:02.611279054,NS_A,B2.71 Open wacht,2.71,93.757233
RTLS_00021,EUREKA-VPL-001,nurse,2025-03-19 09:00:29.276194059,2025-03-19 09:02:02.077107921,UTIL_B,B2.75 Utility,2.75,92.800913
RTLS_00828,EUREKA-VPL-008,nurse,2025-03-19 09:00:29.380166944,2025-03-19 09:00:36.187970689,ROOM_103,B2.78 1-bedskamer,2.78,6.807803
RTLS_01287,EUREKA-VPL-011,nurse,2025-03-19 09:00:30.830459575,2025-03-19 09:01:40.384543704,UTIL_B,B2.75 Utility,2.75,69.554084
RTLS_00673,EUREKA-VPL-007,nurse,2025-03-19 09:00:32.644534826,2025-03-19 09:01:21.090993355,STORE_B,B2.59 Berging,2.59,48.446458
RTLS_01777,EUREKA-VPL-015,nurse,2025-03-19 09:00:34.114438734,2025-03-19 09:00:42.228391801,ROOM_116,B2.56 2-bedskamer,2.56,8.113953
RTLS_00829,EUREKA-VPL-008,nurse,2025-03-19 09:00:36.187970689,2025-03-19 09:00:43.372613880,ROOM_109,B2.68 2-bedskamer,2.68,7.184643
RTLS_00314,EUREKA-VPL-004,nurse,2025-03-19 09:00:36.891132009,2025-03-19 09:01:31.009206815,ROOM_106,B2.62 2-bedskamer,2.62,54.118074
RTLS_01778,EUREKA-VPL-015,nurse,2025-03-19 09:00:42.228391801,2025-03-19 09:02:59.737870482,ROOM_118,B2.60 2-bedskamer,2.60,137.509478
RTLS_00830,EUREKA-VPL-008,nurse,2025-03-19 09:00:43.372613880,2025-03-19 09:01:10.244019945,ROOM_110,B2.79 2-bedskamer,2.79,26.871406
RTLS_01102,EUREKA-VPL-010,nurse,2025-03-19 09:00:43.852066200,2025-03-19 09:08:08.370557825,UTIL_B,B2.75 Utility,2.75,444.518491
RTLS_03401,EUREKA-VPL-025,nurse,2025-03-19 09:00:50.475281441,2025-03-19 09:00:53.170510141,NS_A,B2.71 Open wacht,2.71,2.695228
RTLS_03402,EUREKA-VPL-025,nurse,2025-03-19 09:00:53.170510141,2025-03-19 09:01:24.407303097,KITCHEN,B2.77 Keuken,2.77,31.236792
RTLS_01406,EUREKA-VPL-012,nurse,2025-03-19 09:00:54.234785517,2025-03-19 09:06:57.132356105,NS_A,B2.71 Open wacht,2.71,362.89757
RTLS_04510,Glucosemeter 1,equipment,2025-03-19 09:00:55.000000000,2025-03-19 09:01:25.000000000,NS_A,B2.71 Open wacht,2.71,30.0
RTLS_04300,Spuitaandrijver,equipment,2025-03-19 09:00:55.000000000,2025-03-19 09:01:02.000000000,UTIL_B,B2.75 Utility,2.75,7.0
RTLS_02566,EUREKA-VPL-020,nurse,2025-03-19 09:00:59.345859688,2025-03-19 09:02:12.645845108,NS_B,B2.71.01 Dienstplaats,2.71.01,73.299985
RTLS_00955,EUREKA-VPL-009,nurse,2025-03-19 09:01:01.244863804,2025-03-19 09:01:11.506844246,ROOM_102,B2.76 1-bedskamer,2.76,10.26198
RTLS_01894,EUREKA-VPL-016,nurse,2025-03-19 09:01:01.642349996,2025-03-19 09:11:26.058405878,STORE_C,B2.65 Berging,2.65,624.416055
RTLS_02354,EUREKA-VPL-019,nurse,2025-03-19 09:01:05.075931560,2025-03-19 09:07:10.757731697,PREP_A,B2.71.02 Voorbereiding,2.71.02,365.6818
RTLS_03619,EUREKA-VPL-026,nurse,2025-03-19 09:01:07.649133833,2025-03-19 09:01:35.413640867,ROOM_112,B2.83 2-bedskamer,2.83,27.764507000000002
RTLS_02820,EUREKA-VPL-022,nurse,2025-03-19 09:01:09.024576562,2025-03-19 09:01:29.184745747,ROOM_118,B2.60 2-bedskamer,2.60,20.160169
RTLS_00831,EUREKA-VPL-008,nurse,2025-03-19 09:01:10.244019945,2025-03-19 09:01:12.874905473,KITCHEN,B2.77 Keuken,2.77,2.630885
RTLS_00956,EUREKA-VPL-009,nurse,2025-03-19 09:01:11.506844246,2025-03-19 09:01:20.108587157,ROOM_114,B2.85 2-bedskamer,2.85,8.601742
RTLS_02677,EUREKA-VPL-021,nurse,2025-03-19 09:01:12.739449785,2025-03-19 09:01:14.125272093,ROOM_111,B2.81 2-bedskamer,2.81,1.385822
RTLS_00832,EUREKA-VPL-008,nurse,2025-03-19 09:01:12.874905473,2025-03-19 09:02:43.584897192,UTIL_B,B2.75 Utility,2.75,90.709991
RTLS_02678,EUREKA-VPL-021,nurse,2025-03-19 09:01:14.125272093,2025-03-19 09:14:47.788670631,ROOM_117,B2.54 2-bedskamer,2.54,813.663398
RTLS_00957,EUREKA-VPL-009,nurse,2025-03-19 09:01:20.108587157,2025-03-19 09:01:43.052488210,ROOM_118,B2.60 2-bedskamer,2.60,22.943901
RTLS_00674,EUREKA-VPL-007,nurse,2025-03-19 09:01:21.090993355,2025-03-19 09:03:08.195368042,ROOM_116,B2.56 2-bedskamer,2.56,107.104374
RTLS_03403,EUREKA-VPL-025,nurse,2025-03-19 09:01:24.407303097,2025-03-19 09:02:07.126454974,NS_A,B2.71 Open wacht,2.71,42.719151
RTLS_05340,Voedingspomp 4,equipment,2025-03-19 09:01:28.000000000,2025-03-19 09:02:01.000000000,UTIL_B,B2.75 Utility,2.75,33.0
RTLS_02821,EUREKA-VPL-022,nurse,2025-03-19 09:01:29.184745747,2025-03-19 09:04:49.554206705,NS_A,B2.71 Open wacht,2.71,200.36946
RTLS_03989,Infuuspomp 2,equipment,2025-03-19 09:01:31.000000000,2025-03-19 09:01:47.000000000,UTIL_A,B2.63 Utility,2.63,16.0
RTLS_00315,EUREKA-VPL-004,nurse,2025-03-19 09:01:31.009206815,2025-03-19 09:02:07.841431914,ROOM_103,B2.78 1-bedskamer,2.78,36.832225
RTLS_03620,EUREKA-VPL-026,nurse,2025-03-19 09:01:35.413640867,2025-03-19 09:02:09.056620040,ROOM_101,B2.74 1-bedskamer,2.74,33.642979
RTLS_01288,EUREKA-VPL-011,nurse,2025-03-19 09:01:40.384543704,2025-03-19 09:01:50.495257081,ROOM_114,B2.85 2-bedskamer,2.85,10.110713
RTLS_03884,Infuuspomp 1,equipment,2025-03-19 09:01:43.000000000,2025-03-19 09:01:49.000000000,UTIL_A,B2.63 Utility,2.63,6.0
RTLS_00958,EUREKA-VPL-009,nurse,2025-03-19 09:01:43.052488210,2025-03-19 09:01:48.731573203,ROOM_113,B2.84 1-bedskamer,2.84,5.679084
RTLS_04716,Toiletstoel 1,equipment,2025-03-19 09:01:46.000000000,2025-03-19 09:02:21.000000000,UTIL_A,B2.63 Utility,2.63,35.0
RTLS_04091,Infuuspomp 3,equipment,2025-03-19 09:01:46.000000000,2025-03-19 09:01:54.000000000,UTIL_B,B2.75 Utility,2.75,8.0
RTLS_00959,EUREKA-VPL-009,nurse,2025-03-19 09:01:48.731573203,2025-03-19 09:07:09.691169670,UTIL_B,B2.75 Utility,2.75,320.959596
RTLS_01289,EUREKA-VPL-011,nurse,2025-03-19 09:01:50.495257081,2025-03-19 09:01:51.495257081,PREP_B,B2.71.02 Voorbereiding,2.71.02,1.0
RTLS_01290,EUREKA-VPL-011,nurse,2025-03-19 09:01:51.495257081,2025-03-19 09:16:23.621442581,STORE_C,B2.65 Berging,2.65,872.126185
RTLS_00022,EUREKA-VPL-001,nurse,2025-03-19 09:02:02.077107921,2025-03-19 09:02:39.488711390,ROOM_115,B2.58 2-bedskamer,2.58,37.411603
RTLS_03208,EUREKA-VPL-024,nurse,2025-03-19 09:02:02.611279054,2025-03-19 09:02:03.611279054,PREP_A,B2.71.02 Voorbereiding,2.71.02,1.0
RTLS_03209,EUREKA-VPL-024,nurse,2025-03-19 09:02:03.611279054,2025-03-19 09:02:26.558102235,ROOM_113,B2.84 1-bedskamer,2.84,22.946823
RTLS_03404,EUREKA-VPL-025,nurse,2025-03-19 09:02:07.126454974,2025-03-19 09:09:40.109960843,NS_B,B2.71.01 Dienstplaats,2.71.01,452.983505
RTLS_00316,EUREKA-VPL-004,nurse,2025-03-19 09:02:07.841431914,2025-03-19 09:03:00.341918532,KITCHEN,B2.77 Keuken,2.77,52.500486
RTLS_03621,EUREKA-VPL-026,nurse,2025-03-19 09:02:09.056620040,2025-03-19 09:02:39.379108828,KITCHEN,B2.77 Keuken,2.77,30.322488
RTLS_03033,EUREKA-VPL-023,nurse,2025-03-19 09:02:10.502706812,2025-03-19 09:02:14.944886723,KITCHEN,B2.77 Keuken,2.77,4.442179
RTLS_02567,EUREKA-VPL-020,nurse,2025-03-19 09:02:12.645845108,2025-03-19 09:02:13.728225175,ROOM_110,B2.79 2-bedskamer,2.79,1.08238
RTLS_02568,EUREKA-VPL-020,nurse,2025-03-19 09:02:13.728225175,2025-03-19 09:06:21.803815594,ROOM_114,B2.85 2-bedskamer,2.85,248.07559
RTLS_03034,EUREKA-VPL-023,nurse,2025-03-19 09:02:14.944886723,2025-03-19 09:09:26.485140286,NS_B,B2.71.01 Dienstplaats,2.71.01,431.540253
RTLS_05028,Voedingspomp 1,equipment,2025-03-19 09:02:18.000000000,2025-03-19 09:02:41.000000000,UTIL_A,B2.63 Utility,2.63,23.0
RTLS_03210,EUREKA-VPL-024,nurse,2025-03-19 09:02:26.558102235,2025-03-19 09:02:42.368917643,NS_A,B2.71 Open wacht,2.71,15.810815
RTLS_03622,EUREKA-VPL-026,nurse,2025-03-19 09:02:39.379108828,2025-03-19 09:04:24.790092875,BATH_B,B2.55 Badkamer,2.55,105.410984
RTLS_00023,EUREKA-VPL-001,nurse,2025-03-19 09:02:39.488711390,2025-03-19 09:03:00.342950618,STORE_A,B2.53 Berging,2.53,20.854239
RTLS_02208,EUREKA-VPL-018,nurse,2025-03-19 09:02:42.234251234,2025-03-19 09:13:26.815328984,PREP_B,B2.71.02 Voorbereiding,2.71.02,644.581077
RTLS_03211,EUREKA-VPL-024,nurse,2025-03-19 09:02:42.368917643,2025-03-19 09:02:51.142304210,KITCHEN,B2.77 Keuken,2.77,8.773386
RTLS_00833,EUREKA-VPL-008,nurse,2025-03-19 09:02:43.584897192,2025-03-19 09:03:00.089208311,ROOM_116,B2.56 2-bedskamer,2.56,16.504311
RTLS_05232,Voedingspomp 3,equipment,2025-03-19 09:02:46.000000000,2025-03-19 09:03:08.000000000,UTIL_A,B2.63 Utility,2.63,22.0
RTLS_03212,EUREKA-VPL-024,nurse,2025-03-19 09:02:51.142304210,2025-03-19 09:12:56.234838621,UTIL_B,B2.75 Utility,2.75,605.092534
RTLS_03885,Infuuspomp 1,equipment,2025-03-19 09:02:57.000000000,2025-03-19 09:03:25.000000000,UTIL_A,B2.63 Utility,2.63,28.0
RTLS_01779,EUREKA-VPL-015,nurse,2025-03-19 09:02:59.737870482,2025-03-19 09:03:03.044107064,ROOM_101,B2.74 1-bedskamer,2.74,3.306236
RTLS_00834,EUREKA-VPL-008,nurse,2025-03-19 09:03:00.089208311,2025-03-19 09:03:10.866691010,ROOM_107,B2.64 2-bedskamer,2.64,10.777482
RTLS_00317,EUREKA-VPL-004,nurse,2025-03-19 09:03:00.341918532,2025-03-19 09:03:01.357188086,ROOM_109,B2.68 2-bedskamer,2.68,1.015269
RTLS_00024,EUREKA-VPL-001,nurse,2025-03-19 09:03:00.342950618,2025-03-19 09:03:17.112796042,ROOM_105,B2.82 1-bedskamer,2.82,16.769845
RTLS_00318,EUREKA-VPL-004,nurse,2025-03-19 09:03:01.357188086,2025-03-19 09:03:10.449339502,NS_A,B2.71 Open wacht,2.71,9.092151
RTLS_01780,EUREKA-VPL-015,nurse,2025-03-19 09:03:03.044107064,2025-03-19 09:14:49.950706501,ROOM_115,B2.58 2-bedskamer,2.58,706.906599
RTLS_03843,Medicatiekar groen,equipment,2025-03-19 09:03:03.044107064,2025-03-19 09:14:49.950706501,ROOM_115,B2.58 2-bedskamer,2.58,706.906599
RTLS_04927,Toiletstoel 3,equipment,2025-03-19 09:03:07.000000000,2025-03-19 09:03:34.000000000,STORAGE,B2.61 Opslag,2.61,27.0
RTLS_00675,EUREKA-VPL-007,nurse,2025-03-19 09:03:08.195368042,2025-03-19 09:04:01.093605194,BATHROOM,B2.57 Stortbad,2.57,52.898237
RTLS_00319,EUREKA-VPL-004,nurse,2025-03-19 09:03:10.449339502,2025-03-19 09:11:37.519063557,PREP_A,B2.71.02 Voorbereiding,2.71.02,507.069724
RTLS_00835,EUREKA-VPL-008,nurse,2025-03-19 09:03:10.866691010,2025-03-19 09:03:20.841330181,ROOM_117,B2.54 2-bedskamer,2.54,9.974639
RTLS_05137,Voedingspomp 2,equipment,2025-03-19 09:03:15.000000000,2025-03-19 09:03:46.000000000,UTIL_B,B2.75 Utility,2.75,31.0
RTLS_00025,EUREKA-VPL-001,nurse,2025-03-19 09:03:17.112796042,2025-03-19 09:03:24.352667432,ROOM_102,B2.76 1-bedskamer,2.76,7.239871
RTLS_00836,EUREKA-VPL-008,nurse,2025-03-19 09:03:20.841330181,2025-03-19 09:03:37.712800374,ROOM_105,B2.82 1-bedskamer,2.82,16.87147
RTLS_02042,EUREKA-VPL-017,nurse,2025-03-19 09:03:21.576960886,2025-03-19 09:03:35.723732333,BATH_B,B2.55 Badkamer,2.55,14.146771
RTLS_00026,EUREKA-VPL-001,nurse,2025-03-19 09:03:24.352667432,2025-03-19 09:03:26.968991326,NS_A,B2.71 Open wacht,2.71,2.616323
RTLS_00027,EUREKA-VPL-001,nurse,2025-03-19 09:03:26.968991326,2025-03-19 09:04:08.912771266,KITCHEN,B2.77 Keuken,2.77,41.943779
RTLS_02043,EUREKA-VPL-017,nurse,2025-03-19 09:03:35.723732333,2025-03-19 09:04:00.023340591,ROOM_108,B2.66 2-bedskamer,2.66,24.299608
RTLS_00837,EUREKA-VPL-008,nurse,2025-03-19 09:03:37.712800374,2025-03-19 09:03:46.440660338,ROOM_103,B2.78 1-bedskamer,2.78,8.727859
RTLS_00838,EUREKA-VPL-008,nurse,2025-03-19 09:03:46.440660338,2025-03-19 09:04:35.875875392,ROOM_111,B2.81 2-bedskamer,2.81,49.435215
RTLS_00160,EUREKA-VPL-002,nurse,2025-03-19 09:03:50.149566006,2025-03-19 09:03:51.149566006,STORE_C,B2.65 Berging,2.65,1.0
RTLS_00161,EUREKA-VPL-002,nurse,2025-03-19 09:03:51.149566006,2025-03-19 09:04:03.489562889,KITCHEN,B2.77 Keuken,2.77,12.339996
RTLS_02044,EUREKA-VPL-017,nurse,2025-03-19 09:04:00.023340591,2025-03-19 09:04:26.027735460,NS_B,B2.71.01 Dienstplaats,2.71.01,26.004394
RTLS_00676,EUREKA-VPL-007,nurse,2025-03-19 09:04:01.093605194,2025-03-19 09:07:48.781015852,UTIL_B,B2.75 Utility,2.75,227.68741
RTLS_00162,EUREKA-VPL-002,nurse,2025-03-19 09:04:03.489562889,2025-03-19 09:04:06.030106546,ROOM_108,B2.66 2-bedskamer,2.66,2.540543
RTLS_03990,Infuuspomp 2,equipment,2025-03-19 09:04:04.000000000,2025-03-19 09:04:26.000000000,UTIL_A,B2.63 Utility,2.63,22.0
RTLS_00163,EUREKA-VPL-002,nurse,2025-03-19 09:04:06.030106546,2025-03-19 09:04:08.574198956,ROOM_106,B2.62 2-bedskamer,2.62,2.544092
RTLS_00164,EUREKA-VPL-002,nurse,2025-03-19 09:04:08.574198956,2025-03-19 09:06:30.323652418,NS_B,B2.71.01 Dienstplaats,2.71.01,141.749453
RTLS_00028,EUREKA-VPL-001,nurse,2025-03-19 09:04:08.912771266,2025-03-19 09:08:44.627528164,NS_B,B2.71.01 Dienstplaats,2.71.01,275.714756
RTLS_03623,EUREKA-VPL-026,nurse,2025-03-19 09:04:24.790092875,2025-03-19 09:04:46.648914437,ROOM_112,B2.83 2-bedskamer,2.83,21.858821
RTLS_02045,EUREKA-VPL-017,nurse,2025-03-19 09:04:26.027735460,2025-03-19 09:04:36.415593447,KITCHEN,B2.77 Keuken,2.77,10.387857
RTLS_00839,EUREKA-VPL-008,nurse,2025-03-19 09:04:35.875875392,2025-03-19 09:04:48.616205271,KITCHEN,B2.77 Keuken,2.77,12.740329
RTLS_02046,EUREKA-VPL-017,nurse,2025-03-19 09:04:36.415593447,2025-03-19 09:05:03.701692816,ROOM_104,B2.80 1-bedskamer,2.80,27.286099
RTLS_04613,Glucosemeter 2,equipment,2025-03-19 09:04:38.000000000,2025-03-19 09:05:13.000000000,NS_B,B2.71.01 Dienstplaats,2.71.01,35.0
RTLS_03624,EUREKA-VPL-026,nurse,2025-03-19 09:04:46.648914437,2025-03-19 09:06:43.891755309,KITCHEN,B2.77 Keuken,2.77,117.24284
RTLS_00840,EUREKA-VPL-008,nurse,2025-03-19 09:04:48.616205271,2025-03-19 09:05:04.650182743,ROOM_106,B2.62 2-bedskamer,2.62,16.033977
RTLS_02822,EUREKA-VPL-022,nurse,2025-03-19 09:04:49.554206705,2025-03-19 09:05:12.292067637,ROOM_110,B2.79 2-bedskamer,2.79,22.73786
RTLS_02047,EUREKA-VPL-017,nurse,2025-03-19 09:05:03.701692816,2025-03-19 09:05:18.011810908,ROOM_106,B2.62 2-bedskamer,2.62,14.310118
RTLS_00841,EUREKA-VPL-008,nurse,2025-03-19 09:05:04.650182743,2025-03-19 09:05:33.431207438,ROOM_113,B2.84 1-bedskamer,2.84,28.781024
RTLS_04826,Toiletstoel 2,equipment,2025-03-19 09:05:06.000000000,2025-03-19 09:05:30.000000000,UTIL_B,B2.75 Utility,2.75,24.0
RTLS_02823,EUREKA-VPL-022,nurse,2025-03-19 09:05:12.292067637,2025-03-19 09:05:39.450541612,ROOM_111,B2.81 2-bedskamer,2.81,27.158473
RTLS_03991,Infuuspomp 2,equipment,2025-03-19 09:05:17.000000000,2025-03-19 09:05:45.000000000,UTIL_A,B2.63 Utility,2.63,28.0
RTLS_02048,EUREKA-VPL-017,nurse,2025-03-19 09:05:18.011810908,2025-03-19 09:05:41.448447340,ROOM_105,B2.82 1-bedskamer,2.82,23.436636
RTLS_01608,EUREKA-VPL-014,nurse,2025-03-19 09:05:23.793396652,2025-03-19 09:05:35.859031004,KITCHEN,B2.77 Keuken,2.77,12.065634
RTLS_01609,EUREKA-VPL-014,nurse,2025-03-19 09:05:35.859031004,2025-03-19 09:06:06.495201522,NS_A,B2.71 Open wacht,2.71,30.63617
RTLS_02824,EUREKA-VPL-022,nurse,2025-03-19 09:05:39.450541612,2025-03-19 09:06:36.250079064,ROOM_112,B2.83 2-bedskamer,2.83,56.799537
RTLS_02049,EUREKA-VPL-017,nurse,2025-03-19 09:05:41.448447340,2025-03-19 09:05:42.779911884,KITCHEN,B2.77 Keuken,2.77,1.331464
RTLS_02050,EUREKA-VPL-017,nurse,2025-03-19 09:05:42.779911884,2025-03-19 09:06:29.777441339,NS_B,B2.71.01 Dienstplaats,2.71.01,46.997529
RTLS_04928,Toiletstoel 3,equipment,2025-03-19 09:05:54.000000000,2025-03-19 09:06:00.000000000,STORAGE,B2.61 Opslag,2.61,6.0
RTLS_04193,Infuuspomp 4,equipment,2025-03-19 09:05:57.000000000,2025-03-19 09:06:18.000000000,UTIL_B,B2.75 Utility,2.75,21.0
RTLS_01610,EUREKA-VPL-014,nurse,2025-03-19 09:06:06.495201522,2025-03-19 09:07:06.391582254,ROOM_113,B2.84 1-bedskamer,2.84,59.89638
RTLS_05448,Voedingspomp 5,equipment,2025-03-19 09:06:07.000000000,2025-03-19 09:06:44.000000000,UTIL_A,B2.63 Utility,2.63,37.0
RTLS_02569,EUREKA-VPL-020,nurse,2025-03-19 09:06:21.803815594,2025-03-19 09:08:30.871176390,NS_A,B2.71 Open wacht,2.71,129.06736
RTLS_02051,EUREKA-VPL-017,nurse,2025-03-19 09:06:29.777441339,2025-03-19 09:07:40.941191133,PREP_A,B2.71.02 Voorbereiding,2.71.02,71.163749
RTLS_00165,EUREKA-VPL-002,nurse,2025-03-19 09:06:30.323652418,2025-03-19 09:06:31.357956418,STORE_C,B2.65 Berging,2.65,1.0343040000000001
RTLS_00166,EUREKA-VPL-002,nurse,2025-03-19 09:06:31.357956418,2025-03-19 09:13:46.090048407,PREP_B,B2.71.02 Voorbereiding,2.71.02,434.732091
RTLS_02825,EUREKA-VPL-022,nurse,2025-03-19 09:06:36.250079064,2025-03-19 09:07:22.174805245,UTIL_A,B2.63 Utility,2.63,45.924726
RTLS_03625,EUREKA-VPL-026,nurse,2025-03-19 09:06:43.891755309,2025-03-19 09:10:39.066111445,NS_B,B2.71.01 Dienstplaats,2.71.01,235.174356
RTLS_04092,Infuuspomp 3,equipment,2025-03-19 09:06:48.000000000,2025-03-19 09:07:18.000000000,UTIL_B,B2.75 Utility,2.75,30.0
RTLS_01407,EUREKA-VPL-012,nurse,2025-03-19 09:06:57.132356105,2025-03-19 09:29:41.218488819,PREP_A,B2.71.02 Voorbereiding,2.71.02,1364.086132
RTLS_01611,EUREKA-VPL-014,nurse,2025-03-19 09:07:06.391582254,2025-03-19 09:07:08.733201279,ROOM_102,B2.76 1-bedskamer,2.76,2.341619
RTLS_03886,Infuuspomp 1,equipment,2025-03-19 09:07:07.000000000,2025-03-19 09:07:38.000000000,UTIL_A,B2.63 Utility,2.63,31.0
RTLS_01612,EUREKA-VPL-014,nurse,2025-03-19 09:07:08.733201279,2025-03-19 09:08:30.528148517,ROOM_116,B2.56 2-bedskamer,2.56,81.794947
RTLS_00960,EUREKA-VPL-009,nurse,2025-03-19 09:07:09.691169670,2025-03-19 09:07:49.454777619,ROOM_109,B2.68 2-bedskamer,2.68,39.763607
RTLS_02355,EUREKA-VPL-019,nurse,2025-03-19 09:07:10.757731697,2025-03-19 09:07:58.135677395,ROOM_110,B2.79 2-bedskamer,2.79,47.377945
RTLS_02826,EUREKA-VPL-022,nurse,2025-03-19 09:07:22.174805245,2025-03-19 09:07:56.316338184,STORAGE,B2.61 Opslag,2.61,34.141532
RTLS_04511,Glucosemeter 1,equipment,2025-03-19 09:07:37.000000000,2025-03-19 09:07:56.000000000,NS_A,B2.71 Open wacht,2.71,19.0
RTLS_02052,EUREKA-VPL-017,nurse,2025-03-19 09:07:40.941191133,2025-03-19 09:23:22.658833533,NS_B,B2.71.01 Dienstplaats,2.71.01,941.717642
RTLS_00677,EUREKA-VPL-007,nurse,2025-03-19 09:07:48.781015852,2025-03-19 09:07:51.255053595,ROOM_103,B2.78 1-bedskamer,2.78,2.474037
RTLS_00961,EUREKA-VPL-009,nurse,2025-03-19 09:07:49.454777619,2025-03-19 09:15:46.288568828,NS_B,B2.71.01 Dienstplaats,2.71.01,476.833791
RTLS_04301,Spuitaandrijver,equipment,2025-03-19 09:07:51.000000000,2025-03-19 09:08:23.000000000,UTIL_B,B2.75 Utility,2.75,32.0
RTLS_00678,EUREKA-VPL-007,nurse,2025-03-19 09:07:51.255053595,2025-03-19 09:07:57.906613263,KITCHEN,B2.77 Keuken,2.77,6.651559
RTLS_02827,EUREKA-VPL-022,nurse,2025-03-19 09:07:56.316338184,2025-03-19 09:15:44.868887334,NS_A,B2.71 Open wacht,2.71,468.552549
RTLS_00679,EUREKA-VPL-007,nurse,2025-03-19 09:07:57.906613263,2025-03-19 09:08:01.246111427,ROOM_107,B2.64 2-bedskamer,2.64,3.339498
RTLS_02356,EUREKA-VPL-019,nurse,2025-03-19 09:07:58.135677395,2025-03-19 09:08:16.076498155,ROOM_101,B2.74 1-bedskamer,2.74,17.94082
RTLS_04194,Infuuspomp 4,equipment,2025-03-19 09:08:01.000000000,2025-03-19 09:08:28.000000000,UTIL_B,B2.75 Utility,2.75,27.0
RTLS_00680,EUREKA-VPL-007,nurse,2025-03-19 09:08:01.246111427,2025-03-19 09:08:20.614470303,ROOM_114,B2.85 2-bedskamer,2.85,19.368358
RTLS_04404,Bladderscan,equipment,2025-03-19 09:08:04.000000000,2025-03-19 09:08:35.000000000,UTIL_A,B2.63 Utility,2.63,31.0
RTLS_04717,Toiletstoel 1,equipment,2025-03-19 09:08:08.000000000,2025-03-19 09:08:18.000000000,UTIL_A,B2.63 Utility,2.63,10.0
RTLS_01103,EUREKA-VPL-010,nurse,2025-03-19 09:08:08.370557825,2025-03-19 09:08:11.381477927,NS_A,B2.71 Open wacht,2.71,3.01092
RTLS_03992,Infuuspomp 2,equipment,2025-03-19 09:08:10.000000000,2025-03-19 09:08:27.000000000,UTIL_A,B2.63 Utility,2.63,17.0
RTLS_01104,EUREKA-VPL-010,nurse,2025-03-19 09:08:11.381477927,2025-03-19 09:08:48.674723327,ROOM_108,B2.66 2-bedskamer,2.66,37.293245
RTLS_02357,EUREKA-VPL-019,nurse,2025-03-19 09:08:16.076498155,2025-03-19 09:08:39.590219537,ROOM_102,B2.76 1-bedskamer,2.76,23.513721
RTLS_00681,EUREKA-VPL-007,nurse,2025-03-19 09:08:20.614470303,2025-03-19 09:09:24.105053864,BATH_B,B2.55 Badkamer,2.55,63.490583
RTLS_01613,EUREKA-VPL-014,nurse,2025-03-19 09:08:30.528148517,2025-03-19 09:08:53.629163429,ROOM_109,B2.68 2-bedskamer,2.68,23.101014
RTLS_02570,EUREKA-VPL-020,nurse,2025-03-19 09:08:30.871176390,2025-03-19 09:08:45.665471872,KITCHEN,B2.77 Keuken,2.77,14.794295
RTLS_00511,EUREKA-VPL-006,nurse,2025-03-19 09:08:34.285714285,2025-03-19 09:08:46.707597241,ROOM_110,B2.79 2-bedskamer,2.79,12.421882
RTLS_05341,Voedingspomp 4,equipment,2025-03-19 09:08:39.000000000,2025-03-19 09:09:15.000000000,UTIL_B,B2.75 Utility,2.75,36.0
RTLS_02358,EUREKA-VPL-019,nurse,2025-03-19 09:08:39.590219537,2025-03-19 09:09:24.140235382,UTIL_B,B2.75 Utility,2.75,44.550015
RTLS_00029,EUREKA-VPL-001,nurse,2025-03-19 09:08:44.627528164,2025-03-19 09:10:08.635648359,ROOM_105,B2.82 1-bedskamer,2.82,84.00812
RTLS_02571,EUREKA-VPL-020,nurse,2025-03-19 09:08:45.665471872,2025-03-19 09:08:59.247716804,NS_A,B2.71 Open wacht,2.71,13.582244
RTLS_00512,EUREKA-VPL-006,nurse,2025-03-19 09:08:46.707597241,2025-03-19 09:08:56.551058898,KITCHEN,B2.77 Keuken,2.77,9.843461
RTLS_01105,EUREKA-VPL-010,nurse,2025-03-19 09:08:48.674723327,2025-03-19 09:10:37.237212690,ROOM_111,B2.81 2-bedskamer,2.81,108.562489
RTLS_01614,EUREKA-VPL-014,nurse,2025-03-19 09:08:53.629163429,2025-03-19 09:09:02.180581788,ROOM_103,B2.78 1-bedskamer,2.78,8.551418
RTLS_00513,EUREKA-VPL-006,nurse,2025-03-19 09:08:56.551058898,2025-03-19 09:09:03.651466200,ROOM_104,B2.80 1-bedskamer,2.80,7.100407
RTLS_05029,Voedingspomp 1,equipment,2025-03-19 09:08:58.000000000,2025-03-19 09:09:10.000000000,UTIL_A,B2.63 Utility,2.63,12.0
RTLS_02572,EUREKA-VPL-020,nurse,2025-03-19 09:08:59.247716804,2025-03-19 09:30:50.998695232,UTIL_A,B2.63 Utility,2.63,1311.750978
RTLS_01615,EUREKA-VPL-014,nurse,2025-03-19 09:09:02.180581788,2025-03-19 09:09:20.301436851,ROOM_114,B2.85 2-bedskamer,2.85,18.120855
RTLS_00514,EUREKA-VPL-006,nurse,2025-03-19 09:09:03.651466200,2025-03-19 09:10:52.149556814,NS_B,B2.71.01 Dienstplaats,2.71.01,108.49809
RTLS_01616,EUREKA-VPL-014,nurse,2025-03-19 09:09:20.301436851,2025-03-19 09:11:00.643271035,ROOM_109,B2.68 2-bedskamer,2.68,100.341834
RTLS_05233,Voedingspomp 3,equipment,2025-03-19 09:09:22.000000000,2025-03-19 09:09:54.000000000,UTIL_A,B2.63 Utility,2.63,32.0
RTLS_00682,EUREKA-VPL-007,nurse,2025-03-19 09:09:24.105053864,2025-03-19 09:13:17.908719504,ROOM_118,B2.60 2-bedskamer,2.60,233.803665
RTLS_02359,EUREKA-VPL-019,nurse,2025-03-19 09:09:24.140235382,2025-03-19 09:11:25.516357791,NS_B,B2.71.01 Dienstplaats,2.71.01,121.376122
RTLS_03035,EUREKA-VPL-023,nurse,2025-03-19 09:09:26.485140286,2025-03-19 09:10:06.980396387,ROOM_103,B2.78 1-bedskamer,2.78,40.495256
RTLS_04929,Toiletstoel 3,equipment,2025-03-19 09:09:30.000000000,2025-03-19 09:09:41.000000000,STORAGE,B2.61 Opslag,2.61,11.0
RTLS_03405,EUREKA-VPL-025,nurse,2025-03-19 09:09:40.109960843,2025-03-19 09:09:46.680144016,ROOM_113,B2.84 1-bedskamer,2.84,6.570183
RTLS_03406,EUREKA-VPL-025,nurse,2025-03-19 09:09:46.680144016,2025-03-19 09:09:59.935532405,NS_A,B2.71 Open wacht,2.71,13.255388
RTLS_05138,Voedingspomp 2,equipment,2025-03-19 09:09:48.000000000,2025-03-19 09:10:20.000000000,UTIL_B,B2.75 Utility,2.75,32.0
RTLS_03407,EUREKA-VPL-025,nurse,2025-03-19 09:09:59.935532405,2025-03-19 09:10:47.695541229,ROOM_115,B2.58 2-bedskamer,2.58,47.760008
RTLS_03036,EUREKA-VPL-023,nurse,2025-03-19 09:10:06.980396387,2025-03-19 09:11:03.748132514,ROOM_117,B2.54 2-bedskamer,2.54,56.767736
RTLS_00030,EUREKA-VPL-001,nurse,2025-03-19 09:10:08.635648359,2025-03-19 09:10:12.677795052,ROOM_108,B2.66 2-bedskamer,2.66,4.042146
RTLS_03887,Infuuspomp 1,equipment,2025-03-19 09:10:11.000000000,2025-03-19 09:10:39.000000000,UTIL_A,B2.63 Utility,2.63,28.0
RTLS_00031,EUREKA-VPL-001,nurse,2025-03-19 09:10:12.677795052,2025-03-19 09:10:19.860441110,KITCHEN,B2.77 Keuken,2.77,7.182646
RTLS_00032,EUREKA-VPL-001,nurse,2025-03-19 09:10:19.860441110,2025-03-19 09:11:26.064147331,ROOM_103,B2.78 1-bedskamer,2.78,66.203706
RTLS_04718,Toiletstoel 1,equipment,2025-03-19 09:10:34.000000000,2025-03-19 09:10:41.000000000,UTIL_A,B2.63 Utility,2.63,7.0
RTLS_03993,Infuuspomp 2,equipment,2025-03-19 09:10:34.000000000,2025-03-19 09:10:54.000000000,UTIL_A,B2.63 Utility,2.63,20.0
RTLS_01106,EUREKA-VPL-010,nurse,2025-03-19 09:10:37.237212690,2025-03-19 09:10:48.682369921,ROOM_106,B2.62 2-bedskamer,2.62,11.445157
RTLS_03626,EUREKA-VPL-026,nurse,2025-03-19 09:10:39.066111445,2025-03-19 09:16:49.182847445,PREP_A,B2.71.02 Voorbereiding,2.71.02,370.116736
RTLS_04614,Glucosemeter 2,equipment,2025-03-19 09:10:41.000000000,2025-03-19 09:10:57.000000000,NS_B,B2.71.01 Dienstplaats,2.71.01,16.0
RTLS_03408,EUREKA-VPL-025,nurse,2025-03-19 09:10:47.695541229,2025-03-19 09:18:02.741209883,BATH_B,B2.55 Badkamer,2.55,435.045668
RTLS_01107,EUREKA-VPL-010,nurse,2025-03-19 09:10:48.682369921,2025-03-19 09:11:10.570367716,ROOM_116,B2.56 2-bedskamer,2.56,21.887997
RTLS_00515,EUREKA-VPL-006,nurse,2025-03-19 09:10:52.149556814,2025-03-19 09:11:01.139859490,ROOM_111,B2.81 2-bedskamer,2.81,8.990302
RTLS_05342,Voedingspomp 4,equipment,2025-03-19 09:10:54.000000000,2025-03-19 09:11:26.000000000,UTIL_B,B2.75 Utility,2.75,32.0
RTLS_04093,Infuuspomp 3,equipment,2025-03-19 09:10:57.000000000,2025-03-19 09:11:16.000000000,UTIL_B,B2.75 Utility,2.75,19.0
RTLS_01617,EUREKA-VPL-014,nurse,2025-03-19 09:11:00.643271035,2025-03-19 09:11:01.643271035,ROOM_114,B2.85 2-bedskamer,2.85,1.0
RTLS_00516,EUREKA-VPL-006,nurse,2025-03-19 09:11:01.139859490,2025-03-19 09:11:02.139859490,ROOM_114,B2.85 2-bedskamer,2.85,1.0
RTLS_01618,EUREKA-VPL-014,nurse,2025-03-19 09:11:01.643271035,2025-03-19 09:11:53.122559180,NS_A,B2.71 Open wacht,2.71,51.479288
RTLS_00517,EUREKA-VPL-006,nurse,2025-03-19 09:11:02.139859490,2025-03-19 09:11:04.028929359,ROOM_102,B2.76 1-bedskamer,2.76,1.889069
RTLS_03037,EUREKA-VPL-023,nurse,2025-03-19 09:11:03.748132514,2025-03-19 09:11:09.885812790,ROOM_102,B2.76 1-bedskamer,2.76,6.13768
RTLS_00518,EUREKA-VPL-006,nurse,2025-03-19 09:11:04.028929359,2025-03-19 09:11:05.040574055,ROOM_108,B2.66 2-bedskamer,2.66,1.011644
RTLS_00519,EUREKA-VPL-006,nurse,2025-03-19 09:11:05.040574055,2025-03-19 09:16:14.373341303,PREP_A,B2.71.02 Voorbereiding,2.71.02,309.332767
RTLS_05030,Voedingspomp 1,equipment,2025-03-19 09:11:08.000000000,2025-03-19 09:11:37.000000000,UTIL_A,B2.63 Utility,2.63,29.0
RTLS_03038,EUREKA-VPL-023,nurse,2025-03-19 09:11:09.885812790,2025-03-19 09:12:51.281955847,ROOM_105,B2.82 1-bedskamer,2.82,101.396143
RTLS_01108,EUREKA-VPL-010,nurse,2025-03-19 09:11:10.570367716,2025-03-19 09:11:43.750234399,ROOM_110,B2.79 2-bedskamer,2.79,33.179866
RTLS_05234,Voedingspomp 3,equipment,2025-03-19 09:11:11.000000000,2025-03-19 09:11:38.000000000,UTIL_A,B2.63 Utility,2.63,27.0
RTLS_02360,EUREKA-VPL-019,nurse,2025-03-19 09:11:25.516357791,2025-03-19 09:11:27.099166660,KITCHEN,B2.77 Keuken,2.77,1.582808
RTLS_01895,EUREKA-VPL-016,nurse,2025-03-19 09:11:26.058405878,2025-03-19 09:11:59.589603739,ROOM_105,B2.82 1-bedskamer,2.82,33.531197
RTLS_00033,EUREKA-VPL-001,nurse,2025-03-19 09:11:26.064147331,2025-03-19 09:16:06.162255158,STORE_A,B2.53 Berging,2.53,280.098107
RTLS_02361,EUREKA-VPL-019,nurse,2025-03-19 09:11:27.099166660,2025-03-19 09:11:57.044159408,ROOM_115,B2.58 2-bedskamer,2.58,29.944992
RTLS_00320,EUREKA-VPL-004,nurse,2025-03-19 09:11:37.519063557,2025-03-19 09:14:21.255031002,NS_B,B2.71.01 Dienstplaats,2.71.01,163.735967
RTLS_01109,EUREKA-VPL-010,nurse,2025-03-19 09:11:43.750234399,2025-03-19 09:11:53.330034581,NS_A,B2.71 Open wacht,2.71,9.5798
RTLS_05449,Voedingspomp 5,equipment,2025-03-19 09:11:46.000000000,2025-03-19 09:12:22.000000000,UTIL_A,B2.63 Utility,2.63,36.0
RTLS_01619,EUREKA-VPL-014,nurse,2025-03-19 09:11:53.122559180,2025-03-19 09:12:09.198303382,ROOM_114,B2.85 2-bedskamer,2.85,16.075744
RTLS_01110,EUREKA-VPL-010,nurse,2025-03-19 09:11:53.330034581,2025-03-19 09:20:54.580653018,PREP_B,B2.71.02 Voorbereiding,2.71.02,541.250618
RTLS_04827,Toiletstoel 2,equipment,2025-03-19 09:11:54.000000000,2025-03-19 09:11:59.000000000,UTIL_B,B2.75 Utility,2.75,5.0
RTLS_02362,EUREKA-VPL-019,nurse,2025-03-19 09:11:57.044159408,2025-03-19 09:12:39.074891299,ROOM_110,B2.79 2-bedskamer,2.79,42.030731
RTLS_01896,EUREKA-VPL-016,nurse,2025-03-19 09:11:59.589603739,2025-03-19 09:12:42.264895146,ROOM_118,B2.60 2-bedskamer,2.60,42.675291
RTLS_01483,EUREKA-VPL-013,nurse,2025-03-19 09:12:00.000000000,2025-03-19 09:16:06.087159314,NS_B,B2.71.01 Dienstplaats,2.71.01,246.087159
RTLS_01620,EUREKA-VPL-014,nurse,2025-03-19 09:12:09.198303382,2025-03-19 09:21:07.188855963,NS_B,B2.71.01 Dienstplaats,2.71.01,537.990552
RTLS_04512,Glucosemeter 1,equipment,2025-03-19 09:12:10.000000000,2025-03-19 09:12:22.000000000,NS_A,B2.71 Open wacht,2.71,12.0
RTLS_02363,EUREKA-VPL-019,nurse,2025-03-19 09:12:39.074891299,2025-03-19 09:13:21.044705059,UTIL_A,B2.63 Utility,2.63,41.969813
RTLS_04930,Toiletstoel 3,equipment,2025-03-19 09:12:40.000000000,2025-03-19 09:12:55.000000000,STORAGE,B2.61 Opslag,2.61,15.0
RTLS_01897,EUREKA-VPL-016,nurse,2025-03-19 09:12:42.264895146,2025-03-19 09:14:38.502300137,ROOM_113,B2.84 1-bedskamer,2.84,116.237404
RTLS_03846,Medicatiekar geel,equipment,2025-03-19 09:12:42.264895146,2025-03-19 09:14:38.502300137,ROOM_113,B2.84 1-bedskamer,2.84,116.237404
RTLS_03039,EUREKA-VPL-023,nurse,2025-03-19 09:12:51.281955847,2025-03-19 09:13:23.594632652,ROOM_108,B2.66 2-bedskamer,2.66,32.312676
RTLS_00396,EUREKA-VPL-005,nurse,2025-03-19 09:12:51.428571428,2025-03-19 09:13:25.697560548,KITCHEN,B2.77 Keuken,2.77,34.268989
RTLS_04302,Spuitaandrijver,equipment,2025-03-19 09:12:53.000000000,2025-03-19 09:13:27.000000000,UTIL_B,B2.75 Utility,2.75,34.0
RTLS_03213,EUREKA-VPL-024,nurse,2025-03-19 09:12:56.234838621,2025-03-19 09:13:26.259619769,KITCHEN,B2.77 Keuken,2.77,30.024781
RTLS_04828,Toiletstoel 2,equipment,2025-03-19 09:13:03.000000000,2025-03-19 09:13:37.000000000,UTIL_B,B2.75 Utility,2.75,34.0
RTLS_04719,Toiletstoel 1,equipment,2025-03-19 09:13:14.000000000,2025-03-19 09:13:40.000000000,UTIL_A,B2.63 Utility,2.63,26.0
RTLS_00683,EUREKA-VPL-007,nurse,2025-03-19 09:13:17.908719504,2025-03-19 09:13:40.845103575,ROOM_113,B2.84 1-bedskamer,2.84,22.936384
RTLS_04405,Bladderscan,equipment,2025-03-19 09:13:20.000000000,2025-03-19 09:13:25.000000000,UTIL_A,B2.63 Utility,2.63,5.0
RTLS_02364,EUREKA-VPL-019,nurse,2025-03-19 09:13:21.044705059,2025-03-19 09:15:02.017329712,ROOM_116,B2.56 2-bedskamer,2.56,100.972624
RTLS_03040,EUREKA-VPL-023,nurse,2025-03-19 09:13:23.594632652,2025-03-19 09:14:00.218251958,STORE_A,B2.53 Berging,2.53,36.623619
RTLS_00397,EUREKA-VPL-005,nurse,2025-03-19 09:13:25.697560548,2025-03-19 09:13:50.710657602,ROOM_104,B2.80 1-bedskamer,2.80,25.013097
RTLS_03214,EUREKA-VPL-024,nurse,2025-03-19 09:13:26.259619769,2025-03-19 09:13:46.782200319,ROOM_101,B2.74 1-bedskamer,2.74,20.52258
RTLS_02209,EUREKA-VPL-018,nurse,2025-03-19 09:13:26.815328984,2025-03-19 09:13:31.501261274,ROOM_106,B2.62 2-bedskamer,2.62,4.685932
RTLS_02210,EUREKA-VPL-018,nurse,2025-03-19 09:13:31.501261274,2025-03-19 09:13:42.066999218,ROOM_107,B2.64 2-bedskamer,2.64,10.565737
RTLS_00684,EUREKA-VPL-007,nurse,2025-03-19 09:13:40.845103575,2025-03-19 09:15:45.004436569,ROOM_108,B2.66 2-bedskamer,2.66,124.159332
RTLS_02211,EUREKA-VPL-018,nurse,2025-03-19 09:13:42.066999218,2025-03-19 09:13:54.112164317,KITCHEN,B2.77 Keuken,2.77,12.045165
RTLS_00167,EUREKA-VPL-002,nurse,2025-03-19 09:13:46.090048407,2025-03-19 09:14:34.126883856,KITCHEN,B2.77 Keuken,2.77,48.036835
RTLS_03215,EUREKA-VPL-024,nurse,2025-03-19 09:13:46.782200319,2025-03-19 09:14:06.195162079,ROOM_109,B2.68 2-bedskamer,2.68,19.412961
RTLS_00398,EUREKA-VPL-005,nurse,2025-03-19 09:13:50.710657602,2025-03-19 09:26:25.971387238,NS_B,B2.71.01 Dienstplaats,2.71.01,755.260729
RTLS_02212,EUREKA-VPL-018,nurse,2025-03-19 09:13:54.112164317,2025-03-19 09:14:00.127837195,PREP_A,B2.71.02 Voorbereiding,2.71.02,6.015672
RTLS_02213,EUREKA-VPL-018,nurse,2025-03-19 09:14:00.127837195,2025-03-19 09:14:03.195546870,ROOM_106,B2.62 2-bedskamer,2.62,3.067709
RTLS_03041,EUREKA-VPL-023,nurse,2025-03-19 09:14:00.218251958,2025-03-19 09:15:44.477777879,PREP_B,B2.71.02 Voorbereiding,2.71.02,104.259525
RTLS_02214,EUREKA-VPL-018,nurse,2025-03-19 09:14:03.195546870,2025-03-19 09:14:17.359529189,ROOM_105,B2.82 1-bedskamer,2.82,14.163982
RTLS_03216,EUREKA-VPL-024,nurse,2025-03-19 09:14:06.195162079,2025-03-19 09:14:09.820017694,KITCHEN,B2.77 Keuken,2.77,3.624855
RTLS_03217,EUREKA-VPL-024,nurse,2025-03-19 09:14:09.820017694,2025-03-19 09:14:55.607016581,ROOM_107,B2.64 2-bedskamer,2.64,45.786998
RTLS_00254,EUREKA-VPL-003,nurse,2025-03-19 09:14:10.117974560,2025-03-19 09:14:22.956402325,KITCHEN,B2.77 Keuken,2.77,12.838427
RTLS_03994,Infuuspomp 2,equipment,2025-03-19 09:14:13.000000000,2025-03-19 09:14:24.000000000,UTIL_A,B2.63 Utility,2.63,11.0
RTLS_02215,EUREKA-VPL-018,nurse,2025-03-19 09:14:17.359529189,2025-03-19 09:14:21.069876456,ROOM_106,B2.62 2-bedskamer,2.62,3.710347
RTLS_02216,EUREKA-VPL-018,nurse,2025-03-19 09:14:21.069876456,2025-03-19 09:14:32.161468889,STORE_B,B2.59 Berging,2.59,11.091592
RTLS_00321,EUREKA-VPL-004,nurse,2025-03-19 09:14:21.255031002,2025-03-19 09:14:25.568267340,UTIL_B,B2.75 Utility,2.75,4.313236
RTLS_00255,EUREKA-VPL-003,nurse,2025-03-19 09:14:22.956402325,2025-03-19 09:14:36.534542800,ROOM_114,B2.85 2-bedskamer,2.85,13.57814
RTLS_02217,EUREKA-VPL-018,nurse,2025-03-19 09:14:32.161468889,2025-03-19 09:17:22.536727884,NS_B,B2.71.01 Dienstplaats,2.71.01,170.375258
RTLS_05343,Voedingspomp 4,equipment,2025-03-19 09:14:33.000000000,2025-03-19 09:15:05.000000000,UTIL_B,B2.75 Utility,2.75,32.0
RTLS_00168,EUREKA-VPL-002,nurse,2025-03-19 09:14:34.126883856,2025-03-19 09:14:43.835021472,KITCHEN,B2.77 Keuken,2.77,9.708137
RTLS_00256,EUREKA-VPL-003,nurse,2025-03-19 09:14:36.534542800,2025-03-19 09:19:22.417478578,NS_B,B2.71.01 Dienstplaats,2.71.01,285.882935
RTLS_01898,EUREKA-VPL-016,nurse,2025-03-19 09:14:38.502300137,2025-03-19 09:14:48.816056639,ROOM_117,B2.54 2-bedskamer,2.54,10.313756
RTLS_05235,Voedingspomp 3,equipment,2025-03-19 09:14:42.000000000,2025-03-19 09:15:16.000000000,UTIL_A,B2.63 Utility,2.63,34.0
RTLS_00169,EUREKA-VPL-002,nurse,2025-03-19 09:14:43.835021472,2025-03-19 09:19:02.851911974,NS_A,B2.71 Open wacht,2.71,259.01689
RTLS_02679,EUREKA-VPL-021,nurse,2025-03-19 09:14:47.788670631,2025-03-19 09:15:37.342932018,NS_B,B2.71.01 Dienstplaats,2.71.01,49.554261
RTLS_01899,EUREKA-VPL-016,nurse,2025-03-19 09:14:48.816056639,2025-03-19 09:15:49.428906825,NS_B,B2.71.01 Dienstplaats,2.71.01,60.61285
RTLS_01781,EUREKA-VPL-015,nurse,2025-03-19 09:14:49.950706501,2025-03-19 09:28:22.965494401,PREP_A,B2.71.02 Voorbereiding,2.71.02,813.014787
RTLS_05139,Voedingspomp 2,equipment,2025-03-19 09:14:53.000000000,2025-03-19 09:15:18.000000000,UTIL_B,B2.75 Utility,2.75,25.0
RTLS_03218,EUREKA-VPL-024,nurse,2025-03-19 09:14:55.607016581,2025-03-19 09:15:07.363118530,ROOM_115,B2.58 2-bedskamer,2.58,11.756101
RTLS_02365,EUREKA-VPL-019,nurse,2025-03-19 09:15:02.017329712,2025-03-19 09:15:07.956381217,ROOM_103,B2.78 1-bedskamer,2.78,5.939051
RTLS_03219,EUREKA-VPL-024,nurse,2025-03-19 09:15:07.363118530,2025-03-19 09:18:33.651994775,ROOM_104,B2.80 1-bedskamer,2.80,206.288876
RTLS_02366,EUREKA-VPL-019,nurse,2025-03-19 09:15:07.956381217,2025-03-19 09:16:16.862649206,ROOM_116,B2.56 2-bedskamer,2.56,68.906267
RTLS_04615,Glucosemeter 2,equipment,2025-03-19 09:15:16.000000000,2025-03-19 09:15:45.000000000,NS_B,B2.71.01 Dienstplaats,2.71.01,29.0
RTLS_05031,Voedingspomp 1,equipment,2025-03-19 09:15:21.000000000,2025-03-19 09:15:52.000000000,UTIL_A,B2.63 Utility,2.63,31.0
RTLS_04829,Toiletstoel 2,equipment,2025-03-19 09:15:23.000000000,2025-03-19 09:15:52.000000000,UTIL_B,B2.75 Utility,2.75,29.0
RTLS_03888,Infuuspomp 1,equipment,2025-03-19 09:15:36.000000000,2025-03-19 09:16:02.000000000,UTIL_A,B2.63 Utility,2.63,26.0
RTLS_04195,Infuuspomp 4,equipment,2025-03-19 09:15:37.000000000,2025-03-19 09:15:44.000000000,UTIL_B,B2.75 Utility,2.75,7.0
RTLS_02680,EUREKA-VPL-021,nurse,2025-03-19 09:15:37.342932018,2025-03-19 09:27:43.522132108,PREP_A,B2.71.02 Voorbereiding,2.71.02,726.1792
RTLS_03042,EUREKA-VPL-023,nurse,2025-03-19 09:15:44.477777879,2025-03-19 09:16:15.878709049,ROOM_104,B2.80 1-bedskamer,2.80,31.400931
RTLS_02828,EUREKA-VPL-022,nurse,2025-03-19 09:15:44.868887334,2025-03-19 09:16:03.320114526,KITCHEN,B2.77 Keuken,2.77,18.451227
RTLS_00685,EUREKA-VPL-007,nurse,2025-03-19 09:15:45.004436569,2025-03-19 09:15:48.288393798,ROOM_109,B2.68 2-bedskamer,2.68,3.283957
RTLS_00962,EUREKA-VPL-009,nurse,2025-03-19 09:15:46.288568828,2025-03-19 09:15:53.952657216,BATH_B,B2.55 Badkamer,2.55,7.664088
RTLS_00686,EUREKA-VPL-007,nurse,2025-03-19 09:15:48.288393798,2025-03-19 09:16:04.193878229,ROOM_107,B2.64 2-bedskamer,2.64,15.905484
RTLS_01900,EUREKA-VPL-016,nurse,2025-03-19 09:15:49.428906825,2025-03-19 09:15:57.189281276,ROOM_116,B2.56 2-bedskamer,2.56,7.760374
RTLS_00963,EUREKA-VPL-009,nurse,2025-03-19 09:15:53.952657216,2025-03-19 09:16:42.864607913,ROOM_103,B2.78 1-bedskamer,2.78,48.91195
RTLS_01901,EUREKA-VPL-016,nurse,2025-03-19 09:15:57.189281276,2025-03-19 09:29:10.032496676,UTIL_B,B2.75 Utility,2.75,792.843215
RTLS_02829,EUREKA-VPL-022,nurse,2025-03-19 09:16:03.320114526,2025-03-19 09:16:14.917839084,ROOM_113,B2.84 1-bedskamer,2.84,11.597724
RTLS_00687,EUREKA-VPL-007,nurse,2025-03-19 09:16:04.193878229,2025-03-19 09:16:30.719810326,KITCHEN,B2.77 Keuken,2.77,26.525932
RTLS_01484,EUREKA-VPL-013,nurse,2025-03-19 09:16:06.087159314,2025-03-19 09:16:23.785175618,ROOM_105,B2.82 1-bedskamer,2.82,17.698016
RTLS_00034,EUREKA-VPL-001,nurse,2025-03-19 09:16:06.162255158,2025-03-19 09:16:15.837429713,ROOM_107,B2.64 2-bedskamer,2.64,9.675174
RTLS_04513,Glucosemeter 1,equipment,2025-03-19 09:16:14.000000000,2025-03-19 09:16:26.000000000,NS_A,B2.71 Open wacht,2.71,12.0
RTLS_00520,EUREKA-VPL-006,nurse,2025-03-19 09:16:14.373341303,2025-03-19 09:16:48.529666966,KITCHEN,B2.77 Keuken,2.77,34.156325
RTLS_02830,EUREKA-VPL-022,nurse,2025-03-19 09:16:14.917839084,2025-03-19 09:16:24.698871456,ROOM_118,B2.60 2-bedskamer,2.60,9.781032
RTLS_00035,EUREKA-VPL-001,nurse,2025-03-19 09:16:15.837429713,2025-03-19 09:16:30.248545844,ROOM_101,B2.74 1-bedskamer,2.74,14.411116
RTLS_03043,EUREKA-VPL-023,nurse,2025-03-19 09:16:15.878709049,2025-03-19 09:16:56.758596802,ROOM_109,B2.68 2-bedskamer,2.68,40.879887
RTLS_02367,EUREKA-VPL-019,nurse,2025-03-19 09:16:16.862649206,2025-03-19 09:17:11.895661198,ROOM_101,B2.74 1-bedskamer,2.74,55.033011
RTLS_04303,Spuitaandrijver,equipment,2025-03-19 09:16:21.000000000,2025-03-19 09:16:49.000000000,UTIL_B,B2.75 Utility,2.75,28.0
RTLS_01291,EUREKA-VPL-011,nurse,2025-03-19 09:16:23.621442581,2025-03-19 09:16:48.892673616,ROOM_101,B2.74 1-bedskamer,2.74,25.271231
RTLS_01485,EUREKA-VPL-013,nurse,2025-03-19 09:16:23.785175618,2025-03-19 09:16:30.160018164,ROOM_107,B2.64 2-bedskamer,2.64,6.374842
RTLS_02831,EUREKA-VPL-022,nurse,2025-03-19 09:16:24.698871456,2025-03-19 09:16:39.603603337,ROOM_103,B2.78 1-bedskamer,2.78,14.904731
RTLS_01486,EUREKA-VPL-013,nurse,2025-03-19 09:16:30.160018164,2025-03-19 09:16:46.766777829,ROOM_112,B2.83 2-bedskamer,2.83,16.606759
RTLS_00036,EUREKA-VPL-001,nurse,2025-03-19 09:16:30.248545844,2025-03-19 09:16:34.776727697,ROOM_113,B2.84 1-bedskamer,2.84,4.528181
RTLS_00688,EUREKA-VPL-007,nurse,2025-03-19 09:16:30.719810326,2025-03-19 09:16:48.204551201,STORAGE,B2.61 Opslag,2.61,17.48474
RTLS_00037,EUREKA-VPL-001,nurse,2025-03-19 09:16:34.776727697,2025-03-19 09:16:47.498796011,ROOM_108,B2.66 2-bedskamer,2.66,12.722068
RTLS_04616,Glucosemeter 2,equipment,2025-03-19 09:16:35.000000000,2025-03-19 09:17:10.000000000,NS_B,B2.71.01 Dienstplaats,2.71.01,35.0
RTLS_02832,EUREKA-VPL-022,nurse,2025-03-19 09:16:39.603603337,2025-03-19 09:16:40.880601310,STORE_C,B2.65 Berging,2.65,1.276997
RTLS_02833,EUREKA-VPL-022,nurse,2025-03-19 09:16:40.880601310,2025-03-19 09:17:14.737257233,NS_A,B2.71 Open wacht,2.71,33.856655
RTLS_00964,EUREKA-VPL-009,nurse,2025-03-19 09:16:42.864607913,2025-03-19 09:16:59.278714943,KITCHEN,B2.77 Keuken,2.77,16.414107
RTLS_01487,EUREKA-VPL-013,nurse,2025-03-19 09:16:46.766777829,2025-03-19 09:17:31.519670244,STORAGE,B2.61 Opslag,2.61,44.752892
RTLS_00038,EUREKA-VPL-001,nurse,2025-03-19 09:16:47.498796011,2025-03-19 09:19:20.643968935,NS_A,B2.71 Open wacht,2.71,153.145172
RTLS_00689,EUREKA-VPL-007,nurse,2025-03-19 09:16:48.204551201,2025-03-19 09:17:11.547511655,ROOM_105,B2.82 1-bedskamer,2.82,23.34296
RTLS_00521,EUREKA-VPL-006,nurse,2025-03-19 09:16:48.529666966,2025-03-19 09:16:55.870224450,KITCHEN,B2.77 Keuken,2.77,7.340557
RTLS_01292,EUREKA-VPL-011,nurse,2025-03-19 09:16:48.892673616,2025-03-19 09:16:51.769154705,BATHROOM,B2.57 Stortbad,2.57,2.876481
RTLS_03627,EUREKA-VPL-026,nurse,2025-03-19 09:16:49.182847445,2025-03-19 09:18:42.053518618,ROOM_103,B2.78 1-bedskamer,2.78,112.870671
RTLS_01293,EUREKA-VPL-011,nurse,2025-03-19 09:16:51.769154705,2025-03-19 09:17:10.539272751,KITCHEN,B2.77 Keuken,2.77,18.770118
RTLS_00522,EUREKA-VPL-006,nurse,2025-03-19 09:16:55.870224450,2025-03-19 09:17:06.792805616,ROOM_102,B2.76 1-bedskamer,2.76,10.922581
RTLS_03044,EUREKA-VPL-023,nurse,2025-03-19 09:16:56.758596802,2025-03-19 09:17:19.643697603,ROOM_117,B2.54 2-bedskamer,2.54,22.8851
RTLS_00965,EUREKA-VPL-009,nurse,2025-03-19 09:16:59.278714943,2025-03-19 09:17:44.111191495,ROOM_106,B2.62 2-bedskamer,2.62,44.832476
RTLS_00523,EUREKA-VPL-006,nurse,2025-03-19 09:17:06.792805616,2025-03-19 09:17:17.880570412,STORE_A,B2.53 Berging,2.53,11.087764
RTLS_01294,EUREKA-VPL-011,nurse,2025-03-19 09:17:10.539272751,2025-03-19 09:17:16.677366207,NS_B,B2.71.01 Dienstplaats,2.71.01,6.138093
RTLS_02368,EUREKA-VPL-019,nurse,2025-03-19 09:17:11.895661198,2025-03-19 09:17:29.124662638,KITCHEN,B2.77 Keuken,2.77,17.229001
RTLS_02834,EUREKA-VPL-022,nurse,2025-03-19 09:17:14.737257233,2025-03-19 09:18:05.437843809,KITCHEN,B2.77 Keuken,2.77,50.700586
RTLS_01295,EUREKA-VPL-011,nurse,2025-03-19 09:17:16.677366207,2025-03-19 09:18:32.516731473,KITCHEN,B2.77 Keuken,2.77,75.839365
RTLS_00524,EUREKA-VPL-006,nurse,2025-03-19 09:17:17.880570412,2025-03-19 09:17:23.981186929,PREP_B,B2.71.02 Voorbereiding,2.71.02,6.100616
RTLS_03045,EUREKA-VPL-023,nurse,2025-03-19 09:17:19.643697603,2025-03-19 09:17:33.855484819,ROOM_109,B2.68 2-bedskamer,2.68,14.211787
RTLS_02218,EUREKA-VPL-018,nurse,2025-03-19 09:17:22.536727884,2025-03-19 09:18:49.735267491,ROOM_107,B2.64 2-bedskamer,2.64,87.198539
RTLS_00525,EUREKA-VPL-006,nurse,2025-03-19 09:17:23.981186929,2025-03-19 09:18:27.652403497,STORAGE,B2.61 Opslag,2.61,63.671216
RTLS_02369,EUREKA-VPL-019,nurse,2025-03-19 09:17:29.124662638,2025-03-19 09:19:07.894098705,UTIL_A,B2.63 Utility,2.63,98.769436
RTLS_01488,EUREKA-VPL-013,nurse,2025-03-19 09:17:31.519670244,2025-03-19 09:31:41.013113244,UTIL_A,B2.63 Utility,2.63,849.493443
RTLS_05032,Voedingspomp 1,equipment,2025-03-19 09:17:33.000000000,2025-03-19 09:17:46.000000000,UTIL_A,B2.63 Utility,2.63,13.0
RTLS_03046,EUREKA-VPL-023,nurse,2025-03-19 09:17:33.855484819,2025-03-19 09:17:41.789138643,ROOM_101,B2.74 1-bedskamer,2.74,7.933653
RTLS_05450,Voedingspomp 5,equipment,2025-03-19 09:17:34.000000000,2025-03-19 09:18:06.000000000,UTIL_A,B2.63 Utility,2.63,32.0
RTLS_05236,Voedingspomp 3,equipment,2025-03-19 09:17:34.000000000,2025-03-19 09:17:40.000000000,UTIL_A,B2.63 Utility,2.63,6.0
RTLS_04406,Bladderscan,equipment,2025-03-19 09:17:41.000000000,2025-03-19 09:18:13.000000000,UTIL_A,B2.63 Utility,2.63,32.0
RTLS_03047,EUREKA-VPL-023,nurse,2025-03-19 09:17:41.789138643,2025-03-19 09:18:34.654401545,UTIL_A,B2.63 Utility,2.63,52.865262
RTLS_00966,EUREKA-VPL-009,nurse,2025-03-19 09:17:44.111191495,2025-03-19 09:17:49.371511895,ROOM_101,B2.74 1-bedskamer,2.74,5.26032
RTLS_00967,EUREKA-VPL-009,nurse,2025-03-19 09:17:49.371511895,2025-03-19 09:19:19.623775678,ROOM_108,B2.66 2-bedskamer,2.66,90.252263
RTLS_03409,EUREKA-VPL-025,nurse,2025-03-19 09:18:02.741209883,2025-03-19 09:18:13.134229374,ROOM_105,B2.82 1-bedskamer,2.82,10.393019
RTLS_02835,EUREKA-VPL-022,nurse,2025-03-19 09:18:05.437843809,2025-03-19 09:18:23.050233827,ROOM_112,B2.83 2-bedskamer,2.83,17.61239
RTLS_04094,Infuuspomp 3,equipment,2025-03-19 09:18:12.000000000,2025-03-19 09:18:37.000000000,UTIL_B,B2.75 Utility,2.75,25.0
RTLS_03410,EUREKA-VPL-025,nurse,2025-03-19 09:18:13.134229374,2025-03-19 09:19:02.852886743,ROOM_112,B2.83 2-bedskamer,2.83,49.718657
RTLS_02836,EUREKA-VPL-022,nurse,2025-03-19 09:18:23.050233827,2025-03-19 09:18:28.670401019,ROOM_105,B2.82 1-bedskamer,2.82,5.620167
RTLS_00526,EUREKA-VPL-006,nurse,2025-03-19 09:18:27.652403497,2025-03-19 09:18:53.407921086,ROOM_112,B2.83 2-bedskamer,2.83,25.755517
RTLS_02837,EUREKA-VPL-022,nurse,2025-03-19 09:18:28.670401019,2025-03-19 09:18:39.339543216,ROOM_114,B2.85 2-bedskamer,2.85,10.669142
RTLS_01296,EUREKA-VPL-011,nurse,2025-03-19 09:18:32.516731473,2025-03-19 09:28:14.653872081,PREP_B,B2.71.02 Voorbereiding,2.71.02,582.13714
RTLS_03220,EUREKA-VPL-024,nurse,2025-03-19 09:18:33.651994775,2025-03-19 09:19:16.011434629,KITCHEN,B2.77 Keuken,2.77,42.359439
RTLS_03048,EUREKA-VPL-023,nurse,2025-03-19 09:18:34.654401545,2025-03-19 09:18:48.238085818,ROOM_103,B2.78 1-bedskamer,2.78,13.583684
RTLS_02838,EUREKA-VPL-022,nurse,2025-03-19 09:18:39.339543216,2025-03-19 09:19:02.953850065,KITCHEN,B2.77 Keuken,2.77,23.614306
RTLS_03628,EUREKA-VPL-026,nurse,2025-03-19 09:18:42.053518618,2025-03-19 09:18:50.993015474,NS_B,B2.71.01 Dienstplaats,2.71.01,8.939496
RTLS_03049,EUREKA-VPL-023,nurse,2025-03-19 09:18:48.238085818,2025-03-19 09:18:54.276003714,STORAGE,B2.61 Opslag,2.61,6.037917
RTLS_02219,EUREKA-VPL-018,nurse,2025-03-19 09:18:49.735267491,2025-03-19 09:19:48.074071447,ROOM_108,B2.66 2-bedskamer,2.66,58.338803
RTLS_03629,EUREKA-VPL-026,nurse,2025-03-19 09:18:50.993015474,2025-03-19 09:20:02.371217936,ROOM_108,B2.66 2-bedskamer,2.66,71.378202
RTLS_03856,Medicatiekar groen,equipment,2025-03-19 09:18:50.993015474,2025-03-19 09:20:02.371217936,ROOM_108,B2.66 2-bedskamer,2.66,71.378202
RTLS_00527,EUREKA-VPL-006,nurse,2025-03-19 09:18:53.407921086,2025-03-19 09:19:53.143696914,ROOM_106,B2.62 2-bedskamer,2.62,59.735775
RTLS_03050,EUREKA-VPL-023,nurse,2025-03-19 09:18:54.276003714,2025-03-19 09:19:39.405604207,ROOM_101,B2.74 1-bedskamer,2.74,45.1296
RTLS_04931,Toiletstoel 3,equipment,2025-03-19 09:19:00.000000000,2025-03-19 09:19:15.000000000,STORAGE,B2.61 Opslag,2.61,15.0
RTLS_00170,EUREKA-VPL-002,nurse,2025-03-19 09:19:02.851911974,2025-03-19 09:56:21.139526930,PREP_A,B2.71.02 Voorbereiding,2.71.02,2238.287614
RTLS_03411,EUREKA-VPL-025,nurse,2025-03-19 09:19:02.852886743,2025-03-19 09:19:08.279335629,ROOM_118,B2.60 2-bedskamer,2.60,5.426448
RTLS_02839,EUREKA-VPL-022,nurse,2025-03-19 09:19:02.953850065,2025-03-19 09:20:22.478417666,ROOM_110,B2.79 2-bedskamer,2.79,79.524567
RTLS_02370,EUREKA-VPL-019,nurse,2025-03-19 09:19:07.894098705,2025-03-19 09:19:12.264842803,KITCHEN,B2.77 Keuken,2.77,4.370744
RTLS_03412,EUREKA-VPL-025,nurse,2025-03-19 09:19:08.279335629,2025-03-19 09:19:33.340471089,ROOM_116,B2.56 2-bedskamer,2.56,25.061135
RTLS_02371,EUREKA-VPL-019,nurse,2025-03-19 09:19:12.264842803,2025-03-19 09:21:26.797661128,NS_A,B2.71 Open wacht,2.71,134.532818
RTLS_03221,EUREKA-VPL-024,nurse,2025-03-19 09:19:16.011434629,2025-03-19 09:19:37.017608026,UTIL_B,B2.75 Utility,2.75,21.006173
RTLS_05140,Voedingspomp 2,equipment,2025-03-19 09:19:17.000000000,2025-03-19 09:19:42.000000000,UTIL_B,B2.75 Utility,2.75,25.0
RTLS_00968,EUREKA-VPL-009,nurse,2025-03-19 09:19:19.623775678,2025-03-19 09:19:49.326912275,ROOM_107,B2.64 2-bedskamer,2.64,29.703136
RTLS_00257,EUREKA-VPL-003,nurse,2025-03-19 09:19:22.417478578,2025-03-19 09:22:05.880446800,NS_A,B2.71 Open wacht,2.71,163.462968
RTLS_04830,Toiletstoel 2,equipment,2025-03-19 09:19:31.000000000,2025-03-19 09:20:02.000000000,UTIL_B,B2.75 Utility,2.75,31.0
RTLS_03413,EUREKA-VPL-025,nurse,2025-03-19 09:19:33.340471089,2025-03-19 09:19:40.711640964,ROOM_113,B2.84 1-bedskamer,2.84,7.371169
RTLS_03222,EUREKA-VPL-024,nurse,2025-03-19 09:19:37.017608026,2025-03-19 09:23:22.526680622,ROOM_105,B2.82 1-bedskamer,2.82,225.509072
RTLS_03051,EUREKA-VPL-023,nurse,2025-03-19 09:19:39.405604207,2025-03-19 09:21:01.607014866,ROOM_109,B2.68 2-bedskamer,2.68,82.20141
RTLS_03414,EUREKA-VPL-025,nurse,2025-03-19 09:19:40.711640964,2025-03-19 09:20:11.246598625,ROOM_110,B2.79 2-bedskamer,2.79,30.534957
RTLS_02220,EUREKA-VPL-018,nurse,2025-03-19 09:19:48.074071447,2025-03-19 09:19:49.564537012,ROOM_102,B2.76 1-bedskamer,2.76,1.490465
RTLS_00969,EUREKA-VPL-009,nurse,2025-03-19 09:19:49.326912275,2025-03-19 09:19:53.355275443,ROOM_118,B2.60 2-bedskamer,2.60,4.028363
RTLS_02221,EUREKA-VPL-018,nurse,2025-03-19 09:19:49.564537012,2025-03-19 09:22:39.605973544,ROOM_104,B2.80 1-bedskamer,2.80,170.041436
RTLS_03848,Medicatiekar geel,equipment,2025-03-19 09:19:49.564537012,2025-03-19 09:22:39.605973544,ROOM_104,B2.80 1-bedskamer,2.80,170.041436
RTLS_00528,EUREKA-VPL-006,nurse,2025-03-19 09:19:53.143696914,2025-03-19 09:21:27.389326657,KITCHEN,B2.77 Keuken,2.77,94.245629
RTLS_00970,EUREKA-VPL-009,nurse,2025-03-19 09:19:53.355275443,2025-03-19 09:20:04.475066715,KITCHEN,B2.77 Keuken,2.77,11.119791
RTLS_03630,EUREKA-VPL-026,nurse,2025-03-19 09:20:02.371217936,2025-03-19 09:20:10.082675873,PREP_A,B2.71.02 Voorbereiding,2.71.02,7.711457
RTLS_04514,Glucosemeter 1,equipment,2025-03-19 09:20:05.000000000,2025-03-19 09:20:14.000000000,NS_A,B2.71 Open wacht,2.71,9.0
RTLS_05451,Voedingspomp 5,equipment,2025-03-19 09:20:06.000000000,2025-03-19 09:20:12.000000000,UTIL_A,B2.63 Utility,2.63,6.0
RTLS_03631,EUREKA-VPL-026,nurse,2025-03-19 09:20:10.082675873,2025-03-19 09:21:31.690951224,NS_B,B2.71.01 Dienstplaats,2.71.01,81.608275
RTLS_03415,EUREKA-VPL-025,nurse,2025-03-19 09:20:11.246598625,2025-03-19 09:20:33.614403356,ROOM_118,B2.60 2-bedskamer,2.60,22.367804
RTLS_02840,EUREKA-VPL-022,nurse,2025-03-19 09:20:22.478417666,2025-03-19 09:20:27.510546922,UTIL_B,B2.75 Utility,2.75,5.032129
RTLS_02841,EUREKA-VPL-022,nurse,2025-03-19 09:20:27.510546922,2025-03-19 09:20:41.490989836,ROOM_109,B2.68 2-bedskamer,2.68,13.980442
RTLS_03416,EUREKA-VPL-025,nurse,2025-03-19 09:20:33.614403356,2025-03-19 09:21:04.661841045,NS_B,B2.71.01 Dienstplaats,2.71.01,31.047437
RTLS_02842,EUREKA-VPL-022,nurse,2025-03-19 09:20:41.490989836,2025-03-19 09:20:59.743552181,ROOM_112,B2.83 2-bedskamer,2.83,18.252562
RTLS_04720,Toiletstoel 1,equipment,2025-03-19 09:20:47.000000000,2025-03-19 09:21:07.000000000,UTIL_A,B2.63 Utility,2.63,20.0
RTLS_01111,EUREKA-VPL-010,nurse,2025-03-19 09:20:54.580653018,2025-03-19 09:25:46.505880879,NS_B,B2.71.01 Dienstplaats,2.71.01,291.925227
RTLS_02843,EUREKA-VPL-022,nurse,2025-03-19 09:20:59.743552181,2025-03-19 09:50:14.935887431,STORE_C,B2.65 Berging,2.65,1755.192335
RTLS_03052,EUREKA-VPL-023,nurse,2025-03-19 09:21:01.607014866,2025-03-19 09:21:08.405763292,ROOM_114,B2.85 2-bedskamer,2.85,6.798748
RTLS_03417,EUREKA-VPL-025,nurse,2025-03-19 09:21:04.661841045,2025-03-19 09:32:45.263288445,ROOM_109,B2.68 2-bedskamer,2.68,700.601447
RTLS_04932,Toiletstoel 3,equipment,2025-03-19 09:21:05.000000000,2025-03-19 09:21:41.000000000,STORAGE,B2.61 Opslag,2.61,36.0
RTLS_01621,EUREKA-VPL-014,nurse,2025-03-19 09:21:07.188855963,2025-03-19 09:21:49.431148024,STORE_A,B2.53 Berging,2.53,42.242292
RTLS_03995,Infuuspomp 2,equipment,2025-03-19 09:21:12.000000000,2025-03-19 09:21:42.000000000,UTIL_A,B2.63 Utility,2.63,30.0
RTLS_02372,EUREKA-VPL-019,nurse,2025-03-19 09:21:26.797661128,2025-03-19 09:21:30.571465165,ROOM_111,B2.81 2-bedskamer,2.81,3.773804
RTLS_04095,Infuuspomp 3,equipment,2025-03-19 09:21:27.000000000,2025-03-19 09:21:32.000000000,UTIL_B,B2.75 Utility,2.75,5.0
RTLS_00529,EUREKA-VPL-006,nurse,2025-03-19 09:21:27.389326657,2025-03-19 09:45:58.607612439,NS_B,B2.71.01 Dienstplaats,2.71.01,1471.218285
RTLS_02373,EUREKA-VPL-019,nurse,2025-03-19 09:21:30.571465165,2025-03-19 09:22:21.724688861,ROOM_101,B2.74 1-bedskamer,2.74,51.153223
RTLS_03632,EUREKA-VPL-026,nurse,2025-03-19 09:21:31.690951224,2025-03-19 09:21:47.391771158,KITCHEN,B2.77 Keuken,2.77,15.700819
RTLS_03633,EUREKA-VPL-026,nurse,2025-03-19 09:21:47.391771158,2025-03-19 09:21:55.474849576,ROOM_109,B2.68 2-bedskamer,2.68,8.083078
RTLS_01622,EUREKA-VPL-014,nurse,2025-03-19 09:21:49.431148024,2025-03-19 09:22:24.674428128,NS_B,B2.71.01 Dienstplaats,2.71.01,35.24328
RTLS_03634,EUREKA-VPL-026,nurse,2025-03-19 09:21:55.474849576,2025-03-19 09:22:36.198451311,KITCHEN,B2.77 Keuken,2.77,40.723601
RTLS_00258,EUREKA-VPL-003,nurse,2025-03-19 09:22:05.880446800,2025-03-19 09:49:51.914173924,UTIL_B,B2.75 Utility,2.75,1666.033727
RTLS_04196,Infuuspomp 4,equipment,2025-03-19 09:22:06.000000000,2025-03-19 09:22:22.000000000,UTIL_B,B2.75 Utility,2.75,16.0
RTLS_04304,Spuitaandrijver,equipment,2025-03-19 09:22:20.000000000,2025-03-19 09:22:44.000000000,UTIL_B,B2.75 Utility,2.75,24.0
RTLS_02374,EUREKA-VPL-019,nurse,2025-03-19 09:22:21.724688861,2025-03-19 09:25:08.718038187,ROOM_116,B2.56 2-bedskamer,2.56,166.993349
RTLS_05344,Voedingspomp 4,equipment,2025-03-19 09:22:23.000000000,2025-03-19 09:22:34.000000000,UTIL_B,B2.75 Utility,2.75,11.0
RTLS_01623,EUREKA-VPL-014,nurse,2025-03-19 09:22:24.674428128,2025-03-19 09:22:47.324952433,ROOM_110,B2.79 2-bedskamer,2.79,22.650524
RTLS_03889,Infuuspomp 1,equipment,2025-03-19 09:22:25.000000000,2025-03-19 09:22:53.000000000,UTIL_A,B2.63 Utility,2.63,28.0
RTLS_04721,Toiletstoel 1,equipment,2025-03-19 09:22:29.000000000,2025-03-19 09:22:35.000000000,UTIL_A,B2.63 Utility,2.63,6.0
RTLS_03635,EUREKA-VPL-026,nurse,2025-03-19 09:22:36.198451311,2025-03-19 09:22:48.486138625,UTIL_B,B2.75 Utility,2.75,12.287687
RTLS_02222,EUREKA-VPL-018,nurse,2025-03-19 09:22:39.605973544,2025-03-19 09:23:12.821905575,KITCHEN,B2.77 Keuken,2.77,33.215932
RTLS_01624,EUREKA-VPL-014,nurse,2025-03-19 09:22:47.324952433,2025-03-19 09:23:02.857203121,ROOM_107,B2.64 2-bedskamer,2.64,15.53225
RTLS_03636,EUREKA-VPL-026,nurse,2025-03-19 09:22:48.486138625,2025-03-19 09:30:46.667680267,NS_A,B2.71 Open wacht,2.71,478.181541
RTLS_04933,Toiletstoel 3,equipment,2025-03-19 09:22:50.000000000,2025-03-19 09:23:01.000000000,STORAGE,B2.61 Opslag,2.61,11.0
RTLS_05237,Voedingspomp 3,equipment,2025-03-19 09:22:57.000000000,2025-03-19 09:23:20.000000000,UTIL_A,B2.63 Utility,2.63,23.0
RTLS_01625,EUREKA-VPL-014,nurse,2025-03-19 09:23:02.857203121,2025-03-19 09:23:20.094143472,ROOM_117,B2.54 2-bedskamer,2.54,17.23694
RTLS_05141,Voedingspomp 2,equipment,2025-03-19 09:23:05.000000000,2025-03-19 09:23:14.000000000,UTIL_B,B2.75 Utility,2.75,9.0
RTLS_02223,EUREKA-VPL-018,nurse,2025-03-19 09:23:12.821905575,2025-03-19 09:23:49.761957821,NS_B,B2.71.01 Dienstplaats,2.71.01,36.940052
RTLS_01626,EUREKA-VPL-014,nurse,2025-03-19 09:23:20.094143472,2025-03-19 09:23:54.538577185,ROOM_110,B2.79 2-bedskamer,2.79,34.444433
RTLS_03223,EUREKA-VPL-024,nurse,2025-03-19 09:23:22.526680622,2025-03-19 09:41:41.263340122,NS_A,B2.71 Open wacht,2.71,1098.736659
RTLS_02053,EUREKA-VPL-017,nurse,2025-03-19 09:23:22.658833533,2025-03-19 09:23:31.062406982,STORE_A,B2.53 Berging,2.53,8.403573
RTLS_02054,EUREKA-VPL-017,nurse,2025-03-19 09:23:31.062406982,2025-03-19 09:24:10.129134371,NS_B,B2.71.01 Dienstplaats,2.71.01,39.066727
RTLS_04617,Glucosemeter 2,equipment,2025-03-19 09:23:50.000000000,2025-03-19 09:24:27.000000000,NS_B,B2.71.01 Dienstplaats,2.71.01,37.0
RTLS_01627,EUREKA-VPL-014,nurse,2025-03-19 09:23:54.538577185,2025-03-19 09:24:02.006860152,NS_B,B2.71.01 Dienstplaats,2.71.01,7.468282
RTLS_01628,EUREKA-VPL-014,nurse,2025-03-19 09:24:02.006860152,2025-03-19 09:24:10.247619506,ROOM_116,B2.56 2-bedskamer,2.56,8.240759
RTLS_02055,EUREKA-VPL-017,nurse,2025-03-19 09:24:10.129134371,2025-03-19 09:24:11.684501968,ROOM_113,B2.84 1-bedskamer,2.84,1.555367
RTLS_02056,EUREKA-VPL-017,nurse,2025-03-19 09:24:11.684501968,2025-03-19 09:24:16.966899184,ROOM_111,B2.81 2-bedskamer,2.81,5.282397
RTLS_02057,EUREKA-VPL-017,nurse,2025-03-19 09:24:16.966899184,2025-03-19 09:24:19.463670491,ROOM_104,B2.80 1-bedskamer,2.80,2.496771
RTLS_02058,EUREKA-VPL-017,nurse,2025-03-19 09:24:19.463670491,2025-03-19 09:24:20.463670491,PREP_A,B2.71.02 Voorbereiding,2.71.02,1.0
RTLS_02059,EUREKA-VPL-017,nurse,2025-03-19 09:24:20.463670491,2025-03-19 09:26:32.920427631,NS_A,B2.71 Open wacht,2.71,132.456757
RTLS_04407,Bladderscan,equipment,2025-03-19 09:24:43.000000000,2025-03-19 09:25:13.000000000,UTIL_A,B2.63 Utility,2.63,30.0
RTLS_05033,Voedingspomp 1,equipment,2025-03-19 09:25:02.000000000,2025-03-19 09:25:34.000000000,UTIL_A,B2.63 Utility,2.63,32.0
RTLS_04515,Glucosemeter 1,equipment,2025-03-19 09:25:08.000000000,2025-03-19 09:25:21.000000000,NS_A,B2.71 Open wacht,2.71,13.0
RTLS_03996,Infuuspomp 2,equipment,2025-03-19 09:25:08.000000000,2025-03-19 09:25:14.000000000,UTIL_A,B2.63 Utility,2.63,6.0
RTLS_02375,EUREKA-VPL-019,nurse,2025-03-19 09:25:08.718038187,2025-03-19 09:25:29.499021585,ROOM_102,B2.76 1-bedskamer,2.76,20.780983
RTLS_04831,Toiletstoel 2,equipment,2025-03-19 09:25:20.000000000,2025-03-19 09:25:27.000000000,UTIL_B,B2.75 Utility,2.75,7.0
RTLS_02376,EUREKA-VPL-019,nurse,2025-03-19 09:25:29.499021585,2025-03-19 09:26:02.267448817,ROOM_103,B2.78 1-bedskamer,2.78,32.768427
RTLS_05452,Voedingspomp 5,equipment,2025-03-19 09:25:31.000000000,2025-03-19 09:26:08.000000000,UTIL_A,B2.63 Utility,2.63,37.0
RTLS_01112,EUREKA-VPL-010,nurse,2025-03-19 09:25:46.505880879,2025-03-19 09:25:48.274852607,ROOM_106,B2.62 2-bedskamer,2.62,1.768971
RTLS_01113,EUREKA-VPL-010,nurse,2025-03-19 09:25:48.274852607,2025-03-19 09:31:45.052292081,NS_B,B2.71.01 Dienstplaats,2.71.01,356.777439
RTLS_04197,Infuuspomp 4,equipment,2025-03-19 09:25:52.000000000,2025-03-19 09:26:20.000000000,UTIL_B,B2.75 Utility,2.75,28.0
RTLS_05345,Voedingspomp 4,equipment,2025-03-19 09:25:53.000000000,2025-03-19 09:26:06.000000000,UTIL_B,B2.75 Utility,2.75,13.0
RTLS_04618,Glucosemeter 2,equipment,2025-03-19 09:25:55.000000000,2025-03-19 09:26:31.000000000,NS_B,B2.71.01 Dienstplaats,2.71.01,36.0
RTLS_02377,EUREKA-VPL-019,nurse,2025-03-19 09:26:02.267448817,2025-03-19 09:26:03.916897107,PREP_A,B2.71.02 Voorbereiding,2.71.02,1.649448
RTLS_02378,EUREKA-VPL-019,nurse,2025-03-19 09:26:03.916897107,2025-03-19 09:26:25.968733662,ROOM_117,B2.54 2-bedskamer,2.54,22.051836
RTLS_04934,Toiletstoel 3,equipment,2025-03-19 09:26:10.000000000,2025-03-19 09:26:17.000000000,STORAGE,B2.61 Opslag,2.61,7.0
RTLS_04722,Toiletstoel 1,equipment,2025-03-19 09:26:12.000000000,2025-03-19 09:26:25.000000000,UTIL_A,B2.63 Utility,2.63,13.0
RTLS_02379,EUREKA-VPL-019,nurse,2025-03-19 09:26:25.968733662,2025-03-19 09:26:38.599070186,ROOM_110,B2.79 2-bedskamer,2.79,12.630336
RTLS_00399,EUREKA-VPL-005,nurse,2025-03-19 09:26:25.971387238,2025-03-19 09:26:30.798635654,ROOM_103,B2.78 1-bedskamer,2.78,4.827248
RTLS_00400,EUREKA-VPL-005,nurse,2025-03-19 09:26:30.798635654,2025-03-19 09:28:05.238764414,ROOM_106,B2.62 2-bedskamer,2.62,94.440128
RTLS_03835,Medicatiekar geel,equipment,2025-03-19 09:26:30.798635654,2025-03-19 09:28:05.238764414,ROOM_106,B2.62 2-bedskamer,2.62,94.440128
RTLS_02060,EUREKA-VPL-017,nurse,2025-03-19 09:26:32.920427631,2025-03-19 09:26:35.711652498,ROOM_104,B2.80 1-bedskamer,2.80,2.791224
RTLS_02061,EUREKA-VPL-017,nurse,2025-03-19 09:26:35.711652498,2025-03-19 09:26:59.033669819,ROOM_106,B2.62 2-bedskamer,2.62,23.322017
RTLS_02380,EUREKA-VPL-019,nurse,2025-03-19 09:26:38.599070186,2025-03-19 09:40:41.320872731,STORAGE,B2.61 Opslag,2.61,842.721802
RTLS_05034,Voedingspomp 1,equipment,2025-03-19 09:26:49.000000000,2025-03-19 09:27:20.000000000,UTIL_A,B2.63 Utility,2.63,31.0
RTLS_02681,EUREKA-VPL-021,nurse,2025-03-19 09:27:43.522132108,2025-03-19 09:30:42.426153487,NS_B,B2.71.01 Dienstplaats,2.71.01,178.904021
RTLS_05238,Voedingspomp 3,equipment,2025-03-19 09:27:53.000000000,2025-03-19 09:28:06.000000000,UTIL_A,B2.63 Utility,2.63,13.0
RTLS_04096,Infuuspomp 3,equipment,2025-03-19 09:27:53.000000000,2025-03-19 09:28:18.000000000,UTIL_B,B2.75 Utility,2.75,25.0
RTLS_00401,EUREKA-VPL-005,nurse,2025-03-19 09:28:05.238764414,2025-03-19 09:28:32.277791896,KITCHEN,B2.77 Keuken,2.77,27.039027
RTLS_01297,EUREKA-VPL-011,nurse,2025-03-19 09:28:14.653872081,2025-03-19 09:29:08.801269260,NS_A,B2.71 Open wacht,2.71,54.147397
RTLS_01782,EUREKA-VPL-015,nurse,2025-03-19 09:28:22.965494401,2025-03-19 09:28:29.763570491,STORE_A,B2.53 Berging,2.53,6.798076
RTLS_01783,EUREKA-VPL-015,nurse,2025-03-19 09:28:29.763570491,2025-03-19 09:36:30.203275558,STORE_C,B2.65 Berging,2.65,480.439705
RTLS_04832,Toiletstoel 2,equipment,2025-03-19 09:28:32.000000000,2025-03-19 09:29:00.000000000,UTIL_B,B2.75 Utility,2.75,28.0
RTLS_00402,EUREKA-VPL-005,nurse,2025-03-19 09:28:32.277791896,2025-03-19 09:30:48.968186337,ROOM_118,B2.60 2-bedskamer,2.60,136.690394
RTLS_03836,Medicatiekar groen,equipment,2025-03-19 09:28:32.277791896,2025-03-19 09:30:48.968186337,ROOM_118,B2.60 2-bedskamer,2.60,136.690394
RTLS_05035,Voedingspomp 1,equipment,2025-03-19 09:28:36.000000000,2025-03-19 09:28:44.000000000,UTIL_A,B2.63 Utility,2.63,8.0
RTLS_03890,Infuuspomp 1,equipment,2025-03-19 09:28:43.000000000,2025-03-19 09:29:12.000000000,UTIL_A,B2.63 Utility,2.63,29.0
RTLS_04198,Infuuspomp 4,equipment,2025-03-19 09:28:49.000000000,2025-03-19 09:28:59.000000000,UTIL_B,B2.75 Utility,2.75,10.0
RTLS_05346,Voedingspomp 4,equipment,2025-03-19 09:28:58.000000000,2025-03-19 09:29:22.000000000,UTIL_B,B2.75 Utility,2.75,24.0
RTLS_01298,EUREKA-VPL-011,nurse,2025-03-19 09:29:08.801269260,2025-03-19 09:29:15.798491383,ROOM_114,B2.85 2-bedskamer,2.85,6.997222
RTLS_04305,Spuitaandrijver,equipment,2025-03-19 09:29:09.000000000,2025-03-19 09:29:42.000000000,UTIL_B,B2.75 Utility,2.75,33.0
RTLS_01902,EUREKA-VPL-016,nurse,2025-03-19 09:29:10.032496676,2025-03-19 09:29:19.560562435,KITCHEN,B2.77 Keuken,2.77,9.528065
RTLS_01299,EUREKA-VPL-011,nurse,2025-03-19 09:29:15.798491383,2025-03-19 09:29:48.796900629,ROOM_112,B2.83 2-bedskamer,2.83,32.998409
RTLS_01903,EUREKA-VPL-016,nurse,2025-03-19 09:29:19.560562435,2025-03-19 09:31:00.230034475,NS_B,B2.71.01 Dienstplaats,2.71.01,100.669472
RTLS_01408,EUREKA-VPL-012,nurse,2025-03-19 09:29:41.218488819,2025-03-19 09:33:34.288548353,NS_B,B2.71.01 Dienstplaats,2.71.01,233.070059
RTLS_01300,EUREKA-VPL-011,nurse,2025-03-19 09:29:48.796900629,2025-03-19 09:30:26.061814731,KITCHEN,B2.77 Keuken,2.77,37.264914
RTLS_05142,Voedingspomp 2,equipment,2025-03-19 09:30:19.000000000,2025-03-19 09:30:47.000000000,UTIL_B,B2.75 Utility,2.75,28.0
RTLS_01301,EUREKA-VPL-011,nurse,2025-03-19 09:30:26.061814731,2025-03-19 09:33:33.826941823,ROOM_102,B2.76 1-bedskamer,2.76,187.765127
RTLS_02682,EUREKA-VPL-021,nurse,2025-03-19 09:30:42.426153487,2025-03-19 09:30:44.528731799,STORE_C,B2.65 Berging,2.65,2.102578
RTLS_02683,EUREKA-VPL-021,nurse,2025-03-19 09:30:44.528731799,2025-03-19 09:33:07.684150669,ROOM_101,B2.74 1-bedskamer,2.74,143.155418
RTLS_03637,EUREKA-VPL-026,nurse,2025-03-19 09:30:46.667680267,2025-03-19 09:31:13.441523415,KITCHEN,B2.77 Keuken,2.77,26.773843
RTLS_00403,EUREKA-VPL-005,nurse,2025-03-19 09:30:48.968186337,2025-03-19 09:31:03.922936648,ROOM_107,B2.64 2-bedskamer,2.64,14.95475
RTLS_02573,EUREKA-VPL-020,nurse,2025-03-19 09:30:50.998695232,2025-03-19 09:30:52.245583541,UTIL_B,B2.75 Utility,2.75,1.246888
RTLS_02574,EUREKA-VPL-020,nurse,2025-03-19 09:30:52.245583541,2025-03-19 09:31:47.655349882,NS_B,B2.71.01 Dienstplaats,2.71.01,55.409766
RTLS_01904,EUREKA-VPL-016,nurse,2025-03-19 09:31:00.230034475,2025-03-19 09:33:09.175746408,NS_B,B2.71.01 Dienstplaats,2.71.01,128.945711
RTLS_04516,Glucosemeter 1,equipment,2025-03-19 09:31:03.000000000,2025-03-19 09:31:25.000000000,NS_A,B2.71 Open wacht,2.71,22.0
RTLS_00404,EUREKA-VPL-005,nurse,2025-03-19 09:31:03.922936648,2025-03-19 09:31:04.922936648,KITCHEN,B2.77 Keuken,2.77,1.0
RTLS_00405,EUREKA-VPL-005,nurse,2025-03-19 09:31:04.922936648,2025-03-19 09:31:05.922936648,STORAGE,B2.61 Opslag,2.61,1.0
RTLS_00406,EUREKA-VPL-005,nurse,2025-03-19 09:31:05.922936648,2025-03-19 09:31:10.671451219,ROOM_109,B2.68 2-bedskamer,2.68,4.748514
RTLS_04723,Toiletstoel 1,equipment,2025-03-19 09:31:07.000000000,2025-03-19 09:31:15.000000000,UTIL_A,B2.63 Utility,2.63,8.0
RTLS_00407,EUREKA-VPL-005,nurse,2025-03-19 09:31:10.671451219,2025-03-19 09:31:19.680335398,ROOM_117,B2.54 2-bedskamer,2.54,9.008884
RTLS_03638,EUREKA-VPL-026,nurse,2025-03-19 09:31:13.441523415,2025-03-19 09:31:14.901265743,UTIL_A,B2.63 Utility,2.63,1.4597419999999999
RTLS_03639,EUREKA-VPL-026,nurse,2025-03-19 09:31:14.901265743,2025-03-19 09:31:43.324086274,ROOM_103,B2.78 1-bedskamer,2.78,28.42282
RTLS_00408,EUREKA-VPL-005,nurse,2025-03-19 09:31:19.680335398,2025-03-19 09:31:32.140502813,ROOM_106,B2.62 2-bedskamer,2.62,12.460167
RTLS_04619,Glucosemeter 2,equipment,2025-03-19 09:31:28.000000000,2025-03-19 09:31:51.000000000,NS_B,B2.71.01 Dienstplaats,2.71.01,23.0
RTLS_01489,EUREKA-VPL-013,nurse,2025-03-19 09:31:41.013113244,2025-03-19 09:32:20.228712984,NS_B,B2.71.01 Dienstplaats,2.71.01,39.215599
RTLS_03640,EUREKA-VPL-026,nurse,2025-03-19 09:31:43.324086274,2025-03-19 09:33:48.775828714,ROOM_101,B2.74 1-bedskamer,2.74,125.451742
RTLS_03997,Infuuspomp 2,equipment,2025-03-19 09:31:44.000000000,2025-03-19 09:32:11.000000000,UTIL_A,B2.63 Utility,2.63,27.0
RTLS_01114,EUREKA-VPL-010,nurse,2025-03-19 09:31:45.052292081,2025-03-19 09:38:48.789218831,UTIL_A,B2.63 Utility,2.63,423.736926
RTLS_02575,EUREKA-VPL-020,nurse,2025-03-19 09:31:47.655349882,2025-03-19 09:32:43.510976474,KITCHEN,B2.77 Keuken,2.77,55.855626
RTLS_05453,Voedingspomp 5,equipment,2025-03-19 09:31:55.000000000,2025-03-19 09:32:11.000000000,UTIL_A,B2.63 Utility,2.63,16.0
RTLS_05239,Voedingspomp 3,equipment,2025-03-19 09:32:15.000000000,2025-03-19 09:32:51.000000000,UTIL_A,B2.63 Utility,2.63,36.0
RTLS_01490,EUREKA-VPL-013,nurse,2025-03-19 09:32:20.228712984,2025-03-19 09:37:08.330849735,STORE_C,B2.65 Berging,2.65,288.102136
RTLS_04408,Bladderscan,equipment,2025-03-19 09:32:40.000000000,2025-03-19 09:33:02.000000000,UTIL_A,B2.63 Utility,2.63,22.0
RTLS_02576,EUREKA-VPL-020,nurse,2025-03-19 09:32:43.510976474,2025-03-19 09:32:57.532740275,ROOM_104,B2.80 1-bedskamer,2.80,14.021763
RTLS_03418,EUREKA-VPL-025,nurse,2025-03-19 09:32:45.263288445,2025-03-19 09:32:56.060952242,ROOM_112,B2.83 2-bedskamer,2.83,10.797663
RTLS_03419,EUREKA-VPL-025,nurse,2025-03-19 09:32:56.060952242,2025-03-19 09:33:08.142288606,ROOM_118,B2.60 2-bedskamer,2.60,12.081336
RTLS_02577,EUREKA-VPL-020,nurse,2025-03-19 09:32:57.532740275,2025-03-19 09:33:02.053107092,ROOM_118,B2.60 2-bedskamer,2.60,4.520366
RTLS_05347,Voedingspomp 4,equipment,2025-03-19 09:32:58.000000000,2025-03-19 09:33:24.000000000,UTIL_B,B2.75 Utility,2.75,26.0
RTLS_03891,Infuuspomp 1,equipment,2025-03-19 09:33:02.000000000,2025-03-19 09:33:30.000000000,UTIL_A,B2.63 Utility,2.63,28.0
RTLS_02578,EUREKA-VPL-020,nurse,2025-03-19 09:33:02.053107092,2025-03-19 09:33:23.676712412,ROOM_117,B2.54 2-bedskamer,2.54,21.623605
RTLS_02684,EUREKA-VPL-021,nurse,2025-03-19 09:33:07.684150669,2025-03-19 09:33:35.245668928,ROOM_113,B2.84 1-bedskamer,2.84,27.561518
RTLS_03420,EUREKA-VPL-025,nurse,2025-03-19 09:33:08.142288606,2025-03-19 09:33:11.936850396,ROOM_115,B2.58 2-bedskamer,2.58,3.794561
RTLS_04935,Toiletstoel 3,equipment,2025-03-19 09:33:09.000000000,2025-03-19 09:33:25.000000000,STORAGE,B2.61 Opslag,2.61,16.0
RTLS_01905,EUREKA-VPL-016,nurse,2025-03-19 09:33:09.175746408,2025-03-19 09:33:53.913578216,STORAGE,B2.61 Opslag,2.61,44.737831
RTLS_03421,EUREKA-VPL-025,nurse,2025-03-19 09:33:11.936850396,2025-03-19 09:33:57.382591624,ROOM_116,B2.56 2-bedskamer,2.56,45.445741
RTLS_04097,Infuuspomp 3,equipment,2025-03-19 09:33:20.000000000,2025-03-19 09:33:34.000000000,UTIL_B,B2.75 Utility,2.75,14.0
RTLS_01409,EUREKA-VPL-012,nurse,2025-03-19 09:33:34.288548353,2025-03-19 09:33:45.947085843,KITCHEN,B2.77 Keuken,2.77,11.658537
RTLS_02685,EUREKA-VPL-021,nurse,2025-03-19 09:33:35.245668928,2025-03-19 09:33:42.568905536,ROOM_101,B2.74 1-bedskamer,2.74,7.323236
RTLS_04724,Toiletstoel 1,equipment,2025-03-19 09:33:37.000000000,2025-03-19 09:34:00.000000000,UTIL_A,B2.63 Utility,2.63,23.0
RTLS_02686,EUREKA-VPL-021,nurse,2025-03-19 09:33:42.568905536,2025-03-19 09:34:57.887746112,NS_A,B2.71 Open wacht,2.71,75.31884
RTLS_01410,EUREKA-VPL-012,nurse,2025-03-19 09:33:45.947085843,2025-03-19 09:34:16.133799798,ROOM_113,B2.84 1-bedskamer,2.84,30.186713
RTLS_03641,EUREKA-VPL-026,nurse,2025-03-19 09:33:48.775828714,2025-03-19 09:34:16.753542691,ROOM_111,B2.81 2-bedskamer,2.81,27.977713
RTLS_04620,Glucosemeter 2,equipment,2025-03-19 09:33:53.000000000,2025-03-19 09:34:14.000000000,NS_B,B2.71.01 Dienstplaats,2.71.01,21.0
RTLS_01906,EUREKA-VPL-016,nurse,2025-03-19 09:33:53.913578216,2025-03-19 09:34:52.964711935,STORE_C,B2.65 Berging,2.65,59.051133
RTLS_03422,EUREKA-VPL-025,nurse,2025-03-19 09:33:57.382591624,2025-03-19 09:44:31.739789834,NS_B,B2.71.01 Dienstplaats,2.71.01,634.357198
RTLS_01411,EUREKA-VPL-012,nurse,2025-03-19 09:34:16.133799798,2025-03-19 09:43:14.186603052,STORE_A,B2.53 Berging,2.53,538.052803
RTLS_03642,EUREKA-VPL-026,nurse,2025-03-19 09:34:16.753542691,2025-03-19 09:34:30.751480678,KITCHEN,B2.77 Keuken,2.77,13.997937
RTLS_03643,EUREKA-VPL-026,nurse,2025-03-19 09:34:30.751480678,2025-03-19 09:34:31.751480678,UTIL_B,B2.75 Utility,2.75,1.0
RTLS_03644,EUREKA-VPL-026,nurse,2025-03-19 09:34:31.751480678,2025-03-19 09:35:19.334193222,ROOM_105,B2.82 1-bedskamer,2.82,47.582712
RTLS_04409,Bladderscan,equipment,2025-03-19 09:34:36.000000000,2025-03-19 09:34:57.000000000,UTIL_A,B2.63 Utility,2.63,21.0
RTLS_01907,EUREKA-VPL-016,nurse,2025-03-19 09:34:52.964711935,2025-03-19 09:34:58.533136007,ROOM_101,B2.74 1-bedskamer,2.74,5.568424
RTLS_02687,EUREKA-VPL-021,nurse,2025-03-19 09:34:57.887746112,2025-03-19 09:35:03.400459761,KITCHEN,B2.77 Keuken,2.77,5.512713
RTLS_01908,EUREKA-VPL-016,nurse,2025-03-19 09:34:58.533136007,2025-03-19 09:35:14.261265972,ROOM_105,B2.82 1-bedskamer,2.82,15.728129
RTLS_02688,EUREKA-VPL-021,nurse,2025-03-19 09:35:03.400459761,2025-03-19 09:35:32.480538555,ROOM_102,B2.76 1-bedskamer,2.76,29.080078
RTLS_01909,EUREKA-VPL-016,nurse,2025-03-19 09:35:14.261265972,2025-03-19 09:35:20.518283903,BATHROOM,B2.57 Stortbad,2.57,6.257017
RTLS_03645,EUREKA-VPL-026,nurse,2025-03-19 09:35:19.334193222,2025-03-19 09:35:35.180118949,KITCHEN,B2.77 Keuken,2.77,15.845925
RTLS_01910,EUREKA-VPL-016,nurse,2025-03-19 09:35:20.518283903,2025-03-19 09:35:24.037789888,ROOM_104,B2.80 1-bedskamer,2.80,3.519505
RTLS_02689,EUREKA-VPL-021,nurse,2025-03-19 09:35:32.480538555,2025-03-19 09:35:43.659185928,ROOM_114,B2.85 2-bedskamer,2.85,11.178647
RTLS_05036,Voedingspomp 1,equipment,2025-03-19 09:35:35.000000000,2025-03-19 09:35:44.000000000,UTIL_A,B2.63 Utility,2.63,9.0
RTLS_03646,EUREKA-VPL-026,nurse,2025-03-19 09:35:35.180118949,2025-03-19 09:39:00.949156378,ROOM_103,B2.78 1-bedskamer,2.78,205.769037
RTLS_04098,Infuuspomp 3,equipment,2025-03-19 09:35:39.000000000,2025-03-19 09:36:00.000000000,UTIL_B,B2.75 Utility,2.75,21.0
RTLS_02690,EUREKA-VPL-021,nurse,2025-03-19 09:35:43.659185928,2025-03-19 09:39:35.073137182,ROOM_106,B2.62 2-bedskamer,2.62,231.413951
RTLS_04306,Spuitaandrijver,equipment,2025-03-19 09:35:48.000000000,2025-03-19 09:36:12.000000000,UTIL_B,B2.75 Utility,2.75,24.0
RTLS_04833,Toiletstoel 2,equipment,2025-03-19 09:36:01.000000000,2025-03-19 09:36:32.000000000,UTIL_B,B2.75 Utility,2.75,31.0
RTLS_04199,Infuuspomp 4,equipment,2025-03-19 09:36:17.000000000,2025-03-19 09:36:33.000000000,UTIL_B,B2.75 Utility,2.75,16.0
RTLS_05454,Voedingspomp 5,equipment,2025-03-19 09:36:18.000000000,2025-03-19 09:36:26.000000000,UTIL_A,B2.63 Utility,2.63,8.0
RTLS_05143,Voedingspomp 2,equipment,2025-03-19 09:36:21.000000000,2025-03-19 09:36:35.000000000,UTIL_B,B2.75 Utility,2.75,14.0
RTLS_01784,EUREKA-VPL-015,nurse,2025-03-19 09:36:30.203275558,2025-03-19 09:39:02.759534185,ROOM_110,B2.79 2-bedskamer,2.79,152.556258
RTLS_03844,Medicatiekar geel,equipment,2025-03-19 09:36:30.203275558,2025-03-19 09:39:02.759534185,ROOM_110,B2.79 2-bedskamer,2.79,152.556258
RTLS_04725,Toiletstoel 1,equipment,2025-03-19 09:36:43.000000000,2025-03-19 09:37:00.000000000,UTIL_A,B2.63 Utility,2.63,17.0
RTLS_03998,Infuuspomp 2,equipment,2025-03-19 09:36:44.000000000,2025-03-19 09:37:08.000000000,UTIL_A,B2.63 Utility,2.63,24.0
RTLS_01491,EUREKA-VPL-013,nurse,2025-03-19 09:37:08.330849735,2025-03-19 09:37:27.496644834,ROOM_115,B2.58 2-bedskamer,2.58,19.165795
RTLS_01492,EUREKA-VPL-013,nurse,2025-03-19 09:37:27.496644834,2025-03-19 09:38:14.372798375,ROOM_108,B2.66 2-bedskamer,2.66,46.876153
RTLS_04621,Glucosemeter 2,equipment,2025-03-19 09:37:30.000000000,2025-03-19 09:38:07.000000000,NS_B,B2.71.01 Dienstplaats,2.71.01,37.0
RTLS_04410,Bladderscan,equipment,2025-03-19 09:37:55.000000000,2025-03-19 09:38:27.000000000,UTIL_A,B2.63 Utility,2.63,32.0
RTLS_03999,Infuuspomp 2,equipment,2025-03-19 09:38:01.000000000,2025-03-19 09:38:21.000000000,UTIL_A,B2.63 Utility,2.63,20.0
RTLS_01493,EUREKA-VPL-013,nurse,2025-03-19 09:38:14.372798375,2025-03-19 09:40:56.396312480,NS_B,B2.71.01 Dienstplaats,2.71.01,162.023514
RTLS_04517,Glucosemeter 1,equipment,2025-03-19 09:38:16.000000000,2025-03-19 09:38:28.000000000,NS_A,B2.71 Open wacht,2.71,12.0
RTLS_04200,Infuuspomp 4,equipment,2025-03-19 09:38:31.000000000,2025-03-19 09:38:58.000000000,UTIL_B,B2.75 Utility,2.75,27.0
RTLS_05037,Voedingspomp 1,equipment,2025-03-19 09:38:35.000000000,2025-03-19 09:38:44.000000000,UTIL_A,B2.63 Utility,2.63,9.0
RTLS_05348,Voedingspomp 4,equipment,2025-03-19 09:38:45.000000000,2025-03-19 09:38:56.000000000,UTIL_B,B2.75 Utility,2.75,11.0
RTLS_05240,Voedingspomp 3,equipment,2025-03-19 09:38:48.000000000,2025-03-19 09:39:25.000000000,UTIL_A,B2.63 Utility,2.63,37.0
RTLS_01115,EUREKA-VPL-010,nurse,2025-03-19 09:38:48.789218831,2025-03-19 09:44:35.483068194,NS_A,B2.71 Open wacht,2.71,346.693849
RTLS_03647,EUREKA-VPL-026,nurse,2025-03-19 09:39:00.949156378,2025-03-19 09:40:07.186886760,NS_B,B2.71.01 Dienstplaats,2.71.01,66.23773
RTLS_01785,EUREKA-VPL-015,nurse,2025-03-19 09:39:02.759534185,2025-03-19 09:39:05.598821072,NS_B,B2.71.01 Dienstplaats,2.71.01,2.839286
RTLS_01786,EUREKA-VPL-015,nurse,2025-03-19 09:39:05.598821072,2025-03-19 09:39:36.239018636,KITCHEN,B2.77 Keuken,2.77,30.640197
RTLS_04726,Toiletstoel 1,equipment,2025-03-19 09:39:19.000000000,2025-03-19 09:39:25.000000000,UTIL_A,B2.63 Utility,2.63,6.0
RTLS_04936,Toiletstoel 3,equipment,2025-03-19 09:39:30.000000000,2025-03-19 09:39:39.000000000,STORAGE,B2.61 Opslag,2.61,9.0
RTLS_05455,Voedingspomp 5,equipment,2025-03-19 09:39:33.000000000,2025-03-19 09:40:00.000000000,UTIL_A,B2.63 Utility,2.63,27.0
RTLS_01787,EUREKA-VPL-015,nurse,2025-03-19 09:39:36.239018636,2025-03-19 09:39:37.709580881,NS_A,B2.71 Open wacht,2.71,1.470562
RTLS_01788,EUREKA-VPL-015,nurse,2025-03-19 09:39:37.709580881,2025-03-19 09:44:52.556910931,BATH_B,B2.55 Badkamer,2.55,314.84733
RTLS_03892,Infuuspomp 1,equipment,2025-03-19 09:39:59.000000000,2025-03-19 09:40:28.000000000,UTIL_A,B2.63 Utility,2.63,29.0
RTLS_05349,Voedingspomp 4,equipment,2025-03-19 09:40:03.000000000,2025-03-19 09:40:32.000000000,UTIL_B,B2.75 Utility,2.75,29.0
RTLS_03648,EUREKA-VPL-026,nurse,2025-03-19 09:40:07.186886760,2025-03-19 09:40:12.182196774,ROOM_101,B2.74 1-bedskamer,2.74,4.99531
RTLS_03649,EUREKA-VPL-026,nurse,2025-03-19 09:40:12.182196774,2025-03-19 09:40:27.167288932,KITCHEN,B2.77 Keuken,2.77,14.985092
RTLS_04000,Infuuspomp 2,equipment,2025-03-19 09:40:27.000000000,2025-03-19 09:40:53.000000000,UTIL_A,B2.63 Utility,2.63,26.0
RTLS_02381,EUREKA-VPL-019,nurse,2025-03-19 09:40:41.320872731,2025-03-19 09:58:07.093573075,NS_A,B2.71 Open wacht,2.71,1045.7727
RTLS_01494,EUREKA-VPL-013,nurse,2025-03-19 09:40:56.396312480,2025-03-19 09:42:50.894266392,ROOM_111,B2.81 2-bedskamer,2.81,114.497953
RTLS_04518,Glucosemeter 1,equipment,2025-03-19 09:41:07.000000000,2025-03-19 09:41:20.000000000,NS_A,B2.71 Open wacht,2.71,13.0
RTLS_04622,Glucosemeter 2,equipment,2025-03-19 09:41:13.000000000,2025-03-19 09:41:25.000000000,NS_B,B2.71.01 Dienstplaats,2.71.01,12.0
RTLS_04201,Infuuspomp 4,equipment,2025-03-19 09:41:15.000000000,2025-03-19 09:41:45.000000000,UTIL_B,B2.75 Utility,2.75,30.0
RTLS_03224,EUREKA-VPL-024,nurse,2025-03-19 09:41:41.263340122,2025-03-19 09:42:00.033387070,ROOM_117,B2.54 2-bedskamer,2.54,18.770046
RTLS_04099,Infuuspomp 3,equipment,2025-03-19 09:41:55.000000000,2025-03-19 09:42:09.000000000,UTIL_B,B2.75 Utility,2.75,14.0
RTLS_05456,Voedingspomp 5,equipment,2025-03-19 09:41:57.000000000,2025-03-19 09:42:17.000000000,UTIL_A,B2.63 Utility,2.63,20.0
RTLS_03225,EUREKA-VPL-024,nurse,2025-03-19 09:42:00.033387070,2025-03-19 09:42:13.196716775,KITCHEN,B2.77 Keuken,2.77,13.163329
RTLS_03226,EUREKA-VPL-024,nurse,2025-03-19 09:42:13.196716775,2025-03-19 09:46:11.950576537,ROOM_111,B2.81 2-bedskamer,2.81,238.753859
RTLS_03852,Medicatiekar groen,equipment,2025-03-19 09:42:13.196716775,2025-03-19 09:46:11.950576537,ROOM_111,B2.81 2-bedskamer,2.81,238.753859
RTLS_05241,Voedingspomp 3,equipment,2025-03-19 09:42:29.000000000,2025-03-19 09:43:02.000000000,UTIL_A,B2.63 Utility,2.63,33.0
RTLS_04727,Toiletstoel 1,equipment,2025-03-19 09:42:34.000000000,2025-03-19 09:42:49.000000000,UTIL_A,B2.63 Utility,2.63,15.0
RTLS_05350,Voedingspomp 4,equipment,2025-03-19 09:42:35.000000000,2025-03-19 09:42:46.000000000,UTIL_B,B2.75 Utility,2.75,11.0
RTLS_05144,Voedingspomp 2,equipment,2025-03-19 09:42:35.000000000,2025-03-19 09:42:57.000000000,UTIL_B,B2.75 Utility,2.75,22.0
RTLS_01495,EUREKA-VPL-013,nurse,2025-03-19 09:42:50.894266392,2025-03-19 10:00:00.000000000,PREP_B,B2.71.02 Voorbereiding,2.71.02,1029.105733
RTLS_04202,Infuuspomp 4,equipment,2025-03-19 09:43:03.000000000,2025-03-19 09:43:25.000000000,UTIL_B,B2.75 Utility,2.75,22.0
RTLS_01412,EUREKA-VPL-012,nurse,2025-03-19 09:43:14.186603052,2025-03-19 10:00:00.000000000,UTIL_A,B2.63 Utility,2.63,1005.813396
RTLS_04834,Toiletstoel 2,equipment,2025-03-19 09:43:21.000000000,2025-03-19 09:43:57.000000000,UTIL_B,B2.75 Utility,2.75,36.0
RTLS_05038,Voedingspomp 1,equipment,2025-03-19 09:43:34.000000000,2025-03-19 09:43:40.000000000,UTIL_A,B2.63 Utility,2.63,6.0
RTLS_04307,Spuitaandrijver,equipment,2025-03-19 09:43:35.000000000,2025-03-19 09:43:58.000000000,UTIL_B,B2.75 Utility,2.75,23.0
RTLS_04937,Toiletstoel 3,equipment,2025-03-19 09:43:59.000000000,2025-03-19 09:44:08.000000000,STORAGE,B2.61 Opslag,2.61,9.0
RTLS_05145,Voedingspomp 2,equipment,2025-03-19 09:44:17.000000000,2025-03-19 09:44:53.000000000,UTIL_B,B2.75 Utility,2.75,36.0
RTLS_04411,Bladderscan,equipment,2025-03-19 09:44:30.000000000,2025-03-19 09:44:49.000000000,UTIL_A,B2.63 Utility,2.63,19.0
RTLS_03423,EUREKA-VPL-025,nurse,2025-03-19 09:44:31.739789834,2025-03-19 09:45:04.419121609,ROOM_103,B2.78 1-bedskamer,2.78,32.679331
RTLS_01116,EUREKA-VPL-010,nurse,2025-03-19 09:44:35.483068194,2025-03-19 09:44:55.373509074,ROOM_115,B2.58 2-bedskamer,2.58,19.89044
RTLS_01789,EUREKA-VPL-015,nurse,2025-03-19 09:44:52.556910931,2025-03-19 09:46:20.192837201,ROOM_104,B2.80 1-bedskamer,2.80,87.635926
RTLS_01117,EUREKA-VPL-010,nurse,2025-03-19 09:44:55.373509074,2025-03-19 09:48:14.877071854,ROOM_113,B2.84 1-bedskamer,2.84,199.503562
RTLS_05457,Voedingspomp 5,equipment,2025-03-19 09:45:03.000000000,2025-03-19 09:45:24.000000000,UTIL_A,B2.63 Utility,2.63,21.0
RTLS_03424,EUREKA-VPL-025,nurse,2025-03-19 09:45:04.419121609,2025-03-19 09:45:12.739529571,KITCHEN,B2.77 Keuken,2.77,8.320407
RTLS_03425,EUREKA-VPL-025,nurse,2025-03-19 09:45:12.739529571,2025-03-19 09:45:56.845065607,ROOM_118,B2.60 2-bedskamer,2.60,44.105536
RTLS_03893,Infuuspomp 1,equipment,2025-03-19 09:45:22.000000000,2025-03-19 09:45:29.000000000,UTIL_A,B2.63 Utility,2.63,7.0
RTLS_03426,EUREKA-VPL-025,nurse,2025-03-19 09:45:56.845065607,2025-03-19 09:47:18.790016784,NS_A,B2.71 Open wacht,2.71,81.944951
RTLS_00530,EUREKA-VPL-006,nurse,2025-03-19 09:45:58.607612439,2025-03-19 09:46:12.408787463,ROOM_108,B2.66 2-bedskamer,2.66,13.801175
RTLS_03227,EUREKA-VPL-024,nurse,2025-03-19 09:46:11.950576537,2025-03-19 09:46:38.966244028,STORE_A,B2.53 Berging,2.53,27.015667
RTLS_01790,EUREKA-VPL-015,nurse,2025-03-19 09:46:20.192837201,2025-03-19 09:46:51.255013501,BATHROOM,B2.57 Stortbad,2.57,31.062176
RTLS_04519,Glucosemeter 1,equipment,2025-03-19 09:46:24.000000000,2025-03-19 09:46:32.000000000,NS_A,B2.71 Open wacht,2.71,8.0
RTLS_05039,Voedingspomp 1,equipment,2025-03-19 09:46:25.000000000,2025-03-19 09:46:40.000000000,UTIL_A,B2.63 Utility,2.63,15.0
RTLS_05242,Voedingspomp 3,equipment,2025-03-19 09:46:26.000000000,2025-03-19 09:47:01.000000000,UTIL_A,B2.63 Utility,2.63,35.0
RTLS_04938,Toiletstoel 3,equipment,2025-03-19 09:46:31.000000000,2025-03-19 09:46:49.000000000,STORAGE,B2.61 Opslag,2.61,18.0
RTLS_04100,Infuuspomp 3,equipment,2025-03-19 09:46:31.000000000,2025-03-19 09:47:08.000000000,UTIL_B,B2.75 Utility,2.75,37.0
RTLS_03228,EUREKA-VPL-024,nurse,2025-03-19 09:46:38.966244028,2025-03-19 09:47:44.655366804,ROOM_114,B2.85 2-bedskamer,2.85,65.689122
RTLS_04203,Infuuspomp 4,equipment,2025-03-19 09:46:57.000000000,2025-03-19 09:47:33.000000000,UTIL_B,B2.75 Utility,2.75,36.0
RTLS_05351,Voedingspomp 4,equipment,2025-03-19 09:47:38.000000000,2025-03-19 09:47:51.000000000,UTIL_B,B2.75 Utility,2.75,13.0
RTLS_04001,Infuuspomp 2,equipment,2025-03-19 09:47:58.000000000,2025-03-19 09:48:20.000000000,UTIL_A,B2.63 Utility,2.63,22.0
RTLS_01118,EUREKA-VPL-010,nurse,2025-03-19 09:48:14.877071854,2025-03-19 09:48:59.551745108,STORAGE,B2.61 Opslag,2.61,44.674673
RTLS_04412,Bladderscan,equipment,2025-03-19 09:48:15.000000000,2025-03-19 09:48:25.000000000,UTIL_A,B2.63 Utility,2.63,10.0
RTLS_04623,Glucosemeter 2,equipment,2025-03-19 09:48:36.000000000,2025-03-19 09:48:47.000000000,NS_B,B2.71.01 Dienstplaats,2.71.01,11.0
RTLS_01119,EUREKA-VPL-010,nurse,2025-03-19 09:48:59.551745108,2025-03-19 09:49:26.192231563,BATH_B,B2.55 Badkamer,2.55,26.640486
RTLS_04308,Spuitaandrijver,equipment,2025-03-19 09:49:04.000000000,2025-03-19 09:49:15.000000000,UTIL_B,B2.75 Utility,2.75,11.0
RTLS_03894,Infuuspomp 1,equipment,2025-03-19 09:49:14.000000000,2025-03-19 09:49:21.000000000,UTIL_A,B2.63 Utility,2.63,7.0
RTLS_04101,Infuuspomp 3,equipment,2025-03-19 09:49:26.000000000,2025-03-19 09:49:38.000000000,UTIL_B,B2.75 Utility,2.75,12.0
RTLS_01120,EUREKA-VPL-010,nurse,2025-03-19 09:49:26.192231563,2025-03-19 09:54:43.096115563,NS_A,B2.71 Open wacht,2.71,316.903884
RTLS_04413,Bladderscan,equipment,2025-03-19 09:49:32.000000000,2025-03-19 09:49:47.000000000,UTIL_A,B2.63 Utility,2.63,15.0
RTLS_04728,Toiletstoel 1,equipment,2025-03-19 09:49:41.000000000,2025-03-19 09:50:15.000000000,UTIL_A,B2.63 Utility,2.63,34.0
RTLS_00259,EUREKA-VPL-003,nurse,2025-03-19 09:49:51.914173924,2025-03-19 09:52:43.479880494,NS_B,B2.71.01 Dienstplaats,2.71.01,171.565706
RTLS_05352,Voedingspomp 4,equipment,2025-03-19 09:49:57.000000000,2025-03-19 09:50:12.000000000,UTIL_B,B2.75 Utility,2.75,15.0
RTLS_02844,EUREKA-VPL-022,nurse,2025-03-19 09:50:14.935887431,2025-03-19 09:50:15.935887431,KITCHEN,B2.77 Keuken,2.77,1.0
RTLS_02845,EUREKA-VPL-022,nurse,2025-03-19 09:50:15.935887431,2025-03-19 09:50:32.954873035,ROOM_117,B2.54 2-bedskamer,2.54,17.018985
RTLS_02846,EUREKA-VPL-022,nurse,2025-03-19 09:50:32.954873035,2025-03-19 09:51:51.619350254,ROOM_103,B2.78 1-bedskamer,2.78,78.664477
RTLS_03849,Medicatiekar geel,equipment,2025-03-19 09:50:32.954873035,2025-03-19 09:51:51.619350254,ROOM_103,B2.78 1-bedskamer,2.78,78.664477
RTLS_04835,Toiletstoel 2,equipment,2025-03-19 09:50:47.000000000,2025-03-19 09:51:11.000000000,UTIL_B,B2.75 Utility,2.75,24.0
RTLS_03895,Infuuspomp 1,equipment,2025-03-19 09:50:52.000000000,2025-03-19 09:51:08.000000000,UTIL_A,B2.63 Utility,2.63,16.0
RTLS_05458,Voedingspomp 5,equipment,2025-03-19 09:51:21.000000000,2025-03-19 09:51:55.000000000,UTIL_A,B2.63 Utility,2.63,34.0
RTLS_05040,Voedingspomp 1,equipment,2025-03-19 09:51:51.000000000,2025-03-19 09:52:12.000000000,UTIL_A,B2.63 Utility,2.63,21.0
RTLS_04204,Infuuspomp 4,equipment,2025-03-19 09:51:53.000000000,2025-03-19 09:52:28.000000000,UTIL_B,B2.75 Utility,2.75,35.0
RTLS_04520,Glucosemeter 1,equipment,2025-03-19 09:51:58.000000000,2025-03-19 09:52:30.000000000,NS_A,B2.71 Open wacht,2.71,32.0
RTLS_04102,Infuuspomp 3,equipment,2025-03-19 09:52:03.000000000,2025-03-19 09:52:38.000000000,UTIL_B,B2.75 Utility,2.75,35.0
RTLS_04414,Bladderscan,equipment,2025-03-19 09:52:14.000000000,2025-03-19 09:52:27.000000000,UTIL_A,B2.63 Utility,2.63,13.0
RTLS_04309,Spuitaandrijver,equipment,2025-03-19 09:52:14.000000000,2025-03-19 09:52:48.000000000,UTIL_B,B2.75 Utility,2.75,34.0
RTLS_05146,Voedingspomp 2,equipment,2025-03-19 09:52:22.000000000,2025-03-19 09:52:55.000000000,UTIL_B,B2.75 Utility,2.75,33.0
RTLS_04002,Infuuspomp 2,equipment,2025-03-19 09:53:13.000000000,2025-03-19 09:53:40.000000000,UTIL_A,B2.63 Utility,2.63,27.0
RTLS_04939,Toiletstoel 3,equipment,2025-03-19 09:53:26.000000000,2025-03-19 09:53:41.000000000,STORAGE,B2.61 Opslag,2.61,15.0
RTLS_05243,Voedingspomp 3,equipment,2025-03-19 09:53:39.000000000,2025-03-19 09:53:49.000000000,UTIL_A,B2.63 Utility,2.63,10.0
RTLS_04729,Toiletstoel 1,equipment,2025-03-19 09:53:58.000000000,2025-03-19 09:54:12.000000000,UTIL_A,B2.63 Utility,2.63,14.0
RTLS_04836,Toiletstoel 2,equipment,2025-03-19 09:54:16.000000000,2025-03-19 09:54:37.000000000,UTIL_B,B2.75 Utility,2.75,21.0
RTLS_05041,Voedingspomp 1,equipment,2025-03-19 09:54:19.000000000,2025-03-19 09:54:39.000000000,UTIL_A,B2.63 Utility,2.63,20.0
RTLS_05353,Voedingspomp 4,equipment,2025-03-19 09:54:32.000000000,2025-03-19 09:55:04.000000000,UTIL_B,B2.75 Utility,2.75,32.0
RTLS_01121,EUREKA-VPL-010,nurse,2025-03-19 09:54:43.096115563,2025-03-19 09:54:58.624927048,ROOM_116,B2.56 2-bedskamer,2.56,15.528811
RTLS_04205,Infuuspomp 4,equipment,2025-03-19 09:54:58.000000000,2025-03-19 09:55:18.000000000,UTIL_B,B2.75 Utility,2.75,20.0
RTLS_01122,EUREKA-VPL-010,nurse,2025-03-19 09:54:58.624927048,2025-03-19 09:55:16.919332015,ROOM_117,B2.54 2-bedskamer,2.54,18.294404
RTLS_03896,Infuuspomp 1,equipment,2025-03-19 09:55:05.000000000,2025-03-19 09:55:27.000000000,UTIL_A,B2.63 Utility,2.63,22.0
RTLS_01123,EUREKA-VPL-010,nurse,2025-03-19 09:55:16.919332015,2025-03-19 09:55:27.710052045,ROOM_115,B2.58 2-bedskamer,2.58,10.79072
RTLS_01124,EUREKA-VPL-010,nurse,2025-03-19 09:55:27.710052045,2025-03-19 09:56:24.987629715,ROOM_101,B2.74 1-bedskamer,2.74,57.277577
RTLS_05459,Voedingspomp 5,equipment,2025-03-19 09:55:29.000000000,2025-03-19 09:56:01.000000000,UTIL_A,B2.63 Utility,2.63,32.0
RTLS_04624,Glucosemeter 2,equipment,2025-03-19 09:55:41.000000000,2025-03-19 09:56:17.000000000,NS_B,B2.71.01 Dienstplaats,2.71.01,36.0
RTLS_00171,EUREKA-VPL-002,nurse,2025-03-19 09:56:21.139526930,2025-03-19 09:57:40.791119065,ROOM_105,B2.82 1-bedskamer,2.82,79.651592
RTLS_01125,EUREKA-VPL-010,nurse,2025-03-19 09:56:24.987629715,2025-03-19 09:56:28.608172371,STORAGE,B2.61 Opslag,2.61,3.620542
RTLS_05147,Voedingspomp 2,equipment,2025-03-19 09:56:56.000000000,2025-03-19 09:57:08.000000000,UTIL_B,B2.75 Utility,2.75,12.0
RTLS_04310,Spuitaandrijver,equipment,2025-03-19 09:56:58.000000000,2025-03-19 09:57:19.000000000,UTIL_B,B2.75 Utility,2.75,21.0
RTLS_04103,Infuuspomp 3,equipment,2025-03-19 09:57:01.000000000,2025-03-19 09:57:36.000000000,UTIL_B,B2.75 Utility,2.75,35.0
RTLS_04730,Toiletstoel 1,equipment,2025-03-19 09:57:50.000000000,2025-03-19 09:58:15.000000000,UTIL_A,B2.63 Utility,2.63,25.0
RTLS_04521,Glucosemeter 1,equipment,2025-03-19 09:57:51.000000000,2025-03-19 09:58:00.000000000,NS_A,B2.71 Open wacht,2.71,9.0
RTLS_05148,Voedingspomp 2,equipment,2025-03-19 09:58:02.000000000,2025-03-19 09:58:31.000000000,UTIL_B,B2.75 Utility,2.75,29.0
RTLS_02382,EUREKA-VPL-019,nurse,2025-03-19 09:58:07.093573075,2025-03-19 09:58:38.138333539,ROOM_106,B2.62 2-bedskamer,2.62,31.04476
RTLS_05042,Voedingspomp 1,equipment,2025-03-19 09:58:33.000000000,2025-03-19 09:58:49.000000000,UTIL_A,B2.63 Utility,2.63,16.0
RTLS_04625,Glucosemeter 2,equipment,2025-03-19 09:59:10.000000000,2025-03-19 09:59:37.000000000,NS_B,B2.71.01 Dienstplaats,2.71.01,27.0
RTLS_04940,Toiletstoel 3,equipment,2025-03-19 09:59:35.000000000,2025-03-19 09:59:43.000000000,STORAGE,B2.61 Opslag,2.61,8.0
RTLS_04415,Bladderscan,equipment,2025-03-19 09:59:59.000000000,2025-03-19 10:00:26.000000000,UTIL_A,B2.63 Utility,2.63,27.0
RTLS_00039,EUREKA-VPL-001,nurse,2025-03-19 10:00:00.000000000,2025-03-19 10:00:13.584094502,ROOM_113,B2.84 1-bedskamer,2.84,13.584094
RTLS_00172,EUREKA-VPL-002,nurse,2025-03-19 10:00:00.000000000,2025-03-19 10:00:14.167219464,ROOM_106,B2.62 2-bedskamer,2.62,14.167219
RTLS_00260,EUREKA-VPL-003,nurse,2025-03-19 10:00:00.000000000,2025-03-19 10:25:42.857142857,PREP_A,B2.71.02 Voorbereiding,2.71.02,1542.857142
RTLS_00322,EUREKA-VPL-004,nurse,2025-03-19 10:00:00.000000000,2025-03-19 10:00:05.170787704,BATHROOM,B2.57 Stortbad,2.57,5.170787
RTLS_00409,EUREKA-VPL-005,nurse,2025-03-19 10:00:00.000000000,2025-03-19 10:10:02.055608705,ROOM_101,B2.74 1-bedskamer,2.74,602.055608
RTLS_00531,EUREKA-VPL-006,nurse,2025-03-19 10:00:00.000000000,2025-03-19 10:00:01.896935139,ROOM_114,B2.85 2-bedskamer,2.85,1.896935
RTLS_00690,EUREKA-VPL-007,nurse,2025-03-19 10:00:00.000000000,2025-03-19 10:01:12.740459793,BATHROOM,B2.57 Stortbad,2.57,72.740459
RTLS_00842,EUREKA-VPL-008,nurse,2025-03-19 10:00:00.000000000,2025-03-19 10:04:23.797852079,NS_B,B2.71.01 Dienstplaats,2.71.01,263.797852
RTLS_00971,EUREKA-VPL-009,nurse,2025-03-19 10:00:00.000000000,2025-03-19 10:00:25.275504922,ROOM_106,B2.62 2-bedskamer,2.62,25.275504
RTLS_01126,EUREKA-VPL-010,nurse,2025-03-19 10:00:00.000000000,2025-03-19 10:00:17.565659945,KITCHEN,B2.77 Keuken,2.77,17.565659
RTLS_01302,EUREKA-VPL-011,nurse,2025-03-19 10:00:00.000000000,2025-03-19 10:00:07.317902022,KITCHEN,B2.77 Keuken,2.77,7.317902
RTLS_01413,EUREKA-VPL-012,nurse,2025-03-19 10:00:00.000000000,2025-03-19 10:00:15.887434174,ROOM_109,B2.68 2-bedskamer,2.68,15.887434
RTLS_01496,EUREKA-VPL-013,nurse,2025-03-19 10:00:00.000000000,2025-03-19 10:02:23.580714884,NS_A,B2.71 Open wacht,2.71,143.580714
RTLS_01629,EUREKA-VPL-014,nurse,2025-03-19 10:00:00.000000000,2025-03-19 10:03:09.789117659,ROOM_105,B2.82 1-bedskamer,2.82,189.789117
RTLS_01791,EUREKA-VPL-015,nurse,2025-03-19 10:00:00.000000000,2025-03-19 10:03:49.997713160,UTIL_B,B2.75 Utility,2.75,229.997713
RTLS_01911,EUREKA-VPL-016,nurse,2025-03-19 10:00:00.000000000,2025-03-19 10:00:01.000000000,PREP_A,B2.71.02 Voorbereiding,2.71.02,1.0
RTLS_02062,EUREKA-VPL-017,nurse,2025-03-19 10:00:00.000000000,2025-03-19 10:05:38.466941447,NS_B,B2.71.01 Dienstplaats,2.71.01,338.466941
RTLS_02224,EUREKA-VPL-018,nurse,2025-03-19 10:00:00.000000000,2025-03-19 10:00:14.642116665,KITCHEN,B2.77 Keuken,2.77,14.642116
RTLS_02383,EUREKA-VPL-019,nurse,2025-03-19 10:00:00.000000000,2025-03-19 10:00:16.939356535,KITCHEN,B2.77 Keuken,2.77,16.939356
RTLS_02579,EUREKA-VPL-020,nurse,2025-03-19 10:00:00.000000000,2025-03-19 10:03:19.435067124,NS_A,B2.71 Open wacht,2.71,199.435067
RTLS_02691,EUREKA-VPL-021,nurse,2025-03-19 10:00:00.000000000,2025-03-19 10:00:05.953627936,KITCHEN,B2.77 Keuken,2.77,5.953627
RTLS_02847,EUREKA-VPL-022,nurse,2025-03-19 10:00:00.000000000,2025-03-19 10:00:21.131515626,ROOM_107,B2.64 2-bedskamer,2.64,21.131515
RTLS_03053,EUREKA-VPL-023,nurse,2025-03-19 10:00:00.000000000,2025-03-19 10:00:18.372378732,ROOM_101,B2.74 1-bedskamer,2.74,18.372378
RTLS_03229,EUREKA-VPL-024,nurse,2025-03-19 10:00:00.000000000,2025-03-19 10:03:38.716328378,NS_B,B2.71.01 Dienstplaats,2.71.01,218.716328
RTLS_03427,EUREKA-VPL-025,nurse,2025-03-19 10:00:00.000000000,2025-03-19 10:00:57.218783774,ROOM_118,B2.60 2-bedskamer,2.60,57.218783
RTLS_03650,EUREKA-VPL-026,nurse,2025-03-19 10:00:00.000000000,2025-03-19 10:00:57.796697365,NS_B,B2.71.01 Dienstplaats,2.71.01,57.796697
RTLS_01912,EUREKA-VPL-016,nurse,2025-03-19 10:00:01.000000000,2025-03-19 10:00:04.774244987,NS_B,B2.71.01 Dienstplaats,2.71.01,3.774244
RTLS_00532,EUREKA-VPL-006,nurse,2025-03-19 10:00:01.896935139,2025-03-19 10:06:24.331964965,NS_A,B2.71 Open wacht,2.71,382.435029
RTLS_01913,EUREKA-VPL-016,nurse,2025-03-19 10:00:04.774244987,2025-03-19 10:00:08.760381316,PREP_B,B2.71.02 Voorbereiding,2.71.02,3.986136
RTLS_00323,EUREKA-VPL-004,nurse,2025-03-19 10:00:05.170787704,2025-03-19 10:18:03.619551304,UTIL_A,B2.63 Utility,2.63,1078.448763
RTLS_02692,EUREKA-VPL-021,nurse,2025-03-19 10:00:05.953627936,2025-03-19 10:10:40.197105347,STORE_B,B2.59 Berging,2.59,634.243477
RTLS_01303,EUREKA-VPL-011,nurse,2025-03-19 10:00:07.317902022,2025-03-19 10:00:12.231987930,ROOM_104,B2.80 1-bedskamer,2.80,4.914085
RTLS_01914,EUREKA-VPL-016,nurse,2025-03-19 10:00:08.760381316,2025-03-19 10:10:42.508549198,PREP_A,B2.71.02 Voorbereiding,2.71.02,633.748167
RTLS_01304,EUREKA-VPL-011,nurse,2025-03-19 10:00:12.231987930,2025-03-19 10:00:25.465381518,ROOM_105,B2.82 1-bedskamer,2.82,13.233393
RTLS_00040,EUREKA-VPL-001,nurse,2025-03-19 10:00:13.584094502,2025-03-19 10:00:14.584094502,STORE_C,B2.65 Berging,2.65,1.0
RTLS_00173,EUREKA-VPL-002,nurse,2025-03-19 10:00:14.167219464,2025-03-19 10:00:31.160401082,ROOM_113,B2.84 1-bedskamer,2.84,16.993181
RTLS_00041,EUREKA-VPL-001,nurse,2025-03-19 10:00:14.584094502,2025-03-19 10:00:58.371038905,ROOM_102,B2.76 1-bedskamer,2.76,43.786944
RTLS_02225,EUREKA-VPL-018,nurse,2025-03-19 10:00:14.642116665,2025-03-19 10:00:16.167801741,PREP_A,B2.71.02 Voorbereiding,2.71.02,1.525685
RTLS_01414,EUREKA-VPL-012,nurse,2025-03-19 10:00:15.887434174,2025-03-19 10:01:17.195967209,KITCHEN,B2.77 Keuken,2.77,61.308533
RTLS_02226,EUREKA-VPL-018,nurse,2025-03-19 10:00:16.167801741,2025-03-19 10:00:33.830016172,ROOM_108,B2.66 2-bedskamer,2.66,17.662214
RTLS_02384,EUREKA-VPL-019,nurse,2025-03-19 10:00:16.939356535,2025-03-19 10:01:17.084208533,UTIL_A,B2.63 Utility,2.63,60.144851
RTLS_01127,EUREKA-VPL-010,nurse,2025-03-19 10:00:17.565659945,2025-03-19 10:00:55.088393930,ROOM_115,B2.58 2-bedskamer,2.58,37.522733
RTLS_03054,EUREKA-VPL-023,nurse,2025-03-19 10:00:18.372378732,2025-03-19 10:08:26.776145231,PREP_B,B2.71.02 Voorbereiding,2.71.02,488.403766
RTLS_02848,EUREKA-VPL-022,nurse,2025-03-19 10:00:21.131515626,2025-03-19 10:00:40.545442975,ROOM_118,B2.60 2-bedskamer,2.60,19.413927
RTLS_00972,EUREKA-VPL-009,nurse,2025-03-19 10:00:25.275504922,2025-03-19 10:01:02.045713299,ROOM_116,B2.56 2-bedskamer,2.56,36.770208
RTLS_01305,EUREKA-VPL-011,nurse,2025-03-19 10:00:25.465381518,2025-03-19 10:00:35.005006339,ROOM_117,B2.54 2-bedskamer,2.54,9.539624
RTLS_00174,EUREKA-VPL-002,nurse,2025-03-19 10:00:31.160401082,2025-03-19 10:01:26.943769958,KITCHEN,B2.77 Keuken,2.77,55.783368
RTLS_02227,EUREKA-VPL-018,nurse,2025-03-19 10:00:33.830016172,2025-03-19 10:00:40.899480096,ROOM_116,B2.56 2-bedskamer,2.56,7.069463
RTLS_01306,EUREKA-VPL-011,nurse,2025-03-19 10:00:35.005006339,2025-03-19 10:01:58.972232280,KITCHEN,B2.77 Keuken,2.77,83.967225
RTLS_02849,EUREKA-VPL-022,nurse,2025-03-19 10:00:40.545442975,2025-03-19 10:01:32.112534206,ROOM_109,B2.68 2-bedskamer,2.68,51.567091
RTLS_02228,EUREKA-VPL-018,nurse,2025-03-19 10:00:40.899480096,2025-03-19 10:00:49.604073464,ROOM_103,B2.78 1-bedskamer,2.78,8.704593
RTLS_04003,Infuuspomp 2,equipment,2025-03-19 10:00:44.000000000,2025-03-19 10:00:50.000000000,UTIL_A,B2.63 Utility,2.63,6.0
RTLS_04837,Toiletstoel 2,equipment,2025-03-19 10:00:47.000000000,2025-03-19 10:01:06.000000000,UTIL_B,B2.75 Utility,2.75,19.0
RTLS_02229,EUREKA-VPL-018,nurse,2025-03-19 10:00:49.604073464,2025-03-19 10:01:08.650868033,ROOM_109,B2.68 2-bedskamer,2.68,19.046794
RTLS_01128,EUREKA-VPL-010,nurse,2025-03-19 10:00:55.088393930,2025-03-19 10:00:57.370319790,KITCHEN,B2.77 Keuken,2.77,2.281925
RTLS_03428,EUREKA-VPL-025,nurse,2025-03-19 10:00:57.218783774,2025-03-19 10:03:04.328187493,ROOM_104,B2.80 1-bedskamer,2.80,127.109403
RTLS_01129,EUREKA-VPL-010,nurse,2025-03-19 10:00:57.370319790,2025-03-19 10:01:02.545842310,STORE_C,B2.65 Berging,2.65,5.175522
RTLS_03651,EUREKA-VPL-026,nurse,2025-03-19 10:00:57.796697365,2025-03-19 10:01:13.508905083,ROOM_101,B2.74 1-bedskamer,2.74,15.712207
RTLS_00042,EUREKA-VPL-001,nurse,2025-03-19 10:00:58.371038905,2025-03-19 10:01:05.214015238,ROOM_109,B2.68 2-bedskamer,2.68,6.842976
RTLS_00973,EUREKA-VPL-009,nurse,2025-03-19 10:01:02.045713299,2025-03-19 10:03:04.768765924,NS_A,B2.71 Open wacht,2.71,122.723052
RTLS_01130,EUREKA-VPL-010,nurse,2025-03-19 10:01:02.545842310,2025-03-19 10:01:13.164072618,KITCHEN,B2.77 Keuken,2.77,10.61823
RTLS_00043,EUREKA-VPL-001,nurse,2025-03-19 10:01:05.214015238,2025-03-19 10:03:42.550834762,ROOM_105,B2.82 1-bedskamer,2.82,157.336819
RTLS_02230,EUREKA-VPL-018,nurse,2025-03-19 10:01:08.650868033,2025-03-19 10:05:41.920379108,NS_B,B2.71.01 Dienstplaats,2.71.01,273.269511
RTLS_05244,Voedingspomp 3,equipment,2025-03-19 10:01:10.000000000,2025-03-19 10:01:35.000000000,UTIL_A,B2.63 Utility,2.63,25.0
RTLS_00691,EUREKA-VPL-007,nurse,2025-03-19 10:01:12.740459793,2025-03-19 10:01:52.055222001,ROOM_105,B2.82 1-bedskamer,2.82,39.314762
RTLS_01131,EUREKA-VPL-010,nurse,2025-03-19 10:01:13.164072618,2025-03-19 10:01:32.365083993,ROOM_117,B2.54 2-bedskamer,2.54,19.201011
RTLS_03652,EUREKA-VPL-026,nurse,2025-03-19 10:01:13.508905083,2025-03-19 10:02:16.019598934,KITCHEN,B2.77 Keuken,2.77,62.510693
RTLS_02385,EUREKA-VPL-019,nurse,2025-03-19 10:01:17.084208533,2025-03-19 10:07:21.523773119,STORAGE,B2.61 Opslag,2.61,364.439564
RTLS_01415,EUREKA-VPL-012,nurse,2025-03-19 10:01:17.195967209,2025-03-19 10:01:44.364197516,ROOM_112,B2.83 2-bedskamer,2.83,27.16823
RTLS_00175,EUREKA-VPL-002,nurse,2025-03-19 10:01:26.943769958,2025-03-19 10:01:32.355439668,NS_B,B2.71.01 Dienstplaats,2.71.01,5.411669
RTLS_02850,EUREKA-VPL-022,nurse,2025-03-19 10:01:32.112534206,2025-03-19 10:01:34.499076113,ROOM_118,B2.60 2-bedskamer,2.60,2.3865410000000002
RTLS_00176,EUREKA-VPL-002,nurse,2025-03-19 10:01:32.355439668,2025-03-19 10:02:07.203482114,PREP_A,B2.71.02 Voorbereiding,2.71.02,34.848042
RTLS_01132,EUREKA-VPL-010,nurse,2025-03-19 10:01:32.365083993,2025-03-19 10:01:38.277150217,ROOM_114,B2.85 2-bedskamer,2.85,5.912066
RTLS_05460,Voedingspomp 5,equipment,2025-03-19 10:01:34.000000000,2025-03-19 10:02:09.000000000,UTIL_A,B2.63 Utility,2.63,35.0
RTLS_02851,EUREKA-VPL-022,nurse,2025-03-19 10:01:34.499076113,2025-03-19 10:08:18.979951843,ROOM_105,B2.82 1-bedskamer,2.82,404.480875
RTLS_04206,Infuuspomp 4,equipment,2025-03-19 10:01:35.000000000,2025-03-19 10:01:45.000000000,UTIL_B,B2.75 Utility,2.75,10.0
RTLS_01133,EUREKA-VPL-010,nurse,2025-03-19 10:01:38.277150217,2025-03-19 10:02:10.534011882,NS_A,B2.71 Open wacht,2.71,32.256861
RTLS_04731,Toiletstoel 1,equipment,2025-03-19 10:01:40.000000000,2025-03-19 10:02:09.000000000,UTIL_A,B2.63 Utility,2.63,29.0
RTLS_01416,EUREKA-VPL-012,nurse,2025-03-19 10:01:44.364197516,2025-03-19 10:01:53.876676154,ROOM_108,B2.66 2-bedskamer,2.66,9.512478
RTLS_00692,EUREKA-VPL-007,nurse,2025-03-19 10:01:52.055222001,2025-03-19 10:02:48.424767193,ROOM_101,B2.74 1-bedskamer,2.74,56.369545
RTLS_01417,EUREKA-VPL-012,nurse,2025-03-19 10:01:53.876676154,2025-03-19 10:02:19.355552816,ROOM_110,B2.79 2-bedskamer,2.79,25.478876
RTLS_01307,EUREKA-VPL-011,nurse,2025-03-19 10:01:58.972232280,2025-03-19 10:15:22.286332356,STORE_A,B2.53 Berging,2.53,803.3141
RTLS_00177,EUREKA-VPL-002,nurse,2025-03-19 10:02:07.203482114,2025-03-19 10:02:22.313934425,KITCHEN,B2.77 Keuken,2.77,15.110452
RTLS_04522,Glucosemeter 1,equipment,2025-03-19 10:02:08.000000000,2025-03-19 10:02:30.000000000,NS_A,B2.71 Open wacht,2.71,22.0
RTLS_01134,EUREKA-VPL-010,nurse,2025-03-19 10:02:10.534011882,2025-03-19 10:03:20.113401174,STORE_B,B2.59 Berging,2.59,69.579389
RTLS_04941,Toiletstoel 3,equipment,2025-03-19 10:02:14.000000000,2025-03-19 10:02:38.000000000,STORAGE,B2.61 Opslag,2.61,24.0
RTLS_03653,EUREKA-VPL-026,nurse,2025-03-19 10:02:16.019598934,2025-03-19 10:02:40.935747904,ROOM_113,B2.84 1-bedskamer,2.84,24.916148
RTLS_03897,Infuuspomp 1,equipment,2025-03-19 10:02:19.000000000,2025-03-19 10:02:49.000000000,UTIL_A,B2.63 Utility,2.63,30.0
RTLS_01418,EUREKA-VPL-012,nurse,2025-03-19 10:02:19.355552816,2025-03-19 10:02:42.962206866,ROOM_114,B2.85 2-bedskamer,2.85,23.606654
RTLS_00178,EUREKA-VPL-002,nurse,2025-03-19 10:02:22.313934425,2025-03-19 10:19:03.748739991,STORE_B,B2.59 Berging,2.59,1001.434805
RTLS_01497,EUREKA-VPL-013,nurse,2025-03-19 10:02:23.580714884,2025-03-19 10:03:09.142505307,KITCHEN,B2.77 Keuken,2.77,45.56179
RTLS_05354,Voedingspomp 4,equipment,2025-03-19 10:02:32.000000000,2025-03-19 10:03:01.000000000,UTIL_B,B2.75 Utility,2.75,29.0
RTLS_03654,EUREKA-VPL-026,nurse,2025-03-19 10:02:40.935747904,2025-03-19 10:03:25.000087018,ROOM_109,B2.68 2-bedskamer,2.68,44.064339
RTLS_01419,EUREKA-VPL-012,nurse,2025-03-19 10:02:42.962206866,2025-03-19 10:02:57.054236023,ROOM_102,B2.76 1-bedskamer,2.76,14.092029
RTLS_00693,EUREKA-VPL-007,nurse,2025-03-19 10:02:48.424767193,2025-03-19 10:03:14.922254382,ROOM_109,B2.68 2-bedskamer,2.68,26.497487
RTLS_01420,EUREKA-VPL-012,nurse,2025-03-19 10:02:57.054236023,2025-03-19 10:03:12.227049401,KITCHEN,B2.77 Keuken,2.77,15.172813
RTLS_03429,EUREKA-VPL-025,nurse,2025-03-19 10:03:04.328187493,2025-03-19 10:03:12.591633509,ROOM_106,B2.62 2-bedskamer,2.62,8.263446
RTLS_00974,EUREKA-VPL-009,nurse,2025-03-19 10:03:04.768765924,2025-03-19 10:03:07.389748750,ROOM_116,B2.56 2-bedskamer,2.56,2.620982
RTLS_00975,EUREKA-VPL-009,nurse,2025-03-19 10:03:07.389748750,2025-03-19 10:03:54.195728176,ROOM_112,B2.83 2-bedskamer,2.83,46.805979
RTLS_01498,EUREKA-VPL-013,nurse,2025-03-19 10:03:09.142505307,2025-03-19 10:10:03.381620645,PREP_A,B2.71.02 Voorbereiding,2.71.02,414.239115
RTLS_01630,EUREKA-VPL-014,nurse,2025-03-19 10:03:09.789117659,2025-03-19 10:04:06.219002148,ROOM_111,B2.81 2-bedskamer,2.81,56.429884
RTLS_01421,EUREKA-VPL-012,nurse,2025-03-19 10:03:12.227049401,2025-03-19 10:03:17.574025506,ROOM_108,B2.66 2-bedskamer,2.66,5.346976
RTLS_03430,EUREKA-VPL-025,nurse,2025-03-19 10:03:12.591633509,2025-03-19 10:06:41.611742518,ROOM_103,B2.78 1-bedskamer,2.78,209.020109
RTLS_05043,Voedingspomp 1,equipment,2025-03-19 10:03:13.000000000,2025-03-19 10:03:28.000000000,UTIL_A,B2.63 Utility,2.63,15.0
RTLS_00694,EUREKA-VPL-007,nurse,2025-03-19 10:03:14.922254382,2025-03-19 10:05:26.876140498,ROOM_115,B2.58 2-bedskamer,2.58,131.953886
RTLS_01422,EUREKA-VPL-012,nurse,2025-03-19 10:03:17.574025506,2025-03-19 10:10:07.429445616,STORE_A,B2.53 Berging,2.53,409.85542
RTLS_02580,EUREKA-VPL-020,nurse,2025-03-19 10:03:19.435067124,2025-03-19 10:03:37.218333161,ROOM_104,B2.80 1-bedskamer,2.80,17.783266
RTLS_01135,EUREKA-VPL-010,nurse,2025-03-19 10:03:20.113401174,2025-03-19 10:03:44.221379224,ROOM_113,B2.84 1-bedskamer,2.84,24.107978
RTLS_03655,EUREKA-VPL-026,nurse,2025-03-19 10:03:25.000087018,2025-03-19 10:03:36.523785677,ROOM_113,B2.84 1-bedskamer,2.84,11.523698
RTLS_03656,EUREKA-VPL-026,nurse,2025-03-19 10:03:36.523785677,2025-03-19 10:03:49.099154546,KITCHEN,B2.77 Keuken,2.77,12.575368
RTLS_04311,Spuitaandrijver,equipment,2025-03-19 10:03:37.000000000,2025-03-19 10:03:52.000000000,UTIL_B,B2.75 Utility,2.75,15.0
RTLS_02581,EUREKA-VPL-020,nurse,2025-03-19 10:03:37.218333161,2025-03-19 10:05:35.939250954,ROOM_117,B2.54 2-bedskamer,2.54,118.720917
RTLS_03230,EUREKA-VPL-024,nurse,2025-03-19 10:03:38.716328378,2025-03-19 10:06:27.441952615,PREP_B,B2.71.02 Voorbereiding,2.71.02,168.725624
RTLS_00044,EUREKA-VPL-001,nurse,2025-03-19 10:03:42.550834762,2025-03-19 10:03:57.493560598,ROOM_106,B2.62 2-bedskamer,2.62,14.942725
RTLS_04004,Infuuspomp 2,equipment,2025-03-19 10:03:44.000000000,2025-03-19 10:03:57.000000000,UTIL_A,B2.63 Utility,2.63,13.0
RTLS_01136,EUREKA-VPL-010,nurse,2025-03-19 10:03:44.221379224,2025-03-19 10:04:50.479448688,ROOM_106,B2.62 2-bedskamer,2.62,66.258069
RTLS_03657,EUREKA-VPL-026,nurse,2025-03-19 10:03:49.099154546,2025-03-19 10:04:12.092678868,ROOM_107,B2.64 2-bedskamer,2.64,22.993524
RTLS_01792,EUREKA-VPL-015,nurse,2025-03-19 10:03:49.997713160,2025-03-19 10:04:58.242402991,NS_A,B2.71 Open wacht,2.71,68.244689
RTLS_00976,EUREKA-VPL-009,nurse,2025-03-19 10:03:54.195728176,2025-03-19 10:04:09.740165248,UTIL_A,B2.63 Utility,2.63,15.544437
RTLS_00045,EUREKA-VPL-001,nurse,2025-03-19 10:03:57.493560598,2025-03-19 10:04:04.068127643,ROOM_114,B2.85 2-bedskamer,2.85,6.574567
RTLS_00046,EUREKA-VPL-001,nurse,2025-03-19 10:04:04.068127643,2025-03-19 10:04:22.585414414,ROOM_102,B2.76 1-bedskamer,2.76,18.517286
RTLS_01631,EUREKA-VPL-014,nurse,2025-03-19 10:04:06.219002148,2025-03-19 10:04:26.598638612,ROOM_102,B2.76 1-bedskamer,2.76,20.379636
RTLS_00977,EUREKA-VPL-009,nurse,2025-03-19 10:04:09.740165248,2025-03-19 10:14:52.296725579,STORE_C,B2.65 Berging,2.65,642.55656
RTLS_03658,EUREKA-VPL-026,nurse,2025-03-19 10:04:12.092678868,2025-03-19 10:10:53.841557388,ROOM_118,B2.60 2-bedskamer,2.60,401.748878
RTLS_00047,EUREKA-VPL-001,nurse,2025-03-19 10:04:22.585414414,2025-03-19 10:04:37.898802938,ROOM_103,B2.78 1-bedskamer,2.78,15.313388
RTLS_00843,EUREKA-VPL-008,nurse,2025-03-19 10:04:23.797852079,2025-03-19 10:08:16.710395486,ROOM_107,B2.64 2-bedskamer,2.64,232.912543
RTLS_01632,EUREKA-VPL-014,nurse,2025-03-19 10:04:26.598638612,2025-03-19 10:04:46.084444082,ROOM_117,B2.54 2-bedskamer,2.54,19.485805
RTLS_00048,EUREKA-VPL-001,nurse,2025-03-19 10:04:37.898802938,2025-03-19 10:04:40.305274449,NS_B,B2.71.01 Dienstplaats,2.71.01,2.406471
RTLS_00049,EUREKA-VPL-001,nurse,2025-03-19 10:04:40.305274449,2025-03-19 10:04:50.821556158,KITCHEN,B2.77 Keuken,2.77,10.516281
RTLS_01633,EUREKA-VPL-014,nurse,2025-03-19 10:04:46.084444082,2025-03-19 10:05:25.509050690,STORE_B,B2.59 Berging,2.59,39.424606
RTLS_04104,Infuuspomp 3,equipment,2025-03-19 10:04:47.000000000,2025-03-19 10:05:05.000000000,UTIL_B,B2.75 Utility,2.75,18.0
RTLS_01137,EUREKA-VPL-010,nurse,2025-03-19 10:04:50.479448688,2025-03-19 10:08:01.589909269,ROOM_111,B2.81 2-bedskamer,2.81,191.11046
RTLS_00050,EUREKA-VPL-001,nurse,2025-03-19 10:04:50.821556158,2025-03-19 10:05:52.026453109,UTIL_B,B2.75 Utility,2.75,61.204896
RTLS_04416,Bladderscan,equipment,2025-03-19 10:04:58.000000000,2025-03-19 10:05:08.000000000,UTIL_A,B2.63 Utility,2.63,10.0
RTLS_01793,EUREKA-VPL-015,nurse,2025-03-19 10:04:58.242402991,2025-03-19 10:06:25.323572140,KITCHEN,B2.77 Keuken,2.77,87.081169
RTLS_05149,Voedingspomp 2,equipment,2025-03-19 10:05:20.000000000,2025-03-19 10:05:28.000000000,UTIL_B,B2.75 Utility,2.75,8.0
RTLS_01634,EUREKA-VPL-014,nurse,2025-03-19 10:05:25.509050690,2025-03-19 10:05:48.846623064,KITCHEN,B2.77 Keuken,2.77,23.337572
RTLS_00695,EUREKA-VPL-007,nurse,2025-03-19 10:05:26.876140498,2025-03-19 10:15:04.486233262,PREP_A,B2.71.02 Voorbereiding,2.71.02,577.610092
RTLS_02582,EUREKA-VPL-020,nurse,2025-03-19 10:05:35.939250954,2025-03-19 10:05:43.130886851,ROOM_101,B2.74 1-bedskamer,2.74,7.191635
RTLS_02063,EUREKA-VPL-017,nurse,2025-03-19 10:05:38.466941447,2025-03-19 10:06:00.182861488,KITCHEN,B2.77 Keuken,2.77,21.71592
RTLS_02231,EUREKA-VPL-018,nurse,2025-03-19 10:05:41.920379108,2025-03-19 10:20:30.487548198,PREP_B,B2.71.02 Voorbereiding,2.71.02,888.567169
RTLS_02583,EUREKA-VPL-020,nurse,2025-03-19 10:05:43.130886851,2025-03-19 10:06:20.999832103,KITCHEN,B2.77 Keuken,2.77,37.868945
RTLS_04626,Glucosemeter 2,equipment,2025-03-19 10:05:48.000000000,2025-03-19 10:06:10.000000000,NS_B,B2.71.01 Dienstplaats,2.71.01,22.0
RTLS_01635,EUREKA-VPL-014,nurse,2025-03-19 10:05:48.846623064,2025-03-19 10:14:22.186629800,ROOM_101,B2.74 1-bedskamer,2.74,513.340006
RTLS_00051,EUREKA-VPL-001,nurse,2025-03-19 10:05:52.026453109,2025-03-19 10:07:27.172227656,UTIL_B,B2.75 Utility,2.75,95.145774
RTLS_04523,Glucosemeter 1,equipment,2025-03-19 10:05:57.000000000,2025-03-19 10:06:17.000000000,NS_A,B2.71 Open wacht,2.71,20.0
RTLS_02064,EUREKA-VPL-017,nurse,2025-03-19 10:06:00.182861488,2025-03-19 10:13:29.489799550,ROOM_101,B2.74 1-bedskamer,2.74,449.306938
RTLS_04105,Infuuspomp 3,equipment,2025-03-19 10:06:17.000000000,2025-03-19 10:06:32.000000000,UTIL_B,B2.75 Utility,2.75,15.0
RTLS_02584,EUREKA-VPL-020,nurse,2025-03-19 10:06:20.999832103,2025-03-19 10:07:22.968093368,ROOM_107,B2.64 2-bedskamer,2.64,61.968261
RTLS_00533,EUREKA-VPL-006,nurse,2025-03-19 10:06:24.331964965,2025-03-19 10:06:32.623931799,KITCHEN,B2.77 Keuken,2.77,8.291966
RTLS_01794,EUREKA-VPL-015,nurse,2025-03-19 10:06:25.323572140,2025-03-19 10:19:48.992678889,STORE_B,B2.59 Berging,2.59,803.669106
RTLS_03231,EUREKA-VPL-024,nurse,2025-03-19 10:06:27.441952615,2025-03-19 10:06:52.677003404,NS_B,B2.71.01 Dienstplaats,2.71.01,25.23505
RTLS_04312,Spuitaandrijver,equipment,2025-03-19 10:06:28.000000000,2025-03-19 10:06:33.000000000,UTIL_B,B2.75 Utility,2.75,5.0
RTLS_03898,Infuuspomp 1,equipment,2025-03-19 10:06:29.000000000,2025-03-19 10:06:45.000000000,UTIL_A,B2.63 Utility,2.63,16.0
RTLS_05044,Voedingspomp 1,equipment,2025-03-19 10:06:32.000000000,2025-03-19 10:07:02.000000000,UTIL_A,B2.63 Utility,2.63,30.0
RTLS_00534,EUREKA-VPL-006,nurse,2025-03-19 10:06:32.623931799,2025-03-19 10:06:48.466840912,NS_A,B2.71 Open wacht,2.71,15.842909
RTLS_04942,Toiletstoel 3,equipment,2025-03-19 10:06:36.000000000,2025-03-19 10:06:57.000000000,STORAGE,B2.61 Opslag,2.61,21.0
RTLS_03431,EUREKA-VPL-025,nurse,2025-03-19 10:06:41.611742518,2025-03-19 10:07:53.263864570,ROOM_111,B2.81 2-bedskamer,2.81,71.652122
RTLS_03854,Medicatiekar groen,equipment,2025-03-19 10:06:41.611742518,2025-03-19 10:07:53.263864570,ROOM_111,B2.81 2-bedskamer,2.81,71.652122
RTLS_00535,EUREKA-VPL-006,nurse,2025-03-19 10:06:48.466840912,2025-03-19 10:11:42.790534051,ROOM_106,B2.62 2-bedskamer,2.62,294.323693
RTLS_03232,EUREKA-VPL-024,nurse,2025-03-19 10:06:52.677003404,2025-03-19 10:07:00.539417981,ROOM_112,B2.83 2-bedskamer,2.83,7.862414
RTLS_03233,EUREKA-VPL-024,nurse,2025-03-19 10:07:00.539417981,2025-03-19 10:07:15.533483451,ROOM_104,B2.80 1-bedskamer,2.80,14.994064999999999
RTLS_03234,EUREKA-VPL-024,nurse,2025-03-19 10:07:15.533483451,2025-03-19 10:07:18.651927661,ROOM_117,B2.54 2-bedskamer,2.54,3.118444
RTLS_03235,EUREKA-VPL-024,nurse,2025-03-19 10:07:18.651927661,2025-03-19 10:07:28.471683939,ROOM_101,B2.74 1-bedskamer,2.74,9.819756
RTLS_02386,EUREKA-VPL-019,nurse,2025-03-19 10:07:21.523773119,2025-03-19 10:07:40.499963620,ROOM_117,B2.54 2-bedskamer,2.54,18.97619
RTLS_02585,EUREKA-VPL-020,nurse,2025-03-19 10:07:22.968093368,2025-03-19 10:07:29.790691793,KITCHEN,B2.77 Keuken,2.77,6.822598
RTLS_00052,EUREKA-VPL-001,nurse,2025-03-19 10:07:27.172227656,2025-03-19 10:07:43.110868346,KITCHEN,B2.77 Keuken,2.77,15.93864
RTLS_03236,EUREKA-VPL-024,nurse,2025-03-19 10:07:28.471683939,2025-03-19 10:08:08.879529974,KITCHEN,B2.77 Keuken,2.77,40.407846
RTLS_02586,EUREKA-VPL-020,nurse,2025-03-19 10:07:29.790691793,2025-03-19 10:08:46.652849202,ROOM_113,B2.84 1-bedskamer,2.84,76.862157
RTLS_04838,Toiletstoel 2,equipment,2025-03-19 10:07:30.000000000,2025-03-19 10:07:58.000000000,UTIL_B,B2.75 Utility,2.75,28.0
RTLS_05245,Voedingspomp 3,equipment,2025-03-19 10:07:37.000000000,2025-03-19 10:08:01.000000000,UTIL_A,B2.63 Utility,2.63,24.0
RTLS_02387,EUREKA-VPL-019,nurse,2025-03-19 10:07:40.499963620,2025-03-19 10:09:31.523694503,STORE_B,B2.59 Berging,2.59,111.02373
RTLS_00053,EUREKA-VPL-001,nurse,2025-03-19 10:07:43.110868346,2025-03-19 10:08:17.020060911,ROOM_112,B2.83 2-bedskamer,2.83,33.909192
RTLS_03432,EUREKA-VPL-025,nurse,2025-03-19 10:07:53.263864570,2025-03-19 10:08:05.560199705,ROOM_118,B2.60 2-bedskamer,2.60,12.296335
RTLS_05461,Voedingspomp 5,equipment,2025-03-19 10:07:57.000000000,2025-03-19 10:08:20.000000000,UTIL_A,B2.63 Utility,2.63,23.0
RTLS_01138,EUREKA-VPL-010,nurse,2025-03-19 10:08:01.589909269,2025-03-19 10:08:51.032461428,ROOM_105,B2.82 1-bedskamer,2.82,49.442552
RTLS_03433,EUREKA-VPL-025,nurse,2025-03-19 10:08:05.560199705,2025-03-19 10:09:04.980738299,ROOM_106,B2.62 2-bedskamer,2.62,59.420538
RTLS_03237,EUREKA-VPL-024,nurse,2025-03-19 10:08:08.879529974,2025-03-19 10:08:20.093199515,ROOM_117,B2.54 2-bedskamer,2.54,11.213669
RTLS_00844,EUREKA-VPL-008,nurse,2025-03-19 10:08:16.710395486,2025-03-19 10:08:38.316304974,NS_A,B2.71 Open wacht,2.71,21.605909
RTLS_00054,EUREKA-VPL-001,nurse,2025-03-19 10:08:17.020060911,2025-03-19 10:11:08.360579198,ROOM_104,B2.80 1-bedskamer,2.80,171.340518
RTLS_02852,EUREKA-VPL-022,nurse,2025-03-19 10:08:18.979951843,2025-03-19 10:14:25.054819968,KITCHEN,B2.77 Keuken,2.77,366.074868
RTLS_03238,EUREKA-VPL-024,nurse,2025-03-19 10:08:20.093199515,2025-03-19 10:09:07.328351556,ROOM_113,B2.84 1-bedskamer,2.84,47.235152
RTLS_03055,EUREKA-VPL-023,nurse,2025-03-19 10:08:26.776145231,2025-03-19 10:11:12.641450073,STORAGE,B2.61 Opslag,2.61,165.865304
RTLS_00845,EUREKA-VPL-008,nurse,2025-03-19 10:08:38.316304974,2025-03-19 10:08:46.426802135,ROOM_103,B2.78 1-bedskamer,2.78,8.110497
RTLS_00846,EUREKA-VPL-008,nurse,2025-03-19 10:08:46.426802135,2025-03-19 10:09:19.309550763,ROOM_101,B2.74 1-bedskamer,2.74,32.882748
RTLS_02587,EUREKA-VPL-020,nurse,2025-03-19 10:08:46.652849202,2025-03-19 10:09:09.813228770,KITCHEN,B2.77 Keuken,2.77,23.160379
RTLS_04207,Infuuspomp 4,equipment,2025-03-19 10:08:48.000000000,2025-03-19 10:09:18.000000000,UTIL_B,B2.75 Utility,2.75,30.0
RTLS_01139,EUREKA-VPL-010,nurse,2025-03-19 10:08:51.032461428,2025-03-19 10:09:08.671247093,ROOM_101,B2.74 1-bedskamer,2.74,17.638785
RTLS_04313,Spuitaandrijver,equipment,2025-03-19 10:08:56.000000000,2025-03-19 10:09:17.000000000,UTIL_B,B2.75 Utility,2.75,21.0
RTLS_03434,EUREKA-VPL-025,nurse,2025-03-19 10:09:04.980738299,2025-03-19 10:14:51.761328899,NS_A,B2.71 Open wacht,2.71,346.78059
RTLS_03239,EUREKA-VPL-024,nurse,2025-03-19 10:09:07.328351556,2025-03-19 10:09:26.045721678,KITCHEN,B2.77 Keuken,2.77,18.71737
RTLS_01140,EUREKA-VPL-010,nurse,2025-03-19 10:09:08.671247093,2025-03-19 10:12:31.794607591,STORE_A,B2.53 Berging,2.53,203.12336
RTLS_02588,EUREKA-VPL-020,nurse,2025-03-19 10:09:09.813228770,2025-03-19 10:09:16.766133836,ROOM_105,B2.82 1-bedskamer,2.82,6.952905
RTLS_02589,EUREKA-VPL-020,nurse,2025-03-19 10:09:16.766133836,2025-03-19 10:09:19.924247132,ROOM_109,B2.68 2-bedskamer,2.68,3.158113
RTLS_00847,EUREKA-VPL-008,nurse,2025-03-19 10:09:19.309550763,2025-03-19 10:09:32.916394040,NS_B,B2.71.01 Dienstplaats,2.71.01,13.606843
RTLS_02590,EUREKA-VPL-020,nurse,2025-03-19 10:09:19.924247132,2025-03-19 10:09:20.924247132,PREP_B,B2.71.02 Voorbereiding,2.71.02,1.0
RTLS_02591,EUREKA-VPL-020,nurse,2025-03-19 10:09:20.924247132,2025-03-19 10:09:24.446438957,ROOM_115,B2.58 2-bedskamer,2.58,3.522191
RTLS_02592,EUREKA-VPL-020,nurse,2025-03-19 10:09:24.446438957,2025-03-19 10:13:20.804854470,NS_A,B2.71 Open wacht,2.71,236.358415
RTLS_03240,EUREKA-VPL-024,nurse,2025-03-19 10:09:26.045721678,2025-03-19 10:09:50.161979779,ROOM_105,B2.82 1-bedskamer,2.82,24.116258
RTLS_04732,Toiletstoel 1,equipment,2025-03-19 10:09:27.000000000,2025-03-19 10:09:45.000000000,UTIL_A,B2.63 Utility,2.63,18.0
RTLS_02388,EUREKA-VPL-019,nurse,2025-03-19 10:09:31.523694503,2025-03-19 10:14:21.885490044,BATHROOM,B2.57 Stortbad,2.57,290.361795
RTLS_00848,EUREKA-VPL-008,nurse,2025-03-19 10:09:32.916394040,2025-03-19 10:13:17.571312174,UTIL_A,B2.63 Utility,2.63,224.654918
RTLS_05045,Voedingspomp 1,equipment,2025-03-19 10:09:33.000000000,2025-03-19 10:09:48.000000000,UTIL_A,B2.63 Utility,2.63,15.0
RTLS_04005,Infuuspomp 2,equipment,2025-03-19 10:09:35.000000000,2025-03-19 10:09:54.000000000,UTIL_A,B2.63 Utility,2.63,19.0
RTLS_03241,EUREKA-VPL-024,nurse,2025-03-19 10:09:50.161979779,2025-03-19 10:11:46.268912020,ROOM_118,B2.60 2-bedskamer,2.60,116.106932
RTLS_05355,Voedingspomp 4,equipment,2025-03-19 10:09:53.000000000,2025-03-19 10:10:15.000000000,UTIL_B,B2.75 Utility,2.75,22.0
RTLS_00410,EUREKA-VPL-005,nurse,2025-03-19 10:10:02.055608705,2025-03-19 10:10:46.360029476,ROOM_114,B2.85 2-bedskamer,2.85,44.30442
RTLS_01499,EUREKA-VPL-013,nurse,2025-03-19 10:10:03.381620645,2025-03-19 10:10:10.080400603,ROOM_105,B2.82 1-bedskamer,2.82,6.698779
RTLS_01500,EUREKA-VPL-013,nurse,2025-03-19 10:10:10.080400603,2025-03-19 10:10:11.401929194,UTIL_B,B2.75 Utility,2.75,1.321528
RTLS_01501,EUREKA-VPL-013,nurse,2025-03-19 10:10:11.401929194,2025-03-19 10:10:48.286310160,STORE_C,B2.65 Berging,2.65,36.88438
RTLS_04839,Toiletstoel 2,equipment,2025-03-19 10:10:12.000000000,2025-03-19 10:10:47.000000000,UTIL_B,B2.75 Utility,2.75,35.0
RTLS_05246,Voedingspomp 3,equipment,2025-03-19 10:10:18.000000000,2025-03-19 10:10:55.000000000,UTIL_A,B2.63 Utility,2.63,37.0
RTLS_02693,EUREKA-VPL-021,nurse,2025-03-19 10:10:40.197105347,2025-03-19 10:11:12.528119554,NS_A,B2.71 Open wacht,2.71,32.331014
RTLS_01915,EUREKA-VPL-016,nurse,2025-03-19 10:10:42.508549198,2025-03-19 10:10:49.239539099,ROOM_115,B2.58 2-bedskamer,2.58,6.730989
RTLS_00411,EUREKA-VPL-005,nurse,2025-03-19 10:10:46.360029476,2025-03-19 10:11:10.962277810,KITCHEN,B2.77 Keuken,2.77,24.602248
RTLS_01502,EUREKA-VPL-013,nurse,2025-03-19 10:10:48.286310160,2025-03-19 10:25:33.800416860,STORE_A,B2.53 Berging,2.53,885.514106
RTLS_01916,EUREKA-VPL-016,nurse,2025-03-19 10:10:49.239539099,2025-03-19 10:11:06.316553222,ROOM_106,B2.62 2-bedskamer,2.62,17.077014
RTLS_05150,Voedingspomp 2,equipment,2025-03-19 10:10:53.000000000,2025-03-19 10:10:58.000000000,UTIL_B,B2.75 Utility,2.75,5.0
RTLS_03659,EUREKA-VPL-026,nurse,2025-03-19 10:10:53.841557388,2025-03-19 10:11:38.845616907,KITCHEN,B2.77 Keuken,2.77,45.004059
RTLS_04106,Infuuspomp 3,equipment,2025-03-19 10:11:01.000000000,2025-03-19 10:11:18.000000000,UTIL_B,B2.75 Utility,2.75,17.0
RTLS_01917,EUREKA-VPL-016,nurse,2025-03-19 10:11:06.316553222,2025-03-19 10:11:25.809117243,ROOM_110,B2.79 2-bedskamer,2.79,19.492564
RTLS_00055,EUREKA-VPL-001,nurse,2025-03-19 10:11:08.360579198,2025-03-19 10:13:05.606703445,KITCHEN,B2.77 Keuken,2.77,117.246124
RTLS_00412,EUREKA-VPL-005,nurse,2025-03-19 10:11:10.962277810,2025-03-19 10:11:34.537683096,ROOM_110,B2.79 2-bedskamer,2.79,23.575405
RTLS_02694,EUREKA-VPL-021,nurse,2025-03-19 10:11:12.528119554,2025-03-19 10:12:29.693046400,BATH_B,B2.55 Badkamer,2.55,77.164926
RTLS_03056,EUREKA-VPL-023,nurse,2025-03-19 10:11:12.641450073,2025-03-19 10:13:31.074602455,ROOM_102,B2.76 1-bedskamer,2.76,138.433152
RTLS_04733,Toiletstoel 1,equipment,2025-03-19 10:11:22.000000000,2025-03-19 10:11:30.000000000,UTIL_A,B2.63 Utility,2.63,8.0
RTLS_01918,EUREKA-VPL-016,nurse,2025-03-19 10:11:25.809117243,2025-03-19 10:12:39.424336803,NS_B,B2.71.01 Dienstplaats,2.71.01,73.615219
RTLS_05046,Voedingspomp 1,equipment,2025-03-19 10:11:34.000000000,2025-03-19 10:12:02.000000000,UTIL_A,B2.63 Utility,2.63,28.0
RTLS_00413,EUREKA-VPL-005,nurse,2025-03-19 10:11:34.537683096,2025-03-19 10:11:51.774404386,ROOM_118,B2.60 2-bedskamer,2.60,17.236721
RTLS_04417,Bladderscan,equipment,2025-03-19 10:11:36.000000000,2025-03-19 10:12:02.000000000,UTIL_A,B2.63 Utility,2.63,26.0
RTLS_03660,EUREKA-VPL-026,nurse,2025-03-19 10:11:38.845616907,2025-03-19 10:12:11.516740360,ROOM_114,B2.85 2-bedskamer,2.85,32.671123
RTLS_04627,Glucosemeter 2,equipment,2025-03-19 10:11:40.000000000,2025-03-19 10:11:49.000000000,NS_B,B2.71.01 Dienstplaats,2.71.01,9.0
RTLS_00536,EUREKA-VPL-006,nurse,2025-03-19 10:11:42.790534051,2025-03-19 10:12:50.858244695,KITCHEN,B2.77 Keuken,2.77,68.06771
RTLS_03242,EUREKA-VPL-024,nurse,2025-03-19 10:11:46.268912020,2025-03-19 10:12:50.302276908,ROOM_112,B2.83 2-bedskamer,2.83,64.033364
RTLS_00414,EUREKA-VPL-005,nurse,2025-03-19 10:11:51.774404386,2025-03-19 10:12:54.115913643,KITCHEN,B2.77 Keuken,2.77,62.341509
RTLS_04107,Infuuspomp 3,equipment,2025-03-19 10:12:08.000000000,2025-03-19 10:12:45.000000000,UTIL_B,B2.75 Utility,2.75,37.0
RTLS_03661,EUREKA-VPL-026,nurse,2025-03-19 10:12:11.516740360,2025-03-19 10:12:40.120046207,ROOM_113,B2.84 1-bedskamer,2.84,28.603305
RTLS_04524,Glucosemeter 1,equipment,2025-03-19 10:12:14.000000000,2025-03-19 10:12:46.000000000,NS_A,B2.71 Open wacht,2.71,32.0
RTLS_04943,Toiletstoel 3,equipment,2025-03-19 10:12:20.000000000,2025-03-19 10:12:27.000000000,STORAGE,B2.61 Opslag,2.61,7.0
RTLS_03899,Infuuspomp 1,equipment,2025-03-19 10:12:22.000000000,2025-03-19 10:12:36.000000000,UTIL_A,B2.63 Utility,2.63,14.0
RTLS_02695,EUREKA-VPL-021,nurse,2025-03-19 10:12:29.693046400,2025-03-19 10:13:07.491813394,ROOM_105,B2.82 1-bedskamer,2.82,37.798766
RTLS_05247,Voedingspomp 3,equipment,2025-03-19 10:12:30.000000000,2025-03-19 10:13:01.000000000,UTIL_A,B2.63 Utility,2.63,31.0
RTLS_01141,EUREKA-VPL-010,nurse,2025-03-19 10:12:31.794607591,2025-03-19 10:14:54.962252285,ROOM_104,B2.80 1-bedskamer,2.80,143.167644
RTLS_01919,EUREKA-VPL-016,nurse,2025-03-19 10:12:39.424336803,2025-03-19 10:12:59.188477328,ROOM_117,B2.54 2-bedskamer,2.54,19.76414
RTLS_03662,EUREKA-VPL-026,nurse,2025-03-19 10:12:40.120046207,2025-03-19 10:13:19.519110008,ROOM_112,B2.83 2-bedskamer,2.83,39.399063
RTLS_03243,EUREKA-VPL-024,nurse,2025-03-19 10:12:50.302276908,2025-03-19 10:14:08.401112962,KITCHEN,B2.77 Keuken,2.77,78.098836
RTLS_00537,EUREKA-VPL-006,nurse,2025-03-19 10:12:50.858244695,2025-03-19 10:13:03.989178632,ROOM_114,B2.85 2-bedskamer,2.85,13.130933
RTLS_00415,EUREKA-VPL-005,nurse,2025-03-19 10:12:54.115913643,2025-03-19 10:13:15.440260595,ROOM_109,B2.68 2-bedskamer,2.68,21.324346
RTLS_01920,EUREKA-VPL-016,nurse,2025-03-19 10:12:59.188477328,2025-03-19 10:13:01.280624937,ROOM_116,B2.56 2-bedskamer,2.56,2.092147
RTLS_01921,EUREKA-VPL-016,nurse,2025-03-19 10:13:01.280624937,2025-03-19 10:13:06.803113976,ROOM_109,B2.68 2-bedskamer,2.68,5.522489
RTLS_00538,EUREKA-VPL-006,nurse,2025-03-19 10:13:03.989178632,2025-03-19 10:13:11.909308735,KITCHEN,B2.77 Keuken,2.77,7.92013
RTLS_00056,EUREKA-VPL-001,nurse,2025-03-19 10:13:05.606703445,2025-03-19 10:13:24.218675814,NS_A,B2.71 Open wacht,2.71,18.611972
RTLS_01922,EUREKA-VPL-016,nurse,2025-03-19 10:13:06.803113976,2025-03-19 10:13:27.187529490,ROOM_104,B2.80 1-bedskamer,2.80,20.384415
RTLS_02696,EUREKA-VPL-021,nurse,2025-03-19 10:13:07.491813394,2025-03-19 10:16:34.517740651,KITCHEN,B2.77 Keuken,2.77,207.025927
RTLS_00539,EUREKA-VPL-006,nurse,2025-03-19 10:13:11.909308735,2025-03-19 10:23:59.930237427,PREP_B,B2.71.02 Voorbereiding,2.71.02,648.020928
RTLS_00416,EUREKA-VPL-005,nurse,2025-03-19 10:13:15.440260595,2025-03-19 10:13:26.955473819,PREP_A,B2.71.02 Voorbereiding,2.71.02,11.515213
RTLS_00849,EUREKA-VPL-008,nurse,2025-03-19 10:13:17.571312174,2025-03-19 10:13:45.672007243,ROOM_117,B2.54 2-bedskamer,2.54,28.100695
RTLS_03663,EUREKA-VPL-026,nurse,2025-03-19 10:13:19.519110008,2025-03-19 10:20:19.591243357,STORE_B,B2.59 Berging,2.59,420.072133
RTLS_00057,EUREKA-VPL-001,nurse,2025-03-19 10:13:24.218675814,2025-03-19 10:14:58.347997713,PREP_A,B2.71.02 Voorbereiding,2.71.02,94.129321
RTLS_00417,EUREKA-VPL-005,nurse,2025-03-19 10:13:26.955473819,2025-03-19 10:21:42.155228531,NS_A,B2.71 Open wacht,2.71,495.199754
RTLS_01923,EUREKA-VPL-016,nurse,2025-03-19 10:13:27.187529490,2025-03-19 10:13:54.775847247,ROOM_103,B2.78 1-bedskamer,2.78,27.588317
RTLS_02065,EUREKA-VPL-017,nurse,2025-03-19 10:13:29.489799550,2025-03-19 10:13:55.830682042,UTIL_A,B2.63 Utility,2.63,26.340882
RTLS_03057,EUREKA-VPL-023,nurse,2025-03-19 10:13:31.074602455,2025-03-19 10:18:52.523460292,ROOM_117,B2.54 2-bedskamer,2.54,321.448857
RTLS_05462,Voedingspomp 5,equipment,2025-03-19 10:13:41.000000000,2025-03-19 10:13:56.000000000,UTIL_A,B2.63 Utility,2.63,15.0
RTLS_00850,EUREKA-VPL-008,nurse,2025-03-19 10:13:45.672007243,2025-03-19 10:14:23.874868926,ROOM_105,B2.82 1-bedskamer,2.82,38.202861
RTLS_05356,Voedingspomp 4,equipment,2025-03-19 10:13:49.000000000,2025-03-19 10:14:21.000000000,UTIL_B,B2.75 Utility,2.75,32.0
RTLS_01924,EUREKA-VPL-016,nurse,2025-03-19 10:13:54.775847247,2025-03-19 10:13:59.359202399,ROOM_109,B2.68 2-bedskamer,2.68,4.583355
RTLS_02066,EUREKA-VPL-017,nurse,2025-03-19 10:13:55.830682042,2025-03-19 10:14:07.518341974,ROOM_109,B2.68 2-bedskamer,2.68,11.687659
RTLS_01925,EUREKA-VPL-016,nurse,2025-03-19 10:13:59.359202399,2025-03-19 10:14:25.682219983,KITCHEN,B2.77 Keuken,2.77,26.323017
RTLS_02067,EUREKA-VPL-017,nurse,2025-03-19 10:14:07.518341974,2025-03-19 10:14:25.571458914,ROOM_115,B2.58 2-bedskamer,2.58,18.053116
RTLS_03244,EUREKA-VPL-024,nurse,2025-03-19 10:14:08.401112962,2025-03-19 10:26:38.837173052,PREP_B,B2.71.02 Voorbereiding,2.71.02,750.43606
RTLS_02389,EUREKA-VPL-019,nurse,2025-03-19 10:14:21.885490044,2025-03-19 10:16:43.916254729,UTIL_B,B2.75 Utility,2.75,142.030764
RTLS_01636,EUREKA-VPL-014,nurse,2025-03-19 10:14:22.186629800,2025-03-19 10:15:47.203084377,ROOM_108,B2.66 2-bedskamer,2.66,85.016454
RTLS_00851,EUREKA-VPL-008,nurse,2025-03-19 10:14:23.874868926,2025-03-19 10:14:35.548289641,STORE_C,B2.65 Berging,2.65,11.67342
RTLS_02853,EUREKA-VPL-022,nurse,2025-03-19 10:14:25.054819968,2025-03-19 10:19:33.581708807,ROOM_111,B2.81 2-bedskamer,2.81,308.526888
RTLS_02068,EUREKA-VPL-017,nurse,2025-03-19 10:14:25.571458914,2025-03-19 10:15:23.392915744,ROOM_104,B2.80 1-bedskamer,2.80,57.821456
RTLS_01926,EUREKA-VPL-016,nurse,2025-03-19 10:14:25.682219983,2025-03-19 10:15:55.959321856,ROOM_104,B2.80 1-bedskamer,2.80,90.277101
RTLS_00852,EUREKA-VPL-008,nurse,2025-03-19 10:14:35.548289641,2025-03-19 10:15:21.519706928,ROOM_118,B2.60 2-bedskamer,2.60,45.971417
RTLS_04208,Infuuspomp 4,equipment,2025-03-19 10:14:40.000000000,2025-03-19 10:14:53.000000000,UTIL_B,B2.75 Utility,2.75,13.0
RTLS_03435,EUREKA-VPL-025,nurse,2025-03-19 10:14:51.761328899,2025-03-19 10:15:29.960205991,ROOM_105,B2.82 1-bedskamer,2.82,38.198877
RTLS_00978,EUREKA-VPL-009,nurse,2025-03-19 10:14:52.296725579,2025-03-19 10:15:16.169728629,NS_B,B2.71.01 Dienstplaats,2.71.01,23.873003
RTLS_01142,EUREKA-VPL-010,nurse,2025-03-19 10:14:54.962252285,2025-03-19 10:16:37.135406458,ROOM_115,B2.58 2-bedskamer,2.58,102.173154
RTLS_00058,EUREKA-VPL-001,nurse,2025-03-19 10:14:58.347997713,2025-03-19 10:15:39.167033317,NS_A,B2.71 Open wacht,2.71,40.819035
RTLS_04314,Spuitaandrijver,equipment,2025-03-19 10:14:59.000000000,2025-03-19 10:15:14.000000000,UTIL_B,B2.75 Utility,2.75,15.0
RTLS_00696,EUREKA-VPL-007,nurse,2025-03-19 10:15:04.486233262,2025-03-19 10:16:59.329949472,ROOM_116,B2.56 2-bedskamer,2.56,114.843716
RTLS_05248,Voedingspomp 3,equipment,2025-03-19 10:15:15.000000000,2025-03-19 10:15:45.000000000,UTIL_A,B2.63 Utility,2.63,30.0
RTLS_00979,EUREKA-VPL-009,nurse,2025-03-19 10:15:16.169728629,2025-03-19 10:15:23.164794258,ROOM_114,B2.85 2-bedskamer,2.85,6.995065
RTLS_00853,EUREKA-VPL-008,nurse,2025-03-19 10:15:21.519706928,2025-03-19 10:15:57.000406774,ROOM_114,B2.85 2-bedskamer,2.85,35.480699
RTLS_01308,EUREKA-VPL-011,nurse,2025-03-19 10:15:22.286332356,2025-03-19 10:16:24.770178248,NS_A,B2.71 Open wacht,2.71,62.483845
RTLS_00980,EUREKA-VPL-009,nurse,2025-03-19 10:15:23.164794258,2025-03-19 10:17:27.362152327,NS_A,B2.71 Open wacht,2.71,124.197358
RTLS_02069,EUREKA-VPL-017,nurse,2025-03-19 10:15:23.392915744,2025-03-19 10:16:27.357272090,ROOM_106,B2.62 2-bedskamer,2.62,63.964356
RTLS_03436,EUREKA-VPL-025,nurse,2025-03-19 10:15:29.960205991,2025-03-19 10:16:23.513076064,ROOM_109,B2.68 2-bedskamer,2.68,53.55287
RTLS_04525,Glucosemeter 1,equipment,2025-03-19 10:15:36.000000000,2025-03-19 10:15:51.000000000,NS_A,B2.71 Open wacht,2.71,15.0
RTLS_04108,Infuuspomp 3,equipment,2025-03-19 10:15:37.000000000,2025-03-19 10:16:02.000000000,UTIL_B,B2.75 Utility,2.75,25.0
RTLS_01637,EUREKA-VPL-014,nurse,2025-03-19 10:15:47.203084377,2025-03-19 10:15:56.046096576,KITCHEN,B2.77 Keuken,2.77,8.843012
RTLS_04006,Infuuspomp 2,equipment,2025-03-19 10:15:55.000000000,2025-03-19 10:16:15.000000000,UTIL_A,B2.63 Utility,2.63,20.0
RTLS_01927,EUREKA-VPL-016,nurse,2025-03-19 10:15:55.959321856,2025-03-19 10:15:59.601406328,KITCHEN,B2.77 Keuken,2.77,3.642084
RTLS_01638,EUREKA-VPL-014,nurse,2025-03-19 10:15:56.046096576,2025-03-19 10:16:28.243158054,NS_A,B2.71 Open wacht,2.71,32.197061
RTLS_00854,EUREKA-VPL-008,nurse,2025-03-19 10:15:57.000406774,2025-03-19 10:16:21.944236488,BATHROOM,B2.57 Stortbad,2.57,24.943829
RTLS_01928,EUREKA-VPL-016,nurse,2025-03-19 10:15:59.601406328,2025-03-19 10:16:06.356632251,ROOM_104,B2.80 1-bedskamer,2.80,6.755225
RTLS_04628,Glucosemeter 2,equipment,2025-03-19 10:16:06.000000000,2025-03-19 10:16:27.000000000,NS_B,B2.71.01 Dienstplaats,2.71.01,21.0
RTLS_01929,EUREKA-VPL-016,nurse,2025-03-19 10:16:06.356632251,2025-03-19 10:16:44.390217163,ROOM_111,B2.81 2-bedskamer,2.81,38.033584
RTLS_04418,Bladderscan,equipment,2025-03-19 10:16:19.000000000,2025-03-19 10:16:39.000000000,UTIL_A,B2.63 Utility,2.63,20.0
RTLS_00855,EUREKA-VPL-008,nurse,2025-03-19 10:16:21.944236488,2025-03-19 10:17:22.319218424,ROOM_101,B2.74 1-bedskamer,2.74,60.374981
RTLS_03437,EUREKA-VPL-025,nurse,2025-03-19 10:16:23.513076064,2025-03-19 10:17:45.725781772,ROOM_113,B2.84 1-bedskamer,2.84,82.212705
RTLS_01309,EUREKA-VPL-011,nurse,2025-03-19 10:16:24.770178248,2025-03-19 10:24:20.093471799,ROOM_102,B2.76 1-bedskamer,2.76,475.323293
RTLS_02070,EUREKA-VPL-017,nurse,2025-03-19 10:16:27.357272090,2025-03-19 10:17:40.313185117,NS_A,B2.71 Open wacht,2.71,72.955913
RTLS_01639,EUREKA-VPL-014,nurse,2025-03-19 10:16:28.243158054,2025-03-19 10:16:29.243158054,PREP_B,B2.71.02 Voorbereiding,2.71.02,1.0
RTLS_01640,EUREKA-VPL-014,nurse,2025-03-19 10:16:29.243158054,2025-03-19 10:16:42.320628285,KITCHEN,B2.77 Keuken,2.77,13.07747
RTLS_02697,EUREKA-VPL-021,nurse,2025-03-19 10:16:34.517740651,2025-03-19 10:16:46.141352940,STORAGE,B2.61 Opslag,2.61,11.623612
RTLS_01143,EUREKA-VPL-010,nurse,2025-03-19 10:16:37.135406458,2025-03-19 10:16:46.430407616,ROOM_104,B2.80 1-bedskamer,2.80,9.295001
RTLS_01641,EUREKA-VPL-014,nurse,2025-03-19 10:16:42.320628285,2025-03-19 10:17:50.786595827,ROOM_102,B2.76 1-bedskamer,2.76,68.465967
RTLS_02390,EUREKA-VPL-019,nurse,2025-03-19 10:16:43.916254729,2025-03-19 10:17:11.631230093,STORAGE,B2.61 Opslag,2.61,27.714975
RTLS_01930,EUREKA-VPL-016,nurse,2025-03-19 10:16:44.390217163,2025-03-19 10:59:59.999999163,PREP_B,B2.71.02 Voorbereiding,2.71.02,2595.609782
RTLS_02698,EUREKA-VPL-021,nurse,2025-03-19 10:16:46.141352940,2025-03-19 10:23:15.592266216,NS_A,B2.71 Open wacht,2.71,389.450913
RTLS_01144,EUREKA-VPL-010,nurse,2025-03-19 10:16:46.430407616,2025-03-19 10:17:16.743830763,ROOM_105,B2.82 1-bedskamer,2.82,30.313423
RTLS_00697,EUREKA-VPL-007,nurse,2025-03-19 10:16:59.329949472,2025-03-19 10:17:12.324271086,NS_B,B2.71.01 Dienstplaats,2.71.01,12.994321
RTLS_05151,Voedingspomp 2,equipment,2025-03-19 10:17:00.000000000,2025-03-19 10:17:05.000000000,UTIL_B,B2.75 Utility,2.75,5.0
RTLS_02391,EUREKA-VPL-019,nurse,2025-03-19 10:17:11.631230093,2025-03-19 10:18:47.093060326,NS_A,B2.71 Open wacht,2.71,95.46183
RTLS_05357,Voedingspomp 4,equipment,2025-03-19 10:17:12.000000000,2025-03-19 10:17:43.000000000,UTIL_B,B2.75 Utility,2.75,31.0
RTLS_00698,EUREKA-VPL-007,nurse,2025-03-19 10:17:12.324271086,2025-03-19 10:19:08.262755093,ROOM_114,B2.85 2-bedskamer,2.85,115.938484
RTLS_01145,EUREKA-VPL-010,nurse,2025-03-19 10:17:16.743830763,2025-03-19 10:17:56.237537542,NS_B,B2.71.01 Dienstplaats,2.71.01,39.493706
RTLS_04840,Toiletstoel 2,equipment,2025-03-19 10:17:18.000000000,2025-03-19 10:17:42.000000000,UTIL_B,B2.75 Utility,2.75,24.0
RTLS_00856,EUREKA-VPL-008,nurse,2025-03-19 10:17:22.319218424,2025-03-19 10:22:32.779467724,ROOM_110,B2.79 2-bedskamer,2.79,310.460249
RTLS_00981,EUREKA-VPL-009,nurse,2025-03-19 10:17:27.362152327,2025-03-19 10:31:38.241434660,UTIL_A,B2.63 Utility,2.63,850.879282
RTLS_05047,Voedingspomp 1,equipment,2025-03-19 10:17:36.000000000,2025-03-19 10:18:03.000000000,UTIL_A,B2.63 Utility,2.63,27.0
RTLS_02071,EUREKA-VPL-017,nurse,2025-03-19 10:17:40.313185117,2025-03-19 10:26:30.455554575,ROOM_109,B2.68 2-bedskamer,2.68,530.142369
RTLS_03438,EUREKA-VPL-025,nurse,2025-03-19 10:17:45.725781772,2025-03-19 10:18:03.816871049,KITCHEN,B2.77 Keuken,2.77,18.091089
RTLS_01642,EUREKA-VPL-014,nurse,2025-03-19 10:17:50.786595827,2025-03-19 10:17:55.393239037,ROOM_103,B2.78 1-bedskamer,2.78,4.606643
RTLS_01643,EUREKA-VPL-014,nurse,2025-03-19 10:17:55.393239037,2025-03-19 10:17:57.555121094,ROOM_102,B2.76 1-bedskamer,2.76,2.161882
RTLS_01146,EUREKA-VPL-010,nurse,2025-03-19 10:17:56.237537542,2025-03-19 10:17:57.729291712,UTIL_B,B2.75 Utility,2.75,1.491754
RTLS_04944,Toiletstoel 3,equipment,2025-03-19 10:17:57.000000000,2025-03-19 10:18:30.000000000,STORAGE,B2.61 Opslag,2.61,33.0
RTLS_01644,EUREKA-VPL-014,nurse,2025-03-19 10:17:57.555121094,2025-03-19 10:18:02.799703856,ROOM_104,B2.80 1-bedskamer,2.80,5.244582
RTLS_01147,EUREKA-VPL-010,nurse,2025-03-19 10:17:57.729291712,2025-03-19 10:18:12.472498254,ROOM_117,B2.54 2-bedskamer,2.54,14.743206
RTLS_01645,EUREKA-VPL-014,nurse,2025-03-19 10:18:02.799703856,2025-03-19 10:22:27.193027374,ROOM_118,B2.60 2-bedskamer,2.60,264.393323
RTLS_00324,EUREKA-VPL-004,nurse,2025-03-19 10:18:03.619551304,2025-03-19 10:23:13.246402774,NS_A,B2.71 Open wacht,2.71,309.626851
RTLS_03439,EUREKA-VPL-025,nurse,2025-03-19 10:18:03.816871049,2025-03-19 10:19:48.150334952,NS_A,B2.71 Open wacht,2.71,104.333463
RTLS_04526,Glucosemeter 1,equipment,2025-03-19 10:18:04.000000000,2025-03-19 10:18:22.000000000,NS_A,B2.71 Open wacht,2.71,18.0
RTLS_04734,Toiletstoel 1,equipment,2025-03-19 10:18:11.000000000,2025-03-19 10:18:29.000000000,UTIL_A,B2.63 Utility,2.63,18.0
RTLS_01148,EUREKA-VPL-010,nurse,2025-03-19 10:18:12.472498254,2025-03-19 10:19:48.819689329,ROOM_115,B2.58 2-bedskamer,2.58,96.347191
RTLS_02392,EUREKA-VPL-019,nurse,2025-03-19 10:18:47.093060326,2025-03-19 10:18:56.481581229,ROOM_113,B2.84 1-bedskamer,2.84,9.38852
RTLS_03058,EUREKA-VPL-023,nurse,2025-03-19 10:18:52.523460292,2025-03-19 10:20:22.409614807,STORE_C,B2.65 Berging,2.65,89.886154
RTLS_02393,EUREKA-VPL-019,nurse,2025-03-19 10:18:56.481581229,2025-03-19 10:20:45.886059524,BATHROOM,B2.57 Stortbad,2.57,109.404478
RTLS_04315,Spuitaandrijver,equipment,2025-03-19 10:19:03.000000000,2025-03-19 10:19:15.000000000,UTIL_B,B2.75 Utility,2.75,12.0
RTLS_00179,EUREKA-VPL-002,nurse,2025-03-19 10:19:03.748739991,2025-03-19 10:21:53.729818999,ROOM_116,B2.56 2-bedskamer,2.56,169.981079
RTLS_03832,Medicatiekar geel,equipment,2025-03-19 10:19:03.748739991,2025-03-19 10:21:53.729818999,ROOM_116,B2.56 2-bedskamer,2.56,169.981079
RTLS_00699,EUREKA-VPL-007,nurse,2025-03-19 10:19:08.262755093,2025-03-19 10:19:10.277802127,ROOM_118,B2.60 2-bedskamer,2.60,2.015047
RTLS_00700,EUREKA-VPL-007,nurse,2025-03-19 10:19:10.277802127,2025-03-19 10:19:35.371602045,ROOM_108,B2.66 2-bedskamer,2.66,25.093799
RTLS_05463,Voedingspomp 5,equipment,2025-03-19 10:19:17.000000000,2025-03-19 10:19:45.000000000,UTIL_A,B2.63 Utility,2.63,28.0
RTLS_03900,Infuuspomp 1,equipment,2025-03-19 10:19:22.000000000,2025-03-19 10:19:52.000000000,UTIL_A,B2.63 Utility,2.63,30.0
RTLS_05249,Voedingspomp 3,equipment,2025-03-19 10:19:25.000000000,2025-03-19 10:19:37.000000000,UTIL_A,B2.63 Utility,2.63,12.0
RTLS_02854,EUREKA-VPL-022,nurse,2025-03-19 10:19:33.581708807,2025-03-19 10:19:35.769699324,BATH_B,B2.55 Badkamer,2.55,2.18799
RTLS_00701,EUREKA-VPL-007,nurse,2025-03-19 10:19:35.371602045,2025-03-19 10:19:39.268053253,NS_A,B2.71 Open wacht,2.71,3.896451
RTLS_02855,EUREKA-VPL-022,nurse,2025-03-19 10:19:35.769699324,2025-03-19 10:19:37.912626079,ROOM_113,B2.84 1-bedskamer,2.84,2.142926
RTLS_02856,EUREKA-VPL-022,nurse,2025-03-19 10:19:37.912626079,2025-03-19 10:19:43.819383028,KITCHEN,B2.77 Keuken,2.77,5.906756
RTLS_00702,EUREKA-VPL-007,nurse,2025-03-19 10:19:39.268053253,2025-03-19 10:19:53.415954418,STORE_B,B2.59 Berging,2.59,14.147901
RTLS_02857,EUREKA-VPL-022,nurse,2025-03-19 10:19:43.819383028,2025-03-19 10:20:01.242867823,ROOM_115,B2.58 2-bedskamer,2.58,17.423484
RTLS_03440,EUREKA-VPL-025,nurse,2025-03-19 10:19:48.150334952,2025-03-19 10:27:20.372147139,PREP_A,B2.71.02 Voorbereiding,2.71.02,452.221812
RTLS_01149,EUREKA-VPL-010,nurse,2025-03-19 10:19:48.819689329,2025-03-19 10:20:38.975682258,ROOM_110,B2.79 2-bedskamer,2.79,50.155992
RTLS_01795,EUREKA-VPL-015,nurse,2025-03-19 10:19:48.992678889,2025-03-19 10:22:41.005534790,NS_A,B2.71 Open wacht,2.71,172.012855
RTLS_04841,Toiletstoel 2,equipment,2025-03-19 10:19:50.000000000,2025-03-19 10:20:02.000000000,UTIL_B,B2.75 Utility,2.75,12.0
RTLS_00703,EUREKA-VPL-007,nurse,2025-03-19 10:19:53.415954418,2025-03-19 10:20:20.174732073,ROOM_113,B2.84 1-bedskamer,2.84,26.758777
RTLS_05048,Voedingspomp 1,equipment,2025-03-19 10:20:00.000000000,2025-03-19 10:20:19.000000000,UTIL_A,B2.63 Utility,2.63,19.0
RTLS_02858,EUREKA-VPL-022,nurse,2025-03-19 10:20:01.242867823,2025-03-19 10:20:45.068835928,KITCHEN,B2.77 Keuken,2.77,43.825968
RTLS_03664,EUREKA-VPL-026,nurse,2025-03-19 10:20:19.591243357,2025-03-19 10:20:24.197963598,STORAGE,B2.61 Opslag,2.61,4.60672
RTLS_00704,EUREKA-VPL-007,nurse,2025-03-19 10:20:20.174732073,2025-03-19 10:20:50.899524788,STORE_A,B2.53 Berging,2.53,30.724792
RTLS_03059,EUREKA-VPL-023,nurse,2025-03-19 10:20:22.409614807,2025-03-19 10:20:24.021824710,STORE_C,B2.65 Berging,2.65,1.612209
RTLS_03060,EUREKA-VPL-023,nurse,2025-03-19 10:20:24.021824710,2025-03-19 10:20:37.745973684,ROOM_109,B2.68 2-bedskamer,2.68,13.724148
RTLS_03665,EUREKA-VPL-026,nurse,2025-03-19 10:20:24.197963598,2025-03-19 10:26:32.895193762,NS_B,B2.71.01 Dienstplaats,2.71.01,368.69723
RTLS_02232,EUREKA-VPL-018,nurse,2025-03-19 10:20:30.487548198,2025-03-19 10:20:50.247215928,BATHROOM,B2.57 Stortbad,2.57,19.759667
RTLS_03061,EUREKA-VPL-023,nurse,2025-03-19 10:20:37.745973684,2025-03-19 10:21:03.308912562,ROOM_105,B2.82 1-bedskamer,2.82,25.562938
RTLS_01150,EUREKA-VPL-010,nurse,2025-03-19 10:20:38.975682258,2025-03-19 10:21:22.357017195,ROOM_109,B2.68 2-bedskamer,2.68,43.381334
RTLS_02859,EUREKA-VPL-022,nurse,2025-03-19 10:20:45.068835928,2025-03-19 10:21:01.503615935,ROOM_117,B2.54 2-bedskamer,2.54,16.43478
RTLS_02394,EUREKA-VPL-019,nurse,2025-03-19 10:20:45.886059524,2025-03-19 10:21:11.824941806,ROOM_101,B2.74 1-bedskamer,2.74,25.938882
RTLS_02233,EUREKA-VPL-018,nurse,2025-03-19 10:20:50.247215928,2025-03-19 10:22:52.829196534,STORE_A,B2.53 Berging,2.53,122.58198
RTLS_00705,EUREKA-VPL-007,nurse,2025-03-19 10:20:50.899524788,2025-03-19 10:21:14.808382362,NS_B,B2.71.01 Dienstplaats,2.71.01,23.908857
RTLS_02860,EUREKA-VPL-022,nurse,2025-03-19 10:21:01.503615935,2025-03-19 10:21:15.917381676,KITCHEN,B2.77 Keuken,2.77,14.413765
RTLS_03062,EUREKA-VPL-023,nurse,2025-03-19 10:21:03.308912562,2025-03-19 10:22:17.828265904,ROOM_108,B2.66 2-bedskamer,2.66,74.519353
RTLS_04629,Glucosemeter 2,equipment,2025-03-19 10:21:05.000000000,2025-03-19 10:21:41.000000000,NS_B,B2.71.01 Dienstplaats,2.71.01,36.0
RTLS_04419,Bladderscan,equipment,2025-03-19 10:21:11.000000000,2025-03-19 10:21:43.000000000,UTIL_A,B2.63 Utility,2.63,32.0
RTLS_02395,EUREKA-VPL-019,nurse,2025-03-19 10:21:11.824941806,2025-03-19 10:22:00.395351681,ROOM_107,B2.64 2-bedskamer,2.64,48.570409
RTLS_04209,Infuuspomp 4,equipment,2025-03-19 10:21:12.000000000,2025-03-19 10:21:44.000000000,UTIL_B,B2.75 Utility,2.75,32.0
RTLS_00706,EUREKA-VPL-007,nurse,2025-03-19 10:21:14.808382362,2025-03-19 10:21:32.205461002,UTIL_B,B2.75 Utility,2.75,17.397078
RTLS_02861,EUREKA-VPL-022,nurse,2025-03-19 10:21:15.917381676,2025-03-19 10:21:30.071759340,NS_A,B2.71 Open wacht,2.71,14.154377
RTLS_01151,EUREKA-VPL-010,nurse,2025-03-19 10:21:22.357017195,2025-03-19 10:59:59.999999195,PREP_B,B2.71.02 Voorbereiding,2.71.02,2317.642982
RTLS_04735,Toiletstoel 1,equipment,2025-03-19 10:21:30.000000000,2025-03-19 10:21:55.000000000,UTIL_A,B2.63 Utility,2.63,25.0
RTLS_02862,EUREKA-VPL-022,nurse,2025-03-19 10:21:30.071759340,2025-03-19 10:21:35.915272873,ROOM_111,B2.81 2-bedskamer,2.81,5.843513
RTLS_00707,EUREKA-VPL-007,nurse,2025-03-19 10:21:32.205461002,2025-03-19 10:21:35.567438575,KITCHEN,B2.77 Keuken,2.77,3.361977
RTLS_00708,EUREKA-VPL-007,nurse,2025-03-19 10:21:35.567438575,2025-03-19 10:21:36.567438575,UTIL_A,B2.63 Utility,2.63,1.0
RTLS_02863,EUREKA-VPL-022,nurse,2025-03-19 10:21:35.915272873,2025-03-19 10:22:00.573452382,NS_B,B2.71.01 Dienstplaats,2.71.01,24.658179
RTLS_00709,EUREKA-VPL-007,nurse,2025-03-19 10:21:36.567438575,2025-03-19 10:50:27.550396203,BATH_B,B2.55 Badkamer,2.55,1730.982957
RTLS_00418,EUREKA-VPL-005,nurse,2025-03-19 10:21:42.155228531,2025-03-19 10:22:17.651404442,KITCHEN,B2.77 Keuken,2.77,35.496175
RTLS_00180,EUREKA-VPL-002,nurse,2025-03-19 10:21:53.729818999,2025-03-19 10:21:58.756909383,STORAGE,B2.61 Opslag,2.61,5.02709
RTLS_00181,EUREKA-VPL-002,nurse,2025-03-19 10:21:58.756909383,2025-03-19 10:22:03.129779849,UTIL_A,B2.63 Utility,2.63,4.37287
RTLS_02396,EUREKA-VPL-019,nurse,2025-03-19 10:22:00.395351681,2025-03-19 10:22:32.877274039,ROOM_112,B2.83 2-bedskamer,2.83,32.481922
RTLS_02864,EUREKA-VPL-022,nurse,2025-03-19 10:22:00.573452382,2025-03-19 10:30:46.594963228,UTIL_B,B2.75 Utility,2.75,526.02151
RTLS_05250,Voedingspomp 3,equipment,2025-03-19 10:22:02.000000000,2025-03-19 10:22:17.000000000,UTIL_A,B2.63 Utility,2.63,15.0
RTLS_00182,EUREKA-VPL-002,nurse,2025-03-19 10:22:03.129779849,2025-03-19 10:26:49.657339167,ROOM_114,B2.85 2-bedskamer,2.85,286.527559
RTLS_03833,Medicatiekar groen,equipment,2025-03-19 10:22:03.129779849,2025-03-19 10:26:49.657339167,ROOM_114,B2.85 2-bedskamer,2.85,286.527559
RTLS_00419,EUREKA-VPL-005,nurse,2025-03-19 10:22:17.651404442,2025-03-19 10:22:19.500066681,PREP_B,B2.71.02 Voorbereiding,2.71.02,1.848662
RTLS_03063,EUREKA-VPL-023,nurse,2025-03-19 10:22:17.828265904,2025-03-19 10:22:49.282735921,ROOM_106,B2.62 2-bedskamer,2.62,31.45447
RTLS_00420,EUREKA-VPL-005,nurse,2025-03-19 10:22:19.500066681,2025-03-19 10:23:01.734398994,ROOM_111,B2.81 2-bedskamer,2.81,42.234332
RTLS_01646,EUREKA-VPL-014,nurse,2025-03-19 10:22:27.193027374,2025-03-19 10:23:06.009517949,ROOM_106,B2.62 2-bedskamer,2.62,38.81649
RTLS_00857,EUREKA-VPL-008,nurse,2025-03-19 10:22:32.779467724,2025-03-19 10:23:36.066161164,ROOM_101,B2.74 1-bedskamer,2.74,63.286693
RTLS_02397,EUREKA-VPL-019,nurse,2025-03-19 10:22:32.877274039,2025-03-19 10:22:35.475907822,NS_A,B2.71 Open wacht,2.71,2.598633
RTLS_02398,EUREKA-VPL-019,nurse,2025-03-19 10:22:35.475907822,2025-03-19 10:22:36.475907822,ROOM_101,B2.74 1-bedskamer,2.74,1.0
RTLS_02399,EUREKA-VPL-019,nurse,2025-03-19 10:22:36.475907822,2025-03-19 10:23:41.147803460,ROOM_118,B2.60 2-bedskamer,2.60,64.671895
RTLS_01796,EUREKA-VPL-015,nurse,2025-03-19 10:22:41.005534790,2025-03-19 10:22:46.221243593,KITCHEN,B2.77 Keuken,2.77,5.215708
RTLS_01797,EUREKA-VPL-015,nurse,2025-03-19 10:22:46.221243593,2025-03-19 10:23:29.850305669,ROOM_101,B2.74 1-bedskamer,2.74,43.629062
RTLS_03064,EUREKA-VPL-023,nurse,2025-03-19 10:22:49.282735921,2025-03-19 10:22:52.831580687,ROOM_114,B2.85 2-bedskamer,2.85,3.548844
RTLS_04527,Glucosemeter 1,equipment,2025-03-19 10:22:51.000000000,2025-03-19 10:23:19.000000000,NS_A,B2.71 Open wacht,2.71,28.0
RTLS_02234,EUREKA-VPL-018,nurse,2025-03-19 10:22:52.829196534,2025-03-19 10:27:34.815325045,ROOM_113,B2.84 1-bedskamer,2.84,281.986128
RTLS_03065,EUREKA-VPL-023,nurse,2025-03-19 10:22:52.831580687,2025-03-19 10:23:12.023196185,KITCHEN,B2.77 Keuken,2.77,19.191615
RTLS_00421,EUREKA-VPL-005,nurse,2025-03-19 10:23:01.734398994,2025-03-19 10:23:05.101078647,ROOM_101,B2.74 1-bedskamer,2.74,3.366679
RTLS_00422,EUREKA-VPL-005,nurse,2025-03-19 10:23:05.101078647,2025-03-19 10:23:44.810703513,ROOM_114,B2.85 2-bedskamer,2.85,39.709624
RTLS_05049,Voedingspomp 1,equipment,2025-03-19 10:23:06.000000000,2025-03-19 10:23:36.000000000,UTIL_A,B2.63 Utility,2.63,30.0
RTLS_01647,EUREKA-VPL-014,nurse,2025-03-19 10:23:06.009517949,2025-03-19 10:23:12.346015065,KITCHEN,B2.77 Keuken,2.77,6.336497
RTLS_03066,EUREKA-VPL-023,nurse,2025-03-19 10:23:12.023196185,2025-03-19 10:26:54.883420904,ROOM_109,B2.68 2-bedskamer,2.68,222.860224
RTLS_01648,EUREKA-VPL-014,nurse,2025-03-19 10:23:12.346015065,2025-03-19 10:23:16.370818964,ROOM_106,B2.62 2-bedskamer,2.62,4.024803
RTLS_04109,Infuuspomp 3,equipment,2025-03-19 10:23:13.000000000,2025-03-19 10:23:35.000000000,UTIL_B,B2.75 Utility,2.75,22.0
RTLS_00325,EUREKA-VPL-004,nurse,2025-03-19 10:23:13.246402774,2025-03-19 10:26:02.624278307,UTIL_B,B2.75 Utility,2.75,169.377875
RTLS_02699,EUREKA-VPL-021,nurse,2025-03-19 10:23:15.592266216,2025-03-19 10:31:49.086674811,PREP_B,B2.71.02 Voorbereiding,2.71.02,513.494408
RTLS_01649,EUREKA-VPL-014,nurse,2025-03-19 10:23:16.370818964,2025-03-19 10:23:45.380064458,NS_A,B2.71 Open wacht,2.71,29.009245
RTLS_01798,EUREKA-VPL-015,nurse,2025-03-19 10:23:29.850305669,2025-03-19 10:23:39.437161326,ROOM_114,B2.85 2-bedskamer,2.85,9.586855
RTLS_00858,EUREKA-VPL-008,nurse,2025-03-19 10:23:36.066161164,2025-03-19 10:24:07.171215358,ROOM_104,B2.80 1-bedskamer,2.80,31.105054
RTLS_04007,Infuuspomp 2,equipment,2025-03-19 10:23:38.000000000,2025-03-19 10:24:08.000000000,UTIL_A,B2.63 Utility,2.63,30.0
RTLS_01799,EUREKA-VPL-015,nurse,2025-03-19 10:23:39.437161326,2025-03-19 10:39:13.964091897,PREP_B,B2.71.02 Voorbereiding,2.71.02,934.52693
RTLS_02400,EUREKA-VPL-019,nurse,2025-03-19 10:23:41.147803460,2025-03-19 10:23:42.599303715,ROOM_107,B2.64 2-bedskamer,2.64,1.4515
RTLS_02401,EUREKA-VPL-019,nurse,2025-03-19 10:23:42.599303715,2025-03-19 10:27:17.776681788,ROOM_116,B2.56 2-bedskamer,2.56,215.177378
RTLS_00423,EUREKA-VPL-005,nurse,2025-03-19 10:23:44.810703513,2025-03-19 10:24:02.280379300,BATH_B,B2.55 Badkamer,2.55,17.469675
RTLS_01650,EUREKA-VPL-014,nurse,2025-03-19 10:23:45.380064458,2025-03-19 10:24:23.180099026,ROOM_108,B2.66 2-bedskamer,2.66,37.800034
RTLS_00540,EUREKA-VPL-006,nurse,2025-03-19 10:23:59.930237427,2025-03-19 10:32:59.947677927,NS_B,B2.71.01 Dienstplaats,2.71.01,540.01744
RTLS_01310,EUREKA-VPL-011,nurse,2025-03-19 10:24:20.093471799,2025-03-19 10:25:48.940357106,UTIL_A,B2.63 Utility,2.63,88.846885
RTLS_01651,EUREKA-VPL-014,nurse,2025-03-19 10:24:23.180099026,2025-03-19 10:24:35.558103083,ROOM_114,B2.85 2-bedskamer,2.85,12.378004
RTLS_04945,Toiletstoel 3,equipment,2025-03-19 10:24:28.000000000,2025-03-19 10:24:42.000000000,STORAGE,B2.61 Opslag,2.61,14.0
RTLS_05152,Voedingspomp 2,equipment,2025-03-19 10:24:28.000000000,2025-03-19 10:24:38.000000000,UTIL_B,B2.75 Utility,2.75,10.0
RTLS_04210,Infuuspomp 4,equipment,2025-03-19 10:24:31.000000000,2025-03-19 10:24:55.000000000,UTIL_B,B2.75 Utility,2.75,24.0
RTLS_01652,EUREKA-VPL-014,nurse,2025-03-19 10:24:35.558103083,2025-03-19 10:25:14.856452858,ROOM_104,B2.80 1-bedskamer,2.80,39.298349
RTLS_05464,Voedingspomp 5,equipment,2025-03-19 10:24:41.000000000,2025-03-19 10:24:49.000000000,UTIL_A,B2.63 Utility,2.63,8.0
RTLS_04008,Infuuspomp 2,equipment,2025-03-19 10:25:05.000000000,2025-03-19 10:25:42.000000000,UTIL_A,B2.63 Utility,2.63,37.0
RTLS_01653,EUREKA-VPL-014,nurse,2025-03-19 10:25:14.856452858,2025-03-19 10:27:38.619639784,ROOM_117,B2.54 2-bedskamer,2.54,143.763186
RTLS_05358,Voedingspomp 4,equipment,2025-03-19 10:25:15.000000000,2025-03-19 10:25:32.000000000,UTIL_B,B2.75 Utility,2.75,17.0
RTLS_03901,Infuuspomp 1,equipment,2025-03-19 10:25:17.000000000,2025-03-19 10:25:30.000000000,UTIL_A,B2.63 Utility,2.63,13.0
RTLS_01503,EUREKA-VPL-013,nurse,2025-03-19 10:25:33.800416860,2025-03-19 10:25:37.511802636,ROOM_110,B2.79 2-bedskamer,2.79,3.711385
RTLS_04316,Spuitaandrijver,equipment,2025-03-19 10:25:34.000000000,2025-03-19 10:25:56.000000000,UTIL_B,B2.75 Utility,2.75,22.0
RTLS_01504,EUREKA-VPL-013,nurse,2025-03-19 10:25:37.511802636,2025-03-19 10:26:35.533908545,KITCHEN,B2.77 Keuken,2.77,58.022105
RTLS_00261,EUREKA-VPL-003,nurse,2025-03-19 10:25:42.857142857,2025-03-19 10:26:17.511171698,ROOM_107,B2.64 2-bedskamer,2.64,34.654028
RTLS_01311,EUREKA-VPL-011,nurse,2025-03-19 10:25:48.940357106,2025-03-19 10:32:46.279154955,UTIL_A,B2.63 Utility,2.63,417.338797
RTLS_04528,Glucosemeter 1,equipment,2025-03-19 10:25:56.000000000,2025-03-19 10:26:08.000000000,NS_A,B2.71 Open wacht,2.71,12.0
RTLS_00326,EUREKA-VPL-004,nurse,2025-03-19 10:26:02.624278307,2025-03-19 10:27:03.971215894,ROOM_104,B2.80 1-bedskamer,2.80,61.346937
RTLS_04211,Infuuspomp 4,equipment,2025-03-19 10:26:09.000000000,2025-03-19 10:26:27.000000000,UTIL_B,B2.75 Utility,2.75,18.0
RTLS_00262,EUREKA-VPL-003,nurse,2025-03-19 10:26:17.511171698,2025-03-19 10:29:08.655986794,UTIL_A,B2.63 Utility,2.63,171.144815
RTLS_04842,Toiletstoel 2,equipment,2025-03-19 10:26:30.000000000,2025-03-19 10:26:35.000000000,UTIL_B,B2.75 Utility,2.75,5.0
RTLS_02072,EUREKA-VPL-017,nurse,2025-03-19 10:26:30.455554575,2025-03-19 10:26:35.037583786,ROOM_101,B2.74 1-bedskamer,2.74,4.582029
RTLS_03666,EUREKA-VPL-026,nurse,2025-03-19 10:26:32.895193762,2025-03-19 10:32:27.090159526,ROOM_114,B2.85 2-bedskamer,2.85,354.194965
RTLS_02073,EUREKA-VPL-017,nurse,2025-03-19 10:26:35.037583786,2025-03-19 10:27:07.087238670,ROOM_110,B2.79 2-bedskamer,2.79,32.049654
RTLS_01505,EUREKA-VPL-013,nurse,2025-03-19 10:26:35.533908545,2025-03-19 10:27:57.192524795,STORE_A,B2.53 Berging,2.53,81.658616
RTLS_03245,EUREKA-VPL-024,nurse,2025-03-19 10:26:38.837173052,2025-03-19 10:26:45.196880527,ROOM_108,B2.66 2-bedskamer,2.66,6.359707
RTLS_05050,Voedingspomp 1,equipment,2025-03-19 10:26:41.000000000,2025-03-19 10:26:59.000000000,UTIL_A,B2.63 Utility,2.63,18.0
RTLS_03246,EUREKA-VPL-024,nurse,2025-03-19 10:26:45.196880527,2025-03-19 10:28:51.747811023,ROOM_102,B2.76 1-bedskamer,2.76,126.55093
RTLS_00183,EUREKA-VPL-002,nurse,2025-03-19 10:26:49.657339167,2025-03-19 10:27:33.013862906,ROOM_111,B2.81 2-bedskamer,2.81,43.356523
RTLS_03067,EUREKA-VPL-023,nurse,2025-03-19 10:26:54.883420904,2025-03-19 10:29:45.123534581,STORE_C,B2.65 Berging,2.65,170.240113
RTLS_00327,EUREKA-VPL-004,nurse,2025-03-19 10:27:03.971215894,2025-03-19 10:27:06.579954979,KITCHEN,B2.77 Keuken,2.77,2.608739
RTLS_00328,EUREKA-VPL-004,nurse,2025-03-19 10:27:06.579954979,2025-03-19 10:27:10.598290970,ROOM_116,B2.56 2-bedskamer,2.56,4.018335
RTLS_02074,EUREKA-VPL-017,nurse,2025-03-19 10:27:07.087238670,2025-03-19 10:27:11.595049337,ROOM_107,B2.64 2-bedskamer,2.64,4.50781
RTLS_00329,EUREKA-VPL-004,nurse,2025-03-19 10:27:10.598290970,2025-03-19 10:51:47.649572720,STORE_B,B2.59 Berging,2.59,1477.051281
RTLS_04529,Glucosemeter 1,equipment,2025-03-19 10:27:11.000000000,2025-03-19 10:27:19.000000000,NS_A,B2.71 Open wacht,2.71,8.0
RTLS_02075,EUREKA-VPL-017,nurse,2025-03-19 10:27:11.595049337,2025-03-19 10:27:17.237578776,ROOM_117,B2.54 2-bedskamer,2.54,5.642529
RTLS_02076,EUREKA-VPL-017,nurse,2025-03-19 10:27:17.237578776,2025-03-19 10:30:21.260854906,NS_A,B2.71 Open wacht,2.71,184.023276
RTLS_02402,EUREKA-VPL-019,nurse,2025-03-19 10:27:17.776681788,2025-03-19 10:28:51.909701134,ROOM_113,B2.84 1-bedskamer,2.84,94.133019
RTLS_03441,EUREKA-VPL-025,nurse,2025-03-19 10:27:20.372147139,2025-03-19 10:27:21.640713598,NS_B,B2.71.01 Dienstplaats,2.71.01,1.268566
RTLS_03442,EUREKA-VPL-025,nurse,2025-03-19 10:27:21.640713598,2025-03-19 10:27:22.640713598,NS_A,B2.71 Open wacht,2.71,1.0
RTLS_03443,EUREKA-VPL-025,nurse,2025-03-19 10:27:22.640713598,2025-03-19 10:29:05.889151584,ROOM_109,B2.68 2-bedskamer,2.68,103.248437
RTLS_04420,Bladderscan,equipment,2025-03-19 10:27:23.000000000,2025-03-19 10:27:44.000000000,UTIL_A,B2.63 Utility,2.63,21.0
RTLS_00184,EUREKA-VPL-002,nurse,2025-03-19 10:27:33.013862906,2025-03-19 10:27:38.661041655,ROOM_101,B2.74 1-bedskamer,2.74,5.647178
RTLS_02235,EUREKA-VPL-018,nurse,2025-03-19 10:27:34.815325045,2025-03-19 10:30:57.788953859,ROOM_104,B2.80 1-bedskamer,2.80,202.973628
RTLS_00185,EUREKA-VPL-002,nurse,2025-03-19 10:27:38.661041655,2025-03-19 10:27:39.661041655,PREP_A,B2.71.02 Voorbereiding,2.71.02,1.0
RTLS_04317,Spuitaandrijver,equipment,2025-03-19 10:27:43.000000000,2025-03-19 10:28:08.000000000,UTIL_B,B2.75 Utility,2.75,25.0
RTLS_04946,Toiletstoel 3,equipment,2025-03-19 10:27:53.000000000,2025-03-19 10:28:29.000000000,STORAGE,B2.61 Opslag,2.61,36.0
RTLS_01506,EUREKA-VPL-013,nurse,2025-03-19 10:27:57.192524795,2025-03-19 10:28:14.807418926,KITCHEN,B2.77 Keuken,2.77,17.614894
RTLS_04630,Glucosemeter 2,equipment,2025-03-19 10:28:03.000000000,2025-03-19 10:28:27.000000000,NS_B,B2.71.01 Dienstplaats,2.71.01,24.0
RTLS_05153,Voedingspomp 2,equipment,2025-03-19 10:28:09.000000000,2025-03-19 10:28:36.000000000,UTIL_B,B2.75 Utility,2.75,27.0
RTLS_01507,EUREKA-VPL-013,nurse,2025-03-19 10:28:14.807418926,2025-03-19 10:28:52.371921199,NS_A,B2.71 Open wacht,2.71,37.564502
RTLS_04212,Infuuspomp 4,equipment,2025-03-19 10:28:17.000000000,2025-03-19 10:28:40.000000000,UTIL_B,B2.75 Utility,2.75,23.0
RTLS_04530,Glucosemeter 1,equipment,2025-03-19 10:28:29.000000000,2025-03-19 10:28:40.000000000,NS_A,B2.71 Open wacht,2.71,11.0
RTLS_03247,EUREKA-VPL-024,nurse,2025-03-19 10:28:51.747811023,2025-03-19 10:29:05.393438886,ROOM_114,B2.85 2-bedskamer,2.85,13.645627
RTLS_02403,EUREKA-VPL-019,nurse,2025-03-19 10:28:51.909701134,2025-03-19 10:28:52.909701134,PREP_B,B2.71.02 Voorbereiding,2.71.02,1.0
RTLS_01508,EUREKA-VPL-013,nurse,2025-03-19 10:28:52.371921199,2025-03-19 10:29:00.777276681,ROOM_104,B2.80 1-bedskamer,2.80,8.405355
RTLS_02404,EUREKA-VPL-019,nurse,2025-03-19 10:28:52.909701134,2025-03-19 10:29:49.877587485,ROOM_110,B2.79 2-bedskamer,2.79,56.967886
RTLS_01509,EUREKA-VPL-013,nurse,2025-03-19 10:29:00.777276681,2025-03-19 10:29:56.433287202,ROOM_110,B2.79 2-bedskamer,2.79,55.65601
RTLS_04110,Infuuspomp 3,equipment,2025-03-19 10:29:04.000000000,2025-03-19 10:29:10.000000000,UTIL_B,B2.75 Utility,2.75,6.0
RTLS_03248,EUREKA-VPL-024,nurse,2025-03-19 10:29:05.393438886,2025-03-19 10:29:28.661822462,ROOM_117,B2.54 2-bedskamer,2.54,23.268383
RTLS_03444,EUREKA-VPL-025,nurse,2025-03-19 10:29:05.889151584,2025-03-19 10:30:32.841269425,ROOM_103,B2.78 1-bedskamer,2.78,86.952117
RTLS_05465,Voedingspomp 5,equipment,2025-03-19 10:29:07.000000000,2025-03-19 10:29:35.000000000,UTIL_A,B2.63 Utility,2.63,28.0
RTLS_00263,EUREKA-VPL-003,nurse,2025-03-19 10:29:08.655986794,2025-03-19 10:35:05.605949537,STORE_C,B2.65 Berging,2.65,356.949962
RTLS_04736,Toiletstoel 1,equipment,2025-03-19 10:29:10.000000000,2025-03-19 10:29:29.000000000,UTIL_A,B2.63 Utility,2.63,19.0
RTLS_05251,Voedingspomp 3,equipment,2025-03-19 10:29:10.000000000,2025-03-19 10:29:40.000000000,UTIL_A,B2.63 Utility,2.63,30.0
RTLS_03249,EUREKA-VPL-024,nurse,2025-03-19 10:29:28.661822462,2025-03-19 10:29:36.751372686,NS_A,B2.71 Open wacht,2.71,8.08955
RTLS_03250,EUREKA-VPL-024,nurse,2025-03-19 10:29:36.751372686,2025-03-19 10:40:15.008946515,STORE_B,B2.59 Berging,2.59,638.257573
RTLS_03068,EUREKA-VPL-023,nurse,2025-03-19 10:29:45.123534581,2025-03-19 10:30:46.609529699,STORAGE,B2.61 Opslag,2.61,61.485995
RTLS_02405,EUREKA-VPL-019,nurse,2025-03-19 10:29:49.877587485,2025-03-19 10:29:51.747676874,NS_B,B2.71.01 Dienstplaats,2.71.01,1.8700890000000001
RTLS_02406,EUREKA-VPL-019,nurse,2025-03-19 10:29:51.747676874,2025-03-19 10:33:13.659553928,BATHROOM,B2.57 Stortbad,2.57,201.911877
RTLS_01510,EUREKA-VPL-013,nurse,2025-03-19 10:29:56.433287202,2025-03-19 10:30:01.033871332,ROOM_112,B2.83 2-bedskamer,2.83,4.600584
RTLS_01511,EUREKA-VPL-013,nurse,2025-03-19 10:30:01.033871332,2025-03-19 10:31:48.906864497,ROOM_102,B2.76 1-bedskamer,2.76,107.872993
RTLS_02077,EUREKA-VPL-017,nurse,2025-03-19 10:30:21.260854906,2025-03-19 10:30:27.080998573,KITCHEN,B2.77 Keuken,2.77,5.820143
RTLS_02078,EUREKA-VPL-017,nurse,2025-03-19 10:30:27.080998573,2025-03-19 10:32:10.496002624,NS_B,B2.71.01 Dienstplaats,2.71.01,103.415004
RTLS_03902,Infuuspomp 1,equipment,2025-03-19 10:30:30.000000000,2025-03-19 10:31:02.000000000,UTIL_A,B2.63 Utility,2.63,32.0
RTLS_03445,EUREKA-VPL-025,nurse,2025-03-19 10:30:32.841269425,2025-03-19 10:31:06.515366910,ROOM_101,B2.74 1-bedskamer,2.74,33.674097
RTLS_05359,Voedingspomp 4,equipment,2025-03-19 10:30:37.000000000,2025-03-19 10:31:07.000000000,UTIL_B,B2.75 Utility,2.75,30.0
RTLS_04843,Toiletstoel 2,equipment,2025-03-19 10:30:39.000000000,2025-03-19 10:31:04.000000000,UTIL_B,B2.75 Utility,2.75,25.0
RTLS_02865,EUREKA-VPL-022,nurse,2025-03-19 10:30:46.594963228,2025-03-19 10:31:18.823768152,ROOM_102,B2.76 1-bedskamer,2.76,32.228804
RTLS_03069,EUREKA-VPL-023,nurse,2025-03-19 10:30:46.609529699,2025-03-19 10:30:59.852976975,ROOM_114,B2.85 2-bedskamer,2.85,13.243447
RTLS_05051,Voedingspomp 1,equipment,2025-03-19 10:30:52.000000000,2025-03-19 10:31:22.000000000,UTIL_A,B2.63 Utility,2.63,30.0
RTLS_02236,EUREKA-VPL-018,nurse,2025-03-19 10:30:57.788953859,2025-03-19 10:31:01.947866705,ROOM_105,B2.82 1-bedskamer,2.82,4.158912
RTLS_03070,EUREKA-VPL-023,nurse,2025-03-19 10:30:59.852976975,2025-03-19 10:31:33.009932009,ROOM_115,B2.58 2-bedskamer,2.58,33.156955
RTLS_02237,EUREKA-VPL-018,nurse,2025-03-19 10:31:01.947866705,2025-03-19 10:31:03.604249748,UTIL_B,B2.75 Utility,2.75,1.656383
RTLS_02238,EUREKA-VPL-018,nurse,2025-03-19 10:31:03.604249748,2025-03-19 10:33:49.479688203,NS_A,B2.71 Open wacht,2.71,165.875438
RTLS_03446,EUREKA-VPL-025,nurse,2025-03-19 10:31:06.515366910,2025-03-19 10:31:22.346425412,ROOM_102,B2.76 1-bedskamer,2.76,15.831058
RTLS_04318,Spuitaandrijver,equipment,2025-03-19 10:31:13.000000000,2025-03-19 10:31:46.000000000,UTIL_B,B2.75 Utility,2.75,33.0
RTLS_02866,EUREKA-VPL-022,nurse,2025-03-19 10:31:18.823768152,2025-03-19 10:31:24.878418479,ROOM_115,B2.58 2-bedskamer,2.58,6.05465
RTLS_03447,EUREKA-VPL-025,nurse,2025-03-19 10:31:22.346425412,2025-03-19 10:31:51.586292293,ROOM_115,B2.58 2-bedskamer,2.58,29.239866
RTLS_02867,EUREKA-VPL-022,nurse,2025-03-19 10:31:24.878418479,2025-03-19 10:31:29.737095646,ROOM_117,B2.54 2-bedskamer,2.54,4.858677
RTLS_02868,EUREKA-VPL-022,nurse,2025-03-19 10:31:29.737095646,2025-03-19 10:31:31.981883187,KITCHEN,B2.77 Keuken,2.77,2.244787
RTLS_02869,EUREKA-VPL-022,nurse,2025-03-19 10:31:31.981883187,2025-03-19 10:42:12.488676687,NS_A,B2.71 Open wacht,2.71,640.506793
RTLS_03071,EUREKA-VPL-023,nurse,2025-03-19 10:31:33.009932009,2025-03-19 10:32:31.463833054,ROOM_108,B2.66 2-bedskamer,2.66,58.453901
RTLS_00982,EUREKA-VPL-009,nurse,2025-03-19 10:31:38.241434660,2025-03-19 10:42:16.400896535,PREP_B,B2.71.02 Voorbereiding,2.71.02,638.159461
RTLS_05466,Voedingspomp 5,equipment,2025-03-19 10:31:44.000000000,2025-03-19 10:32:14.000000000,UTIL_A,B2.63 Utility,2.63,30.0
RTLS_02700,EUREKA-VPL-021,nurse,2025-03-19 10:31:49.086674811,2025-03-19 10:33:34.033874722,NS_A,B2.71 Open wacht,2.71,104.947199
RTLS_03448,EUREKA-VPL-025,nurse,2025-03-19 10:31:51.586292293,2025-03-19 10:34:21.125461463,ROOM_113,B2.84 1-bedskamer,2.84,149.539169
RTLS_03855,Medicatiekar groen,equipment,2025-03-19 10:31:51.586292293,2025-03-19 10:34:21.125461463,ROOM_113,B2.84 1-bedskamer,2.84,149.539169
RTLS_04631,Glucosemeter 2,equipment,2025-03-19 10:31:59.000000000,2025-03-19 10:32:17.000000000,NS_B,B2.71.01 Dienstplaats,2.71.01,18.0
RTLS_02079,EUREKA-VPL-017,nurse,2025-03-19 10:32:10.496002624,2025-03-19 10:32:25.598762115,ROOM_103,B2.78 1-bedskamer,2.78,15.102759
RTLS_03903,Infuuspomp 1,equipment,2025-03-19 10:32:20.000000000,2025-03-19 10:32:30.000000000,UTIL_A,B2.63 Utility,2.63,10.0
RTLS_02080,EUREKA-VPL-017,nurse,2025-03-19 10:32:25.598762115,2025-03-19 10:32:59.801571774,ROOM_116,B2.56 2-bedskamer,2.56,34.202809
RTLS_04737,Toiletstoel 1,equipment,2025-03-19 10:32:26.000000000,2025-03-19 10:32:59.000000000,UTIL_A,B2.63 Utility,2.63,33.0
RTLS_03667,EUREKA-VPL-026,nurse,2025-03-19 10:32:27.090159526,2025-03-19 10:32:55.528273984,ROOM_116,B2.56 2-bedskamer,2.56,28.438114
RTLS_03072,EUREKA-VPL-023,nurse,2025-03-19 10:32:31.463833054,2025-03-19 10:32:38.757956073,KITCHEN,B2.77 Keuken,2.77,7.294123
RTLS_03073,EUREKA-VPL-023,nurse,2025-03-19 10:32:38.757956073,2025-03-19 10:32:50.492381344,UTIL_B,B2.75 Utility,2.75,11.734425
RTLS_01312,EUREKA-VPL-011,nurse,2025-03-19 10:32:46.279154955,2025-03-19 10:32:48.411736781,ROOM_116,B2.56 2-bedskamer,2.56,2.132581
RTLS_01313,EUREKA-VPL-011,nurse,2025-03-19 10:32:48.411736781,2025-03-19 10:40:13.559861508,NS_A,B2.71 Open wacht,2.71,445.148124
RTLS_03074,EUREKA-VPL-023,nurse,2025-03-19 10:32:50.492381344,2025-03-19 10:35:36.688025804,BATHROOM,B2.57 Stortbad,2.57,166.195644
RTLS_04009,Infuuspomp 2,equipment,2025-03-19 10:32:55.000000000,2025-03-19 10:33:01.000000000,UTIL_A,B2.63 Utility,2.63,6.0
RTLS_03668,EUREKA-VPL-026,nurse,2025-03-19 10:32:55.528273984,2025-03-19 10:33:28.809768919,ROOM_105,B2.82 1-bedskamer,2.82,33.281494
RTLS_02081,EUREKA-VPL-017,nurse,2025-03-19 10:32:59.801571774,2025-03-19 10:42:29.660587359,NS_B,B2.71.01 Dienstplaats,2.71.01,569.859015
RTLS_00541,EUREKA-VPL-006,nurse,2025-03-19 10:32:59.947677927,2025-03-19 10:33:10.164780553,ROOM_118,B2.60 2-bedskamer,2.60,10.217102
RTLS_04421,Bladderscan,equipment,2025-03-19 10:33:03.000000000,2025-03-19 10:33:38.000000000,UTIL_A,B2.63 Utility,2.63,35.0
RTLS_00542,EUREKA-VPL-006,nurse,2025-03-19 10:33:10.164780553,2025-03-19 10:33:35.802269128,ROOM_111,B2.81 2-bedskamer,2.81,25.637488
RTLS_04213,Infuuspomp 4,equipment,2025-03-19 10:33:11.000000000,2025-03-19 10:33:33.000000000,UTIL_B,B2.75 Utility,2.75,22.0
RTLS_02407,EUREKA-VPL-019,nurse,2025-03-19 10:33:13.659553928,2025-03-19 10:33:21.106840971,ROOM_102,B2.76 1-bedskamer,2.76,7.447287
RTLS_04632,Glucosemeter 2,equipment,2025-03-19 10:33:15.000000000,2025-03-19 10:33:38.000000000,NS_B,B2.71.01 Dienstplaats,2.71.01,23.0
RTLS_02408,EUREKA-VPL-019,nurse,2025-03-19 10:33:21.106840971,2025-03-19 10:33:47.515268041,ROOM_114,B2.85 2-bedskamer,2.85,26.408427
RTLS_04844,Toiletstoel 2,equipment,2025-03-19 10:33:27.000000000,2025-03-19 10:34:00.000000000,UTIL_B,B2.75 Utility,2.75,33.0
RTLS_03669,EUREKA-VPL-026,nurse,2025-03-19 10:33:28.809768919,2025-03-19 10:33:43.559654955,KITCHEN,B2.77 Keuken,2.77,14.749886
RTLS_02701,EUREKA-VPL-021,nurse,2025-03-19 10:33:34.033874722,2025-03-19 10:35:19.109335822,ROOM_118,B2.60 2-bedskamer,2.60,105.075461
RTLS_00543,EUREKA-VPL-006,nurse,2025-03-19 10:33:35.802269128,2025-03-19 10:37:44.102024032,ROOM_101,B2.74 1-bedskamer,2.74,248.299754
RTLS_03670,EUREKA-VPL-026,nurse,2025-03-19 10:33:43.559654955,2025-03-19 10:33:49.251512062,ROOM_115,B2.58 2-bedskamer,2.58,5.691857
RTLS_02409,EUREKA-VPL-019,nurse,2025-03-19 10:33:47.515268041,2025-03-19 10:34:30.908080516,ROOM_115,B2.58 2-bedskamer,2.58,43.392812
RTLS_03671,EUREKA-VPL-026,nurse,2025-03-19 10:33:49.251512062,2025-03-19 10:35:20.365860354,ROOM_105,B2.82 1-bedskamer,2.82,91.114348
RTLS_02239,EUREKA-VPL-018,nurse,2025-03-19 10:33:49.479688203,2025-03-19 10:34:42.293689908,ROOM_104,B2.80 1-bedskamer,2.80,52.814001
RTLS_04531,Glucosemeter 1,equipment,2025-03-19 10:34:10.000000000,2025-03-19 10:34:40.000000000,NS_A,B2.71 Open wacht,2.71,30.0
RTLS_03449,EUREKA-VPL-025,nurse,2025-03-19 10:34:21.125461463,2025-03-19 10:45:20.643120605,STORE_A,B2.53 Berging,2.53,659.517659
RTLS_04738,Toiletstoel 1,equipment,2025-03-19 10:34:22.000000000,2025-03-19 10:34:54.000000000,UTIL_A,B2.63 Utility,2.63,32.0
RTLS_04319,Spuitaandrijver,equipment,2025-03-19 10:34:24.000000000,2025-03-19 10:34:57.000000000,UTIL_B,B2.75 Utility,2.75,33.0
RTLS_02410,EUREKA-VPL-019,nurse,2025-03-19 10:34:30.908080516,2025-03-19 10:35:45.792494703,ROOM_114,B2.85 2-bedskamer,2.85,74.884414
RTLS_04947,Toiletstoel 3,equipment,2025-03-19 10:34:37.000000000,2025-03-19 10:35:12.000000000,STORAGE,B2.61 Opslag,2.61,35.0
RTLS_04111,Infuuspomp 3,equipment,2025-03-19 10:34:40.000000000,2025-03-19 10:35:12.000000000,UTIL_B,B2.75 Utility,2.75,32.0
RTLS_02240,EUREKA-VPL-018,nurse,2025-03-19 10:34:42.293689908,2025-03-19 10:35:03.654615979,ROOM_111,B2.81 2-bedskamer,2.81,21.360926
RTLS_05252,Voedingspomp 3,equipment,2025-03-19 10:35:00.000000000,2025-03-19 10:35:25.000000000,UTIL_A,B2.63 Utility,2.63,25.0
RTLS_02241,EUREKA-VPL-018,nurse,2025-03-19 10:35:03.654615979,2025-03-19 10:35:04.654615979,BATHROOM,B2.57 Stortbad,2.57,1.0
RTLS_00264,EUREKA-VPL-003,nurse,2025-03-19 10:35:05.605949537,2025-03-19 10:38:20.892411509,ROOM_105,B2.82 1-bedskamer,2.82,195.286461
RTLS_03834,Medicatiekar geel,equipment,2025-03-19 10:35:05.605949537,2025-03-19 10:38:20.892411509,ROOM_105,B2.82 1-bedskamer,2.82,195.286461
RTLS_05154,Voedingspomp 2,equipment,2025-03-19 10:35:07.000000000,2025-03-19 10:35:23.000000000,UTIL_B,B2.75 Utility,2.75,16.0
RTLS_02702,EUREKA-VPL-021,nurse,2025-03-19 10:35:19.109335822,2025-03-19 10:35:53.976287727,ROOM_106,B2.62 2-bedskamer,2.62,34.866951
RTLS_03672,EUREKA-VPL-026,nurse,2025-03-19 10:35:20.365860354,2025-03-19 10:35:44.876559213,NS_A,B2.71 Open wacht,2.71,24.510698
RTLS_03075,EUREKA-VPL-023,nurse,2025-03-19 10:35:36.688025804,2025-03-19 10:59:59.999999804,STORE_C,B2.65 Berging,2.65,1463.311974
RTLS_03673,EUREKA-VPL-026,nurse,2025-03-19 10:35:44.876559213,2025-03-19 10:35:58.465179712,BATH_B,B2.55 Badkamer,2.55,13.58862
RTLS_02411,EUREKA-VPL-019,nurse,2025-03-19 10:35:45.792494703,2025-03-19 10:35:56.922799645,STORAGE,B2.61 Opslag,2.61,11.130304
RTLS_02703,EUREKA-VPL-021,nurse,2025-03-19 10:35:53.976287727,2025-03-19 10:36:25.320663306,ROOM_116,B2.56 2-bedskamer,2.56,31.344375
RTLS_02412,EUREKA-VPL-019,nurse,2025-03-19 10:35:56.922799645,2025-03-19 10:36:21.984613524,ROOM_103,B2.78 1-bedskamer,2.78,25.061813
RTLS_03674,EUREKA-VPL-026,nurse,2025-03-19 10:35:58.465179712,2025-03-19 10:36:05.406142276,ROOM_111,B2.81 2-bedskamer,2.81,6.940962
RTLS_03675,EUREKA-VPL-026,nurse,2025-03-19 10:36:05.406142276,2025-03-19 10:36:08.928165720,STORE_B,B2.59 Berging,2.59,3.522023
RTLS_03676,EUREKA-VPL-026,nurse,2025-03-19 10:36:08.928165720,2025-03-19 10:36:56.296486970,ROOM_106,B2.62 2-bedskamer,2.62,47.368321
RTLS_04633,Glucosemeter 2,equipment,2025-03-19 10:36:09.000000000,2025-03-19 10:36:43.000000000,NS_B,B2.71.01 Dienstplaats,2.71.01,34.0
RTLS_02413,EUREKA-VPL-019,nurse,2025-03-19 10:36:21.984613524,2025-03-19 10:36:53.510476684,ROOM_112,B2.83 2-bedskamer,2.83,31.525863
RTLS_02704,EUREKA-VPL-021,nurse,2025-03-19 10:36:25.320663306,2025-03-19 10:36:27.484901856,NS_A,B2.71 Open wacht,2.71,2.164238
RTLS_02705,EUREKA-VPL-021,nurse,2025-03-19 10:36:27.484901856,2025-03-19 10:37:00.397696545,KITCHEN,B2.77 Keuken,2.77,32.912794
RTLS_04010,Infuuspomp 2,equipment,2025-03-19 10:36:28.000000000,2025-03-19 10:37:05.000000000,UTIL_A,B2.63 Utility,2.63,37.0
RTLS_04422,Bladderscan,equipment,2025-03-19 10:36:39.000000000,2025-03-19 10:37:13.000000000,UTIL_A,B2.63 Utility,2.63,34.0
RTLS_03904,Infuuspomp 1,equipment,2025-03-19 10:36:47.000000000,2025-03-19 10:37:03.000000000,UTIL_A,B2.63 Utility,2.63,16.0
RTLS_05052,Voedingspomp 1,equipment,2025-03-19 10:36:55.000000000,2025-03-19 10:37:27.000000000,UTIL_A,B2.63 Utility,2.63,32.0
RTLS_03677,EUREKA-VPL-026,nurse,2025-03-19 10:36:56.296486970,2025-03-19 10:37:02.181139490,ROOM_116,B2.56 2-bedskamer,2.56,5.884652
RTLS_02706,EUREKA-VPL-021,nurse,2025-03-19 10:37:00.397696545,2025-03-19 10:37:26.287656816,ROOM_107,B2.64 2-bedskamer,2.64,25.88996
RTLS_03678,EUREKA-VPL-026,nurse,2025-03-19 10:37:02.181139490,2025-03-19 10:39:40.955697030,STORE_A,B2.53 Berging,2.53,158.774557
RTLS_05360,Voedingspomp 4,equipment,2025-03-19 10:37:12.000000000,2025-03-19 10:37:23.000000000,UTIL_B,B2.75 Utility,2.75,11.0
RTLS_02707,EUREKA-VPL-021,nurse,2025-03-19 10:37:26.287656816,2025-03-19 10:37:43.812191040,ROOM_104,B2.80 1-bedskamer,2.80,17.524534
RTLS_02708,EUREKA-VPL-021,nurse,2025-03-19 10:37:43.812191040,2025-03-19 10:37:51.222337442,BATHROOM,B2.57 Stortbad,2.57,7.410146
RTLS_00544,EUREKA-VPL-006,nurse,2025-03-19 10:37:44.102024032,2025-03-19 10:38:25.699285604,ROOM_103,B2.78 1-bedskamer,2.78,41.597261
RTLS_04845,Toiletstoel 2,equipment,2025-03-19 10:38:20.000000000,2025-03-19 10:38:27.000000000,UTIL_B,B2.75 Utility,2.75,7.0
RTLS_00265,EUREKA-VPL-003,nurse,2025-03-19 10:38:20.892411509,2025-03-19 10:38:49.809759221,KITCHEN,B2.77 Keuken,2.77,28.917347
RTLS_00545,EUREKA-VPL-006,nurse,2025-03-19 10:38:25.699285604,2025-03-19 10:40:41.095901214,ROOM_101,B2.74 1-bedskamer,2.74,135.396615
RTLS_05467,Voedingspomp 5,equipment,2025-03-19 10:38:43.000000000,2025-03-19 10:39:05.000000000,UTIL_A,B2.63 Utility,2.63,22.0
RTLS_00266,EUREKA-VPL-003,nurse,2025-03-19 10:38:49.809759221,2025-03-19 10:41:20.211482146,NS_B,B2.71.01 Dienstplaats,2.71.01,150.401722
RTLS_04214,Infuuspomp 4,equipment,2025-03-19 10:38:55.000000000,2025-03-19 10:39:30.000000000,UTIL_B,B2.75 Utility,2.75,35.0
RTLS_05253,Voedingspomp 3,equipment,2025-03-19 10:39:02.000000000,2025-03-19 10:39:36.000000000,UTIL_A,B2.63 Utility,2.63,34.0
RTLS_04739,Toiletstoel 1,equipment,2025-03-19 10:39:13.000000000,2025-03-19 10:39:18.000000000,UTIL_A,B2.63 Utility,2.63,5.0
RTLS_01800,EUREKA-VPL-015,nurse,2025-03-19 10:39:13.964091897,2025-03-19 10:41:36.413082870,ROOM_117,B2.54 2-bedskamer,2.54,142.44899
RTLS_03679,EUREKA-VPL-026,nurse,2025-03-19 10:39:40.955697030,2025-03-19 10:44:08.831002827,ROOM_118,B2.60 2-bedskamer,2.60,267.875305
RTLS_03857,Medicatiekar geel,equipment,2025-03-19 10:39:40.955697030,2025-03-19 10:44:08.831002827,ROOM_118,B2.60 2-bedskamer,2.60,267.875305
RTLS_01314,EUREKA-VPL-011,nurse,2025-03-19 10:40:13.559861508,2025-03-19 10:40:25.358168686,ROOM_104,B2.80 1-bedskamer,2.80,11.798307
RTLS_03251,EUREKA-VPL-024,nurse,2025-03-19 10:40:15.008946515,2025-03-19 10:40:39.559823086,ROOM_110,B2.79 2-bedskamer,2.79,24.550876
RTLS_01315,EUREKA-VPL-011,nurse,2025-03-19 10:40:25.358168686,2025-03-19 10:52:10.143267285,PREP_B,B2.71.02 Voorbereiding,2.71.02,704.785098
RTLS_04320,Spuitaandrijver,equipment,2025-03-19 10:40:28.000000000,2025-03-19 10:40:37.000000000,UTIL_B,B2.75 Utility,2.75,9.0
RTLS_03252,EUREKA-VPL-024,nurse,2025-03-19 10:40:39.559823086,2025-03-19 10:40:51.031010391,ROOM_115,B2.58 2-bedskamer,2.58,11.471187
RTLS_00546,EUREKA-VPL-006,nurse,2025-03-19 10:40:41.095901214,2025-03-19 10:40:42.095901214,PREP_A,B2.71.02 Voorbereiding,2.71.02,1.0
RTLS_00547,EUREKA-VPL-006,nurse,2025-03-19 10:40:42.095901214,2025-03-19 10:40:45.856826230,ROOM_109,B2.68 2-bedskamer,2.68,3.760925
RTLS_00548,EUREKA-VPL-006,nurse,2025-03-19 10:40:45.856826230,2025-03-19 10:41:09.850844372,ROOM_118,B2.60 2-bedskamer,2.60,23.994018
RTLS_03253,EUREKA-VPL-024,nurse,2025-03-19 10:40:51.031010391,2025-03-19 10:41:10.582863172,ROOM_108,B2.66 2-bedskamer,2.66,19.551852
RTLS_05053,Voedingspomp 1,equipment,2025-03-19 10:41:09.000000000,2025-03-19 10:41:41.000000000,UTIL_A,B2.63 Utility,2.63,32.0
RTLS_00549,EUREKA-VPL-006,nurse,2025-03-19 10:41:09.850844372,2025-03-19 10:42:29.919343937,ROOM_107,B2.64 2-bedskamer,2.64,80.068499
RTLS_03254,EUREKA-VPL-024,nurse,2025-03-19 10:41:10.582863172,2025-03-19 10:59:59.999999172,STORE_C,B2.65 Berging,2.65,1129.417136
RTLS_04846,Toiletstoel 2,equipment,2025-03-19 10:41:26.000000000,2025-03-19 10:41:44.000000000,UTIL_B,B2.75 Utility,2.75,18.0
RTLS_01801,EUREKA-VPL-015,nurse,2025-03-19 10:41:36.413082870,2025-03-19 10:42:34.589058659,ROOM_105,B2.82 1-bedskamer,2.82,58.175975
RTLS_04740,Toiletstoel 1,equipment,2025-03-19 10:41:39.000000000,2025-03-19 10:42:06.000000000,UTIL_A,B2.63 Utility,2.63,27.0
RTLS_04215,Infuuspomp 4,equipment,2025-03-19 10:41:39.000000000,2025-03-19 10:41:51.000000000,UTIL_B,B2.75 Utility,2.75,12.0
RTLS_04532,Glucosemeter 1,equipment,2025-03-19 10:42:02.000000000,2025-03-19 10:42:24.000000000,NS_A,B2.71 Open wacht,2.71,22.0
RTLS_04423,Bladderscan,equipment,2025-03-19 10:42:07.000000000,2025-03-19 10:42:18.000000000,UTIL_A,B2.63 Utility,2.63,11.0
RTLS_04948,Toiletstoel 3,equipment,2025-03-19 10:42:10.000000000,2025-03-19 10:42:29.000000000,STORAGE,B2.61 Opslag,2.61,19.0
RTLS_04112,Infuuspomp 3,equipment,2025-03-19 10:42:12.000000000,2025-03-19 10:42:19.000000000,UTIL_B,B2.75 Utility,2.75,7.0
RTLS_02870,EUREKA-VPL-022,nurse,2025-03-19 10:42:12.488676687,2025-03-19 10:42:15.890952673,ROOM_105,B2.82 1-bedskamer,2.82,3.402275
RTLS_02871,EUREKA-VPL-022,nurse,2025-03-19 10:42:15.890952673,2025-03-19 10:43:33.399037722,KITCHEN,B2.77 Keuken,2.77,77.508085
RTLS_05254,Voedingspomp 3,equipment,2025-03-19 10:42:16.000000000,2025-03-19 10:42:52.000000000,UTIL_A,B2.63 Utility,2.63,36.0
RTLS_00983,EUREKA-VPL-009,nurse,2025-03-19 10:42:16.400896535,2025-03-19 10:42:45.670404850,KITCHEN,B2.77 Keuken,2.77,29.269508
RTLS_02082,EUREKA-VPL-017,nurse,2025-03-19 10:42:29.660587359,2025-03-19 10:42:33.440323001,KITCHEN,B2.77 Keuken,2.77,3.779735
RTLS_00550,EUREKA-VPL-006,nurse,2025-03-19 10:42:29.919343937,2025-03-19 10:42:42.531971008,KITCHEN,B2.77 Keuken,2.77,12.612627
RTLS_02083,EUREKA-VPL-017,nurse,2025-03-19 10:42:33.440323001,2025-03-19 10:42:46.365756321,NS_A,B2.71 Open wacht,2.71,12.925433
RTLS_01802,EUREKA-VPL-015,nurse,2025-03-19 10:42:34.589058659,2025-03-19 10:42:53.829109404,KITCHEN,B2.77 Keuken,2.77,19.24005
RTLS_03905,Infuuspomp 1,equipment,2025-03-19 10:42:38.000000000,2025-03-19 10:42:56.000000000,UTIL_A,B2.63 Utility,2.63,18.0
RTLS_00551,EUREKA-VPL-006,nurse,2025-03-19 10:42:42.531971008,2025-03-19 10:42:43.531971008,UTIL_B,B2.75 Utility,2.75,1.0
RTLS_04634,Glucosemeter 2,equipment,2025-03-19 10:42:44.000000000,2025-03-19 10:43:19.000000000,NS_B,B2.71.01 Dienstplaats,2.71.01,35.0
RTLS_00984,EUREKA-VPL-009,nurse,2025-03-19 10:42:45.670404850,2025-03-19 10:43:35.886899566,ROOM_117,B2.54 2-bedskamer,2.54,50.216494
RTLS_02084,EUREKA-VPL-017,nurse,2025-03-19 10:42:46.365756321,2025-03-19 10:43:29.730234058,KITCHEN,B2.77 Keuken,2.77,43.364477
RTLS_05155,Voedingspomp 2,equipment,2025-03-19 10:42:48.000000000,2025-03-19 10:42:53.000000000,UTIL_B,B2.75 Utility,2.75,5.0
RTLS_01803,EUREKA-VPL-015,nurse,2025-03-19 10:42:53.829109404,2025-03-19 10:43:48.513249658,UTIL_A,B2.63 Utility,2.63,54.68414
RTLS_04011,Infuuspomp 2,equipment,2025-03-19 10:43:32.000000000,2025-03-19 10:43:52.000000000,UTIL_A,B2.63 Utility,2.63,20.0
RTLS_02872,EUREKA-VPL-022,nurse,2025-03-19 10:43:33.399037722,2025-03-19 10:43:35.526738943,ROOM_103,B2.78 1-bedskamer,2.78,2.127701
RTLS_02873,EUREKA-VPL-022,nurse,2025-03-19 10:43:35.526738943,2025-03-19 10:45:07.039430061,ROOM_115,B2.58 2-bedskamer,2.58,91.512691
RTLS_00985,EUREKA-VPL-009,nurse,2025-03-19 10:43:35.886899566,2025-03-19 10:43:52.346226240,ROOM_112,B2.83 2-bedskamer,2.83,16.459326
RTLS_01804,EUREKA-VPL-015,nurse,2025-03-19 10:43:48.513249658,2025-03-19 10:43:55.933504048,ROOM_110,B2.79 2-bedskamer,2.79,7.420254
RTLS_00986,EUREKA-VPL-009,nurse,2025-03-19 10:43:52.346226240,2025-03-19 10:44:36.458663983,ROOM_102,B2.76 1-bedskamer,2.76,44.112437
RTLS_01805,EUREKA-VPL-015,nurse,2025-03-19 10:43:55.933504048,2025-03-19 10:44:04.445048936,ROOM_114,B2.85 2-bedskamer,2.85,8.511544
RTLS_04847,Toiletstoel 2,equipment,2025-03-19 10:44:03.000000000,2025-03-19 10:44:39.000000000,UTIL_B,B2.75 Utility,2.75,36.0
RTLS_04216,Infuuspomp 4,equipment,2025-03-19 10:44:07.000000000,2025-03-19 10:44:42.000000000,UTIL_B,B2.75 Utility,2.75,35.0
RTLS_03680,EUREKA-VPL-026,nurse,2025-03-19 10:44:08.831002827,2025-03-19 10:44:10.732770730,ROOM_102,B2.76 1-bedskamer,2.76,1.901767
RTLS_03681,EUREKA-VPL-026,nurse,2025-03-19 10:44:10.732770730,2025-03-19 10:44:16.809666925,ROOM_113,B2.84 1-bedskamer,2.84,6.076896
RTLS_04949,Toiletstoel 3,equipment,2025-03-19 10:44:11.000000000,2025-03-19 10:44:23.000000000,STORAGE,B2.61 Opslag,2.61,12.0
RTLS_03682,EUREKA-VPL-026,nurse,2025-03-19 10:44:16.809666925,2025-03-19 10:44:53.561905559,UTIL_B,B2.75 Utility,2.75,36.752238
RTLS_00987,EUREKA-VPL-009,nurse,2025-03-19 10:44:36.458663983,2025-03-19 10:44:53.342054743,ROOM_108,B2.66 2-bedskamer,2.66,16.88339
RTLS_05361,Voedingspomp 4,equipment,2025-03-19 10:44:40.000000000,2025-03-19 10:45:01.000000000,UTIL_B,B2.75 Utility,2.75,21.0
RTLS_04113,Infuuspomp 3,equipment,2025-03-19 10:44:41.000000000,2025-03-19 10:44:47.000000000,UTIL_B,B2.75 Utility,2.75,6.0
RTLS_00988,EUREKA-VPL-009,nurse,2025-03-19 10:44:53.342054743,2025-03-19 10:55:53.798689658,NS_B,B2.71.01 Dienstplaats,2.71.01,660.456634
RTLS_02874,EUREKA-VPL-022,nurse,2025-03-19 10:45:07.039430061,2025-03-19 10:45:08.203217494,STORE_A,B2.53 Berging,2.53,1.163787
RTLS_02875,EUREKA-VPL-022,nurse,2025-03-19 10:45:08.203217494,2025-03-19 10:45:54.808378540,KITCHEN,B2.77 Keuken,2.77,46.605161
RTLS_03450,EUREKA-VPL-025,nurse,2025-03-19 10:45:20.643120605,2025-03-19 10:45:27.031915920,ROOM_114,B2.85 2-bedskamer,2.85,6.388795
RTLS_03451,EUREKA-VPL-025,nurse,2025-03-19 10:45:27.031915920,2025-03-19 10:47:59.467488477,ROOM_101,B2.74 1-bedskamer,2.74,152.435572
RTLS_02876,EUREKA-VPL-022,nurse,2025-03-19 10:45:54.808378540,2025-03-19 10:52:47.709730018,NS_B,B2.71.01 Dienstplaats,2.71.01,412.901351
RTLS_05362,Voedingspomp 4,equipment,2025-03-19 10:46:07.000000000,2025-03-19 10:46:15.000000000,UTIL_B,B2.75 Utility,2.75,8.0
RTLS_04217,Infuuspomp 4,equipment,2025-03-19 10:46:09.000000000,2025-03-19 10:46:15.000000000,UTIL_B,B2.75 Utility,2.75,6.0
RTLS_05255,Voedingspomp 3,equipment,2025-03-19 10:46:15.000000000,2025-03-19 10:46:31.000000000,UTIL_A,B2.63 Utility,2.63,16.0
RTLS_04533,Glucosemeter 1,equipment,2025-03-19 10:46:17.000000000,2025-03-19 10:46:51.000000000,NS_A,B2.71 Open wacht,2.71,34.0
RTLS_05468,Voedingspomp 5,equipment,2025-03-19 10:46:23.000000000,2025-03-19 10:46:56.000000000,UTIL_A,B2.63 Utility,2.63,33.0
RTLS_04321,Spuitaandrijver,equipment,2025-03-19 10:46:33.000000000,2025-03-19 10:47:01.000000000,UTIL_B,B2.75 Utility,2.75,28.0
RTLS_05156,Voedingspomp 2,equipment,2025-03-19 10:46:52.000000000,2025-03-19 10:47:29.000000000,UTIL_B,B2.75 Utility,2.75,37.0
RTLS_04950,Toiletstoel 3,equipment,2025-03-19 10:47:11.000000000,2025-03-19 10:47:43.000000000,STORAGE,B2.61 Opslag,2.61,32.0
RTLS_04848,Toiletstoel 2,equipment,2025-03-19 10:47:54.000000000,2025-03-19 10:48:15.000000000,UTIL_B,B2.75 Utility,2.75,21.0
RTLS_04741,Toiletstoel 1,equipment,2025-03-19 10:47:59.000000000,2025-03-19 10:48:10.000000000,UTIL_A,B2.63 Utility,2.63,11.0
RTLS_03452,EUREKA-VPL-025,nurse,2025-03-19 10:47:59.467488477,2025-03-19 10:48:39.038679380,ROOM_103,B2.78 1-bedskamer,2.78,39.57119
RTLS_04218,Infuuspomp 4,equipment,2025-03-19 10:48:09.000000000,2025-03-19 10:48:39.000000000,UTIL_B,B2.75 Utility,2.75,30.0
RTLS_04012,Infuuspomp 2,equipment,2025-03-19 10:48:21.000000000,2025-03-19 10:48:26.000000000,UTIL_A,B2.63 Utility,2.63,5.0
RTLS_05054,Voedingspomp 1,equipment,2025-03-19 10:48:22.000000000,2025-03-19 10:48:44.000000000,UTIL_A,B2.63 Utility,2.63,22.0
RTLS_03453,EUREKA-VPL-025,nurse,2025-03-19 10:48:39.038679380,2025-03-19 10:49:39.679477016,BATH_B,B2.55 Badkamer,2.55,60.640797
RTLS_04534,Glucosemeter 1,equipment,2025-03-19 10:48:40.000000000,2025-03-19 10:49:05.000000000,NS_A,B2.71 Open wacht,2.71,25.0
RTLS_04424,Bladderscan,equipment,2025-03-19 10:49:37.000000000,2025-03-19 10:50:04.000000000,UTIL_A,B2.63 Utility,2.63,27.0
RTLS_03454,EUREKA-VPL-025,nurse,2025-03-19 10:49:39.679477016,2025-03-19 10:54:48.836318396,BATH_B,B2.55 Badkamer,2.55,309.156841
RTLS_05157,Voedingspomp 2,equipment,2025-03-19 10:50:09.000000000,2025-03-19 10:50:31.000000000,UTIL_B,B2.75 Utility,2.75,22.0
RTLS_04951,Toiletstoel 3,equipment,2025-03-19 10:50:24.000000000,2025-03-19 10:50:40.000000000,STORAGE,B2.61 Opslag,2.61,16.0
RTLS_03906,Infuuspomp 1,equipment,2025-03-19 10:50:27.000000000,2025-03-19 10:50:41.000000000,UTIL_A,B2.63 Utility,2.63,14.0
RTLS_00710,EUREKA-VPL-007,nurse,2025-03-19 10:50:27.550396203,2025-03-19 10:55:47.469343767,ROOM_102,B2.76 1-bedskamer,2.76,319.918947
RTLS_05256,Voedingspomp 3,equipment,2025-03-19 10:50:32.000000000,2025-03-19 10:51:01.000000000,UTIL_A,B2.63 Utility,2.63,29.0
RTLS_04635,Glucosemeter 2,equipment,2025-03-19 10:50:50.000000000,2025-03-19 10:51:08.000000000,NS_B,B2.71.01 Dienstplaats,2.71.01,18.0
RTLS_05469,Voedingspomp 5,equipment,2025-03-19 10:50:53.000000000,2025-03-19 10:51:27.000000000,UTIL_A,B2.63 Utility,2.63,34.0
RTLS_04322,Spuitaandrijver,equipment,2025-03-19 10:50:54.000000000,2025-03-19 10:51:04.000000000,UTIL_B,B2.75 Utility,2.75,10.0
RTLS_04114,Infuuspomp 3,equipment,2025-03-19 10:51:46.000000000,2025-03-19 10:52:00.000000000,UTIL_B,B2.75 Utility,2.75,14.0
RTLS_00330,EUREKA-VPL-004,nurse,2025-03-19 10:51:47.649572720,2025-03-19 10:59:59.999999720,NS_A,B2.71 Open wacht,2.71,492.350427
RTLS_05363,Voedingspomp 4,equipment,2025-03-19 10:51:58.000000000,2025-03-19 10:52:17.000000000,UTIL_B,B2.75 Utility,2.75,19.0
RTLS_01316,EUREKA-VPL-011,nurse,2025-03-19 10:52:10.143267285,2025-03-19 10:53:26.806901079,STORE_C,B2.65 Berging,2.65,76.663633
RTLS_04849,Toiletstoel 2,equipment,2025-03-19 10:52:40.000000000,2025-03-19 10:52:52.000000000,UTIL_B,B2.75 Utility,2.75,12.0
RTLS_04013,Infuuspomp 2,equipment,2025-03-19 10:53:03.000000000,2025-03-19 10:53:29.000000000,UTIL_A,B2.63 Utility,2.63,26.0
RTLS_04219,Infuuspomp 4,equipment,2025-03-19 10:53:22.000000000,2025-03-19 10:53:57.000000000,UTIL_B,B2.75 Utility,2.75,35.0
RTLS_04742,Toiletstoel 1,equipment,2025-03-19 10:53:24.000000000,2025-03-19 10:54:01.000000000,UTIL_A,B2.63 Utility,2.63,37.0
RTLS_01317,EUREKA-VPL-011,nurse,2025-03-19 10:53:26.806901079,2025-03-19 10:59:59.999999079,UTIL_A,B2.63 Utility,2.63,393.193098
RTLS_04425,Bladderscan,equipment,2025-03-19 10:53:29.000000000,2025-03-19 10:53:41.000000000,UTIL_A,B2.63 Utility,2.63,12.0
RTLS_05364,Voedingspomp 4,equipment,2025-03-19 10:53:50.000000000,2025-03-19 10:54:12.000000000,UTIL_B,B2.75 Utility,2.75,22.0
RTLS_03907,Infuuspomp 1,equipment,2025-03-19 10:53:56.000000000,2025-03-19 10:54:01.000000000,UTIL_A,B2.63 Utility,2.63,5.0
RTLS_05055,Voedingspomp 1,equipment,2025-03-19 10:54:07.000000000,2025-03-19 10:54:42.000000000,UTIL_A,B2.63 Utility,2.63,35.0
RTLS_05158,Voedingspomp 2,equipment,2025-03-19 10:54:20.000000000,2025-03-19 10:54:37.000000000,UTIL_B,B2.75 Utility,2.75,17.0
RTLS_03455,EUREKA-VPL-025,nurse,2025-03-19 10:54:48.836318396,2025-03-19 10:59:59.999999396,STORE_C,B2.65 Berging,2.65,311.163681
RTLS_04636,Glucosemeter 2,equipment,2025-03-19 10:54:50.000000000,2025-03-19 10:55:15.000000000,NS_B,B2.71.01 Dienstplaats,2.71.01,25.0
RTLS_04323,Spuitaandrijver,equipment,2025-03-19 10:55:06.000000000,2025-03-19 10:55:31.000000000,UTIL_B,B2.75 Utility,2.75,25.0
RTLS_04535,Glucosemeter 1,equipment,2025-03-19 10:55:24.000000000,2025-03-19 10:55:45.000000000,NS_A,B2.71 Open wacht,2.71,21.0
RTLS_00711,EUREKA-VPL-007,nurse,2025-03-19 10:55:47.469343767,2025-03-19 10:55:56.684110788,ROOM_118,B2.60 2-bedskamer,2.60,9.214767
RTLS_00989,EUREKA-VPL-009,nurse,2025-03-19 10:55:53.798689658,2025-03-19 10:56:45.506662758,ROOM_106,B2.62 2-bedskamer,2.62,51.707973
RTLS_04220,Infuuspomp 4,equipment,2025-03-19 10:56:09.000000000,2025-03-19 10:56:27.000000000,UTIL_B,B2.75 Utility,2.75,18.0
RTLS_04115,Infuuspomp 3,equipment,2025-03-19 10:56:24.000000000,2025-03-19 10:56:44.000000000,UTIL_B,B2.75 Utility,2.75,20.0
RTLS_03908,Infuuspomp 1,equipment,2025-03-19 10:56:30.000000000,2025-03-19 10:56:42.000000000,UTIL_A,B2.63 Utility,2.63,12.0
RTLS_05257,Voedingspomp 3,equipment,2025-03-19 10:56:38.000000000,2025-03-19 10:57:08.000000000,UTIL_A,B2.63 Utility,2.63,30.0
RTLS_04014,Infuuspomp 2,equipment,2025-03-19 10:56:43.000000000,2025-03-19 10:56:58.000000000,UTIL_A,B2.63 Utility,2.63,15.0
RTLS_04952,Toiletstoel 3,equipment,2025-03-19 10:57:13.000000000,2025-03-19 10:57:23.000000000,STORAGE,B2.61 Opslag,2.61,10.0
RTLS_04324,Spuitaandrijver,equipment,2025-03-19 10:57:14.000000000,2025-03-19 10:57:30.000000000,UTIL_B,B2.75 Utility,2.75,16.0
RTLS_04850,Toiletstoel 2,equipment,2025-03-19 10:57:30.000000000,2025-03-19 10:57:46.000000000,UTIL_B,B2.75 Utility,2.75,16.0
RTLS_04536,Glucosemeter 1,equipment,2025-03-19 10:58:20.000000000,2025-03-19 10:58:45.000000000,NS_A,B2.71 Open wacht,2.71,25.0
RTLS_05470,Voedingspomp 5,equipment,2025-03-19 10:58:33.000000000,2025-03-19 10:58:41.000000000,UTIL_A,B2.63 Utility,2.63,8.0
RTLS_05258,Voedingspomp 3,equipment,2025-03-19 10:58:34.000000000,2025-03-19 10:58:44.000000000,UTIL_A,B2.63 Utility,2.63,10.0
RTLS_04851,Toiletstoel 2,equipment,2025-03-19 10:58:40.000000000,2025-03-19 10:58:58.000000000,UTIL_B,B2.75 Utility,2.75,18.0
RTLS_04637,Glucosemeter 2,equipment,2025-03-19 10:58:58.000000000,2025-03-19 10:59:12.000000000,NS_B,B2.71.01 Dienstplaats,2.71.01,14.0
RTLS_05365,Voedingspomp 4,equipment,2025-03-19 10:59:03.000000000,2025-03-19 10:59:10.000000000,UTIL_B,B2.75 Utility,2.75,7.0
RTLS_04743,Toiletstoel 1,equipment,2025-03-19 10:59:27.000000000,2025-03-19 10:59:55.000000000,UTIL_A,B2.63 Utility,2.63,28.0
RTLS_00059,EUREKA-VPL-001,nurse,2025-03-19 11:00:00.000000000,2025-03-19 11:00:09.178821929,NS_A,B2.71 Open wacht,2.71,9.178821
RTLS_00186,EUREKA-VPL-002,nurse,2025-03-19 11:00:00.000000000,2025-03-19 11:00:11.607135332,ROOM_107,B2.64 2-bedskamer,2.64,11.607135
RTLS_00267,EUREKA-VPL-003,nurse,2025-03-19 11:00:00.000000000,2025-03-19 11:02:52.184422535,ROOM_105,B2.82 1-bedskamer,2.82,172.184422
RTLS_00331,EUREKA-VPL-004,nurse,2025-03-19 11:00:00.000000000,2025-03-19 11:00:27.023704400,ROOM_103,B2.78 1-bedskamer,2.78,27.023704
RTLS_00424,EUREKA-VPL-005,nurse,2025-03-19 11:00:00.000000000,2025-03-19 11:09:09.113586364,STORAGE,B2.61 Opslag,2.61,549.113586
RTLS_00552,EUREKA-VPL-006,nurse,2025-03-19 11:00:00.000000000,2025-03-19 11:00:01.583719326,PREP_B,B2.71.02 Voorbereiding,2.71.02,1.5837189999999999
RTLS_00712,EUREKA-VPL-007,nurse,2025-03-19 11:00:00.000000000,2025-03-19 11:01:02.233599522,NS_A,B2.71 Open wacht,2.71,62.233599
RTLS_00859,EUREKA-VPL-008,nurse,2025-03-19 11:00:00.000000000,2025-03-19 11:00:17.906334895,NS_B,B2.71.01 Dienstplaats,2.71.01,17.906334
RTLS_00990,EUREKA-VPL-009,nurse,2025-03-19 11:00:00.000000000,2025-03-19 11:13:50.769230769,PREP_B,B2.71.02 Voorbereiding,2.71.02,830.76923
RTLS_01152,EUREKA-VPL-010,nurse,2025-03-19 11:00:00.000000000,2025-03-19 11:00:33.471690610,ROOM_106,B2.62 2-bedskamer,2.62,33.47169
RTLS_01318,EUREKA-VPL-011,nurse,2025-03-19 11:00:00.000000000,2025-03-19 11:00:04.946024453,ROOM_113,B2.84 1-bedskamer,2.84,4.9460239999999995
RTLS_01423,EUREKA-VPL-012,nurse,2025-03-19 11:00:00.000000000,2025-03-19 11:04:29.957535151,NS_A,B2.71 Open wacht,2.71,269.957535
RTLS_01512,EUREKA-VPL-013,nurse,2025-03-19 11:00:00.000000000,2025-03-19 11:01:32.653166169,ROOM_105,B2.82 1-bedskamer,2.82,92.653166
RTLS_01654,EUREKA-VPL-014,nurse,2025-03-19 11:00:00.000000000,2025-03-19 11:00:26.861158527,ROOM_101,B2.74 1-bedskamer,2.74,26.861158
RTLS_01806,EUREKA-VPL-015,nurse,2025-03-19 11:00:00.000000000,2025-03-19 11:00:46.615834546,STORE_B,B2.59 Berging,2.59,46.615834
RTLS_01931,EUREKA-VPL-016,nurse,2025-03-19 11:00:00.000000000,2025-03-19 11:00:06.271600557,ROOM_110,B2.79 2-bedskamer,2.79,6.2716
RTLS_02085,EUREKA-VPL-017,nurse,2025-03-19 11:00:00.000000000,2025-03-19 11:01:50.696350320,NS_A,B2.71 Open wacht,2.71,110.69635
RTLS_02242,EUREKA-VPL-018,nurse,2025-03-19 11:00:00.000000000,2025-03-19 11:01:59.935034594,ROOM_108,B2.66 2-bedskamer,2.66,119.935034
RTLS_02414,EUREKA-VPL-019,nurse,2025-03-19 11:00:00.000000000,2025-03-19 11:00:35.098676151,ROOM_117,B2.54 2-bedskamer,2.54,35.098676
RTLS_02593,EUREKA-VPL-020,nurse,2025-03-19 11:00:00.000000000,2025-03-19 11:00:27.268468549,KITCHEN,B2.77 Keuken,2.77,27.268468
RTLS_02709,EUREKA-VPL-021,nurse,2025-03-19 11:00:00.000000000,2025-03-19 11:13:50.769230769,STORE_B,B2.59 Berging,2.59,830.76923
RTLS_02877,EUREKA-VPL-022,nurse,2025-03-19 11:00:00.000000000,2025-03-19 11:03:21.505552075,ROOM_118,B2.60 2-bedskamer,2.60,201.505552
RTLS_03076,EUREKA-VPL-023,nurse,2025-03-19 11:00:00.000000000,2025-03-19 11:00:16.924602926,KITCHEN,B2.77 Keuken,2.77,16.924602
RTLS_03255,EUREKA-VPL-024,nurse,2025-03-19 11:00:00.000000000,2025-03-19 11:02:12.793274208,ROOM_116,B2.56 2-bedskamer,2.56,132.793274
RTLS_03456,EUREKA-VPL-025,nurse,2025-03-19 11:00:00.000000000,2025-03-19 11:00:07.211301991,ROOM_109,B2.68 2-bedskamer,2.68,7.211301
RTLS_03683,EUREKA-VPL-026,nurse,2025-03-19 11:00:00.000000000,2025-03-19 11:01:07.587637833,ROOM_116,B2.56 2-bedskamer,2.56,67.587637
RTLS_00553,EUREKA-VPL-006,nurse,2025-03-19 11:00:01.583719326,2025-03-19 11:00:07.017936824,KITCHEN,B2.77 Keuken,2.77,5.434217
RTLS_01319,EUREKA-VPL-011,nurse,2025-03-19 11:00:04.946024453,2025-03-19 11:00:14.488707779,BATHROOM,B2.57 Stortbad,2.57,9.542683
RTLS_01932,EUREKA-VPL-016,nurse,2025-03-19 11:00:06.271600557,2025-03-19 11:00:31.830583013,ROOM_115,B2.58 2-bedskamer,2.58,25.558982
RTLS_00554,EUREKA-VPL-006,nurse,2025-03-19 11:00:07.017936824,2025-03-19 11:01:15.579337604,NS_B,B2.71.01 Dienstplaats,2.71.01,68.5614
RTLS_03457,EUREKA-VPL-025,nurse,2025-03-19 11:00:07.211301991,2025-03-19 11:00:30.009591639,ROOM_113,B2.84 1-bedskamer,2.84,22.798289
RTLS_00060,EUREKA-VPL-001,nurse,2025-03-19 11:00:09.178821929,2025-03-19 11:13:57.829863005,ROOM_115,B2.58 2-bedskamer,2.58,828.651041
RTLS_00187,EUREKA-VPL-002,nurse,2025-03-19 11:00:11.607135332,2025-03-19 11:02:30.259155878,NS_B,B2.71.01 Dienstplaats,2.71.01,138.65202
RTLS_01320,EUREKA-VPL-011,nurse,2025-03-19 11:00:14.488707779,2025-03-19 11:00:25.374993029,PREP_B,B2.71.02 Voorbereiding,2.71.02,10.886285
RTLS_03077,EUREKA-VPL-023,nurse,2025-03-19 11:00:16.924602926,2025-03-19 11:01:39.600683675,ROOM_108,B2.66 2-bedskamer,2.66,82.67608
RTLS_00860,EUREKA-VPL-008,nurse,2025-03-19 11:00:17.906334895,2025-03-19 11:06:37.105781667,PREP_A,B2.71.02 Voorbereiding,2.71.02,379.199446
RTLS_01321,EUREKA-VPL-011,nurse,2025-03-19 11:00:25.374993029,2025-03-19 11:02:16.176292143,ROOM_113,B2.84 1-bedskamer,2.84,110.801299
RTLS_01655,EUREKA-VPL-014,nurse,2025-03-19 11:00:26.861158527,2025-03-19 11:00:33.006569219,ROOM_118,B2.60 2-bedskamer,2.60,6.14541
RTLS_00332,EUREKA-VPL-004,nurse,2025-03-19 11:00:27.023704400,2025-03-19 11:00:30.913784189,ROOM_106,B2.62 2-bedskamer,2.62,3.890079
RTLS_02594,EUREKA-VPL-020,nurse,2025-03-19 11:00:27.268468549,2025-03-19 11:00:39.126775382,ROOM_116,B2.56 2-bedskamer,2.56,11.858306
RTLS_03458,EUREKA-VPL-025,nurse,2025-03-19 11:00:30.009591639,2025-03-19 11:01:29.655664340,ROOM_107,B2.64 2-bedskamer,2.64,59.646072
RTLS_00333,EUREKA-VPL-004,nurse,2025-03-19 11:00:30.913784189,2025-03-19 11:00:53.055548245,ROOM_101,B2.74 1-bedskamer,2.74,22.141764
RTLS_01933,EUREKA-VPL-016,nurse,2025-03-19 11:00:31.830583013,2025-03-19 11:00:46.609610823,KITCHEN,B2.77 Keuken,2.77,14.779027
RTLS_01656,EUREKA-VPL-014,nurse,2025-03-19 11:00:33.006569219,2025-03-19 11:00:42.018610376,KITCHEN,B2.77 Keuken,2.77,9.012041
RTLS_01153,EUREKA-VPL-010,nurse,2025-03-19 11:00:33.471690610,2025-03-19 11:00:52.774736675,ROOM_101,B2.74 1-bedskamer,2.74,19.303046
RTLS_02415,EUREKA-VPL-019,nurse,2025-03-19 11:00:35.098676151,2025-03-19 11:02:21.311802634,NS_B,B2.71.01 Dienstplaats,2.71.01,106.213126
RTLS_05159,Voedingspomp 2,equipment,2025-03-19 11:00:36.000000000,2025-03-19 11:00:58.000000000,UTIL_B,B2.75 Utility,2.75,22.0
RTLS_02595,EUREKA-VPL-020,nurse,2025-03-19 11:00:39.126775382,2025-03-19 11:01:48.620083845,KITCHEN,B2.77 Keuken,2.77,69.493308
RTLS_04426,Bladderscan,equipment,2025-03-19 11:00:40.000000000,2025-03-19 11:01:12.000000000,UTIL_A,B2.63 Utility,2.63,32.0
RTLS_01657,EUREKA-VPL-014,nurse,2025-03-19 11:00:42.018610376,2025-03-19 11:00:46.360909518,NS_B,B2.71.01 Dienstplaats,2.71.01,4.342299
RTLS_01658,EUREKA-VPL-014,nurse,2025-03-19 11:00:46.360909518,2025-03-19 11:01:46.892206127,ROOM_103,B2.78 1-bedskamer,2.78,60.531296
RTLS_01934,EUREKA-VPL-016,nurse,2025-03-19 11:00:46.609610823,2025-03-19 11:01:59.689093415,UTIL_A,B2.63 Utility,2.63,73.079482
RTLS_01807,EUREKA-VPL-015,nurse,2025-03-19 11:00:46.615834546,2025-03-19 11:01:05.668103117,NS_B,B2.71.01 Dienstplaats,2.71.01,19.052268
RTLS_01154,EUREKA-VPL-010,nurse,2025-03-19 11:00:52.774736675,2025-03-19 11:00:53.774736675,ROOM_116,B2.56 2-bedskamer,2.56,1.0
RTLS_00334,EUREKA-VPL-004,nurse,2025-03-19 11:00:53.055548245,2025-03-19 11:03:08.103778198,BATHROOM,B2.57 Stortbad,2.57,135.048229
RTLS_01155,EUREKA-VPL-010,nurse,2025-03-19 11:00:53.774736675,2025-03-19 11:01:31.891903049,ROOM_106,B2.62 2-bedskamer,2.62,38.117166
RTLS_04221,Infuuspomp 4,equipment,2025-03-19 11:01:00.000000000,2025-03-19 11:01:07.000000000,UTIL_B,B2.75 Utility,2.75,7.0
RTLS_00713,EUREKA-VPL-007,nurse,2025-03-19 11:01:02.233599522,2025-03-19 11:01:41.507579144,UTIL_B,B2.75 Utility,2.75,39.273979
RTLS_01808,EUREKA-VPL-015,nurse,2025-03-19 11:01:05.668103117,2025-03-19 11:01:19.057944075,ROOM_109,B2.68 2-bedskamer,2.68,13.38984
RTLS_03684,EUREKA-VPL-026,nurse,2025-03-19 11:01:07.587637833,2025-03-19 11:01:08.608060481,ROOM_109,B2.68 2-bedskamer,2.68,1.020422
RTLS_03685,EUREKA-VPL-026,nurse,2025-03-19 11:01:08.608060481,2025-03-19 11:01:16.292849218,ROOM_110,B2.79 2-bedskamer,2.79,7.684788
RTLS_05056,Voedingspomp 1,equipment,2025-03-19 11:01:09.000000000,2025-03-19 11:01:23.000000000,UTIL_A,B2.63 Utility,2.63,14.0
RTLS_00555,EUREKA-VPL-006,nurse,2025-03-19 11:01:15.579337604,2025-03-19 11:02:28.025975259,ROOM_107,B2.64 2-bedskamer,2.64,72.446637
RTLS_03686,EUREKA-VPL-026,nurse,2025-03-19 11:01:16.292849218,2025-03-19 11:01:32.928650848,KITCHEN,B2.77 Keuken,2.77,16.635801
RTLS_01809,EUREKA-VPL-015,nurse,2025-03-19 11:01:19.057944075,2025-03-19 11:01:20.878725898,ROOM_117,B2.54 2-bedskamer,2.54,1.820781
RTLS_01810,EUREKA-VPL-015,nurse,2025-03-19 11:01:20.878725898,2025-03-19 11:01:28.936825667,ROOM_109,B2.68 2-bedskamer,2.68,8.058099
RTLS_01811,EUREKA-VPL-015,nurse,2025-03-19 11:01:28.936825667,2025-03-19 11:09:56.294290290,NS_A,B2.71 Open wacht,2.71,507.357464
RTLS_03459,EUREKA-VPL-025,nurse,2025-03-19 11:01:29.655664340,2025-03-19 11:11:49.128194045,ROOM_115,B2.58 2-bedskamer,2.58,619.472529
RTLS_01156,EUREKA-VPL-010,nurse,2025-03-19 11:01:31.891903049,2025-03-19 11:01:54.969188451,ROOM_115,B2.58 2-bedskamer,2.58,23.077285
RTLS_01513,EUREKA-VPL-013,nurse,2025-03-19 11:01:32.653166169,2025-03-19 11:01:49.966280110,ROOM_112,B2.83 2-bedskamer,2.83,17.313113
RTLS_03687,EUREKA-VPL-026,nurse,2025-03-19 11:01:32.928650848,2025-03-19 11:01:58.531598407,ROOM_118,B2.60 2-bedskamer,2.60,25.602947
RTLS_03078,EUREKA-VPL-023,nurse,2025-03-19 11:01:39.600683675,2025-03-19 11:02:32.862979106,ROOM_106,B2.62 2-bedskamer,2.62,53.262295
RTLS_00714,EUREKA-VPL-007,nurse,2025-03-19 11:01:41.507579144,2025-03-19 11:11:15.701480139,PREP_B,B2.71.02 Voorbereiding,2.71.02,574.1939
RTLS_01659,EUREKA-VPL-014,nurse,2025-03-19 11:01:46.892206127,2025-03-19 11:12:11.985227737,BATHROOM,B2.57 Stortbad,2.57,625.093021
RTLS_02596,EUREKA-VPL-020,nurse,2025-03-19 11:01:48.620083845,2025-03-19 11:02:08.389977383,PREP_A,B2.71.02 Voorbereiding,2.71.02,19.769893
RTLS_01514,EUREKA-VPL-013,nurse,2025-03-19 11:01:49.966280110,2025-03-19 11:02:34.378884451,ROOM_105,B2.82 1-bedskamer,2.82,44.412604
RTLS_02086,EUREKA-VPL-017,nurse,2025-03-19 11:01:50.696350320,2025-03-19 11:01:51.696350320,PREP_B,B2.71.02 Voorbereiding,2.71.02,1.0
RTLS_02087,EUREKA-VPL-017,nurse,2025-03-19 11:01:51.696350320,2025-03-19 11:03:19.158925538,NS_B,B2.71.01 Dienstplaats,2.71.01,87.462575
RTLS_01157,EUREKA-VPL-010,nurse,2025-03-19 11:01:54.969188451,2025-03-19 11:03:02.701004920,ROOM_104,B2.80 1-bedskamer,2.80,67.731816
RTLS_03688,EUREKA-VPL-026,nurse,2025-03-19 11:01:58.531598407,2025-03-19 11:02:21.511387612,UTIL_B,B2.75 Utility,2.75,22.979789
RTLS_01935,EUREKA-VPL-016,nurse,2025-03-19 11:01:59.689093415,2025-03-19 11:02:09.226207213,KITCHEN,B2.77 Keuken,2.77,9.537113
RTLS_02243,EUREKA-VPL-018,nurse,2025-03-19 11:01:59.935034594,2025-03-19 11:06:14.153061193,STORE_A,B2.53 Berging,2.53,254.218026
RTLS_04744,Toiletstoel 1,equipment,2025-03-19 11:02:02.000000000,2025-03-19 11:02:28.000000000,UTIL_A,B2.63 Utility,2.63,26.0
RTLS_02597,EUREKA-VPL-020,nurse,2025-03-19 11:02:08.389977383,2025-03-19 11:02:17.444977537,ROOM_112,B2.83 2-bedskamer,2.83,9.055
RTLS_01936,EUREKA-VPL-016,nurse,2025-03-19 11:02:09.226207213,2025-03-19 11:04:10.879053802,NS_A,B2.71 Open wacht,2.71,121.652846
RTLS_04116,Infuuspomp 3,equipment,2025-03-19 11:02:11.000000000,2025-03-19 11:02:45.000000000,UTIL_B,B2.75 Utility,2.75,34.0
RTLS_03256,EUREKA-VPL-024,nurse,2025-03-19 11:02:12.793274208,2025-03-19 11:02:13.793274208,STORE_B,B2.59 Berging,2.59,1.0
RTLS_03257,EUREKA-VPL-024,nurse,2025-03-19 11:02:13.793274208,2025-03-19 11:02:31.050018506,ROOM_109,B2.68 2-bedskamer,2.68,17.256744
RTLS_01322,EUREKA-VPL-011,nurse,2025-03-19 11:02:16.176292143,2025-03-19 11:02:42.602313751,ROOM_101,B2.74 1-bedskamer,2.74,26.426021
RTLS_02598,EUREKA-VPL-020,nurse,2025-03-19 11:02:17.444977537,2025-03-19 11:02:28.630234967,ROOM_106,B2.62 2-bedskamer,2.62,11.185257
RTLS_04427,Bladderscan,equipment,2025-03-19 11:02:19.000000000,2025-03-19 11:02:44.000000000,UTIL_A,B2.63 Utility,2.63,25.0
RTLS_05366,Voedingspomp 4,equipment,2025-03-19 11:02:21.000000000,2025-03-19 11:02:41.000000000,UTIL_B,B2.75 Utility,2.75,20.0
RTLS_02416,EUREKA-VPL-019,nurse,2025-03-19 11:02:21.311802634,2025-03-19 11:04:21.464937685,STORE_A,B2.53 Berging,2.53,120.153135
RTLS_03689,EUREKA-VPL-026,nurse,2025-03-19 11:02:21.511387612,2025-03-19 11:02:32.759008407,ROOM_117,B2.54 2-bedskamer,2.54,11.24762
RTLS_00556,EUREKA-VPL-006,nurse,2025-03-19 11:02:28.025975259,2025-03-19 11:02:45.379012479,ROOM_112,B2.83 2-bedskamer,2.83,17.353037
RTLS_02599,EUREKA-VPL-020,nurse,2025-03-19 11:02:28.630234967,2025-03-19 11:03:07.027715016,ROOM_108,B2.66 2-bedskamer,2.66,38.39748
RTLS_00188,EUREKA-VPL-002,nurse,2025-03-19 11:02:30.259155878,2025-03-19 11:03:01.274047070,KITCHEN,B2.77 Keuken,2.77,31.014891
RTLS_03258,EUREKA-VPL-024,nurse,2025-03-19 11:02:31.050018506,2025-03-19 11:05:25.852638512,ROOM_105,B2.82 1-bedskamer,2.82,174.80262
RTLS_03690,EUREKA-VPL-026,nurse,2025-03-19 11:02:32.759008407,2025-03-19 11:04:42.185469168,ROOM_115,B2.58 2-bedskamer,2.58,129.42646
RTLS_03079,EUREKA-VPL-023,nurse,2025-03-19 11:02:32.862979106,2025-03-19 11:03:00.398856304,ROOM_112,B2.83 2-bedskamer,2.83,27.535877
RTLS_01515,EUREKA-VPL-013,nurse,2025-03-19 11:02:34.378884451,2025-03-19 11:02:39.561037817,STORAGE,B2.61 Opslag,2.61,5.182153
RTLS_03909,Infuuspomp 1,equipment,2025-03-19 11:02:39.000000000,2025-03-19 11:02:55.000000000,UTIL_A,B2.63 Utility,2.63,16.0
RTLS_01516,EUREKA-VPL-013,nurse,2025-03-19 11:02:39.561037817,2025-03-19 11:02:41.152051645,UTIL_A,B2.63 Utility,2.63,1.591013
RTLS_04953,Toiletstoel 3,equipment,2025-03-19 11:02:40.000000000,2025-03-19 11:03:03.000000000,STORAGE,B2.61 Opslag,2.61,23.0
RTLS_01517,EUREKA-VPL-013,nurse,2025-03-19 11:02:41.152051645,2025-03-19 11:07:10.234109439,ROOM_114,B2.85 2-bedskamer,2.85,269.082057
RTLS_01323,EUREKA-VPL-011,nurse,2025-03-19 11:02:42.602313751,2025-03-19 11:03:55.513823369,ROOM_114,B2.85 2-bedskamer,2.85,72.911509
RTLS_00557,EUREKA-VPL-006,nurse,2025-03-19 11:02:45.379012479,2025-03-19 11:02:51.391891816,ROOM_118,B2.60 2-bedskamer,2.60,6.012879
RTLS_00558,EUREKA-VPL-006,nurse,2025-03-19 11:02:51.391891816,2025-03-19 11:05:14.567311950,ROOM_116,B2.56 2-bedskamer,2.56,143.17542
RTLS_00268,EUREKA-VPL-003,nurse,2025-03-19 11:02:52.184422535,2025-03-19 11:02:53.184422535,ROOM_106,B2.62 2-bedskamer,2.62,1.0
RTLS_00269,EUREKA-VPL-003,nurse,2025-03-19 11:02:53.184422535,2025-03-19 11:06:58.280143861,ROOM_115,B2.58 2-bedskamer,2.58,245.095721
RTLS_03080,EUREKA-VPL-023,nurse,2025-03-19 11:03:00.398856304,2025-03-19 11:03:08.181768614,ROOM_118,B2.60 2-bedskamer,2.60,7.782912
RTLS_00189,EUREKA-VPL-002,nurse,2025-03-19 11:03:01.274047070,2025-03-19 11:03:16.505925810,ROOM_108,B2.66 2-bedskamer,2.66,15.231878
RTLS_04325,Spuitaandrijver,equipment,2025-03-19 11:03:02.000000000,2025-03-19 11:03:25.000000000,UTIL_B,B2.75 Utility,2.75,23.0
RTLS_01158,EUREKA-VPL-010,nurse,2025-03-19 11:03:02.701004920,2025-03-19 11:03:50.221710887,NS_B,B2.71.01 Dienstplaats,2.71.01,47.520705
RTLS_02600,EUREKA-VPL-020,nurse,2025-03-19 11:03:07.027715016,2025-03-19 11:03:38.817576589,ROOM_118,B2.60 2-bedskamer,2.60,31.789861
RTLS_00335,EUREKA-VPL-004,nurse,2025-03-19 11:03:08.103778198,2025-03-19 11:04:15.480182765,NS_A,B2.71 Open wacht,2.71,67.376404
RTLS_03081,EUREKA-VPL-023,nurse,2025-03-19 11:03:08.181768614,2025-03-19 11:05:43.446494471,ROOM_104,B2.80 1-bedskamer,2.80,155.264725
RTLS_00190,EUREKA-VPL-002,nurse,2025-03-19 11:03:16.505925810,2025-03-19 11:05:09.628153055,ROOM_111,B2.81 2-bedskamer,2.81,113.122227
RTLS_02088,EUREKA-VPL-017,nurse,2025-03-19 11:03:19.158925538,2025-03-19 11:04:49.470153355,KITCHEN,B2.77 Keuken,2.77,90.311227
RTLS_04015,Infuuspomp 2,equipment,2025-03-19 11:03:21.000000000,2025-03-19 11:03:40.000000000,UTIL_A,B2.63 Utility,2.63,19.0
RTLS_02878,EUREKA-VPL-022,nurse,2025-03-19 11:03:21.505552075,2025-03-19 11:03:29.706537561,ROOM_108,B2.66 2-bedskamer,2.66,8.200985
RTLS_02879,EUREKA-VPL-022,nurse,2025-03-19 11:03:29.706537561,2025-03-19 11:04:22.033579742,ROOM_114,B2.85 2-bedskamer,2.85,52.327042
RTLS_02601,EUREKA-VPL-020,nurse,2025-03-19 11:03:38.817576589,2025-03-19 11:05:16.210682890,KITCHEN,B2.77 Keuken,2.77,97.393106
RTLS_04852,Toiletstoel 2,equipment,2025-03-19 11:03:43.000000000,2025-03-19 11:03:51.000000000,UTIL_B,B2.75 Utility,2.75,8.0
RTLS_01159,EUREKA-VPL-010,nurse,2025-03-19 11:03:50.221710887,2025-03-19 11:04:14.364276103,KITCHEN,B2.77 Keuken,2.77,24.142565
RTLS_01324,EUREKA-VPL-011,nurse,2025-03-19 11:03:55.513823369,2025-03-19 11:03:59.454834681,ROOM_105,B2.82 1-bedskamer,2.82,3.941011
RTLS_01325,EUREKA-VPL-011,nurse,2025-03-19 11:03:59.454834681,2025-03-19 11:04:27.249258905,KITCHEN,B2.77 Keuken,2.77,27.794424
RTLS_01937,EUREKA-VPL-016,nurse,2025-03-19 11:04:10.879053802,2025-03-19 11:04:52.241161494,ROOM_102,B2.76 1-bedskamer,2.76,41.362107
RTLS_01160,EUREKA-VPL-010,nurse,2025-03-19 11:04:14.364276103,2025-03-19 11:04:19.657708812,ROOM_102,B2.76 1-bedskamer,2.76,5.293432
RTLS_00336,EUREKA-VPL-004,nurse,2025-03-19 11:04:15.480182765,2025-03-19 11:04:21.413954120,KITCHEN,B2.77 Keuken,2.77,5.933771
RTLS_01161,EUREKA-VPL-010,nurse,2025-03-19 11:04:19.657708812,2025-03-19 11:04:22.031403201,NS_B,B2.71.01 Dienstplaats,2.71.01,2.373694
RTLS_04428,Bladderscan,equipment,2025-03-19 11:04:20.000000000,2025-03-19 11:04:34.000000000,UTIL_A,B2.63 Utility,2.63,14.0
RTLS_00337,EUREKA-VPL-004,nurse,2025-03-19 11:04:21.413954120,2025-03-19 11:04:25.604596342,ROOM_103,B2.78 1-bedskamer,2.78,4.190642
RTLS_02417,EUREKA-VPL-019,nurse,2025-03-19 11:04:21.464937685,2025-03-19 11:04:31.352390748,KITCHEN,B2.77 Keuken,2.77,9.887453
RTLS_01162,EUREKA-VPL-010,nurse,2025-03-19 11:04:22.031403201,2025-03-19 11:04:32.079593677,STORE_B,B2.59 Berging,2.59,10.04819
RTLS_02880,EUREKA-VPL-022,nurse,2025-03-19 11:04:22.033579742,2025-03-19 11:04:43.634581226,STORE_B,B2.59 Berging,2.59,21.601001
RTLS_00338,EUREKA-VPL-004,nurse,2025-03-19 11:04:25.604596342,2025-03-19 11:04:26.604596342,UTIL_B,B2.75 Utility,2.75,1.0
RTLS_01326,EUREKA-VPL-011,nurse,2025-03-19 11:04:27.249258905,2025-03-19 11:05:42.389783860,ROOM_103,B2.78 1-bedskamer,2.78,75.140524
RTLS_01424,EUREKA-VPL-012,nurse,2025-03-19 11:04:29.957535151,2025-03-19 11:04:58.461708812,KITCHEN,B2.77 Keuken,2.77,28.504173
RTLS_02418,EUREKA-VPL-019,nurse,2025-03-19 11:04:31.352390748,2025-03-19 11:04:53.171626637,NS_A,B2.71 Open wacht,2.71,21.819235
RTLS_01163,EUREKA-VPL-010,nurse,2025-03-19 11:04:32.079593677,2025-03-19 11:04:54.009621713,BATH_B,B2.55 Badkamer,2.55,21.930028
RTLS_03691,EUREKA-VPL-026,nurse,2025-03-19 11:04:42.185469168,2025-03-19 11:04:47.354482597,ROOM_106,B2.62 2-bedskamer,2.62,5.169013
RTLS_02881,EUREKA-VPL-022,nurse,2025-03-19 11:04:43.634581226,2025-03-19 11:05:01.834468998,STORE_A,B2.53 Berging,2.53,18.199887
RTLS_04638,Glucosemeter 2,equipment,2025-03-19 11:04:46.000000000,2025-03-19 11:05:05.000000000,NS_B,B2.71.01 Dienstplaats,2.71.01,19.0
RTLS_03692,EUREKA-VPL-026,nurse,2025-03-19 11:04:47.354482597,2025-03-19 11:05:03.593609237,BATH_B,B2.55 Badkamer,2.55,16.239126
RTLS_02089,EUREKA-VPL-017,nurse,2025-03-19 11:04:49.470153355,2025-03-19 11:05:01.427529210,ROOM_102,B2.76 1-bedskamer,2.76,11.957375
RTLS_01938,EUREKA-VPL-016,nurse,2025-03-19 11:04:52.241161494,2025-03-19 11:04:53.828119323,STORAGE,B2.61 Opslag,2.61,1.586957
RTLS_02419,EUREKA-VPL-019,nurse,2025-03-19 11:04:53.171626637,2025-03-19 11:05:14.947471511,UTIL_A,B2.63 Utility,2.63,21.775844
RTLS_01939,EUREKA-VPL-016,nurse,2025-03-19 11:04:53.828119323,2025-03-19 11:05:28.649373638,NS_B,B2.71.01 Dienstplaats,2.71.01,34.821254
RTLS_01164,EUREKA-VPL-010,nurse,2025-03-19 11:04:54.009621713,2025-03-19 11:04:58.803553339,KITCHEN,B2.77 Keuken,2.77,4.793931
RTLS_01425,EUREKA-VPL-012,nurse,2025-03-19 11:04:58.461708812,2025-03-19 11:05:05.193020385,ROOM_107,B2.64 2-bedskamer,2.64,6.731311
RTLS_01165,EUREKA-VPL-010,nurse,2025-03-19 11:04:58.803553339,2025-03-19 11:05:04.159907617,NS_B,B2.71.01 Dienstplaats,2.71.01,5.356354
RTLS_02090,EUREKA-VPL-017,nurse,2025-03-19 11:05:01.427529210,2025-03-19 11:05:09.660849089,ROOM_101,B2.74 1-bedskamer,2.74,8.233319
RTLS_02882,EUREKA-VPL-022,nurse,2025-03-19 11:05:01.834468998,2025-03-19 11:05:09.803679624,ROOM_105,B2.82 1-bedskamer,2.82,7.96921
RTLS_03693,EUREKA-VPL-026,nurse,2025-03-19 11:05:03.593609237,2025-03-19 11:05:15.716111572,ROOM_104,B2.80 1-bedskamer,2.80,12.122502
RTLS_01166,EUREKA-VPL-010,nurse,2025-03-19 11:05:04.159907617,2025-03-19 11:05:24.635301429,KITCHEN,B2.77 Keuken,2.77,20.475393
RTLS_01426,EUREKA-VPL-012,nurse,2025-03-19 11:05:05.193020385,2025-03-19 11:05:32.392418669,ROOM_113,B2.84 1-bedskamer,2.84,27.199398
RTLS_03910,Infuuspomp 1,equipment,2025-03-19 11:05:06.000000000,2025-03-19 11:05:21.000000000,UTIL_A,B2.63 Utility,2.63,15.0
RTLS_00191,EUREKA-VPL-002,nurse,2025-03-19 11:05:09.628153055,2025-03-19 11:05:25.106725012,ROOM_108,B2.66 2-bedskamer,2.66,15.478571
RTLS_02091,EUREKA-VPL-017,nurse,2025-03-19 11:05:09.660849089,2025-03-19 11:05:41.719689376,KITCHEN,B2.77 Keuken,2.77,32.058840000000004
RTLS_02883,EUREKA-VPL-022,nurse,2025-03-19 11:05:09.803679624,2025-03-19 11:05:32.446752112,ROOM_103,B2.78 1-bedskamer,2.78,22.643072
RTLS_00559,EUREKA-VPL-006,nurse,2025-03-19 11:05:14.567311950,2025-03-19 11:05:21.304433618,NS_A,B2.71 Open wacht,2.71,6.737121
RTLS_02420,EUREKA-VPL-019,nurse,2025-03-19 11:05:14.947471511,2025-03-19 11:05:17.335481720,ROOM_109,B2.68 2-bedskamer,2.68,2.38801
RTLS_03694,EUREKA-VPL-026,nurse,2025-03-19 11:05:15.716111572,2025-03-19 11:05:30.354198115,ROOM_115,B2.58 2-bedskamer,2.58,14.638086
RTLS_05259,Voedingspomp 3,equipment,2025-03-19 11:05:16.000000000,2025-03-19 11:05:53.000000000,UTIL_A,B2.63 Utility,2.63,37.0
RTLS_02602,EUREKA-VPL-020,nurse,2025-03-19 11:05:16.210682890,2025-03-19 11:05:34.497508598,ROOM_112,B2.83 2-bedskamer,2.83,18.286825
RTLS_02421,EUREKA-VPL-019,nurse,2025-03-19 11:05:17.335481720,2025-03-19 11:05:51.806220886,ROOM_110,B2.79 2-bedskamer,2.79,34.470739
RTLS_00560,EUREKA-VPL-006,nurse,2025-03-19 11:05:21.304433618,2025-03-19 11:05:29.156676362,UTIL_A,B2.63 Utility,2.63,7.852242
RTLS_01167,EUREKA-VPL-010,nurse,2025-03-19 11:05:24.635301429,2025-03-19 11:05:42.386476772,ROOM_116,B2.56 2-bedskamer,2.56,17.751175
RTLS_00192,EUREKA-VPL-002,nurse,2025-03-19 11:05:25.106725012,2025-03-19 11:06:07.884490401,ROOM_117,B2.54 2-bedskamer,2.54,42.777765
RTLS_03259,EUREKA-VPL-024,nurse,2025-03-19 11:05:25.852638512,2025-03-19 11:05:42.827692345,ROOM_118,B2.60 2-bedskamer,2.60,16.975053
RTLS_01940,EUREKA-VPL-016,nurse,2025-03-19 11:05:28.649373638,2025-03-19 11:05:46.595552849,ROOM_103,B2.78 1-bedskamer,2.78,17.946179
RTLS_00561,EUREKA-VPL-006,nurse,2025-03-19 11:05:29.156676362,2025-03-19 11:05:47.739794860,ROOM_106,B2.62 2-bedskamer,2.62,18.583118
RTLS_03695,EUREKA-VPL-026,nurse,2025-03-19 11:05:30.354198115,2025-03-19 11:05:58.765697691,ROOM_102,B2.76 1-bedskamer,2.76,28.411499
RTLS_01427,EUREKA-VPL-012,nurse,2025-03-19 11:05:32.392418669,2025-03-19 11:05:37.876767059,STORE_C,B2.65 Berging,2.65,5.484348
RTLS_02884,EUREKA-VPL-022,nurse,2025-03-19 11:05:32.446752112,2025-03-19 11:06:47.938931029,PREP_A,B2.71.02 Voorbereiding,2.71.02,75.492178
RTLS_01428,EUREKA-VPL-012,nurse,2025-03-19 11:05:37.876767059,2025-03-19 11:05:38.876767059,KITCHEN,B2.77 Keuken,2.77,1.0
RTLS_01429,EUREKA-VPL-012,nurse,2025-03-19 11:05:38.876767059,2025-03-19 11:05:50.641525568,ROOM_118,B2.60 2-bedskamer,2.60,11.764758
RTLS_02092,EUREKA-VPL-017,nurse,2025-03-19 11:05:41.719689376,2025-03-19 11:15:30.625122584,NS_A,B2.71 Open wacht,2.71,588.905433
RTLS_01168,EUREKA-VPL-010,nurse,2025-03-19 11:05:42.386476772,2025-03-19 11:19:20.128237890,ROOM_101,B2.74 1-bedskamer,2.74,817.741761
RTLS_01327,EUREKA-VPL-011,nurse,2025-03-19 11:05:42.389783860,2025-03-19 11:06:54.318928323,ROOM_104,B2.80 1-bedskamer,2.80,71.929144
RTLS_03260,EUREKA-VPL-024,nurse,2025-03-19 11:05:42.827692345,2025-03-19 11:06:13.866428270,KITCHEN,B2.77 Keuken,2.77,31.038735
RTLS_03082,EUREKA-VPL-023,nurse,2025-03-19 11:05:43.446494471,2025-03-19 11:05:52.699443640,ROOM_115,B2.58 2-bedskamer,2.58,9.252949
RTLS_04117,Infuuspomp 3,equipment,2025-03-19 11:05:45.000000000,2025-03-19 11:06:16.000000000,UTIL_B,B2.75 Utility,2.75,31.0
RTLS_01941,EUREKA-VPL-016,nurse,2025-03-19 11:05:46.595552849,2025-03-19 11:06:56.042549260,UTIL_A,B2.63 Utility,2.63,69.446996
RTLS_00562,EUREKA-VPL-006,nurse,2025-03-19 11:05:47.739794860,2025-03-19 11:06:30.073816877,ROOM_110,B2.79 2-bedskamer,2.79,42.334022
RTLS_02422,EUREKA-VPL-019,nurse,2025-03-19 11:05:51.806220886,2025-03-19 11:07:14.827968000,ROOM_108,B2.66 2-bedskamer,2.66,83.021747
RTLS_03083,EUREKA-VPL-023,nurse,2025-03-19 11:05:52.699443640,2025-03-19 11:06:07.542554305,KITCHEN,B2.77 Keuken,2.77,14.84311
RTLS_03696,EUREKA-VPL-026,nurse,2025-03-19 11:05:58.765697691,2025-03-19 11:06:19.295431473,ROOM_108,B2.66 2-bedskamer,2.66,20.529733
RTLS_03084,EUREKA-VPL-023,nurse,2025-03-19 11:06:07.542554305,2025-03-19 11:06:21.278270655,ROOM_103,B2.78 1-bedskamer,2.78,13.735716
RTLS_00193,EUREKA-VPL-002,nurse,2025-03-19 11:06:07.884490401,2025-03-19 11:06:28.465355989,ROOM_112,B2.83 2-bedskamer,2.83,20.580865
RTLS_05471,Voedingspomp 5,equipment,2025-03-19 11:06:13.000000000,2025-03-19 11:06:18.000000000,UTIL_A,B2.63 Utility,2.63,5.0
RTLS_03261,EUREKA-VPL-024,nurse,2025-03-19 11:06:13.866428270,2025-03-19 11:07:16.394031340,NS_B,B2.71.01 Dienstplaats,2.71.01,62.527603
RTLS_02244,EUREKA-VPL-018,nurse,2025-03-19 11:06:14.153061193,2025-03-19 11:06:26.848535429,ROOM_113,B2.84 1-bedskamer,2.84,12.695474
RTLS_04537,Glucosemeter 1,equipment,2025-03-19 11:06:16.000000000,2025-03-19 11:06:28.000000000,NS_A,B2.71 Open wacht,2.71,12.0
RTLS_04016,Infuuspomp 2,equipment,2025-03-19 11:06:16.000000000,2025-03-19 11:06:33.000000000,UTIL_A,B2.63 Utility,2.63,17.0
RTLS_03697,EUREKA-VPL-026,nurse,2025-03-19 11:06:19.295431473,2025-03-19 11:07:18.033643364,STORE_A,B2.53 Berging,2.53,58.738211
RTLS_03085,EUREKA-VPL-023,nurse,2025-03-19 11:06:21.278270655,2025-03-19 11:06:22.278270655,UTIL_B,B2.75 Utility,2.75,1.0
RTLS_03086,EUREKA-VPL-023,nurse,2025-03-19 11:06:22.278270655,2025-03-19 11:06:47.612996557,BATH_B,B2.55 Badkamer,2.55,25.334725
RTLS_02245,EUREKA-VPL-018,nurse,2025-03-19 11:06:26.848535429,2025-03-19 11:24:17.899023429,NS_B,B2.71.01 Dienstplaats,2.71.01,1071.050488
RTLS_00194,EUREKA-VPL-002,nurse,2025-03-19 11:06:28.465355989,2025-03-19 11:13:05.986222794,ROOM_107,B2.64 2-bedskamer,2.64,397.520866
RTLS_00563,EUREKA-VPL-006,nurse,2025-03-19 11:06:30.073816877,2025-03-19 11:08:44.854749286,ROOM_108,B2.66 2-bedskamer,2.66,134.780932
RTLS_05160,Voedingspomp 2,equipment,2025-03-19 11:06:35.000000000,2025-03-19 11:06:57.000000000,UTIL_B,B2.75 Utility,2.75,22.0
RTLS_00861,EUREKA-VPL-008,nurse,2025-03-19 11:06:37.105781667,2025-03-19 11:07:48.846808457,STORE_C,B2.65 Berging,2.65,71.741026
RTLS_03087,EUREKA-VPL-023,nurse,2025-03-19 11:06:47.612996557,2025-03-19 11:16:00.957854329,PREP_A,B2.71.02 Voorbereiding,2.71.02,553.344857
RTLS_02885,EUREKA-VPL-022,nurse,2025-03-19 11:06:47.938931029,2025-03-19 11:08:15.087540862,ROOM_118,B2.60 2-bedskamer,2.60,87.148609
RTLS_01328,EUREKA-VPL-011,nurse,2025-03-19 11:06:54.318928323,2025-03-19 11:07:03.927946988,ROOM_112,B2.83 2-bedskamer,2.83,9.609018
RTLS_01942,EUREKA-VPL-016,nurse,2025-03-19 11:06:56.042549260,2025-03-19 11:07:42.799754792,ROOM_103,B2.78 1-bedskamer,2.78,46.757205
RTLS_00270,EUREKA-VPL-003,nurse,2025-03-19 11:06:58.280143861,2025-03-19 11:07:12.217008772,ROOM_116,B2.56 2-bedskamer,2.56,13.936864
RTLS_05057,Voedingspomp 1,equipment,2025-03-19 11:07:01.000000000,2025-03-19 11:07:20.000000000,UTIL_A,B2.63 Utility,2.63,19.0
RTLS_01329,EUREKA-VPL-011,nurse,2025-03-19 11:07:03.927946988,2025-03-19 11:07:09.847932771,NS_A,B2.71 Open wacht,2.71,5.9199850000000005
RTLS_01518,EUREKA-VPL-013,nurse,2025-03-19 11:07:10.234109439,2025-03-19 11:07:47.731379285,KITCHEN,B2.77 Keuken,2.77,37.497269
RTLS_00271,EUREKA-VPL-003,nurse,2025-03-19 11:07:12.217008772,2025-03-19 11:07:13.795700540,ROOM_108,B2.66 2-bedskamer,2.66,1.578691
RTLS_02423,EUREKA-VPL-019,nurse,2025-03-19 11:07:14.827968000,2025-03-19 11:07:45.180403674,NS_A,B2.71 Open wacht,2.71,30.352435
RTLS_03262,EUREKA-VPL-024,nurse,2025-03-19 11:07:16.394031340,2025-03-19 11:07:32.511244312,ROOM_110,B2.79 2-bedskamer,2.79,16.117212
RTLS_03698,EUREKA-VPL-026,nurse,2025-03-19 11:07:18.033643364,2025-03-19 11:27:03.771026863,STORE_C,B2.65 Berging,2.65,1185.737383
RTLS_03263,EUREKA-VPL-024,nurse,2025-03-19 11:07:32.511244312,2025-03-19 11:09:19.507095153,ROOM_113,B2.84 1-bedskamer,2.84,106.99585
RTLS_05260,Voedingspomp 3,equipment,2025-03-19 11:07:34.000000000,2025-03-19 11:08:08.000000000,UTIL_A,B2.63 Utility,2.63,34.0
RTLS_01943,EUREKA-VPL-016,nurse,2025-03-19 11:07:42.799754792,2025-03-19 12:00:00.000000000,STORE_B,B2.59 Berging,2.59,3137.200245
RTLS_02424,EUREKA-VPL-019,nurse,2025-03-19 11:07:45.180403674,2025-03-19 11:07:48.452284186,STORAGE,B2.61 Opslag,2.61,3.27188
RTLS_01519,EUREKA-VPL-013,nurse,2025-03-19 11:07:47.731379285,2025-03-19 11:09:03.453805395,ROOM_106,B2.62 2-bedskamer,2.62,75.722426
RTLS_02425,EUREKA-VPL-019,nurse,2025-03-19 11:07:48.452284186,2025-03-19 11:08:46.724357104,ROOM_113,B2.84 1-bedskamer,2.84,58.272072
RTLS_00862,EUREKA-VPL-008,nurse,2025-03-19 11:07:48.846808457,2025-03-19 11:07:52.738153870,NS_B,B2.71.01 Dienstplaats,2.71.01,3.8913450000000003
RTLS_00863,EUREKA-VPL-008,nurse,2025-03-19 11:07:52.738153870,2025-03-19 11:08:25.951246405,ROOM_106,B2.62 2-bedskamer,2.62,33.213092
RTLS_04745,Toiletstoel 1,equipment,2025-03-19 11:08:03.000000000,2025-03-19 11:08:11.000000000,UTIL_A,B2.63 Utility,2.63,8.0
RTLS_04222,Infuuspomp 4,equipment,2025-03-19 11:08:07.000000000,2025-03-19 11:08:38.000000000,UTIL_B,B2.75 Utility,2.75,31.0
RTLS_02886,EUREKA-VPL-022,nurse,2025-03-19 11:08:15.087540862,2025-03-19 11:08:29.374742613,ROOM_112,B2.83 2-bedskamer,2.83,14.287201
RTLS_00864,EUREKA-VPL-008,nurse,2025-03-19 11:08:25.951246405,2025-03-19 11:11:05.318798940,ROOM_111,B2.81 2-bedskamer,2.81,159.367552
RTLS_02887,EUREKA-VPL-022,nurse,2025-03-19 11:08:29.374742613,2025-03-19 11:11:26.447120846,ROOM_111,B2.81 2-bedskamer,2.81,177.072378
RTLS_00564,EUREKA-VPL-006,nurse,2025-03-19 11:08:44.854749286,2025-03-19 11:08:53.264359772,ROOM_112,B2.83 2-bedskamer,2.83,8.40961
RTLS_05367,Voedingspomp 4,equipment,2025-03-19 11:08:45.000000000,2025-03-19 11:09:11.000000000,UTIL_B,B2.75 Utility,2.75,26.0
RTLS_02426,EUREKA-VPL-019,nurse,2025-03-19 11:08:46.724357104,2025-03-19 11:25:51.149571104,STORAGE,B2.61 Opslag,2.61,1024.425214
RTLS_00565,EUREKA-VPL-006,nurse,2025-03-19 11:08:53.264359772,2025-03-19 11:08:56.543085027,NS_B,B2.71.01 Dienstplaats,2.71.01,3.278725
RTLS_00566,EUREKA-VPL-006,nurse,2025-03-19 11:08:56.543085027,2025-03-19 11:09:34.158169267,ROOM_117,B2.54 2-bedskamer,2.54,37.615084
RTLS_04118,Infuuspomp 3,equipment,2025-03-19 11:09:03.000000000,2025-03-19 11:09:14.000000000,UTIL_B,B2.75 Utility,2.75,11.0
RTLS_01520,EUREKA-VPL-013,nurse,2025-03-19 11:09:03.453805395,2025-03-19 11:09:22.836976466,KITCHEN,B2.77 Keuken,2.77,19.383171
RTLS_05058,Voedingspomp 1,equipment,2025-03-19 11:09:09.000000000,2025-03-19 11:09:26.000000000,UTIL_A,B2.63 Utility,2.63,17.0
RTLS_00425,EUREKA-VPL-005,nurse,2025-03-19 11:09:09.113586364,2025-03-19 11:09:30.330486748,ROOM_118,B2.60 2-bedskamer,2.60,21.2169
RTLS_04429,Bladderscan,equipment,2025-03-19 11:09:12.000000000,2025-03-19 11:09:25.000000000,UTIL_A,B2.63 Utility,2.63,13.0
RTLS_03264,EUREKA-VPL-024,nurse,2025-03-19 11:09:19.507095153,2025-03-19 11:09:32.865574394,STORAGE,B2.61 Opslag,2.61,13.358478999999999
RTLS_01521,EUREKA-VPL-013,nurse,2025-03-19 11:09:22.836976466,2025-03-19 11:10:03.035303228,ROOM_109,B2.68 2-bedskamer,2.68,40.198326
RTLS_00426,EUREKA-VPL-005,nurse,2025-03-19 11:09:30.330486748,2025-03-19 11:10:11.283413533,ROOM_103,B2.78 1-bedskamer,2.78,40.952926
RTLS_03265,EUREKA-VPL-024,nurse,2025-03-19 11:09:32.865574394,2025-03-19 11:14:51.788377961,ROOM_111,B2.81 2-bedskamer,2.81,318.922803
RTLS_04853,Toiletstoel 2,equipment,2025-03-19 11:09:55.000000000,2025-03-19 11:10:21.000000000,UTIL_B,B2.75 Utility,2.75,26.0
RTLS_01812,EUREKA-VPL-015,nurse,2025-03-19 11:09:56.294290290,2025-03-19 11:10:33.849457145,ROOM_117,B2.54 2-bedskamer,2.54,37.555166
RTLS_03911,Infuuspomp 1,equipment,2025-03-19 11:09:57.000000000,2025-03-19 11:10:27.000000000,UTIL_A,B2.63 Utility,2.63,30.0
RTLS_01522,EUREKA-VPL-013,nurse,2025-03-19 11:10:03.035303228,2025-03-19 11:10:04.307111364,STORE_C,B2.65 Berging,2.65,1.271808
RTLS_00427,EUREKA-VPL-005,nurse,2025-03-19 11:10:11.283413533,2025-03-19 11:10:40.747221653,ROOM_114,B2.85 2-bedskamer,2.85,29.463808
RTLS_05472,Voedingspomp 5,equipment,2025-03-19 11:10:23.000000000,2025-03-19 11:10:58.000000000,UTIL_A,B2.63 Utility,2.63,35.0
RTLS_04223,Infuuspomp 4,equipment,2025-03-19 11:10:25.000000000,2025-03-19 11:10:57.000000000,UTIL_B,B2.75 Utility,2.75,32.0
RTLS_04954,Toiletstoel 3,equipment,2025-03-19 11:10:29.000000000,2025-03-19 11:10:50.000000000,STORAGE,B2.61 Opslag,2.61,21.0
RTLS_01813,EUREKA-VPL-015,nurse,2025-03-19 11:10:33.849457145,2025-03-19 11:10:46.618888457,ROOM_118,B2.60 2-bedskamer,2.60,12.769431
RTLS_05368,Voedingspomp 4,equipment,2025-03-19 11:10:36.000000000,2025-03-19 11:11:01.000000000,UTIL_B,B2.75 Utility,2.75,25.0
RTLS_00428,EUREKA-VPL-005,nurse,2025-03-19 11:10:40.747221653,2025-03-19 11:35:20.373610653,PREP_A,B2.71.02 Voorbereiding,2.71.02,1479.626389
RTLS_04017,Infuuspomp 2,equipment,2025-03-19 11:10:41.000000000,2025-03-19 11:10:54.000000000,UTIL_A,B2.63 Utility,2.63,13.0
RTLS_05261,Voedingspomp 3,equipment,2025-03-19 11:10:43.000000000,2025-03-19 11:11:20.000000000,UTIL_A,B2.63 Utility,2.63,37.0
RTLS_04119,Infuuspomp 3,equipment,2025-03-19 11:10:46.000000000,2025-03-19 11:11:03.000000000,UTIL_B,B2.75 Utility,2.75,17.0
RTLS_01814,EUREKA-VPL-015,nurse,2025-03-19 11:10:46.618888457,2025-03-19 11:11:04.163536065,NS_A,B2.71 Open wacht,2.71,17.544647
RTLS_04326,Spuitaandrijver,equipment,2025-03-19 11:10:54.000000000,2025-03-19 11:11:06.000000000,UTIL_B,B2.75 Utility,2.75,12.0
RTLS_04538,Glucosemeter 1,equipment,2025-03-19 11:11:04.000000000,2025-03-19 11:11:10.000000000,NS_A,B2.71 Open wacht,2.71,6.0
RTLS_01815,EUREKA-VPL-015,nurse,2025-03-19 11:11:04.163536065,2025-03-19 11:13:12.867328366,ROOM_103,B2.78 1-bedskamer,2.78,128.703792
RTLS_00865,EUREKA-VPL-008,nurse,2025-03-19 11:11:05.318798940,2025-03-19 11:11:17.612852486,ROOM_114,B2.85 2-bedskamer,2.85,12.294053
RTLS_04746,Toiletstoel 1,equipment,2025-03-19 11:11:06.000000000,2025-03-19 11:11:40.000000000,UTIL_A,B2.63 Utility,2.63,34.0
RTLS_00715,EUREKA-VPL-007,nurse,2025-03-19 11:11:15.701480139,2025-03-19 11:11:18.880016732,KITCHEN,B2.77 Keuken,2.77,3.178536
RTLS_00866,EUREKA-VPL-008,nurse,2025-03-19 11:11:17.612852486,2025-03-19 11:11:31.716298536,ROOM_106,B2.62 2-bedskamer,2.62,14.103446
RTLS_00716,EUREKA-VPL-007,nurse,2025-03-19 11:11:18.880016732,2025-03-19 11:13:21.953464188,NS_A,B2.71 Open wacht,2.71,123.073447
RTLS_02888,EUREKA-VPL-022,nurse,2025-03-19 11:11:26.447120846,2025-03-19 11:12:07.237813103,PREP_B,B2.71.02 Voorbereiding,2.71.02,40.790692
RTLS_00867,EUREKA-VPL-008,nurse,2025-03-19 11:11:31.716298536,2025-03-19 11:15:39.628344928,NS_B,B2.71.01 Dienstplaats,2.71.01,247.912046
RTLS_03460,EUREKA-VPL-025,nurse,2025-03-19 11:11:49.128194045,2025-03-19 11:11:55.198314820,ROOM_117,B2.54 2-bedskamer,2.54,6.07012
RTLS_03461,EUREKA-VPL-025,nurse,2025-03-19 11:11:55.198314820,2025-03-19 11:14:16.597943104,ROOM_102,B2.76 1-bedskamer,2.76,141.399628
RTLS_02889,EUREKA-VPL-022,nurse,2025-03-19 11:12:07.237813103,2025-03-19 11:12:10.632747867,ROOM_102,B2.76 1-bedskamer,2.76,3.394934
RTLS_02890,EUREKA-VPL-022,nurse,2025-03-19 11:12:10.632747867,2025-03-19 11:13:02.449812700,ROOM_106,B2.62 2-bedskamer,2.62,51.817064
RTLS_01660,EUREKA-VPL-014,nurse,2025-03-19 11:12:11.985227737,2025-03-19 11:13:02.698897961,BATH_B,B2.55 Badkamer,2.55,50.71367
RTLS_04639,Glucosemeter 2,equipment,2025-03-19 11:12:14.000000000,2025-03-19 11:12:26.000000000,NS_B,B2.71.01 Dienstplaats,2.71.01,12.0
RTLS_02891,EUREKA-VPL-022,nurse,2025-03-19 11:13:02.449812700,2025-03-19 11:13:28.321525104,ROOM_112,B2.83 2-bedskamer,2.83,25.871712
RTLS_01661,EUREKA-VPL-014,nurse,2025-03-19 11:13:02.698897961,2025-03-19 11:13:20.553641527,ROOM_102,B2.76 1-bedskamer,2.76,17.854743
RTLS_04854,Toiletstoel 2,equipment,2025-03-19 11:13:15.000000000,2025-03-19 11:13:39.000000000,UTIL_B,B2.75 Utility,2.75,24.0
RTLS_01662,EUREKA-VPL-014,nurse,2025-03-19 11:13:20.553641527,2025-03-19 11:19:31.618363279,KITCHEN,B2.77 Keuken,2.77,371.064721
RTLS_00717,EUREKA-VPL-007,nurse,2025-03-19 11:13:21.953464188,2025-03-19 11:15:39.076081969,PREP_A,B2.71.02 Voorbereiding,2.71.02,137.122617
RTLS_02892,EUREKA-VPL-022,nurse,2025-03-19 11:13:28.321525104,2025-03-19 11:13:30.349480507,STORE_C,B2.65 Berging,2.65,2.027955
RTLS_02893,EUREKA-VPL-022,nurse,2025-03-19 11:13:30.349480507,2025-03-19 11:14:09.035594611,STORE_B,B2.59 Berging,2.59,38.686114
RTLS_04539,Glucosemeter 1,equipment,2025-03-19 11:13:33.000000000,2025-03-19 11:14:03.000000000,NS_A,B2.71 Open wacht,2.71,30.0
RTLS_04430,Bladderscan,equipment,2025-03-19 11:13:41.000000000,2025-03-19 11:14:00.000000000,UTIL_A,B2.63 Utility,2.63,19.0
RTLS_00991,EUREKA-VPL-009,nurse,2025-03-19 11:13:50.769230769,2025-03-19 11:14:02.131798129,NS_A,B2.71 Open wacht,2.71,11.362567
RTLS_02710,EUREKA-VPL-021,nurse,2025-03-19 11:13:50.769230769,2025-03-19 11:14:15.886234828,ROOM_115,B2.58 2-bedskamer,2.58,25.117004
RTLS_00061,EUREKA-VPL-001,nurse,2025-03-19 11:13:57.829863005,2025-03-19 11:14:42.537638866,ROOM_103,B2.78 1-bedskamer,2.78,44.707775
RTLS_00992,EUREKA-VPL-009,nurse,2025-03-19 11:14:02.131798129,2025-03-19 11:14:25.774594154,ROOM_103,B2.78 1-bedskamer,2.78,23.642796
RTLS_02894,EUREKA-VPL-022,nurse,2025-03-19 11:14:09.035594611,2025-03-19 11:16:19.874332747,KITCHEN,B2.77 Keuken,2.77,130.838738
RTLS_02711,EUREKA-VPL-021,nurse,2025-03-19 11:14:15.886234828,2025-03-19 11:14:23.986695867,KITCHEN,B2.77 Keuken,2.77,8.100461
RTLS_03462,EUREKA-VPL-025,nurse,2025-03-19 11:14:16.597943104,2025-03-19 11:14:35.344931620,ROOM_112,B2.83 2-bedskamer,2.83,18.746988
RTLS_02712,EUREKA-VPL-021,nurse,2025-03-19 11:14:23.986695867,2025-03-19 11:14:44.827409375,NS_B,B2.71.01 Dienstplaats,2.71.01,20.840713
RTLS_00993,EUREKA-VPL-009,nurse,2025-03-19 11:14:25.774594154,2025-03-19 11:28:06.042215654,UTIL_A,B2.63 Utility,2.63,820.267621
RTLS_05161,Voedingspomp 2,equipment,2025-03-19 11:14:28.000000000,2025-03-19 11:14:48.000000000,UTIL_B,B2.75 Utility,2.75,20.0
RTLS_03463,EUREKA-VPL-025,nurse,2025-03-19 11:14:35.344931620,2025-03-19 11:14:57.934587923,ROOM_110,B2.79 2-bedskamer,2.79,22.589656
RTLS_00062,EUREKA-VPL-001,nurse,2025-03-19 11:14:42.537638866,2025-03-19 11:16:25.121592930,NS_B,B2.71.01 Dienstplaats,2.71.01,102.583954
RTLS_02713,EUREKA-VPL-021,nurse,2025-03-19 11:14:44.827409375,2025-03-19 11:15:55.279542860,ROOM_104,B2.80 1-bedskamer,2.80,70.452133
RTLS_04224,Infuuspomp 4,equipment,2025-03-19 11:14:47.000000000,2025-03-19 11:15:03.000000000,UTIL_B,B2.75 Utility,2.75,16.0
RTLS_03266,EUREKA-VPL-024,nurse,2025-03-19 11:14:51.788377961,2025-03-19 11:16:28.777427583,UTIL_B,B2.75 Utility,2.75,96.989049
RTLS_03464,EUREKA-VPL-025,nurse,2025-03-19 11:14:57.934587923,2025-03-19 11:15:33.986382995,KITCHEN,B2.77 Keuken,2.77,36.051795
RTLS_04955,Toiletstoel 3,equipment,2025-03-19 11:15:10.000000000,2025-03-19 11:15:43.000000000,STORAGE,B2.61 Opslag,2.61,33.0
RTLS_04018,Infuuspomp 2,equipment,2025-03-19 11:15:29.000000000,2025-03-19 11:16:02.000000000,UTIL_A,B2.63 Utility,2.63,33.0
RTLS_02093,EUREKA-VPL-017,nurse,2025-03-19 11:15:30.625122584,2025-03-19 11:16:07.618112970,ROOM_117,B2.54 2-bedskamer,2.54,36.99299
RTLS_03465,EUREKA-VPL-025,nurse,2025-03-19 11:15:33.986382995,2025-03-19 11:27:41.081005813,PREP_A,B2.71.02 Voorbereiding,2.71.02,727.094622
RTLS_04120,Infuuspomp 3,equipment,2025-03-19 11:15:38.000000000,2025-03-19 11:16:08.000000000,UTIL_B,B2.75 Utility,2.75,30.0
RTLS_00718,EUREKA-VPL-007,nurse,2025-03-19 11:15:39.076081969,2025-03-19 11:16:01.621855929,NS_A,B2.71 Open wacht,2.71,22.545773
RTLS_00868,EUREKA-VPL-008,nurse,2025-03-19 11:15:39.628344928,2025-03-19 11:16:17.332274661,ROOM_113,B2.84 1-bedskamer,2.84,37.703929
RTLS_02714,EUREKA-VPL-021,nurse,2025-03-19 11:15:55.279542860,2025-03-19 11:18:01.964635192,ROOM_117,B2.54 2-bedskamer,2.54,126.685092
RTLS_03088,EUREKA-VPL-023,nurse,2025-03-19 11:16:00.957854329,2025-03-19 11:16:55.766380891,NS_A,B2.71 Open wacht,2.71,54.808526
RTLS_00719,EUREKA-VPL-007,nurse,2025-03-19 11:16:01.621855929,2025-03-19 11:16:11.593745764,KITCHEN,B2.77 Keuken,2.77,9.971889000000001
RTLS_02094,EUREKA-VPL-017,nurse,2025-03-19 11:16:07.618112970,2025-03-19 11:17:46.525730608,ROOM_104,B2.80 1-bedskamer,2.80,98.907617
RTLS_00720,EUREKA-VPL-007,nurse,2025-03-19 11:16:11.593745764,2025-03-19 11:16:46.877872925,ROOM_116,B2.56 2-bedskamer,2.56,35.284127
RTLS_04640,Glucosemeter 2,equipment,2025-03-19 11:16:14.000000000,2025-03-19 11:16:36.000000000,NS_B,B2.71.01 Dienstplaats,2.71.01,22.0
RTLS_00869,EUREKA-VPL-008,nurse,2025-03-19 11:16:17.332274661,2025-03-19 11:17:49.431595049,ROOM_107,B2.64 2-bedskamer,2.64,92.09932
RTLS_02895,EUREKA-VPL-022,nurse,2025-03-19 11:16:19.874332747,2025-03-19 11:16:24.679087770,ROOM_101,B2.74 1-bedskamer,2.74,4.804755
RTLS_02896,EUREKA-VPL-022,nurse,2025-03-19 11:16:24.679087770,2025-03-19 11:16:39.417788685,ROOM_110,B2.79 2-bedskamer,2.79,14.7387
RTLS_00063,EUREKA-VPL-001,nurse,2025-03-19 11:16:25.121592930,2025-03-19 11:16:35.507210810,ROOM_106,B2.62 2-bedskamer,2.62,10.385617
RTLS_03267,EUREKA-VPL-024,nurse,2025-03-19 11:16:28.777427583,2025-03-19 11:21:40.963772386,NS_A,B2.71 Open wacht,2.71,312.186344
RTLS_04855,Toiletstoel 2,equipment,2025-03-19 11:16:31.000000000,2025-03-19 11:16:57.000000000,UTIL_B,B2.75 Utility,2.75,26.0
RTLS_00064,EUREKA-VPL-001,nurse,2025-03-19 11:16:35.507210810,2025-03-19 11:18:28.429792068,ROOM_101,B2.74 1-bedskamer,2.74,112.922581
RTLS_05473,Voedingspomp 5,equipment,2025-03-19 11:16:39.000000000,2025-03-19 11:16:52.000000000,UTIL_A,B2.63 Utility,2.63,13.0
RTLS_00721,EUREKA-VPL-007,nurse,2025-03-19 11:16:46.877872925,2025-03-19 11:18:12.707026958,ROOM_107,B2.64 2-bedskamer,2.64,85.829154
RTLS_05059,Voedingspomp 1,equipment,2025-03-19 11:16:50.000000000,2025-03-19 11:17:26.000000000,UTIL_A,B2.63 Utility,2.63,36.0
RTLS_03089,EUREKA-VPL-023,nurse,2025-03-19 11:16:55.766380891,2025-03-19 11:17:04.154070277,KITCHEN,B2.77 Keuken,2.77,8.387689
RTLS_03090,EUREKA-VPL-023,nurse,2025-03-19 11:17:04.154070277,2025-03-19 11:17:57.561127835,ROOM_106,B2.62 2-bedskamer,2.62,53.407057
RTLS_04327,Spuitaandrijver,equipment,2025-03-19 11:17:09.000000000,2025-03-19 11:17:28.000000000,UTIL_B,B2.75 Utility,2.75,19.0
RTLS_02095,EUREKA-VPL-017,nurse,2025-03-19 11:17:46.525730608,2025-03-19 11:19:07.021046278,ROOM_103,B2.78 1-bedskamer,2.78,80.495315
RTLS_00870,EUREKA-VPL-008,nurse,2025-03-19 11:17:49.431595049,2025-03-19 11:24:07.884276705,ROOM_106,B2.62 2-bedskamer,2.62,378.452681
RTLS_03912,Infuuspomp 1,equipment,2025-03-19 11:17:51.000000000,2025-03-19 11:17:57.000000000,UTIL_A,B2.63 Utility,2.63,6.0
RTLS_05369,Voedingspomp 4,equipment,2025-03-19 11:17:54.000000000,2025-03-19 11:18:00.000000000,UTIL_B,B2.75 Utility,2.75,6.0
RTLS_03091,EUREKA-VPL-023,nurse,2025-03-19 11:17:57.561127835,2025-03-19 11:18:04.102760524,ROOM_110,B2.79 2-bedskamer,2.79,6.541632
RTLS_02715,EUREKA-VPL-021,nurse,2025-03-19 11:18:01.964635192,2025-03-19 11:19:56.448332474,ROOM_104,B2.80 1-bedskamer,2.80,114.483697
RTLS_04540,Glucosemeter 1,equipment,2025-03-19 11:18:12.000000000,2025-03-19 11:18:23.000000000,NS_A,B2.71 Open wacht,2.71,11.0
RTLS_00722,EUREKA-VPL-007,nurse,2025-03-19 11:18:12.707026958,2025-03-19 11:18:24.299133663,ROOM_108,B2.66 2-bedskamer,2.66,11.592106
RTLS_00723,EUREKA-VPL-007,nurse,2025-03-19 11:18:24.299133663,2025-03-19 11:18:44.186270280,ROOM_114,B2.85 2-bedskamer,2.85,19.887136
RTLS_00065,EUREKA-VPL-001,nurse,2025-03-19 11:18:28.429792068,2025-03-19 11:21:57.156215032,PREP_A,B2.71.02 Voorbereiding,2.71.02,208.726422
RTLS_04431,Bladderscan,equipment,2025-03-19 11:18:44.000000000,2025-03-19 11:19:15.000000000,UTIL_A,B2.63 Utility,2.63,31.0
RTLS_00724,EUREKA-VPL-007,nurse,2025-03-19 11:18:44.186270280,2025-03-19 11:19:41.887171905,PREP_A,B2.71.02 Voorbereiding,2.71.02,57.700901
RTLS_04856,Toiletstoel 2,equipment,2025-03-19 11:18:49.000000000,2025-03-19 11:19:14.000000000,UTIL_B,B2.75 Utility,2.75,25.0
RTLS_05262,Voedingspomp 3,equipment,2025-03-19 11:18:50.000000000,2025-03-19 11:19:16.000000000,UTIL_A,B2.63 Utility,2.63,26.0
RTLS_02096,EUREKA-VPL-017,nurse,2025-03-19 11:19:07.021046278,2025-03-19 11:19:39.382424741,ROOM_109,B2.68 2-bedskamer,2.68,32.361378
RTLS_04747,Toiletstoel 1,equipment,2025-03-19 11:19:12.000000000,2025-03-19 11:19:22.000000000,UTIL_A,B2.63 Utility,2.63,10.0
RTLS_01169,EUREKA-VPL-010,nurse,2025-03-19 11:19:20.128237890,2025-03-19 11:19:27.502074444,ROOM_110,B2.79 2-bedskamer,2.79,7.373836
RTLS_01663,EUREKA-VPL-014,nurse,2025-03-19 11:19:31.618363279,2025-03-19 11:19:37.265084986,ROOM_105,B2.82 1-bedskamer,2.82,5.646721
RTLS_01664,EUREKA-VPL-014,nurse,2025-03-19 11:19:37.265084986,2025-03-19 11:36:55.580048557,PREP_A,B2.71.02 Voorbereiding,2.71.02,1038.314963
RTLS_02097,EUREKA-VPL-017,nurse,2025-03-19 11:19:39.382424741,2025-03-19 11:22:58.886326240,BATHROOM,B2.57 Stortbad,2.57,199.503901
RTLS_00725,EUREKA-VPL-007,nurse,2025-03-19 11:19:41.887171905,2025-03-19 11:20:07.704760534,NS_A,B2.71 Open wacht,2.71,25.817588
RTLS_04328,Spuitaandrijver,equipment,2025-03-19 11:19:47.000000000,2025-03-19 11:20:23.000000000,UTIL_B,B2.75 Utility,2.75,36.0
RTLS_02716,EUREKA-VPL-021,nurse,2025-03-19 11:19:56.448332474,2025-03-19 11:25:39.040803470,ROOM_106,B2.62 2-bedskamer,2.62,342.59247
RTLS_00726,EUREKA-VPL-007,nurse,2025-03-19 11:20:07.704760534,2025-03-19 11:20:40.834014716,ROOM_107,B2.64 2-bedskamer,2.64,33.129254
RTLS_04857,Toiletstoel 2,equipment,2025-03-19 11:20:26.000000000,2025-03-19 11:20:31.000000000,UTIL_B,B2.75 Utility,2.75,5.0
RTLS_05162,Voedingspomp 2,equipment,2025-03-19 11:20:58.000000000,2025-03-19 11:21:23.000000000,UTIL_B,B2.75 Utility,2.75,25.0
RTLS_04432,Bladderscan,equipment,2025-03-19 11:21:07.000000000,2025-03-19 11:21:38.000000000,UTIL_A,B2.63 Utility,2.63,31.0
RTLS_05263,Voedingspomp 3,equipment,2025-03-19 11:21:22.000000000,2025-03-19 11:21:53.000000000,UTIL_A,B2.63 Utility,2.63,31.0
RTLS_04541,Glucosemeter 1,equipment,2025-03-19 11:21:28.000000000,2025-03-19 11:21:36.000000000,NS_A,B2.71 Open wacht,2.71,8.0
RTLS_03268,EUREKA-VPL-024,nurse,2025-03-19 11:21:40.963772386,2025-03-19 11:24:36.571509661,STORE_C,B2.65 Berging,2.65,175.607737
RTLS_04019,Infuuspomp 2,equipment,2025-03-19 11:21:51.000000000,2025-03-19 11:22:03.000000000,UTIL_A,B2.63 Utility,2.63,12.0
RTLS_00066,EUREKA-VPL-001,nurse,2025-03-19 11:21:57.156215032,2025-03-19 11:22:20.130214165,ROOM_110,B2.79 2-bedskamer,2.79,22.973999
RTLS_05474,Voedingspomp 5,equipment,2025-03-19 11:22:01.000000000,2025-03-19 11:22:13.000000000,UTIL_A,B2.63 Utility,2.63,12.0
RTLS_04225,Infuuspomp 4,equipment,2025-03-19 11:22:14.000000000,2025-03-19 11:22:36.000000000,UTIL_B,B2.75 Utility,2.75,22.0
RTLS_00067,EUREKA-VPL-001,nurse,2025-03-19 11:22:20.130214165,2025-03-19 11:27:26.532196235,ROOM_117,B2.54 2-bedskamer,2.54,306.401982
RTLS_04121,Infuuspomp 3,equipment,2025-03-19 11:22:39.000000000,2025-03-19 11:23:01.000000000,UTIL_B,B2.75 Utility,2.75,22.0
RTLS_02098,EUREKA-VPL-017,nurse,2025-03-19 11:22:58.886326240,2025-03-19 11:23:29.692809307,KITCHEN,B2.77 Keuken,2.77,30.806483
RTLS_04858,Toiletstoel 2,equipment,2025-03-19 11:23:03.000000000,2025-03-19 11:23:13.000000000,UTIL_B,B2.75 Utility,2.75,10.0
RTLS_04956,Toiletstoel 3,equipment,2025-03-19 11:23:12.000000000,2025-03-19 11:23:41.000000000,STORAGE,B2.61 Opslag,2.61,29.0
RTLS_05264,Voedingspomp 3,equipment,2025-03-19 11:23:23.000000000,2025-03-19 11:23:39.000000000,UTIL_A,B2.63 Utility,2.63,16.0
RTLS_02099,EUREKA-VPL-017,nurse,2025-03-19 11:23:29.692809307,2025-03-19 11:26:27.933968132,BATH_B,B2.55 Badkamer,2.55,178.241158
RTLS_04641,Glucosemeter 2,equipment,2025-03-19 11:23:31.000000000,2025-03-19 11:23:55.000000000,NS_B,B2.71.01 Dienstplaats,2.71.01,24.0
RTLS_05060,Voedingspomp 1,equipment,2025-03-19 11:23:32.000000000,2025-03-19 11:24:09.000000000,UTIL_A,B2.63 Utility,2.63,37.0
RTLS_04433,Bladderscan,equipment,2025-03-19 11:23:57.000000000,2025-03-19 11:24:03.000000000,UTIL_A,B2.63 Utility,2.63,6.0
RTLS_02246,EUREKA-VPL-018,nurse,2025-03-19 11:24:17.899023429,2025-03-19 11:25:48.134362073,ROOM_107,B2.64 2-bedskamer,2.64,90.235338
RTLS_03913,Infuuspomp 1,equipment,2025-03-19 11:24:25.000000000,2025-03-19 11:24:42.000000000,UTIL_A,B2.63 Utility,2.63,17.0
RTLS_03269,EUREKA-VPL-024,nurse,2025-03-19 11:24:36.571509661,2025-03-19 11:24:37.571509661,STORAGE,B2.61 Opslag,2.61,1.0
RTLS_03270,EUREKA-VPL-024,nurse,2025-03-19 11:24:37.571509661,2025-03-19 11:24:38.571509661,ROOM_107,B2.64 2-bedskamer,2.64,1.0
RTLS_05475,Voedingspomp 5,equipment,2025-03-19 11:24:38.000000000,2025-03-19 11:25:13.000000000,UTIL_A,B2.63 Utility,2.63,35.0
RTLS_03271,EUREKA-VPL-024,nurse,2025-03-19 11:24:38.571509661,2025-03-19 11:24:41.389450912,ROOM_117,B2.54 2-bedskamer,2.54,2.8179410000000003
RTLS_03272,EUREKA-VPL-024,nurse,2025-03-19 11:24:41.389450912,2025-03-19 11:25:03.971029894,ROOM_115,B2.58 2-bedskamer,2.58,22.581578
RTLS_04226,Infuuspomp 4,equipment,2025-03-19 11:24:57.000000000,2025-03-19 11:25:28.000000000,UTIL_B,B2.75 Utility,2.75,31.0
RTLS_04748,Toiletstoel 1,equipment,2025-03-19 11:25:06.000000000,2025-03-19 11:25:27.000000000,UTIL_A,B2.63 Utility,2.63,21.0
RTLS_04642,Glucosemeter 2,equipment,2025-03-19 11:25:12.000000000,2025-03-19 11:25:28.000000000,NS_B,B2.71.01 Dienstplaats,2.71.01,16.0
RTLS_04329,Spuitaandrijver,equipment,2025-03-19 11:25:24.000000000,2025-03-19 11:25:46.000000000,UTIL_B,B2.75 Utility,2.75,22.0
RTLS_05370,Voedingspomp 4,equipment,2025-03-19 11:25:27.000000000,2025-03-19 11:25:35.000000000,UTIL_B,B2.75 Utility,2.75,8.0
RTLS_02717,EUREKA-VPL-021,nurse,2025-03-19 11:25:39.040803470,2025-03-19 11:26:05.095468124,ROOM_101,B2.74 1-bedskamer,2.74,26.054664
RTLS_02247,EUREKA-VPL-018,nurse,2025-03-19 11:25:48.134362073,2025-03-19 11:26:21.047356688,KITCHEN,B2.77 Keuken,2.77,32.912994
RTLS_02427,EUREKA-VPL-019,nurse,2025-03-19 11:25:51.149571104,2025-03-19 11:38:39.468481604,NS_B,B2.71.01 Dienstplaats,2.71.01,768.31891
RTLS_04020,Infuuspomp 2,equipment,2025-03-19 11:26:03.000000000,2025-03-19 11:26:25.000000000,UTIL_A,B2.63 Utility,2.63,22.0
RTLS_02718,EUREKA-VPL-021,nurse,2025-03-19 11:26:05.095468124,2025-03-19 11:26:16.876436497,ROOM_106,B2.62 2-bedskamer,2.62,11.780968
RTLS_02719,EUREKA-VPL-021,nurse,2025-03-19 11:26:16.876436497,2025-03-19 11:30:59.620731670,ROOM_105,B2.82 1-bedskamer,2.82,282.744295
RTLS_05476,Voedingspomp 5,equipment,2025-03-19 11:26:21.000000000,2025-03-19 11:26:57.000000000,UTIL_A,B2.63 Utility,2.63,36.0
RTLS_02248,EUREKA-VPL-018,nurse,2025-03-19 11:26:21.047356688,2025-03-19 11:27:53.752527479,ROOM_106,B2.62 2-bedskamer,2.62,92.70517
RTLS_02100,EUREKA-VPL-017,nurse,2025-03-19 11:26:27.933968132,2025-03-19 11:59:59.999999132,STORAGE,B2.61 Opslag,2.61,2012.066031
RTLS_04122,Infuuspomp 3,equipment,2025-03-19 11:26:35.000000000,2025-03-19 11:26:45.000000000,UTIL_B,B2.75 Utility,2.75,10.0
RTLS_03699,EUREKA-VPL-026,nurse,2025-03-19 11:27:03.771026863,2025-03-19 11:27:08.948808766,ROOM_112,B2.83 2-bedskamer,2.83,5.177781
RTLS_03700,EUREKA-VPL-026,nurse,2025-03-19 11:27:08.948808766,2025-03-19 11:27:19.936375238,ROOM_110,B2.79 2-bedskamer,2.79,10.987566
RTLS_03701,EUREKA-VPL-026,nurse,2025-03-19 11:27:19.936375238,2025-03-19 11:27:24.536875468,ROOM_116,B2.56 2-bedskamer,2.56,4.6005
RTLS_04859,Toiletstoel 2,equipment,2025-03-19 11:27:20.000000000,2025-03-19 11:27:30.000000000,UTIL_B,B2.75 Utility,2.75,10.0
RTLS_03702,EUREKA-VPL-026,nurse,2025-03-19 11:27:24.536875468,2025-03-19 11:30:26.237670667,ROOM_107,B2.64 2-bedskamer,2.64,181.700795
RTLS_00068,EUREKA-VPL-001,nurse,2025-03-19 11:27:26.532196235,2025-03-19 11:29:06.848821024,ROOM_114,B2.85 2-bedskamer,2.85,100.316624
RTLS_05163,Voedingspomp 2,equipment,2025-03-19 11:27:35.000000000,2025-03-19 11:28:09.000000000,UTIL_B,B2.75 Utility,2.75,34.0
RTLS_04542,Glucosemeter 1,equipment,2025-03-19 11:27:40.000000000,2025-03-19 11:28:16.000000000,NS_A,B2.71 Open wacht,2.71,36.0
RTLS_03466,EUREKA-VPL-025,nurse,2025-03-19 11:27:41.081005813,2025-03-19 11:28:46.346543489,ROOM_102,B2.76 1-bedskamer,2.76,65.265537
RTLS_04434,Bladderscan,equipment,2025-03-19 11:27:52.000000000,2025-03-19 11:28:06.000000000,UTIL_A,B2.63 Utility,2.63,14.0
RTLS_02249,EUREKA-VPL-018,nurse,2025-03-19 11:27:53.752527479,2025-03-19 11:28:01.123053020,KITCHEN,B2.77 Keuken,2.77,7.370525
RTLS_02250,EUREKA-VPL-018,nurse,2025-03-19 11:28:01.123053020,2025-03-19 11:28:29.811435389,ROOM_109,B2.68 2-bedskamer,2.68,28.688382
RTLS_00994,EUREKA-VPL-009,nurse,2025-03-19 11:28:06.042215654,2025-03-19 11:29:28.389836042,ROOM_116,B2.56 2-bedskamer,2.56,82.34762
RTLS_02251,EUREKA-VPL-018,nurse,2025-03-19 11:28:29.811435389,2025-03-19 11:28:45.215400520,NS_A,B2.71 Open wacht,2.71,15.403965
RTLS_04330,Spuitaandrijver,equipment,2025-03-19 11:28:34.000000000,2025-03-19 11:29:08.000000000,UTIL_B,B2.75 Utility,2.75,34.0
RTLS_02252,EUREKA-VPL-018,nurse,2025-03-19 11:28:45.215400520,2025-03-19 11:52:22.097688757,PREP_A,B2.71.02 Voorbereiding,2.71.02,1416.882288
RTLS_05265,Voedingspomp 3,equipment,2025-03-19 11:28:46.000000000,2025-03-19 11:28:53.000000000,UTIL_A,B2.63 Utility,2.63,7.0
RTLS_03467,EUREKA-VPL-025,nurse,2025-03-19 11:28:46.346543489,2025-03-19 11:29:14.922931920,ROOM_109,B2.68 2-bedskamer,2.68,28.576388
RTLS_05061,Voedingspomp 1,equipment,2025-03-19 11:28:49.000000000,2025-03-19 11:29:18.000000000,UTIL_A,B2.63 Utility,2.63,29.0
RTLS_00069,EUREKA-VPL-001,nurse,2025-03-19 11:29:06.848821024,2025-03-19 11:29:12.932324830,PREP_A,B2.71.02 Voorbereiding,2.71.02,6.083503
RTLS_04957,Toiletstoel 3,equipment,2025-03-19 11:29:12.000000000,2025-03-19 11:29:45.000000000,STORAGE,B2.61 Opslag,2.61,33.0
RTLS_00070,EUREKA-VPL-001,nurse,2025-03-19 11:29:12.932324830,2025-03-19 11:59:59.999999829,NS_A,B2.71 Open wacht,2.71,1847.067674
RTLS_03468,EUREKA-VPL-025,nurse,2025-03-19 11:29:14.922931920,2025-03-19 11:29:18.839594823,ROOM_115,B2.58 2-bedskamer,2.58,3.916662
RTLS_03469,EUREKA-VPL-025,nurse,2025-03-19 11:29:18.839594823,2025-03-19 11:29:30.392436416,STORAGE,B2.61 Opslag,2.61,11.552841
RTLS_00995,EUREKA-VPL-009,nurse,2025-03-19 11:29:28.389836042,2025-03-19 11:29:47.316193170,ROOM_111,B2.81 2-bedskamer,2.81,18.926357
RTLS_03470,EUREKA-VPL-025,nurse,2025-03-19 11:29:30.392436416,2025-03-19 11:31:56.501867102,ROOM_103,B2.78 1-bedskamer,2.78,146.10943
RTLS_00996,EUREKA-VPL-009,nurse,2025-03-19 11:29:47.316193170,2025-03-19 11:29:48.651159086,ROOM_110,B2.79 2-bedskamer,2.79,1.334965
RTLS_04543,Glucosemeter 1,equipment,2025-03-19 11:29:48.000000000,2025-03-19 11:30:00.000000000,NS_A,B2.71 Open wacht,2.71,12.0
RTLS_00997,EUREKA-VPL-009,nurse,2025-03-19 11:29:48.651159086,2025-03-19 11:29:52.144992976,UTIL_A,B2.63 Utility,2.63,3.493833
RTLS_00998,EUREKA-VPL-009,nurse,2025-03-19 11:29:52.144992976,2025-03-19 11:33:22.075898441,ROOM_108,B2.66 2-bedskamer,2.66,209.930905
RTLS_04860,Toiletstoel 2,equipment,2025-03-19 11:29:58.000000000,2025-03-19 11:30:06.000000000,UTIL_B,B2.75 Utility,2.75,8.0
RTLS_04435,Bladderscan,equipment,2025-03-19 11:30:10.000000000,2025-03-19 11:30:28.000000000,UTIL_A,B2.63 Utility,2.63,18.0
RTLS_04331,Spuitaandrijver,equipment,2025-03-19 11:30:10.000000000,2025-03-19 11:30:18.000000000,UTIL_B,B2.75 Utility,2.75,8.0
RTLS_04749,Toiletstoel 1,equipment,2025-03-19 11:30:14.000000000,2025-03-19 11:30:35.000000000,UTIL_A,B2.63 Utility,2.63,21.0
RTLS_03703,EUREKA-VPL-026,nurse,2025-03-19 11:30:26.237670667,2025-03-19 11:30:58.317884739,ROOM_105,B2.82 1-bedskamer,2.82,32.080214
RTLS_05164,Voedingspomp 2,equipment,2025-03-19 11:30:30.000000000,2025-03-19 11:30:44.000000000,UTIL_B,B2.75 Utility,2.75,14.0
RTLS_05371,Voedingspomp 4,equipment,2025-03-19 11:30:35.000000000,2025-03-19 11:30:51.000000000,UTIL_B,B2.75 Utility,2.75,16.0
RTLS_05477,Voedingspomp 5,equipment,2025-03-19 11:30:49.000000000,2025-03-19 11:30:56.000000000,UTIL_A,B2.63 Utility,2.63,7.0
RTLS_03914,Infuuspomp 1,equipment,2025-03-19 11:30:57.000000000,2025-03-19 11:31:03.000000000,UTIL_A,B2.63 Utility,2.63,6.0
RTLS_03704,EUREKA-VPL-026,nurse,2025-03-19 11:30:58.317884739,2025-03-19 11:31:06.869508735,ROOM_114,B2.85 2-bedskamer,2.85,8.551623
RTLS_02720,EUREKA-VPL-021,nurse,2025-03-19 11:30:59.620731670,2025-03-19 11:31:03.390708075,STORE_A,B2.53 Berging,2.53,3.7699759999999998
RTLS_02721,EUREKA-VPL-021,nurse,2025-03-19 11:31:03.390708075,2025-03-19 11:31:16.460520213,ROOM_109,B2.68 2-bedskamer,2.68,13.069812
RTLS_04227,Infuuspomp 4,equipment,2025-03-19 11:31:06.000000000,2025-03-19 11:31:17.000000000,UTIL_B,B2.75 Utility,2.75,11.0
RTLS_03705,EUREKA-VPL-026,nurse,2025-03-19 11:31:06.869508735,2025-03-19 11:31:15.233005732,STORAGE,B2.61 Opslag,2.61,8.363496
RTLS_05062,Voedingspomp 1,equipment,2025-03-19 11:31:14.000000000,2025-03-19 11:31:28.000000000,UTIL_A,B2.63 Utility,2.63,14.0
RTLS_04021,Infuuspomp 2,equipment,2025-03-19 11:31:49.000000000,2025-03-19 11:32:18.000000000,UTIL_A,B2.63 Utility,2.63,29.0
RTLS_03471,EUREKA-VPL-025,nurse,2025-03-19 11:31:56.501867102,2025-03-19 11:33:37.659322359,KITCHEN,B2.77 Keuken,2.77,101.157455
RTLS_04643,Glucosemeter 2,equipment,2025-03-19 11:32:15.000000000,2025-03-19 11:32:28.000000000,NS_B,B2.71.01 Dienstplaats,2.71.01,13.0
RTLS_04332,Spuitaandrijver,equipment,2025-03-19 11:32:20.000000000,2025-03-19 11:32:46.000000000,UTIL_B,B2.75 Utility,2.75,26.0
RTLS_05266,Voedingspomp 3,equipment,2025-03-19 11:32:21.000000000,2025-03-19 11:32:52.000000000,UTIL_A,B2.63 Utility,2.63,31.0
RTLS_00999,EUREKA-VPL-009,nurse,2025-03-19 11:33:22.075898441,2025-03-19 11:37:59.120335746,STORE_A,B2.53 Berging,2.53,277.044437
RTLS_05063,Voedingspomp 1,equipment,2025-03-19 11:33:27.000000000,2025-03-19 11:34:02.000000000,UTIL_A,B2.63 Utility,2.63,35.0
RTLS_05165,Voedingspomp 2,equipment,2025-03-19 11:33:35.000000000,2025-03-19 11:33:56.000000000,UTIL_B,B2.75 Utility,2.75,21.0
RTLS_03472,EUREKA-VPL-025,nurse,2025-03-19 11:33:37.659322359,2025-03-19 11:33:40.069508380,NS_A,B2.71 Open wacht,2.71,2.410186
RTLS_03473,EUREKA-VPL-025,nurse,2025-03-19 11:33:40.069508380,2025-03-19 11:47:41.081677654,STORE_A,B2.53 Berging,2.53,841.012169
RTLS_04123,Infuuspomp 3,equipment,2025-03-19 11:33:43.000000000,2025-03-19 11:34:01.000000000,UTIL_B,B2.75 Utility,2.75,18.0
RTLS_04333,Spuitaandrijver,equipment,2025-03-19 11:34:17.000000000,2025-03-19 11:34:48.000000000,UTIL_B,B2.75 Utility,2.75,31.0
RTLS_05267,Voedingspomp 3,equipment,2025-03-19 11:34:19.000000000,2025-03-19 11:34:36.000000000,UTIL_A,B2.63 Utility,2.63,17.0
RTLS_00429,EUREKA-VPL-005,nurse,2025-03-19 11:35:20.373610653,2025-03-19 11:36:21.459749289,ROOM_112,B2.83 2-bedskamer,2.83,61.086138
RTLS_05268,Voedingspomp 3,equipment,2025-03-19 11:35:27.000000000,2025-03-19 11:35:53.000000000,UTIL_A,B2.63 Utility,2.63,26.0
RTLS_04644,Glucosemeter 2,equipment,2025-03-19 11:35:35.000000000,2025-03-19 11:35:44.000000000,NS_B,B2.71.01 Dienstplaats,2.71.01,9.0
RTLS_03915,Infuuspomp 1,equipment,2025-03-19 11:36:05.000000000,2025-03-19 11:36:40.000000000,UTIL_A,B2.63 Utility,2.63,35.0
RTLS_00430,EUREKA-VPL-005,nurse,2025-03-19 11:36:21.459749289,2025-03-19 11:36:46.365536916,ROOM_116,B2.56 2-bedskamer,2.56,24.905787
RTLS_04022,Infuuspomp 2,equipment,2025-03-19 11:36:23.000000000,2025-03-19 11:36:38.000000000,UTIL_A,B2.63 Utility,2.63,15.0
RTLS_05372,Voedingspomp 4,equipment,2025-03-19 11:36:35.000000000,2025-03-19 11:37:07.000000000,UTIL_B,B2.75 Utility,2.75,32.0
RTLS_04544,Glucosemeter 1,equipment,2025-03-19 11:36:35.000000000,2025-03-19 11:37:08.000000000,NS_A,B2.71 Open wacht,2.71,33.0
RTLS_04228,Infuuspomp 4,equipment,2025-03-19 11:36:39.000000000,2025-03-19 11:37:04.000000000,UTIL_B,B2.75 Utility,2.75,25.0
RTLS_00431,EUREKA-VPL-005,nurse,2025-03-19 11:36:46.365536916,2025-03-19 11:37:04.286106469,UTIL_A,B2.63 Utility,2.63,17.920569
RTLS_04861,Toiletstoel 2,equipment,2025-03-19 11:36:53.000000000,2025-03-19 11:37:22.000000000,UTIL_B,B2.75 Utility,2.75,29.0
RTLS_01665,EUREKA-VPL-014,nurse,2025-03-19 11:36:55.580048557,2025-03-19 11:37:00.753333179,NS_A,B2.71 Open wacht,2.71,5.173284
RTLS_04334,Spuitaandrijver,equipment,2025-03-19 11:36:56.000000000,2025-03-19 11:37:23.000000000,UTIL_B,B2.75 Utility,2.75,27.0
RTLS_01666,EUREKA-VPL-014,nurse,2025-03-19 11:37:00.753333179,2025-03-19 11:37:10.575868077,ROOM_109,B2.68 2-bedskamer,2.68,9.822534
RTLS_05478,Voedingspomp 5,equipment,2025-03-19 11:37:03.000000000,2025-03-19 11:37:09.000000000,UTIL_A,B2.63 Utility,2.63,6.0
RTLS_00432,EUREKA-VPL-005,nurse,2025-03-19 11:37:04.286106469,2025-03-19 11:39:26.463569001,STORE_C,B2.65 Berging,2.65,142.177462
RTLS_04436,Bladderscan,equipment,2025-03-19 11:37:08.000000000,2025-03-19 11:37:32.000000000,UTIL_A,B2.63 Utility,2.63,24.0
RTLS_04958,Toiletstoel 3,equipment,2025-03-19 11:37:09.000000000,2025-03-19 11:37:38.000000000,STORAGE,B2.61 Opslag,2.61,29.0
RTLS_01667,EUREKA-VPL-014,nurse,2025-03-19 11:37:10.575868077,2025-03-19 11:37:44.105145883,KITCHEN,B2.77 Keuken,2.77,33.529277
RTLS_04750,Toiletstoel 1,equipment,2025-03-19 11:37:14.000000000,2025-03-19 11:37:33.000000000,UTIL_A,B2.63 Utility,2.63,19.0
RTLS_05269,Voedingspomp 3,equipment,2025-03-19 11:37:14.000000000,2025-03-19 11:37:28.000000000,UTIL_A,B2.63 Utility,2.63,14.0
RTLS_01668,EUREKA-VPL-014,nurse,2025-03-19 11:37:44.105145883,2025-03-19 11:39:45.433495168,PREP_A,B2.71.02 Voorbereiding,2.71.02,121.328349
RTLS_03916,Infuuspomp 1,equipment,2025-03-19 11:37:45.000000000,2025-03-19 11:38:16.000000000,UTIL_A,B2.63 Utility,2.63,31.0
RTLS_01000,EUREKA-VPL-009,nurse,2025-03-19 11:37:59.120335746,2025-03-19 11:39:25.512802338,STORAGE,B2.61 Opslag,2.61,86.392466
RTLS_05166,Voedingspomp 2,equipment,2025-03-19 11:38:04.000000000,2025-03-19 11:38:09.000000000,UTIL_B,B2.75 Utility,2.75,5.0
RTLS_02428,EUREKA-VPL-019,nurse,2025-03-19 11:38:39.468481604,2025-03-19 11:39:14.791500873,ROOM_112,B2.83 2-bedskamer,2.83,35.323019
RTLS_05064,Voedingspomp 1,equipment,2025-03-19 11:38:59.000000000,2025-03-19 11:39:34.000000000,UTIL_A,B2.63 Utility,2.63,35.0
RTLS_02429,EUREKA-VPL-019,nurse,2025-03-19 11:39:14.791500873,2025-03-19 11:39:17.213465958,KITCHEN,B2.77 Keuken,2.77,2.421965
RTLS_02430,EUREKA-VPL-019,nurse,2025-03-19 11:39:17.213465958,2025-03-19 11:40:15.327400027,ROOM_110,B2.79 2-bedskamer,2.79,58.113934
RTLS_01001,EUREKA-VPL-009,nurse,2025-03-19 11:39:25.512802338,2025-03-19 11:40:04.826319636,ROOM_115,B2.58 2-bedskamer,2.58,39.313517
RTLS_00433,EUREKA-VPL-005,nurse,2025-03-19 11:39:26.463569001,2025-03-19 11:39:28.820225448,ROOM_106,B2.62 2-bedskamer,2.62,2.356656
RTLS_04862,Toiletstoel 2,equipment,2025-03-19 11:39:39.000000000,2025-03-19 11:39:47.000000000,UTIL_B,B2.75 Utility,2.75,8.0
RTLS_04229,Infuuspomp 4,equipment,2025-03-19 11:39:44.000000000,2025-03-19 11:40:03.000000000,UTIL_B,B2.75 Utility,2.75,19.0
RTLS_01669,EUREKA-VPL-014,nurse,2025-03-19 11:39:45.433495168,2025-03-19 11:40:48.910132337,NS_B,B2.71.01 Dienstplaats,2.71.01,63.476637
RTLS_03917,Infuuspomp 1,equipment,2025-03-19 11:39:52.000000000,2025-03-19 11:40:29.000000000,UTIL_A,B2.63 Utility,2.63,37.0
RTLS_04124,Infuuspomp 3,equipment,2025-03-19 11:39:59.000000000,2025-03-19 11:40:24.000000000,UTIL_B,B2.75 Utility,2.75,25.0
RTLS_01002,EUREKA-VPL-009,nurse,2025-03-19 11:40:04.826319636,2025-03-19 11:42:23.269152920,ROOM_110,B2.79 2-bedskamer,2.79,138.442833
RTLS_05479,Voedingspomp 5,equipment,2025-03-19 11:40:10.000000000,2025-03-19 11:40:22.000000000,UTIL_A,B2.63 Utility,2.63,12.0
RTLS_02431,EUREKA-VPL-019,nurse,2025-03-19 11:40:15.327400027,2025-03-19 11:40:40.854032140,ROOM_117,B2.54 2-bedskamer,2.54,25.526632
RTLS_04959,Toiletstoel 3,equipment,2025-03-19 11:40:25.000000000,2025-03-19 11:40:51.000000000,STORAGE,B2.61 Opslag,2.61,26.0
RTLS_02432,EUREKA-VPL-019,nurse,2025-03-19 11:40:40.854032140,2025-03-19 11:41:50.005448451,KITCHEN,B2.77 Keuken,2.77,69.151416
RTLS_01670,EUREKA-VPL-014,nurse,2025-03-19 11:40:48.910132337,2025-03-19 11:40:52.194096946,ROOM_117,B2.54 2-bedskamer,2.54,3.283964
RTLS_04645,Glucosemeter 2,equipment,2025-03-19 11:41:23.000000000,2025-03-19 11:41:32.000000000,NS_B,B2.71.01 Dienstplaats,2.71.01,9.0
RTLS_05270,Voedingspomp 3,equipment,2025-03-19 11:41:48.000000000,2025-03-19 11:42:00.000000000,UTIL_A,B2.63 Utility,2.63,12.0
RTLS_02433,EUREKA-VPL-019,nurse,2025-03-19 11:41:50.005448451,2025-03-19 11:41:57.990280613,ROOM_106,B2.62 2-bedskamer,2.62,7.984832
RTLS_04023,Infuuspomp 2,equipment,2025-03-19 11:41:53.000000000,2025-03-19 11:42:02.000000000,UTIL_A,B2.63 Utility,2.63,9.0
RTLS_02434,EUREKA-VPL-019,nurse,2025-03-19 11:41:57.990280613,2025-03-19 11:43:23.105392794,ROOM_114,B2.85 2-bedskamer,2.85,85.115112
RTLS_04751,Toiletstoel 1,equipment,2025-03-19 11:42:20.000000000,2025-03-19 11:42:47.000000000,UTIL_A,B2.63 Utility,2.63,27.0
RTLS_04545,Glucosemeter 1,equipment,2025-03-19 11:43:07.000000000,2025-03-19 11:43:35.000000000,NS_A,B2.71 Open wacht,2.71,28.0
RTLS_05065,Voedingspomp 1,equipment,2025-03-19 11:43:11.000000000,2025-03-19 11:43:29.000000000,UTIL_A,B2.63 Utility,2.63,18.0
RTLS_04437,Bladderscan,equipment,2025-03-19 11:43:15.000000000,2025-03-19 11:43:24.000000000,UTIL_A,B2.63 Utility,2.63,9.0
RTLS_04960,Toiletstoel 3,equipment,2025-03-19 11:43:16.000000000,2025-03-19 11:43:37.000000000,STORAGE,B2.61 Opslag,2.61,21.0
RTLS_04335,Spuitaandrijver,equipment,2025-03-19 11:43:33.000000000,2025-03-19 11:44:06.000000000,UTIL_B,B2.75 Utility,2.75,33.0
RTLS_05373,Voedingspomp 4,equipment,2025-03-19 11:43:40.000000000,2025-03-19 11:44:13.000000000,UTIL_B,B2.75 Utility,2.75,33.0
RTLS_05271,Voedingspomp 3,equipment,2025-03-19 11:44:23.000000000,2025-03-19 11:44:55.000000000,UTIL_A,B2.63 Utility,2.63,32.0
RTLS_04438,Bladderscan,equipment,2025-03-19 11:44:44.000000000,2025-03-19 11:45:00.000000000,UTIL_A,B2.63 Utility,2.63,16.0
RTLS_04646,Glucosemeter 2,equipment,2025-03-19 11:44:50.000000000,2025-03-19 11:45:18.000000000,NS_B,B2.71.01 Dienstplaats,2.71.01,28.0
RTLS_05167,Voedingspomp 2,equipment,2025-03-19 11:44:59.000000000,2025-03-19 11:45:32.000000000,UTIL_B,B2.75 Utility,2.75,33.0
RTLS_03918,Infuuspomp 1,equipment,2025-03-19 11:46:18.000000000,2025-03-19 11:46:53.000000000,UTIL_A,B2.63 Utility,2.63,35.0
RTLS_04863,Toiletstoel 2,equipment,2025-03-19 11:46:19.000000000,2025-03-19 11:46:46.000000000,UTIL_B,B2.75 Utility,2.75,27.0
RTLS_05480,Voedingspomp 5,equipment,2025-03-19 11:46:28.000000000,2025-03-19 11:46:46.000000000,UTIL_A,B2.63 Utility,2.63,18.0
RTLS_04230,Infuuspomp 4,equipment,2025-03-19 11:46:31.000000000,2025-03-19 11:46:41.000000000,UTIL_B,B2.75 Utility,2.75,10.0
RTLS_04336,Spuitaandrijver,equipment,2025-03-19 11:46:54.000000000,2025-03-19 11:47:01.000000000,UTIL_B,B2.75 Utility,2.75,7.0
RTLS_04752,Toiletstoel 1,equipment,2025-03-19 11:47:19.000000000,2025-03-19 11:47:53.000000000,UTIL_A,B2.63 Utility,2.63,34.0
RTLS_04024,Infuuspomp 2,equipment,2025-03-19 11:47:23.000000000,2025-03-19 11:47:57.000000000,UTIL_A,B2.63 Utility,2.63,34.0
RTLS_04961,Toiletstoel 3,equipment,2025-03-19 11:47:26.000000000,2025-03-19 11:48:03.000000000,STORAGE,B2.61 Opslag,2.61,37.0
RTLS_04125,Infuuspomp 3,equipment,2025-03-19 11:47:29.000000000,2025-03-19 11:48:06.000000000,UTIL_B,B2.75 Utility,2.75,37.0
RTLS_03474,EUREKA-VPL-025,nurse,2025-03-19 11:47:41.081677654,2025-03-19 11:51:47.492069959,PREP_A,B2.71.02 Voorbereiding,2.71.02,246.410392
RTLS_05066,Voedingspomp 1,equipment,2025-03-19 11:48:51.000000000,2025-03-19 11:49:14.000000000,UTIL_A,B2.63 Utility,2.63,23.0
RTLS_04546,Glucosemeter 1,equipment,2025-03-19 11:50:12.000000000,2025-03-19 11:50:29.000000000,NS_A,B2.71 Open wacht,2.71,17.0
RTLS_04753,Toiletstoel 1,equipment,2025-03-19 11:50:18.000000000,2025-03-19 11:50:54.000000000,UTIL_A,B2.63 Utility,2.63,36.0
RTLS_05168,Voedingspomp 2,equipment,2025-03-19 11:50:24.000000000,2025-03-19 11:50:39.000000000,UTIL_B,B2.75 Utility,2.75,15.0
RTLS_05374,Voedingspomp 4,equipment,2025-03-19 11:50:31.000000000,2025-03-19 11:50:46.000000000,UTIL_B,B2.75 Utility,2.75,15.0
RTLS_05272,Voedingspomp 3,equipment,2025-03-19 11:50:58.000000000,2025-03-19 11:51:05.000000000,UTIL_A,B2.63 Utility,2.63,7.0
RTLS_04439,Bladderscan,equipment,2025-03-19 11:51:02.000000000,2025-03-19 11:51:36.000000000,UTIL_A,B2.63 Utility,2.63,34.0
RTLS_03475,EUREKA-VPL-025,nurse,2025-03-19 11:51:47.492069959,2025-03-19 11:51:55.087225445,ROOM_118,B2.60 2-bedskamer,2.60,7.595155
RTLS_05481,Voedingspomp 5,equipment,2025-03-19 11:51:59.000000000,2025-03-19 11:52:06.000000000,UTIL_A,B2.63 Utility,2.63,7.0
RTLS_04647,Glucosemeter 2,equipment,2025-03-19 11:52:08.000000000,2025-03-19 11:52:20.000000000,NS_B,B2.71.01 Dienstplaats,2.71.01,12.0
RTLS_04231,Infuuspomp 4,equipment,2025-03-19 11:52:22.000000000,2025-03-19 11:52:54.000000000,UTIL_B,B2.75 Utility,2.75,32.0
RTLS_02253,EUREKA-VPL-018,nurse,2025-03-19 11:52:22.097688757,2025-03-19 11:52:27.525075865,STORE_A,B2.53 Berging,2.53,5.427387
RTLS_05067,Voedingspomp 1,equipment,2025-03-19 11:52:34.000000000,2025-03-19 11:52:49.000000000,UTIL_A,B2.63 Utility,2.63,15.0
RTLS_04962,Toiletstoel 3,equipment,2025-03-19 11:52:36.000000000,2025-03-19 11:53:12.000000000,STORAGE,B2.61 Opslag,2.61,36.0
RTLS_04337,Spuitaandrijver,equipment,2025-03-19 11:52:56.000000000,2025-03-19 11:53:15.000000000,UTIL_B,B2.75 Utility,2.75,19.0
RTLS_04440,Bladderscan,equipment,2025-03-19 11:53:07.000000000,2025-03-19 11:53:27.000000000,UTIL_A,B2.63 Utility,2.63,20.0
RTLS_04864,Toiletstoel 2,equipment,2025-03-19 11:53:32.000000000,2025-03-19 11:53:42.000000000,UTIL_B,B2.75 Utility,2.75,10.0
RTLS_04025,Infuuspomp 2,equipment,2025-03-19 11:53:32.000000000,2025-03-19 11:53:51.000000000,UTIL_A,B2.63 Utility,2.63,19.0
RTLS_04126,Infuuspomp 3,equipment,2025-03-19 11:53:40.000000000,2025-03-19 11:54:06.000000000,UTIL_B,B2.75 Utility,2.75,26.0
RTLS_03919,Infuuspomp 1,equipment,2025-03-19 11:53:44.000000000,2025-03-19 11:53:59.000000000,UTIL_A,B2.63 Utility,2.63,15.0
RTLS_05375,Voedingspomp 4,equipment,2025-03-19 11:54:43.000000000,2025-03-19 11:55:11.000000000,UTIL_B,B2.75 Utility,2.75,28.0
RTLS_04648,Glucosemeter 2,equipment,2025-03-19 11:55:23.000000000,2025-03-19 11:55:31.000000000,NS_B,B2.71.01 Dienstplaats,2.71.01,8.0
RTLS_04127,Infuuspomp 3,equipment,2025-03-19 11:55:51.000000000,2025-03-19 11:55:56.000000000,UTIL_B,B2.75 Utility,2.75,5.0
RTLS_04754,Toiletstoel 1,equipment,2025-03-19 11:56:17.000000000,2025-03-19 11:56:53.000000000,UTIL_A,B2.63 Utility,2.63,36.0
RTLS_04441,Bladderscan,equipment,2025-03-19 11:56:56.000000000,2025-03-19 11:57:25.000000000,UTIL_A,B2.63 Utility,2.63,29.0
RTLS_04865,Toiletstoel 2,equipment,2025-03-19 11:56:56.000000000,2025-03-19 11:57:04.000000000,UTIL_B,B2.75 Utility,2.75,8.0
RTLS_05169,Voedingspomp 2,equipment,2025-03-19 11:57:02.000000000,2025-03-19 11:57:15.000000000,UTIL_B,B2.75 Utility,2.75,13.0
RTLS_05068,Voedingspomp 1,equipment,2025-03-19 11:57:05.000000000,2025-03-19 11:57:12.000000000,UTIL_A,B2.63 Utility,2.63,7.0
RTLS_05376,Voedingspomp 4,equipment,2025-03-19 11:57:08.000000000,2025-03-19 11:57:32.000000000,UTIL_B,B2.75 Utility,2.75,24.0
RTLS_04547,Glucosemeter 1,equipment,2025-03-19 11:57:19.000000000,2025-03-19 11:57:53.000000000,NS_A,B2.71 Open wacht,2.71,34.0
RTLS_05482,Voedingspomp 5,equipment,2025-03-19 11:57:36.000000000,2025-03-19 11:58:04.000000000,UTIL_A,B2.63 Utility,2.63,28.0
RTLS_03920,Infuuspomp 1,equipment,2025-03-19 11:57:36.000000000,2025-03-19 11:58:03.000000000,UTIL_A,B2.63 Utility,2.63,27.0
RTLS_05273,Voedingspomp 3,equipment,2025-03-19 11:57:40.000000000,2025-03-19 11:58:00.000000000,UTIL_A,B2.63 Utility,2.63,20.0
RTLS_05069,Voedingspomp 1,equipment,2025-03-19 11:59:17.000000000,2025-03-19 11:59:23.000000000,UTIL_A,B2.63 Utility,2.63,6.0
RTLS_04649,Glucosemeter 2,equipment,2025-03-19 11:59:17.000000000,2025-03-19 11:59:54.000000000,NS_B,B2.71.01 Dienstplaats,2.71.01,37.0
RTLS_04963,Toiletstoel 3,equipment,2025-03-19 11:59:27.000000000,2025-03-19 12:00:00.000000000,STORAGE,B2.61 Opslag,2.61,33.0
RTLS_04442,Bladderscan,equipment,2025-03-19 11:59:37.000000000,2025-03-19 11:59:57.000000000,UTIL_A,B2.63 Utility,2.63,20.0
RTLS_05274,Voedingspomp 3,equipment,2025-03-19 11:59:48.000000000,2025-03-19 12:00:22.000000000,UTIL_A,B2.63 Utility,2.63,34.0
RTLS_00071,EUREKA-VPL-001,nurse,2025-03-19 12:00:00.000000000,2025-03-19 12:00:16.071950847,PREP_A,B2.71.02 Voorbereiding,2.71.02,16.07195
RTLS_00195,EUREKA-VPL-002,nurse,2025-03-19 12:00:00.000000000,2025-03-19 12:00:22.887439524,KITCHEN,B2.77 Keuken,2.77,22.887439
RTLS_00272,EUREKA-VPL-003,nurse,2025-03-19 12:00:00.000000000,2025-03-19 12:00:16.889309186,KITCHEN,B2.77 Keuken,2.77,16.889309
RTLS_00339,EUREKA-VPL-004,nurse,2025-03-19 12:00:00.000000000,2025-03-19 12:01:51.842821872,ROOM_116,B2.56 2-bedskamer,2.56,111.842821
RTLS_00434,EUREKA-VPL-005,nurse,2025-03-19 12:00:00.000000000,2025-03-19 12:00:05.611158828,ROOM_117,B2.54 2-bedskamer,2.54,5.611158
RTLS_00567,EUREKA-VPL-006,nurse,2025-03-19 12:00:00.000000000,2025-03-19 12:00:20.796460016,ROOM_104,B2.80 1-bedskamer,2.80,20.79646
RTLS_00727,EUREKA-VPL-007,nurse,2025-03-19 12:00:00.000000000,2025-03-19 12:01:14.042281676,STORE_C,B2.65 Berging,2.65,74.042281
RTLS_00871,EUREKA-VPL-008,nurse,2025-03-19 12:00:00.000000000,2025-03-19 12:00:04.632274416,NS_A,B2.71 Open wacht,2.71,4.632274
RTLS_01003,EUREKA-VPL-009,nurse,2025-03-19 12:00:00.000000000,2025-03-19 12:00:03.233102517,STORE_C,B2.65 Berging,2.65,3.233102
RTLS_01170,EUREKA-VPL-010,nurse,2025-03-19 12:00:00.000000000,2025-03-19 12:00:05.108915382,UTIL_B,B2.75 Utility,2.75,5.108915
RTLS_01330,EUREKA-VPL-011,nurse,2025-03-19 12:00:00.000000000,2025-03-19 12:00:26.224552000,KITCHEN,B2.77 Keuken,2.77,26.224552
RTLS_01430,EUREKA-VPL-012,nurse,2025-03-19 12:00:00.000000000,2025-03-19 12:00:55.807307169,NS_A,B2.71 Open wacht,2.71,55.807307
RTLS_01523,EUREKA-VPL-013,nurse,2025-03-19 12:00:00.000000000,2025-03-19 12:00:27.726879150,ROOM_118,B2.60 2-bedskamer,2.60,27.726879
RTLS_01671,EUREKA-VPL-014,nurse,2025-03-19 12:00:00.000000000,2025-03-19 12:00:06.118529617,KITCHEN,B2.77 Keuken,2.77,6.118529
RTLS_01816,EUREKA-VPL-015,nurse,2025-03-19 12:00:00.000000000,2025-03-19 12:00:05.674603832,NS_B,B2.71.01 Dienstplaats,2.71.01,5.674603
RTLS_01944,EUREKA-VPL-016,nurse,2025-03-19 12:00:00.000000000,2025-03-19 12:00:46.211534156,ROOM_118,B2.60 2-bedskamer,2.60,46.211534
RTLS_02101,EUREKA-VPL-017,nurse,2025-03-19 12:00:00.000000000,2025-03-19 12:00:30.006012043,NS_A,B2.71 Open wacht,2.71,30.006012
RTLS_02254,EUREKA-VPL-018,nurse,2025-03-19 12:00:00.000000000,2025-03-19 12:02:04.153287397,KITCHEN,B2.77 Keuken,2.77,124.153287
RTLS_02435,EUREKA-VPL-019,nurse,2025-03-19 12:00:00.000000000,2025-03-19 12:00:42.745451540,ROOM_102,B2.76 1-bedskamer,2.76,42.745451
RTLS_02603,EUREKA-VPL-020,nurse,2025-03-19 12:00:00.000000000,2025-03-19 12:00:30.516831534,ROOM_108,B2.66 2-bedskamer,2.66,30.516831
RTLS_02722,EUREKA-VPL-021,nurse,2025-03-19 12:00:00.000000000,2025-03-19 12:00:17.893647606,NS_A,B2.71 Open wacht,2.71,17.893647
RTLS_02897,EUREKA-VPL-022,nurse,2025-03-19 12:00:00.000000000,2025-03-19 12:00:02.254007315,NS_A,B2.71 Open wacht,2.71,2.254007
RTLS_03092,EUREKA-VPL-023,nurse,2025-03-19 12:00:00.000000000,2025-03-19 12:00:15.325965697,ROOM_104,B2.80 1-bedskamer,2.80,15.325965
RTLS_03273,EUREKA-VPL-024,nurse,2025-03-19 12:00:00.000000000,2025-03-19 12:00:11.081419831,KITCHEN,B2.77 Keuken,2.77,11.081419
RTLS_03476,EUREKA-VPL-025,nurse,2025-03-19 12:00:00.000000000,2025-03-19 12:02:51.863833435,NS_A,B2.71 Open wacht,2.71,171.863833
RTLS_03706,EUREKA-VPL-026,nurse,2025-03-19 12:00:00.000000000,2025-03-19 12:00:35.424548094,ROOM_103,B2.78 1-bedskamer,2.78,35.424548
RTLS_04232,Infuuspomp 4,equipment,2025-03-19 12:00:01.000000000,2025-03-19 12:00:16.000000000,UTIL_B,B2.75 Utility,2.75,15.0
RTLS_02898,EUREKA-VPL-022,nurse,2025-03-19 12:00:02.254007315,2025-03-19 12:01:13.733976481,ROOM_117,B2.54 2-bedskamer,2.54,71.479969
RTLS_03921,Infuuspomp 1,equipment,2025-03-19 12:00:03.000000000,2025-03-19 12:00:18.000000000,UTIL_A,B2.63 Utility,2.63,15.0
RTLS_01004,EUREKA-VPL-009,nurse,2025-03-19 12:00:03.233102517,2025-03-19 12:12:02.586481917,ROOM_107,B2.64 2-bedskamer,2.64,719.353379
RTLS_00872,EUREKA-VPL-008,nurse,2025-03-19 12:00:04.632274416,2025-03-19 12:00:42.452444943,KITCHEN,B2.77 Keuken,2.77,37.82017
RTLS_01171,EUREKA-VPL-010,nurse,2025-03-19 12:00:05.108915382,2025-03-19 12:01:54.876385716,ROOM_105,B2.82 1-bedskamer,2.82,109.76747
RTLS_00435,EUREKA-VPL-005,nurse,2025-03-19 12:00:05.611158828,2025-03-19 12:00:32.321099915,ROOM_112,B2.83 2-bedskamer,2.83,26.709941
RTLS_01817,EUREKA-VPL-015,nurse,2025-03-19 12:00:05.674603832,2025-03-19 12:00:49.086499636,ROOM_111,B2.81 2-bedskamer,2.81,43.411895
RTLS_01672,EUREKA-VPL-014,nurse,2025-03-19 12:00:06.118529617,2025-03-19 12:02:17.935637944,UTIL_B,B2.75 Utility,2.75,131.817108
RTLS_05170,Voedingspomp 2,equipment,2025-03-19 12:00:08.000000000,2025-03-19 12:00:45.000000000,UTIL_B,B2.75 Utility,2.75,37.0
RTLS_03274,EUREKA-VPL-024,nurse,2025-03-19 12:00:11.081419831,2025-03-19 12:00:37.095516800,ROOM_117,B2.54 2-bedskamer,2.54,26.014096
RTLS_04026,Infuuspomp 2,equipment,2025-03-19 12:00:12.000000000,2025-03-19 12:00:34.000000000,UTIL_A,B2.63 Utility,2.63,22.0
RTLS_04755,Toiletstoel 1,equipment,2025-03-19 12:00:13.000000000,2025-03-19 12:00:33.000000000,UTIL_A,B2.63 Utility,2.63,20.0
RTLS_04548,Glucosemeter 1,equipment,2025-03-19 12:00:15.000000000,2025-03-19 12:00:22.000000000,NS_A,B2.71 Open wacht,2.71,7.0
RTLS_03093,EUREKA-VPL-023,nurse,2025-03-19 12:00:15.325965697,2025-03-19 12:02:07.696429054,ROOM_114,B2.85 2-bedskamer,2.85,112.370463
RTLS_00072,EUREKA-VPL-001,nurse,2025-03-19 12:00:16.071950847,2025-03-19 12:00:39.475273491,ROOM_118,B2.60 2-bedskamer,2.60,23.403322
RTLS_00273,EUREKA-VPL-003,nurse,2025-03-19 12:00:16.889309186,2025-03-19 12:01:09.174351033,ROOM_108,B2.66 2-bedskamer,2.66,52.285041
RTLS_02723,EUREKA-VPL-021,nurse,2025-03-19 12:00:17.893647606,2025-03-19 12:00:57.178318796,ROOM_117,B2.54 2-bedskamer,2.54,39.284671
RTLS_00568,EUREKA-VPL-006,nurse,2025-03-19 12:00:20.796460016,2025-03-19 12:00:23.132029322,KITCHEN,B2.77 Keuken,2.77,2.335569
RTLS_00196,EUREKA-VPL-002,nurse,2025-03-19 12:00:22.887439524,2025-03-19 12:00:30.337975412,ROOM_115,B2.58 2-bedskamer,2.58,7.450535
RTLS_00569,EUREKA-VPL-006,nurse,2025-03-19 12:00:23.132029322,2025-03-19 12:00:59.545115076,ROOM_105,B2.82 1-bedskamer,2.82,36.413085
RTLS_04128,Infuuspomp 3,equipment,2025-03-19 12:00:26.000000000,2025-03-19 12:00:54.000000000,UTIL_B,B2.75 Utility,2.75,28.0
RTLS_01331,EUREKA-VPL-011,nurse,2025-03-19 12:00:26.224552000,2025-03-19 12:01:01.243586478,ROOM_111,B2.81 2-bedskamer,2.81,35.019034
RTLS_04338,Spuitaandrijver,equipment,2025-03-19 12:00:27.000000000,2025-03-19 12:00:38.000000000,UTIL_B,B2.75 Utility,2.75,11.0
RTLS_01524,EUREKA-VPL-013,nurse,2025-03-19 12:00:27.726879150,2025-03-19 12:15:20.795159150,STORAGE,B2.61 Opslag,2.61,893.06828
RTLS_02102,EUREKA-VPL-017,nurse,2025-03-19 12:00:30.006012043,2025-03-19 12:00:32.982603570,KITCHEN,B2.77 Keuken,2.77,2.976591
RTLS_00197,EUREKA-VPL-002,nurse,2025-03-19 12:00:30.337975412,2025-03-19 12:02:29.279983223,STORE_A,B2.53 Berging,2.53,118.942007
RTLS_02604,EUREKA-VPL-020,nurse,2025-03-19 12:00:30.516831534,2025-03-19 12:01:16.803552917,ROOM_113,B2.84 1-bedskamer,2.84,46.286721
RTLS_00436,EUREKA-VPL-005,nurse,2025-03-19 12:00:32.321099915,2025-03-19 12:00:46.539023147,KITCHEN,B2.77 Keuken,2.77,14.217923
RTLS_02103,EUREKA-VPL-017,nurse,2025-03-19 12:00:32.982603570,2025-03-19 12:01:14.990622411,ROOM_110,B2.79 2-bedskamer,2.79,42.008018
RTLS_03707,EUREKA-VPL-026,nurse,2025-03-19 12:00:35.424548094,2025-03-19 12:00:44.093076350,ROOM_113,B2.84 1-bedskamer,2.84,8.668528
RTLS_03275,EUREKA-VPL-024,nurse,2025-03-19 12:00:37.095516800,2025-03-19 12:01:37.785310963,KITCHEN,B2.77 Keuken,2.77,60.689794
RTLS_00073,EUREKA-VPL-001,nurse,2025-03-19 12:00:39.475273491,2025-03-19 12:00:49.249159144,ROOM_104,B2.80 1-bedskamer,2.80,9.773885
RTLS_00873,EUREKA-VPL-008,nurse,2025-03-19 12:00:42.452444943,2025-03-19 12:00:44.746049385,STORE_C,B2.65 Berging,2.65,2.293604
RTLS_02436,EUREKA-VPL-019,nurse,2025-03-19 12:00:42.745451540,2025-03-19 12:08:07.402270040,ROOM_116,B2.56 2-bedskamer,2.56,444.656818
RTLS_04866,Toiletstoel 2,equipment,2025-03-19 12:00:44.000000000,2025-03-19 12:00:54.000000000,UTIL_B,B2.75 Utility,2.75,10.0
RTLS_03708,EUREKA-VPL-026,nurse,2025-03-19 12:00:44.093076350,2025-03-19 12:00:54.184852923,STORE_B,B2.59 Berging,2.59,10.091776
RTLS_00874,EUREKA-VPL-008,nurse,2025-03-19 12:00:44.746049385,2025-03-19 12:02:53.629424413,ROOM_118,B2.60 2-bedskamer,2.60,128.883375
RTLS_01945,EUREKA-VPL-016,nurse,2025-03-19 12:00:46.211534156,2025-03-19 12:12:36.969227156,PREP_A,B2.71.02 Voorbereiding,2.71.02,710.757693
RTLS_00437,EUREKA-VPL-005,nurse,2025-03-19 12:00:46.539023147,2025-03-19 12:01:25.411018547,ROOM_114,B2.85 2-bedskamer,2.85,38.871995
RTLS_05483,Voedingspomp 5,equipment,2025-03-19 12:00:49.000000000,2025-03-19 12:01:23.000000000,UTIL_A,B2.63 Utility,2.63,34.0
RTLS_01818,EUREKA-VPL-015,nurse,2025-03-19 12:00:49.086499636,2025-03-19 12:01:03.392285819,ROOM_104,B2.80 1-bedskamer,2.80,14.305786
RTLS_00074,EUREKA-VPL-001,nurse,2025-03-19 12:00:49.249159144,2025-03-19 12:00:54.266266793,KITCHEN,B2.77 Keuken,2.77,5.017107
RTLS_03709,EUREKA-VPL-026,nurse,2025-03-19 12:00:54.184852923,2025-03-19 12:08:17.411746298,PREP_A,B2.71.02 Voorbereiding,2.71.02,443.226893
RTLS_00075,EUREKA-VPL-001,nurse,2025-03-19 12:00:54.266266793,2025-03-19 12:01:33.616748059,BATHROOM,B2.57 Stortbad,2.57,39.350481
RTLS_01431,EUREKA-VPL-012,nurse,2025-03-19 12:00:55.807307169,2025-03-19 12:01:22.970152200,KITCHEN,B2.77 Keuken,2.77,27.162845
RTLS_02724,EUREKA-VPL-021,nurse,2025-03-19 12:00:57.178318796,2025-03-19 12:01:20.029413802,ROOM_102,B2.76 1-bedskamer,2.76,22.851095
RTLS_00570,EUREKA-VPL-006,nurse,2025-03-19 12:00:59.545115076,2025-03-19 12:06:48.557073238,ROOM_115,B2.58 2-bedskamer,2.58,349.011958
RTLS_01332,EUREKA-VPL-011,nurse,2025-03-19 12:01:01.243586478,2025-03-19 12:03:37.366285326,STORE_C,B2.65 Berging,2.65,156.122698
RTLS_01819,EUREKA-VPL-015,nurse,2025-03-19 12:01:03.392285819,2025-03-19 12:01:21.034044560,ROOM_101,B2.74 1-bedskamer,2.74,17.641758
RTLS_00274,EUREKA-VPL-003,nurse,2025-03-19 12:01:09.174351033,2025-03-19 12:06:52.064605050,STORE_A,B2.53 Berging,2.53,342.890254
RTLS_02899,EUREKA-VPL-022,nurse,2025-03-19 12:01:13.733976481,2025-03-19 12:03:14.779846395,NS_B,B2.71.01 Dienstplaats,2.71.01,121.045869
RTLS_00728,EUREKA-VPL-007,nurse,2025-03-19 12:01:14.042281676,2025-03-19 12:02:50.279304966,UTIL_A,B2.63 Utility,2.63,96.237023
RTLS_02104,EUREKA-VPL-017,nurse,2025-03-19 12:01:14.990622411,2025-03-19 12:01:30.467888807,KITCHEN,B2.77 Keuken,2.77,15.477266
RTLS_05070,Voedingspomp 1,equipment,2025-03-19 12:01:15.000000000,2025-03-19 12:01:26.000000000,UTIL_A,B2.63 Utility,2.63,11.0
RTLS_02605,EUREKA-VPL-020,nurse,2025-03-19 12:01:16.803552917,2025-03-19 12:04:32.342689512,ROOM_104,B2.80 1-bedskamer,2.80,195.539136
RTLS_02725,EUREKA-VPL-021,nurse,2025-03-19 12:01:20.029413802,2025-03-19 12:01:26.977555008,ROOM_116,B2.56 2-bedskamer,2.56,6.948141
RTLS_01820,EUREKA-VPL-015,nurse,2025-03-19 12:01:21.034044560,2025-03-19 12:01:31.253953496,NS_A,B2.71 Open wacht,2.71,10.219908
RTLS_01432,EUREKA-VPL-012,nurse,2025-03-19 12:01:22.970152200,2025-03-19 12:01:26.977017384,ROOM_102,B2.76 1-bedskamer,2.76,4.006865
RTLS_00438,EUREKA-VPL-005,nurse,2025-03-19 12:01:25.411018547,2025-03-19 12:02:24.972396037,ROOM_104,B2.80 1-bedskamer,2.80,59.561377
RTLS_01433,EUREKA-VPL-012,nurse,2025-03-19 12:01:26.977017384,2025-03-19 12:03:16.622087877,NS_B,B2.71.01 Dienstplaats,2.71.01,109.64507
RTLS_02726,EUREKA-VPL-021,nurse,2025-03-19 12:01:26.977555008,2025-03-19 12:02:36.780433885,ROOM_101,B2.74 1-bedskamer,2.74,69.802878
RTLS_02105,EUREKA-VPL-017,nurse,2025-03-19 12:01:30.467888807,2025-03-19 12:04:57.337049331,PREP_B,B2.71.02 Voorbereiding,2.71.02,206.86916
RTLS_01821,EUREKA-VPL-015,nurse,2025-03-19 12:01:31.253953496,2025-03-19 12:26:35.002258924,PREP_A,B2.71.02 Voorbereiding,2.71.02,1503.748305
RTLS_00076,EUREKA-VPL-001,nurse,2025-03-19 12:01:33.616748059,2025-03-19 12:02:51.535965762,UTIL_B,B2.75 Utility,2.75,77.919217
RTLS_03276,EUREKA-VPL-024,nurse,2025-03-19 12:01:37.785310963,2025-03-19 12:01:49.253134474,ROOM_106,B2.62 2-bedskamer,2.62,11.467823
RTLS_04756,Toiletstoel 1,equipment,2025-03-19 12:01:40.000000000,2025-03-19 12:02:15.000000000,UTIL_A,B2.63 Utility,2.63,35.0
RTLS_04867,Toiletstoel 2,equipment,2025-03-19 12:01:45.000000000,2025-03-19 12:02:06.000000000,UTIL_B,B2.75 Utility,2.75,21.0
RTLS_03922,Infuuspomp 1,equipment,2025-03-19 12:01:47.000000000,2025-03-19 12:02:21.000000000,UTIL_A,B2.63 Utility,2.63,34.0
RTLS_03277,EUREKA-VPL-024,nurse,2025-03-19 12:01:49.253134474,2025-03-19 12:03:43.607442549,ROOM_101,B2.74 1-bedskamer,2.74,114.354308
RTLS_00340,EUREKA-VPL-004,nurse,2025-03-19 12:01:51.842821872,2025-03-19 12:02:18.053830735,ROOM_115,B2.58 2-bedskamer,2.58,26.211008
RTLS_01172,EUREKA-VPL-010,nurse,2025-03-19 12:01:54.876385716,2025-03-19 12:02:07.590082207,ROOM_101,B2.74 1-bedskamer,2.74,12.713696
RTLS_05377,Voedingspomp 4,equipment,2025-03-19 12:01:55.000000000,2025-03-19 12:02:32.000000000,UTIL_B,B2.75 Utility,2.75,37.0
RTLS_04964,Toiletstoel 3,equipment,2025-03-19 12:01:58.000000000,2025-03-19 12:02:28.000000000,STORAGE,B2.61 Opslag,2.61,30.0
RTLS_02255,EUREKA-VPL-018,nurse,2025-03-19 12:02:04.153287397,2025-03-19 12:02:20.084944350,ROOM_117,B2.54 2-bedskamer,2.54,15.931656
RTLS_01173,EUREKA-VPL-010,nurse,2025-03-19 12:02:07.590082207,2025-03-19 12:03:19.616634465,ROOM_102,B2.76 1-bedskamer,2.76,72.026552
RTLS_03094,EUREKA-VPL-023,nurse,2025-03-19 12:02:07.696429054,2025-03-19 12:02:17.156055886,ROOM_102,B2.76 1-bedskamer,2.76,9.459626
RTLS_03095,EUREKA-VPL-023,nurse,2025-03-19 12:02:17.156055886,2025-03-19 12:02:59.785518582,ROOM_108,B2.66 2-bedskamer,2.66,42.629462
RTLS_01673,EUREKA-VPL-014,nurse,2025-03-19 12:02:17.935637944,2025-03-19 12:03:15.627136869,BATH_B,B2.55 Badkamer,2.55,57.691498
RTLS_00341,EUREKA-VPL-004,nurse,2025-03-19 12:02:18.053830735,2025-03-19 12:02:20.608713460,STORE_A,B2.53 Berging,2.53,2.554882
RTLS_02256,EUREKA-VPL-018,nurse,2025-03-19 12:02:20.084944350,2025-03-19 12:05:09.439931206,ROOM_105,B2.82 1-bedskamer,2.82,169.354986
RTLS_00342,EUREKA-VPL-004,nurse,2025-03-19 12:02:20.608713460,2025-03-19 12:31:06.684985746,STORAGE,B2.61 Opslag,2.61,1726.076272
RTLS_00439,EUREKA-VPL-005,nurse,2025-03-19 12:02:24.972396037,2025-03-19 12:02:26.210108571,ROOM_115,B2.58 2-bedskamer,2.58,1.237712
RTLS_00440,EUREKA-VPL-005,nurse,2025-03-19 12:02:26.210108571,2025-03-19 12:03:21.639381670,STORE_C,B2.65 Berging,2.65,55.429273
RTLS_00198,EUREKA-VPL-002,nurse,2025-03-19 12:02:29.279983223,2025-03-19 12:02:30.580801222,ROOM_111,B2.81 2-bedskamer,2.81,1.300817
RTLS_00199,EUREKA-VPL-002,nurse,2025-03-19 12:02:30.580801222,2025-03-19 12:02:45.544844855,KITCHEN,B2.77 Keuken,2.77,14.964043
RTLS_02727,EUREKA-VPL-021,nurse,2025-03-19 12:02:36.780433885,2025-03-19 12:03:28.136158351,ROOM_114,B2.85 2-bedskamer,2.85,51.355724
RTLS_00200,EUREKA-VPL-002,nurse,2025-03-19 12:02:45.544844855,2025-03-19 12:02:51.858523973,ROOM_106,B2.62 2-bedskamer,2.62,6.313679
RTLS_05071,Voedingspomp 1,equipment,2025-03-19 12:02:46.000000000,2025-03-19 12:02:52.000000000,UTIL_A,B2.63 Utility,2.63,6.0
RTLS_04650,Glucosemeter 2,equipment,2025-03-19 12:02:46.000000000,2025-03-19 12:02:59.000000000,NS_B,B2.71.01 Dienstplaats,2.71.01,13.0
RTLS_00729,EUREKA-VPL-007,nurse,2025-03-19 12:02:50.279304966,2025-03-19 12:04:36.797506470,ROOM_109,B2.68 2-bedskamer,2.68,106.518201
RTLS_00077,EUREKA-VPL-001,nurse,2025-03-19 12:02:51.535965762,2025-03-19 12:04:29.042284841,KITCHEN,B2.77 Keuken,2.77,97.506319
RTLS_00201,EUREKA-VPL-002,nurse,2025-03-19 12:02:51.858523973,2025-03-19 12:03:20.689425250,NS_B,B2.71.01 Dienstplaats,2.71.01,28.830901
RTLS_03477,EUREKA-VPL-025,nurse,2025-03-19 12:02:51.863833435,2025-03-19 12:02:55.281492848,PREP_B,B2.71.02 Voorbereiding,2.71.02,3.417659
RTLS_04233,Infuuspomp 4,equipment,2025-03-19 12:02:53.000000000,2025-03-19 12:03:28.000000000,UTIL_B,B2.75 Utility,2.75,35.0
RTLS_00875,EUREKA-VPL-008,nurse,2025-03-19 12:02:53.629424413,2025-03-19 12:03:35.389852236,ROOM_105,B2.82 1-bedskamer,2.82,41.760427
RTLS_03478,EUREKA-VPL-025,nurse,2025-03-19 12:02:55.281492848,2025-03-19 12:03:06.910225152,ROOM_108,B2.66 2-bedskamer,2.66,11.628732
RTLS_03096,EUREKA-VPL-023,nurse,2025-03-19 12:02:59.785518582,2025-03-19 12:03:21.933680383,KITCHEN,B2.77 Keuken,2.77,22.148161
RTLS_03479,EUREKA-VPL-025,nurse,2025-03-19 12:03:06.910225152,2025-03-19 12:03:14.916117914,ROOM_110,B2.79 2-bedskamer,2.79,8.005892
RTLS_02900,EUREKA-VPL-022,nurse,2025-03-19 12:03:14.779846395,2025-03-19 12:03:26.503873902,KITCHEN,B2.77 Keuken,2.77,11.724027
RTLS_03480,EUREKA-VPL-025,nurse,2025-03-19 12:03:14.916117914,2025-03-19 12:04:46.384620120,KITCHEN,B2.77 Keuken,2.77,91.468502
RTLS_01674,EUREKA-VPL-014,nurse,2025-03-19 12:03:15.627136869,2025-03-19 12:06:18.141273608,STORE_A,B2.53 Berging,2.53,182.514136
RTLS_01434,EUREKA-VPL-012,nurse,2025-03-19 12:03:16.622087877,2025-03-19 12:03:41.520968686,STORE_C,B2.65 Berging,2.65,24.89888
RTLS_01174,EUREKA-VPL-010,nurse,2025-03-19 12:03:19.616634465,2025-03-19 12:03:32.918800454,KITCHEN,B2.77 Keuken,2.77,13.302165
RTLS_00202,EUREKA-VPL-002,nurse,2025-03-19 12:03:20.689425250,2025-03-19 12:04:04.284595948,KITCHEN,B2.77 Keuken,2.77,43.59517
RTLS_00441,EUREKA-VPL-005,nurse,2025-03-19 12:03:21.639381670,2025-03-19 12:18:09.790486801,STORE_B,B2.59 Berging,2.59,888.151105
RTLS_03097,EUREKA-VPL-023,nurse,2025-03-19 12:03:21.933680383,2025-03-19 12:05:20.245917523,ROOM_116,B2.56 2-bedskamer,2.56,118.312237
RTLS_02901,EUREKA-VPL-022,nurse,2025-03-19 12:03:26.503873902,2025-03-19 12:03:58.693867851,NS_B,B2.71.01 Dienstplaats,2.71.01,32.189993
RTLS_05275,Voedingspomp 3,equipment,2025-03-19 12:03:27.000000000,2025-03-19 12:03:42.000000000,UTIL_A,B2.63 Utility,2.63,15.0
RTLS_02728,EUREKA-VPL-021,nurse,2025-03-19 12:03:28.136158351,2025-03-19 12:22:18.757438684,PREP_A,B2.71.02 Voorbereiding,2.71.02,1130.62128
RTLS_01175,EUREKA-VPL-010,nurse,2025-03-19 12:03:32.918800454,2025-03-19 12:04:49.728115181,NS_B,B2.71.01 Dienstplaats,2.71.01,76.809314
RTLS_00876,EUREKA-VPL-008,nurse,2025-03-19 12:03:35.389852236,2025-03-19 12:03:48.346829320,UTIL_B,B2.75 Utility,2.75,12.956977
RTLS_01333,EUREKA-VPL-011,nurse,2025-03-19 12:03:37.366285326,2025-03-19 12:04:32.477116037,BATH_B,B2.55 Badkamer,2.55,55.11083
RTLS_01435,EUREKA-VPL-012,nurse,2025-03-19 12:03:41.520968686,2025-03-19 12:03:51.610429416,STORE_B,B2.59 Berging,2.59,10.08946
RTLS_05378,Voedingspomp 4,equipment,2025-03-19 12:03:42.000000000,2025-03-19 12:03:50.000000000,UTIL_B,B2.75 Utility,2.75,8.0
RTLS_03278,EUREKA-VPL-024,nurse,2025-03-19 12:03:43.607442549,2025-03-19 12:03:52.844493743,ROOM_106,B2.62 2-bedskamer,2.62,9.237051
RTLS_00877,EUREKA-VPL-008,nurse,2025-03-19 12:03:48.346829320,2025-03-19 12:03:50.837954632,STORE_A,B2.53 Berging,2.53,2.491125
RTLS_00878,EUREKA-VPL-008,nurse,2025-03-19 12:03:50.837954632,2025-03-19 12:27:54.764545346,PREP_B,B2.71.02 Voorbereiding,2.71.02,1443.92659
RTLS_01436,EUREKA-VPL-012,nurse,2025-03-19 12:03:51.610429416,2025-03-19 12:04:51.945618478,ROOM_112,B2.83 2-bedskamer,2.83,60.335189
RTLS_03279,EUREKA-VPL-024,nurse,2025-03-19 12:03:52.844493743,2025-03-19 12:05:25.399137472,ROOM_105,B2.82 1-bedskamer,2.82,92.554643
RTLS_02902,EUREKA-VPL-022,nurse,2025-03-19 12:03:58.693867851,2025-03-19 12:03:59.693867851,STORE_B,B2.59 Berging,2.59,1.0
RTLS_02903,EUREKA-VPL-022,nurse,2025-03-19 12:03:59.693867851,2025-03-19 12:06:56.093906501,BATHROOM,B2.57 Stortbad,2.57,176.400038
RTLS_00203,EUREKA-VPL-002,nurse,2025-03-19 12:04:04.284595948,2025-03-19 12:19:38.290991715,STORE_A,B2.53 Berging,2.53,934.006395
RTLS_00078,EUREKA-VPL-001,nurse,2025-03-19 12:04:29.042284841,2025-03-19 12:04:45.271050990,STORE_C,B2.65 Berging,2.65,16.228766
RTLS_02606,EUREKA-VPL-020,nurse,2025-03-19 12:04:32.342689512,2025-03-19 12:04:45.649731764,UTIL_A,B2.63 Utility,2.63,13.307042
RTLS_01334,EUREKA-VPL-011,nurse,2025-03-19 12:04:32.477116037,2025-03-19 12:04:42.694192214,ROOM_117,B2.54 2-bedskamer,2.54,10.217076
RTLS_00730,EUREKA-VPL-007,nurse,2025-03-19 12:04:36.797506470,2025-03-19 12:04:56.440022557,ROOM_116,B2.56 2-bedskamer,2.56,19.642516
RTLS_04549,Glucosemeter 1,equipment,2025-03-19 12:04:41.000000000,2025-03-19 12:05:11.000000000,NS_A,B2.71 Open wacht,2.71,30.0
RTLS_01335,EUREKA-VPL-011,nurse,2025-03-19 12:04:42.694192214,2025-03-19 12:04:48.339626526,KITCHEN,B2.77 Keuken,2.77,5.645434
RTLS_00079,EUREKA-VPL-001,nurse,2025-03-19 12:04:45.271050990,2025-03-19 12:08:25.515703283,ROOM_107,B2.64 2-bedskamer,2.64,220.244652
RTLS_02607,EUREKA-VPL-020,nurse,2025-03-19 12:04:45.649731764,2025-03-19 12:06:28.709282073,ROOM_112,B2.83 2-bedskamer,2.83,103.05955
RTLS_03481,EUREKA-VPL-025,nurse,2025-03-19 12:04:46.384620120,2025-03-19 12:09:58.978409979,NS_B,B2.71.01 Dienstplaats,2.71.01,312.593789
RTLS_01336,EUREKA-VPL-011,nurse,2025-03-19 12:04:48.339626526,2025-03-19 12:05:41.594653315,ROOM_118,B2.60 2-bedskamer,2.60,53.255026
RTLS_01176,EUREKA-VPL-010,nurse,2025-03-19 12:04:49.728115181,2025-03-19 12:05:29.466071312,ROOM_111,B2.81 2-bedskamer,2.81,39.737956
RTLS_03923,Infuuspomp 1,equipment,2025-03-19 12:04:50.000000000,2025-03-19 12:05:08.000000000,UTIL_A,B2.63 Utility,2.63,18.0
RTLS_01437,EUREKA-VPL-012,nurse,2025-03-19 12:04:51.945618478,2025-03-19 12:05:10.162935276,BATH_B,B2.55 Badkamer,2.55,18.217316
RTLS_05379,Voedingspomp 4,equipment,2025-03-19 12:04:52.000000000,2025-03-19 12:05:15.000000000,UTIL_B,B2.75 Utility,2.75,23.0
RTLS_00731,EUREKA-VPL-007,nurse,2025-03-19 12:04:56.440022557,2025-03-19 12:08:23.455704143,NS_B,B2.71.01 Dienstplaats,2.71.01,207.015681
RTLS_02106,EUREKA-VPL-017,nurse,2025-03-19 12:04:57.337049331,2025-03-19 12:05:21.260863674,ROOM_112,B2.83 2-bedskamer,2.83,23.923814
RTLS_04965,Toiletstoel 3,equipment,2025-03-19 12:04:59.000000000,2025-03-19 12:05:23.000000000,STORAGE,B2.61 Opslag,2.61,24.0
RTLS_04027,Infuuspomp 2,equipment,2025-03-19 12:05:01.000000000,2025-03-19 12:05:34.000000000,UTIL_A,B2.63 Utility,2.63,33.0
RTLS_02257,EUREKA-VPL-018,nurse,2025-03-19 12:05:09.439931206,2025-03-19 12:05:15.573397724,ROOM_102,B2.76 1-bedskamer,2.76,6.133466
RTLS_02258,EUREKA-VPL-018,nurse,2025-03-19 12:05:15.573397724,2025-03-19 12:05:53.128867827,KITCHEN,B2.77 Keuken,2.77,37.55547
RTLS_04339,Spuitaandrijver,equipment,2025-03-19 12:05:19.000000000,2025-03-19 12:05:27.000000000,UTIL_B,B2.75 Utility,2.75,8.0
RTLS_03098,EUREKA-VPL-023,nurse,2025-03-19 12:05:20.245917523,2025-03-19 12:05:54.773251027,KITCHEN,B2.77 Keuken,2.77,34.527333
RTLS_02107,EUREKA-VPL-017,nurse,2025-03-19 12:05:21.260863674,2025-03-19 12:06:40.590127354,KITCHEN,B2.77 Keuken,2.77,79.329263
RTLS_05484,Voedingspomp 5,equipment,2025-03-19 12:05:22.000000000,2025-03-19 12:05:49.000000000,UTIL_A,B2.63 Utility,2.63,27.0
RTLS_03280,EUREKA-VPL-024,nurse,2025-03-19 12:05:25.399137472,2025-03-19 12:17:07.099322186,PREP_A,B2.71.02 Voorbereiding,2.71.02,701.700184
RTLS_01177,EUREKA-VPL-010,nurse,2025-03-19 12:05:29.466071312,2025-03-19 12:06:41.531832929,ROOM_112,B2.83 2-bedskamer,2.83,72.065761
RTLS_05276,Voedingspomp 3,equipment,2025-03-19 12:05:31.000000000,2025-03-19 12:06:05.000000000,UTIL_A,B2.63 Utility,2.63,34.0
RTLS_01337,EUREKA-VPL-011,nurse,2025-03-19 12:05:41.594653315,2025-03-19 12:06:00.543253748,ROOM_111,B2.81 2-bedskamer,2.81,18.9486
RTLS_02259,EUREKA-VPL-018,nurse,2025-03-19 12:05:53.128867827,2025-03-19 12:07:47.108667110,ROOM_103,B2.78 1-bedskamer,2.78,113.979799
RTLS_03099,EUREKA-VPL-023,nurse,2025-03-19 12:05:54.773251027,2025-03-19 12:06:42.930580490,ROOM_113,B2.84 1-bedskamer,2.84,48.157329
RTLS_01338,EUREKA-VPL-011,nurse,2025-03-19 12:06:00.543253748,2025-03-19 12:33:00.271626748,ROOM_112,B2.83 2-bedskamer,2.83,1619.728373
RTLS_01675,EUREKA-VPL-014,nurse,2025-03-19 12:06:18.141273608,2025-03-19 12:08:17.767900699,KITCHEN,B2.77 Keuken,2.77,119.626627
RTLS_02608,EUREKA-VPL-020,nurse,2025-03-19 12:06:28.709282073,2025-03-19 12:06:45.738098219,ROOM_111,B2.81 2-bedskamer,2.81,17.028816
RTLS_04443,Bladderscan,equipment,2025-03-19 12:06:29.000000000,2025-03-19 12:06:49.000000000,UTIL_A,B2.63 Utility,2.63,20.0
RTLS_04651,Glucosemeter 2,equipment,2025-03-19 12:06:30.000000000,2025-03-19 12:07:04.000000000,NS_B,B2.71.01 Dienstplaats,2.71.01,34.0
RTLS_02108,EUREKA-VPL-017,nurse,2025-03-19 12:06:40.590127354,2025-03-19 12:06:42.448979858,ROOM_112,B2.83 2-bedskamer,2.83,1.858852
RTLS_01178,EUREKA-VPL-010,nurse,2025-03-19 12:06:41.531832929,2025-03-19 12:06:50.769518073,ROOM_101,B2.74 1-bedskamer,2.74,9.237685
RTLS_02109,EUREKA-VPL-017,nurse,2025-03-19 12:06:42.448979858,2025-03-19 12:14:29.937969432,ROOM_104,B2.80 1-bedskamer,2.80,467.488989
RTLS_03100,EUREKA-VPL-023,nurse,2025-03-19 12:06:42.930580490,2025-03-19 12:07:28.442760668,ROOM_118,B2.60 2-bedskamer,2.60,45.51218
RTLS_04129,Infuuspomp 3,equipment,2025-03-19 12:06:44.000000000,2025-03-19 12:06:57.000000000,UTIL_B,B2.75 Utility,2.75,13.0
RTLS_02609,EUREKA-VPL-020,nurse,2025-03-19 12:06:45.738098219,2025-03-19 12:06:49.587289475,KITCHEN,B2.77 Keuken,2.77,3.8491910000000003
RTLS_00571,EUREKA-VPL-006,nurse,2025-03-19 12:06:48.557073238,2025-03-19 12:07:36.843043792,ROOM_110,B2.79 2-bedskamer,2.79,48.28597
RTLS_02610,EUREKA-VPL-020,nurse,2025-03-19 12:06:49.587289475,2025-03-19 12:09:23.991519592,ROOM_108,B2.66 2-bedskamer,2.66,154.40423
RTLS_01179,EUREKA-VPL-010,nurse,2025-03-19 12:06:50.769518073,2025-03-19 12:06:53.257506231,ROOM_117,B2.54 2-bedskamer,2.54,2.487988
RTLS_00275,EUREKA-VPL-003,nurse,2025-03-19 12:06:52.064605050,2025-03-19 12:07:12.329912477,ROOM_118,B2.60 2-bedskamer,2.60,20.265307
RTLS_01180,EUREKA-VPL-010,nurse,2025-03-19 12:06:53.257506231,2025-03-19 12:08:21.070705793,ROOM_113,B2.84 1-bedskamer,2.84,87.813199
RTLS_02904,EUREKA-VPL-022,nurse,2025-03-19 12:06:56.093906501,2025-03-19 12:08:00.489506429,ROOM_114,B2.85 2-bedskamer,2.85,64.395599
RTLS_00276,EUREKA-VPL-003,nurse,2025-03-19 12:07:12.329912477,2025-03-19 12:08:11.816979697,ROOM_104,B2.80 1-bedskamer,2.80,59.487067
RTLS_04234,Infuuspomp 4,equipment,2025-03-19 12:07:24.000000000,2025-03-19 12:07:47.000000000,UTIL_B,B2.75 Utility,2.75,23.0
RTLS_03101,EUREKA-VPL-023,nurse,2025-03-19 12:07:28.442760668,2025-03-19 12:08:58.447002083,ROOM_117,B2.54 2-bedskamer,2.54,90.004241
RTLS_00572,EUREKA-VPL-006,nurse,2025-03-19 12:07:36.843043792,2025-03-19 12:20:42.632282792,ROOM_113,B2.84 1-bedskamer,2.84,785.789239
RTLS_04028,Infuuspomp 2,equipment,2025-03-19 12:07:41.000000000,2025-03-19 12:08:11.000000000,UTIL_A,B2.63 Utility,2.63,30.0
RTLS_05171,Voedingspomp 2,equipment,2025-03-19 12:07:47.000000000,2025-03-19 12:08:11.000000000,UTIL_B,B2.75 Utility,2.75,24.0
RTLS_02260,EUREKA-VPL-018,nurse,2025-03-19 12:07:47.108667110,2025-03-19 12:07:48.108667110,STORE_B,B2.59 Berging,2.59,1.0
RTLS_02261,EUREKA-VPL-018,nurse,2025-03-19 12:07:48.108667110,2025-03-19 12:07:50.937851743,ROOM_114,B2.85 2-bedskamer,2.85,2.829184
RTLS_02262,EUREKA-VPL-018,nurse,2025-03-19 12:07:50.937851743,2025-03-19 12:07:58.443427799,ROOM_110,B2.79 2-bedskamer,2.79,7.505576
RTLS_05485,Voedingspomp 5,equipment,2025-03-19 12:07:52.000000000,2025-03-19 12:08:27.000000000,UTIL_A,B2.63 Utility,2.63,35.0
RTLS_02263,EUREKA-VPL-018,nurse,2025-03-19 12:07:58.443427799,2025-03-19 12:08:24.020572388,ROOM_101,B2.74 1-bedskamer,2.74,25.577144
RTLS_02905,EUREKA-VPL-022,nurse,2025-03-19 12:08:00.489506429,2025-03-19 12:09:57.653004076,ROOM_115,B2.58 2-bedskamer,2.58,117.163497
RTLS_02437,EUREKA-VPL-019,nurse,2025-03-19 12:08:07.402270040,2025-03-19 12:08:28.307540427,KITCHEN,B2.77 Keuken,2.77,20.90527
RTLS_00277,EUREKA-VPL-003,nurse,2025-03-19 12:08:11.816979697,2025-03-19 12:08:12.816979697,STORE_C,B2.65 Berging,2.65,1.0
RTLS_03710,EUREKA-VPL-026,nurse,2025-03-19 12:08:17.411746298,2025-03-19 12:08:30.371370150,ROOM_103,B2.78 1-bedskamer,2.78,12.959623
RTLS_01676,EUREKA-VPL-014,nurse,2025-03-19 12:08:17.767900699,2025-03-19 12:08:52.744886775,NS_B,B2.71.01 Dienstplaats,2.71.01,34.976986
RTLS_01181,EUREKA-VPL-010,nurse,2025-03-19 12:08:21.070705793,2025-03-19 12:08:30.425125193,KITCHEN,B2.77 Keuken,2.77,9.354419
RTLS_00732,EUREKA-VPL-007,nurse,2025-03-19 12:08:23.455704143,2025-03-19 12:08:53.147427212,ROOM_113,B2.84 1-bedskamer,2.84,29.691723
RTLS_02264,EUREKA-VPL-018,nurse,2025-03-19 12:08:24.020572388,2025-03-19 12:15:44.133807169,ROOM_111,B2.81 2-bedskamer,2.81,440.113234
RTLS_00080,EUREKA-VPL-001,nurse,2025-03-19 12:08:25.515703283,2025-03-19 12:08:28.343951772,BATHROOM,B2.57 Stortbad,2.57,2.828248
RTLS_02438,EUREKA-VPL-019,nurse,2025-03-19 12:08:28.307540427,2025-03-19 12:09:16.861923626,ROOM_116,B2.56 2-bedskamer,2.56,48.554383
RTLS_00081,EUREKA-VPL-001,nurse,2025-03-19 12:08:28.343951772,2025-03-19 12:08:47.556458343,ROOM_114,B2.85 2-bedskamer,2.85,19.212506
RTLS_03711,EUREKA-VPL-026,nurse,2025-03-19 12:08:30.371370150,2025-03-19 12:08:47.291894480,ROOM_107,B2.64 2-bedskamer,2.64,16.920524
RTLS_01182,EUREKA-VPL-010,nurse,2025-03-19 12:08:30.425125193,2025-03-19 12:25:40.283416526,NS_B,B2.71.01 Dienstplaats,2.71.01,1029.858291
RTLS_04757,Toiletstoel 1,equipment,2025-03-19 12:08:33.000000000,2025-03-19 12:08:47.000000000,UTIL_A,B2.63 Utility,2.63,14.0
RTLS_03712,EUREKA-VPL-026,nurse,2025-03-19 12:08:47.291894480,2025-03-19 12:09:18.136777906,BATH_B,B2.55 Badkamer,2.55,30.844883
RTLS_00082,EUREKA-VPL-001,nurse,2025-03-19 12:08:47.556458343,2025-03-19 12:12:05.714581323,ROOM_104,B2.80 1-bedskamer,2.80,198.158122
RTLS_05277,Voedingspomp 3,equipment,2025-03-19 12:08:50.000000000,2025-03-19 12:09:14.000000000,UTIL_A,B2.63 Utility,2.63,24.0
RTLS_01677,EUREKA-VPL-014,nurse,2025-03-19 12:08:52.744886775,2025-03-19 12:11:16.767460432,ROOM_103,B2.78 1-bedskamer,2.78,144.022573
RTLS_00733,EUREKA-VPL-007,nurse,2025-03-19 12:08:53.147427212,2025-03-19 12:09:04.845269251,ROOM_117,B2.54 2-bedskamer,2.54,11.697842
RTLS_03102,EUREKA-VPL-023,nurse,2025-03-19 12:08:58.447002083,2025-03-19 12:09:12.086206359,STORE_C,B2.65 Berging,2.65,13.639204
RTLS_03924,Infuuspomp 1,equipment,2025-03-19 12:09:00.000000000,2025-03-19 12:09:17.000000000,UTIL_A,B2.63 Utility,2.63,17.0
RTLS_00734,EUREKA-VPL-007,nurse,2025-03-19 12:09:04.845269251,2025-03-19 12:10:03.578726752,ROOM_105,B2.82 1-bedskamer,2.82,58.733457
RTLS_05072,Voedingspomp 1,equipment,2025-03-19 12:09:12.000000000,2025-03-19 12:09:23.000000000,UTIL_A,B2.63 Utility,2.63,11.0
RTLS_03103,EUREKA-VPL-023,nurse,2025-03-19 12:09:12.086206359,2025-03-19 12:09:50.097365004,STORE_C,B2.65 Berging,2.65,38.011158
RTLS_02439,EUREKA-VPL-019,nurse,2025-03-19 12:09:16.861923626,2025-03-19 12:09:47.659000297,ROOM_108,B2.66 2-bedskamer,2.66,30.797076
RTLS_03713,EUREKA-VPL-026,nurse,2025-03-19 12:09:18.136777906,2025-03-19 12:09:48.366728149,ROOM_118,B2.60 2-bedskamer,2.60,30.22995
RTLS_02611,EUREKA-VPL-020,nurse,2025-03-19 12:09:23.991519592,2025-03-19 12:09:44.263285230,ROOM_115,B2.58 2-bedskamer,2.58,20.271765
RTLS_04966,Toiletstoel 3,equipment,2025-03-19 12:09:28.000000000,2025-03-19 12:09:41.000000000,STORAGE,B2.61 Opslag,2.61,13.0
RTLS_04868,Toiletstoel 2,equipment,2025-03-19 12:09:30.000000000,2025-03-19 12:09:56.000000000,UTIL_B,B2.75 Utility,2.75,26.0
RTLS_04340,Spuitaandrijver,equipment,2025-03-19 12:09:32.000000000,2025-03-19 12:09:37.000000000,UTIL_B,B2.75 Utility,2.75,5.0
RTLS_02612,EUREKA-VPL-020,nurse,2025-03-19 12:09:44.263285230,2025-03-19 12:10:15.847389524,ROOM_108,B2.66 2-bedskamer,2.66,31.584104
RTLS_05380,Voedingspomp 4,equipment,2025-03-19 12:09:46.000000000,2025-03-19 12:10:10.000000000,UTIL_B,B2.75 Utility,2.75,24.0
RTLS_02440,EUREKA-VPL-019,nurse,2025-03-19 12:09:47.659000297,2025-03-19 12:10:13.056829609,ROOM_111,B2.81 2-bedskamer,2.81,25.397829
RTLS_03714,EUREKA-VPL-026,nurse,2025-03-19 12:09:48.366728149,2025-03-19 12:14:36.225638955,STORE_C,B2.65 Berging,2.65,287.85891
RTLS_03104,EUREKA-VPL-023,nurse,2025-03-19 12:09:50.097365004,2025-03-19 12:09:59.013190597,ROOM_101,B2.74 1-bedskamer,2.74,8.915825
RTLS_04758,Toiletstoel 1,equipment,2025-03-19 12:09:57.000000000,2025-03-19 12:10:24.000000000,UTIL_A,B2.63 Utility,2.63,27.0
RTLS_02906,EUREKA-VPL-022,nurse,2025-03-19 12:09:57.653004076,2025-03-19 12:10:06.080859256,ROOM_101,B2.74 1-bedskamer,2.74,8.427855
RTLS_03482,EUREKA-VPL-025,nurse,2025-03-19 12:09:58.978409979,2025-03-19 12:10:07.081948218,KITCHEN,B2.77 Keuken,2.77,8.103538
RTLS_03105,EUREKA-VPL-023,nurse,2025-03-19 12:09:59.013190597,2025-03-19 12:10:05.240426748,KITCHEN,B2.77 Keuken,2.77,6.2272359999999995
RTLS_00735,EUREKA-VPL-007,nurse,2025-03-19 12:10:03.578726752,2025-03-19 12:11:53.543525090,ROOM_104,B2.80 1-bedskamer,2.80,109.964798
RTLS_03106,EUREKA-VPL-023,nurse,2025-03-19 12:10:05.240426748,2025-03-19 12:31:41.442016885,STORE_C,B2.65 Berging,2.65,1296.20159
RTLS_02907,EUREKA-VPL-022,nurse,2025-03-19 12:10:06.080859256,2025-03-19 12:10:20.319492793,ROOM_118,B2.60 2-bedskamer,2.60,14.238633
RTLS_03483,EUREKA-VPL-025,nurse,2025-03-19 12:10:07.081948218,2025-03-19 12:10:12.508220529,NS_B,B2.71.01 Dienstplaats,2.71.01,5.426272
RTLS_05172,Voedingspomp 2,equipment,2025-03-19 12:10:09.000000000,2025-03-19 12:10:18.000000000,UTIL_B,B2.75 Utility,2.75,9.0
RTLS_03484,EUREKA-VPL-025,nurse,2025-03-19 12:10:12.508220529,2025-03-19 12:10:18.083340665,ROOM_111,B2.81 2-bedskamer,2.81,5.57512
RTLS_02441,EUREKA-VPL-019,nurse,2025-03-19 12:10:13.056829609,2025-03-19 12:18:04.679435398,ROOM_110,B2.79 2-bedskamer,2.79,471.622605
RTLS_02613,EUREKA-VPL-020,nurse,2025-03-19 12:10:15.847389524,2025-03-19 12:16:35.288808342,UTIL_A,B2.63 Utility,2.63,379.441418
RTLS_03485,EUREKA-VPL-025,nurse,2025-03-19 12:10:18.083340665,2025-03-19 12:11:22.948535749,ROOM_102,B2.76 1-bedskamer,2.76,64.865195
RTLS_02908,EUREKA-VPL-022,nurse,2025-03-19 12:10:20.319492793,2025-03-19 12:10:34.423464115,STORE_C,B2.65 Berging,2.65,14.103971
RTLS_02909,EUREKA-VPL-022,nurse,2025-03-19 12:10:34.423464115,2025-03-19 12:11:02.625995575,KITCHEN,B2.77 Keuken,2.77,28.202531
RTLS_05486,Voedingspomp 5,equipment,2025-03-19 12:10:56.000000000,2025-03-19 12:11:21.000000000,UTIL_A,B2.63 Utility,2.63,25.0
RTLS_02910,EUREKA-VPL-022,nurse,2025-03-19 12:11:02.625995575,2025-03-19 12:11:25.559343264,ROOM_112,B2.83 2-bedskamer,2.83,22.933347
RTLS_04130,Infuuspomp 3,equipment,2025-03-19 12:11:09.000000000,2025-03-19 12:11:42.000000000,UTIL_B,B2.75 Utility,2.75,33.0
RTLS_01678,EUREKA-VPL-014,nurse,2025-03-19 12:11:16.767460432,2025-03-19 12:22:31.359584816,NS_B,B2.71.01 Dienstplaats,2.71.01,674.592124
RTLS_03486,EUREKA-VPL-025,nurse,2025-03-19 12:11:22.948535749,2025-03-19 12:14:55.238133634,ROOM_108,B2.66 2-bedskamer,2.66,212.289597
RTLS_02911,EUREKA-VPL-022,nurse,2025-03-19 12:11:25.559343264,2025-03-19 12:11:35.805450022,KITCHEN,B2.77 Keuken,2.77,10.246106
RTLS_04652,Glucosemeter 2,equipment,2025-03-19 12:11:34.000000000,2025-03-19 12:11:59.000000000,NS_B,B2.71.01 Dienstplaats,2.71.01,25.0
RTLS_02912,EUREKA-VPL-022,nurse,2025-03-19 12:11:35.805450022,2025-03-19 12:23:12.643394620,ROOM_116,B2.56 2-bedskamer,2.56,696.837944
RTLS_05278,Voedingspomp 3,equipment,2025-03-19 12:11:40.000000000,2025-03-19 12:12:14.000000000,UTIL_A,B2.63 Utility,2.63,34.0
RTLS_04550,Glucosemeter 1,equipment,2025-03-19 12:11:43.000000000,2025-03-19 12:11:52.000000000,NS_A,B2.71 Open wacht,2.71,9.0
RTLS_00736,EUREKA-VPL-007,nurse,2025-03-19 12:11:53.543525090,2025-03-19 12:11:56.941868708,ROOM_108,B2.66 2-bedskamer,2.66,3.398343
RTLS_00737,EUREKA-VPL-007,nurse,2025-03-19 12:11:56.941868708,2025-03-19 12:18:18.909601477,ROOM_102,B2.76 1-bedskamer,2.76,381.967732
RTLS_01005,EUREKA-VPL-009,nurse,2025-03-19 12:12:02.586481917,2025-03-19 12:14:04.420923680,ROOM_102,B2.76 1-bedskamer,2.76,121.834441
RTLS_04235,Infuuspomp 4,equipment,2025-03-19 12:12:03.000000000,2025-03-19 12:12:24.000000000,UTIL_B,B2.75 Utility,2.75,21.0
RTLS_00083,EUREKA-VPL-001,nurse,2025-03-19 12:12:05.714581323,2025-03-19 12:12:10.852193564,ROOM_106,B2.62 2-bedskamer,2.62,5.137612
RTLS_00084,EUREKA-VPL-001,nurse,2025-03-19 12:12:10.852193564,2025-03-19 12:13:12.761804320,ROOM_107,B2.64 2-bedskamer,2.64,61.90961
RTLS_01946,EUREKA-VPL-016,nurse,2025-03-19 12:12:36.969227156,2025-03-19 12:13:50.150029181,ROOM_109,B2.68 2-bedskamer,2.68,73.180802
RTLS_05381,Voedingspomp 4,equipment,2025-03-19 12:12:37.000000000,2025-03-19 12:12:52.000000000,UTIL_B,B2.75 Utility,2.75,15.0
RTLS_05487,Voedingspomp 5,equipment,2025-03-19 12:12:47.000000000,2025-03-19 12:12:53.000000000,UTIL_A,B2.63 Utility,2.63,6.0
RTLS_04444,Bladderscan,equipment,2025-03-19 12:12:53.000000000,2025-03-19 12:13:18.000000000,UTIL_A,B2.63 Utility,2.63,25.0
RTLS_04131,Infuuspomp 3,equipment,2025-03-19 12:13:10.000000000,2025-03-19 12:13:27.000000000,UTIL_B,B2.75 Utility,2.75,17.0
RTLS_00085,EUREKA-VPL-001,nurse,2025-03-19 12:13:12.761804320,2025-03-19 12:13:41.806480349,BATHROOM,B2.57 Stortbad,2.57,29.044676
RTLS_04029,Infuuspomp 2,equipment,2025-03-19 12:13:34.000000000,2025-03-19 12:13:56.000000000,UTIL_A,B2.63 Utility,2.63,22.0
RTLS_00086,EUREKA-VPL-001,nurse,2025-03-19 12:13:41.806480349,2025-03-19 12:14:10.015967870,ROOM_103,B2.78 1-bedskamer,2.78,28.209487
RTLS_01947,EUREKA-VPL-016,nurse,2025-03-19 12:13:50.150029181,2025-03-19 12:14:05.160216161,ROOM_107,B2.64 2-bedskamer,2.64,15.010186
RTLS_05073,Voedingspomp 1,equipment,2025-03-19 12:13:56.000000000,2025-03-19 12:14:04.000000000,UTIL_A,B2.63 Utility,2.63,8.0
RTLS_01006,EUREKA-VPL-009,nurse,2025-03-19 12:14:04.420923680,2025-03-19 12:14:16.194946544,NS_B,B2.71.01 Dienstplaats,2.71.01,11.774022
RTLS_01948,EUREKA-VPL-016,nurse,2025-03-19 12:14:05.160216161,2025-03-19 12:14:35.801247113,ROOM_113,B2.84 1-bedskamer,2.84,30.64103
RTLS_01007,EUREKA-VPL-009,nurse,2025-03-19 12:14:16.194946544,2025-03-19 12:14:37.260215212,ROOM_117,B2.54 2-bedskamer,2.54,21.065268
RTLS_02110,EUREKA-VPL-017,nurse,2025-03-19 12:14:29.937969432,2025-03-19 12:14:31.686445747,KITCHEN,B2.77 Keuken,2.77,1.7484760000000001
RTLS_02111,EUREKA-VPL-017,nurse,2025-03-19 12:14:31.686445747,2025-03-19 12:14:43.006816803,NS_A,B2.71 Open wacht,2.71,11.320371
RTLS_05488,Voedingspomp 5,equipment,2025-03-19 12:14:34.000000000,2025-03-19 12:15:10.000000000,UTIL_A,B2.63 Utility,2.63,36.0
RTLS_01949,EUREKA-VPL-016,nurse,2025-03-19 12:14:35.801247113,2025-03-19 12:15:11.383668648,NS_B,B2.71.01 Dienstplaats,2.71.01,35.582421
RTLS_03715,EUREKA-VPL-026,nurse,2025-03-19 12:14:36.225638955,2025-03-19 12:14:49.931371432,KITCHEN,B2.77 Keuken,2.77,13.705732
RTLS_01008,EUREKA-VPL-009,nurse,2025-03-19 12:14:37.260215212,2025-03-19 12:14:51.183534163,KITCHEN,B2.77 Keuken,2.77,13.923318
RTLS_02112,EUREKA-VPL-017,nurse,2025-03-19 12:14:43.006816803,2025-03-19 12:14:55.394924855,ROOM_111,B2.81 2-bedskamer,2.81,12.388108
RTLS_03716,EUREKA-VPL-026,nurse,2025-03-19 12:14:49.931371432,2025-03-19 12:15:48.342343786,ROOM_114,B2.85 2-bedskamer,2.85,58.410972
RTLS_01009,EUREKA-VPL-009,nurse,2025-03-19 12:14:51.183534163,2025-03-19 12:17:31.309473612,NS_A,B2.71 Open wacht,2.71,160.125939
RTLS_03487,EUREKA-VPL-025,nurse,2025-03-19 12:14:55.238133634,2025-03-19 12:16:08.200094860,KITCHEN,B2.77 Keuken,2.77,72.961961
RTLS_02113,EUREKA-VPL-017,nurse,2025-03-19 12:14:55.394924855,2025-03-19 12:16:13.951847284,NS_B,B2.71.01 Dienstplaats,2.71.01,78.556922
RTLS_01950,EUREKA-VPL-016,nurse,2025-03-19 12:15:11.383668648,2025-03-19 12:28:37.968567948,NS_B,B2.71.01 Dienstplaats,2.71.01,806.584899
RTLS_04551,Glucosemeter 1,equipment,2025-03-19 12:15:14.000000000,2025-03-19 12:15:44.000000000,NS_A,B2.71 Open wacht,2.71,30.0
RTLS_04030,Infuuspomp 2,equipment,2025-03-19 12:15:17.000000000,2025-03-19 12:15:47.000000000,UTIL_A,B2.63 Utility,2.63,30.0
RTLS_03925,Infuuspomp 1,equipment,2025-03-19 12:15:20.000000000,2025-03-19 12:15:55.000000000,UTIL_A,B2.63 Utility,2.63,35.0
RTLS_01525,EUREKA-VPL-013,nurse,2025-03-19 12:15:20.795159150,2025-03-19 12:16:48.539598485,UTIL_A,B2.63 Utility,2.63,87.744439
RTLS_04341,Spuitaandrijver,equipment,2025-03-19 12:15:29.000000000,2025-03-19 12:15:53.000000000,UTIL_B,B2.75 Utility,2.75,24.0
RTLS_04759,Toiletstoel 1,equipment,2025-03-19 12:15:44.000000000,2025-03-19 12:16:06.000000000,UTIL_A,B2.63 Utility,2.63,22.0
RTLS_02265,EUREKA-VPL-018,nurse,2025-03-19 12:15:44.133807169,2025-03-19 12:16:23.244746740,KITCHEN,B2.77 Keuken,2.77,39.110939
RTLS_03717,EUREKA-VPL-026,nurse,2025-03-19 12:15:48.342343786,2025-03-19 12:15:49.342343786,ROOM_110,B2.79 2-bedskamer,2.79,1.0
RTLS_03718,EUREKA-VPL-026,nurse,2025-03-19 12:15:49.342343786,2025-03-19 12:19:17.692019926,STORE_B,B2.59 Berging,2.59,208.349676
RTLS_04869,Toiletstoel 2,equipment,2025-03-19 12:15:51.000000000,2025-03-19 12:16:22.000000000,UTIL_B,B2.75 Utility,2.75,31.0
RTLS_03488,EUREKA-VPL-025,nurse,2025-03-19 12:16:08.200094860,2025-03-19 12:22:39.828999714,NS_B,B2.71.01 Dienstplaats,2.71.01,391.628904
RTLS_02114,EUREKA-VPL-017,nurse,2025-03-19 12:16:13.951847284,2025-03-19 12:18:08.600651383,PREP_A,B2.71.02 Voorbereiding,2.71.02,114.648804
RTLS_02266,EUREKA-VPL-018,nurse,2025-03-19 12:16:23.244746740,2025-03-19 12:17:06.982242647,ROOM_108,B2.66 2-bedskamer,2.66,43.737495
RTLS_05382,Voedingspomp 4,equipment,2025-03-19 12:16:29.000000000,2025-03-19 12:16:35.000000000,UTIL_B,B2.75 Utility,2.75,6.0
RTLS_02614,EUREKA-VPL-020,nurse,2025-03-19 12:16:35.288808342,2025-03-19 12:16:41.390353057,KITCHEN,B2.77 Keuken,2.77,6.101544
RTLS_01526,EUREKA-VPL-013,nurse,2025-03-19 12:16:48.539598485,2025-03-19 12:17:45.018004581,NS_A,B2.71 Open wacht,2.71,56.478406
RTLS_04552,Glucosemeter 1,equipment,2025-03-19 12:16:58.000000000,2025-03-19 12:17:26.000000000,NS_A,B2.71 Open wacht,2.71,28.0
RTLS_02267,EUREKA-VPL-018,nurse,2025-03-19 12:17:06.982242647,2025-03-19 12:18:23.795121974,KITCHEN,B2.77 Keuken,2.77,76.812879
RTLS_04967,Toiletstoel 3,equipment,2025-03-19 12:17:07.000000000,2025-03-19 12:17:40.000000000,STORAGE,B2.61 Opslag,2.61,33.0
RTLS_03281,EUREKA-VPL-024,nurse,2025-03-19 12:17:07.099322186,2025-03-19 12:17:26.944618172,NS_B,B2.71.01 Dienstplaats,2.71.01,19.845295
RTLS_04342,Spuitaandrijver,equipment,2025-03-19 12:17:22.000000000,2025-03-19 12:17:43.000000000,UTIL_B,B2.75 Utility,2.75,21.0
RTLS_05489,Voedingspomp 5,equipment,2025-03-19 12:17:24.000000000,2025-03-19 12:17:58.000000000,UTIL_A,B2.63 Utility,2.63,34.0
RTLS_04236,Infuuspomp 4,equipment,2025-03-19 12:17:25.000000000,2025-03-19 12:17:43.000000000,UTIL_B,B2.75 Utility,2.75,18.0
RTLS_03282,EUREKA-VPL-024,nurse,2025-03-19 12:17:26.944618172,2025-03-19 12:28:05.208463422,KITCHEN,B2.77 Keuken,2.77,638.263845
RTLS_01010,EUREKA-VPL-009,nurse,2025-03-19 12:17:31.309473612,2025-03-19 12:17:50.370666080,KITCHEN,B2.77 Keuken,2.77,19.061192
RTLS_05173,Voedingspomp 2,equipment,2025-03-19 12:17:36.000000000,2025-03-19 12:17:49.000000000,UTIL_B,B2.75 Utility,2.75,13.0
RTLS_01527,EUREKA-VPL-013,nurse,2025-03-19 12:17:45.018004581,2025-03-19 12:18:31.922637980,ROOM_116,B2.56 2-bedskamer,2.56,46.904633
RTLS_01011,EUREKA-VPL-009,nurse,2025-03-19 12:17:50.370666080,2025-03-19 12:25:10.854656567,STORE_B,B2.59 Berging,2.59,440.48399
RTLS_04760,Toiletstoel 1,equipment,2025-03-19 12:17:59.000000000,2025-03-19 12:18:34.000000000,UTIL_A,B2.63 Utility,2.63,35.0
RTLS_04653,Glucosemeter 2,equipment,2025-03-19 12:18:03.000000000,2025-03-19 12:18:31.000000000,NS_B,B2.71.01 Dienstplaats,2.71.01,28.0
RTLS_02442,EUREKA-VPL-019,nurse,2025-03-19 12:18:04.679435398,2025-03-19 12:18:05.679435398,UTIL_A,B2.63 Utility,2.63,1.0
RTLS_04031,Infuuspomp 2,equipment,2025-03-19 12:18:05.000000000,2025-03-19 12:18:39.000000000,UTIL_A,B2.63 Utility,2.63,34.0
RTLS_02443,EUREKA-VPL-019,nurse,2025-03-19 12:18:05.679435398,2025-03-19 12:25:29.383064339,STORAGE,B2.61 Opslag,2.61,443.703628
RTLS_04445,Bladderscan,equipment,2025-03-19 12:18:08.000000000,2025-03-19 12:18:21.000000000,UTIL_A,B2.63 Utility,2.63,13.0
RTLS_02115,EUREKA-VPL-017,nurse,2025-03-19 12:18:08.600651383,2025-03-19 12:18:52.951587577,NS_B,B2.71.01 Dienstplaats,2.71.01,44.350936
RTLS_00442,EUREKA-VPL-005,nurse,2025-03-19 12:18:09.790486801,2025-03-19 12:18:59.230429237,ROOM_118,B2.60 2-bedskamer,2.60,49.439942
RTLS_00738,EUREKA-VPL-007,nurse,2025-03-19 12:18:18.909601477,2025-03-19 12:20:22.130547834,ROOM_101,B2.74 1-bedskamer,2.74,123.220946
RTLS_05279,Voedingspomp 3,equipment,2025-03-19 12:18:21.000000000,2025-03-19 12:18:42.000000000,UTIL_A,B2.63 Utility,2.63,21.0
RTLS_02268,EUREKA-VPL-018,nurse,2025-03-19 12:18:23.795121974,2025-03-19 12:19:52.014604189,ROOM_104,B2.80 1-bedskamer,2.80,88.219482
RTLS_01528,EUREKA-VPL-013,nurse,2025-03-19 12:18:31.922637980,2025-03-19 12:32:50.777531096,ROOM_101,B2.74 1-bedskamer,2.74,858.854893
RTLS_02116,EUREKA-VPL-017,nurse,2025-03-19 12:18:52.951587577,2025-03-19 12:19:06.097327948,ROOM_107,B2.64 2-bedskamer,2.64,13.14574
RTLS_00443,EUREKA-VPL-005,nurse,2025-03-19 12:18:59.230429237,2025-03-19 12:19:10.936732984,ROOM_112,B2.83 2-bedskamer,2.83,11.706303
RTLS_02117,EUREKA-VPL-017,nurse,2025-03-19 12:19:06.097327948,2025-03-19 12:19:16.363981597,ROOM_117,B2.54 2-bedskamer,2.54,10.266653
RTLS_00444,EUREKA-VPL-005,nurse,2025-03-19 12:19:10.936732984,2025-03-19 12:20:51.739096324,ROOM_116,B2.56 2-bedskamer,2.56,100.802363
RTLS_02118,EUREKA-VPL-017,nurse,2025-03-19 12:19:16.363981597,2025-03-19 12:20:11.485773958,ROOM_111,B2.81 2-bedskamer,2.81,55.121792
RTLS_03719,EUREKA-VPL-026,nurse,2025-03-19 12:19:17.692019926,2025-03-19 12:23:32.153697209,NS_A,B2.71 Open wacht,2.71,254.461677
RTLS_00204,EUREKA-VPL-002,nurse,2025-03-19 12:19:38.290991715,2025-03-19 12:36:15.360804961,ROOM_118,B2.60 2-bedskamer,2.60,997.069813
RTLS_02119,EUREKA-VPL-017,nurse,2025-03-19 12:20:11.485773958,2025-03-19 12:22:14.603389542,ROOM_104,B2.80 1-bedskamer,2.80,123.117615
RTLS_04553,Glucosemeter 1,equipment,2025-03-19 12:20:13.000000000,2025-03-19 12:20:18.000000000,NS_A,B2.71 Open wacht,2.71,5.0
RTLS_00739,EUREKA-VPL-007,nurse,2025-03-19 12:20:22.130547834,2025-03-19 12:20:33.853781015,UTIL_A,B2.63 Utility,2.63,11.723233
RTLS_00740,EUREKA-VPL-007,nurse,2025-03-19 12:20:33.853781015,2025-03-19 12:21:40.387777711,NS_A,B2.71 Open wacht,2.71,66.533996
RTLS_03926,Infuuspomp 1,equipment,2025-03-19 12:20:35.000000000,2025-03-19 12:21:07.000000000,UTIL_A,B2.63 Utility,2.63,32.0
RTLS_04132,Infuuspomp 3,equipment,2025-03-19 12:20:37.000000000,2025-03-19 12:20:48.000000000,UTIL_B,B2.75 Utility,2.75,11.0
RTLS_00573,EUREKA-VPL-006,nurse,2025-03-19 12:20:42.632282792,2025-03-19 12:21:00.930553662,ROOM_107,B2.64 2-bedskamer,2.64,18.29827
RTLS_00445,EUREKA-VPL-005,nurse,2025-03-19 12:20:51.739096324,2025-03-19 12:25:33.923671358,NS_B,B2.71.01 Dienstplaats,2.71.01,282.184575
RTLS_00574,EUREKA-VPL-006,nurse,2025-03-19 12:21:00.930553662,2025-03-19 12:21:46.497570774,ROOM_109,B2.68 2-bedskamer,2.68,45.567017
RTLS_04237,Infuuspomp 4,equipment,2025-03-19 12:21:10.000000000,2025-03-19 12:21:28.000000000,UTIL_B,B2.75 Utility,2.75,18.0
RTLS_05074,Voedingspomp 1,equipment,2025-03-19 12:21:15.000000000,2025-03-19 12:21:27.000000000,UTIL_A,B2.63 Utility,2.63,12.0
RTLS_04343,Spuitaandrijver,equipment,2025-03-19 12:21:25.000000000,2025-03-19 12:21:52.000000000,UTIL_B,B2.75 Utility,2.75,27.0
RTLS_00741,EUREKA-VPL-007,nurse,2025-03-19 12:21:40.387777711,2025-03-19 12:21:56.799957892,KITCHEN,B2.77 Keuken,2.77,16.41218
RTLS_00575,EUREKA-VPL-006,nurse,2025-03-19 12:21:46.497570774,2025-03-19 12:21:57.878721315,KITCHEN,B2.77 Keuken,2.77,11.38115
RTLS_05280,Voedingspomp 3,equipment,2025-03-19 12:21:51.000000000,2025-03-19 12:22:17.000000000,UTIL_A,B2.63 Utility,2.63,26.0
RTLS_00742,EUREKA-VPL-007,nurse,2025-03-19 12:21:56.799957892,2025-03-19 12:22:20.267367555,NS_B,B2.71.01 Dienstplaats,2.71.01,23.467409
RTLS_00576,EUREKA-VPL-006,nurse,2025-03-19 12:21:57.878721315,2025-03-19 12:36:13.674200565,BATH_B,B2.55 Badkamer,2.55,855.795479
RTLS_04761,Toiletstoel 1,equipment,2025-03-19 12:22:18.000000000,2025-03-19 12:22:46.000000000,UTIL_A,B2.63 Utility,2.63,28.0
RTLS_02729,EUREKA-VPL-021,nurse,2025-03-19 12:22:18.757438684,2025-03-19 12:22:41.198681378,ROOM_116,B2.56 2-bedskamer,2.56,22.441242
RTLS_00743,EUREKA-VPL-007,nurse,2025-03-19 12:22:20.267367555,2025-03-19 12:22:39.207621698,ROOM_108,B2.66 2-bedskamer,2.66,18.940254
RTLS_04968,Toiletstoel 3,equipment,2025-03-19 12:22:21.000000000,2025-03-19 12:22:26.000000000,STORAGE,B2.61 Opslag,2.61,5.0
RTLS_05383,Voedingspomp 4,equipment,2025-03-19 12:22:28.000000000,2025-03-19 12:22:34.000000000,UTIL_B,B2.75 Utility,2.75,6.0
RTLS_01679,EUREKA-VPL-014,nurse,2025-03-19 12:22:31.359584816,2025-03-19 12:23:16.322320381,STORAGE,B2.61 Opslag,2.61,44.962735
RTLS_00744,EUREKA-VPL-007,nurse,2025-03-19 12:22:39.207621698,2025-03-19 12:23:08.262535289,ROOM_115,B2.58 2-bedskamer,2.58,29.054913
RTLS_03489,EUREKA-VPL-025,nurse,2025-03-19 12:22:39.828999714,2025-03-19 12:22:59.986671192,KITCHEN,B2.77 Keuken,2.77,20.157671
RTLS_05490,Voedingspomp 5,equipment,2025-03-19 12:22:41.000000000,2025-03-19 12:22:48.000000000,UTIL_A,B2.63 Utility,2.63,7.0
RTLS_03927,Infuuspomp 1,equipment,2025-03-19 12:22:41.000000000,2025-03-19 12:23:17.000000000,UTIL_A,B2.63 Utility,2.63,36.0
RTLS_02730,EUREKA-VPL-021,nurse,2025-03-19 12:22:41.198681378,2025-03-19 12:38:40.684960520,PREP_B,B2.71.02 Voorbereiding,2.71.02,959.486279
RTLS_04554,Glucosemeter 1,equipment,2025-03-19 12:22:45.000000000,2025-03-19 12:23:14.000000000,NS_A,B2.71 Open wacht,2.71,29.0
RTLS_03490,EUREKA-VPL-025,nurse,2025-03-19 12:22:59.986671192,2025-03-19 12:24:01.113587858,ROOM_115,B2.58 2-bedskamer,2.58,61.126916
RTLS_02913,EUREKA-VPL-022,nurse,2025-03-19 12:23:12.643394620,2025-03-19 12:23:49.212084912,ROOM_113,B2.84 1-bedskamer,2.84,36.56869
RTLS_05174,Voedingspomp 2,equipment,2025-03-19 12:23:13.000000000,2025-03-19 12:23:29.000000000,UTIL_B,B2.75 Utility,2.75,16.0
RTLS_01680,EUREKA-VPL-014,nurse,2025-03-19 12:23:16.322320381,2025-03-19 12:33:17.325323744,BATH_B,B2.55 Badkamer,2.55,601.003003
RTLS_04654,Glucosemeter 2,equipment,2025-03-19 12:23:22.000000000,2025-03-19 12:23:45.000000000,NS_B,B2.71.01 Dienstplaats,2.71.01,23.0
RTLS_03720,EUREKA-VPL-026,nurse,2025-03-19 12:23:32.153697209,2025-03-19 12:27:03.850370367,ROOM_105,B2.82 1-bedskamer,2.82,211.696673
RTLS_04870,Toiletstoel 2,equipment,2025-03-19 12:23:43.000000000,2025-03-19 12:23:52.000000000,UTIL_B,B2.75 Utility,2.75,9.0
RTLS_04133,Infuuspomp 3,equipment,2025-03-19 12:23:45.000000000,2025-03-19 12:24:05.000000000,UTIL_B,B2.75 Utility,2.75,20.0
RTLS_02914,EUREKA-VPL-022,nurse,2025-03-19 12:23:49.212084912,2025-03-19 12:26:00.530711471,ROOM_109,B2.68 2-bedskamer,2.68,131.318626
RTLS_03491,EUREKA-VPL-025,nurse,2025-03-19 12:24:01.113587858,2025-03-19 12:27:17.081936098,PREP_B,B2.71.02 Voorbereiding,2.71.02,195.968348
RTLS_04969,Toiletstoel 3,equipment,2025-03-19 12:24:29.000000000,2025-03-19 12:24:41.000000000,STORAGE,B2.61 Opslag,2.61,12.0
RTLS_04032,Infuuspomp 2,equipment,2025-03-19 12:24:48.000000000,2025-03-19 12:25:04.000000000,UTIL_A,B2.63 Utility,2.63,16.0
RTLS_03928,Infuuspomp 1,equipment,2025-03-19 12:24:53.000000000,2025-03-19 12:25:00.000000000,UTIL_A,B2.63 Utility,2.63,7.0
RTLS_01012,EUREKA-VPL-009,nurse,2025-03-19 12:25:10.854656567,2025-03-19 12:25:22.365947436,KITCHEN,B2.77 Keuken,2.77,11.51129
RTLS_01013,EUREKA-VPL-009,nurse,2025-03-19 12:25:22.365947436,2025-03-19 12:25:41.898500919,NS_A,B2.71 Open wacht,2.71,19.532553
RTLS_02444,EUREKA-VPL-019,nurse,2025-03-19 12:25:29.383064339,2025-03-19 12:26:24.244906844,STORE_B,B2.59 Berging,2.59,54.861842
RTLS_01183,EUREKA-VPL-010,nurse,2025-03-19 12:25:40.283416526,2025-03-19 12:26:36.597341283,ROOM_109,B2.68 2-bedskamer,2.68,56.313924
RTLS_01014,EUREKA-VPL-009,nurse,2025-03-19 12:25:41.898500919,2025-03-19 12:27:00.591062696,KITCHEN,B2.77 Keuken,2.77,78.692561
RTLS_04446,Bladderscan,equipment,2025-03-19 12:25:50.000000000,2025-03-19 12:26:03.000000000,UTIL_A,B2.63 Utility,2.63,13.0
RTLS_03929,Infuuspomp 1,equipment,2025-03-19 12:25:58.000000000,2025-03-19 12:26:11.000000000,UTIL_A,B2.63 Utility,2.63,13.0
RTLS_02915,EUREKA-VPL-022,nurse,2025-03-19 12:26:00.530711471,2025-03-19 12:26:17.286798465,STORE_B,B2.59 Berging,2.59,16.756086
RTLS_04344,Spuitaandrijver,equipment,2025-03-19 12:26:03.000000000,2025-03-19 12:26:23.000000000,UTIL_B,B2.75 Utility,2.75,20.0
RTLS_02916,EUREKA-VPL-022,nurse,2025-03-19 12:26:17.286798465,2025-03-19 12:26:33.276894537,KITCHEN,B2.77 Keuken,2.77,15.990096
RTLS_04871,Toiletstoel 2,equipment,2025-03-19 12:26:23.000000000,2025-03-19 12:26:48.000000000,UTIL_B,B2.75 Utility,2.75,25.0
RTLS_02445,EUREKA-VPL-019,nurse,2025-03-19 12:26:24.244906844,2025-03-19 12:26:39.621761846,ROOM_111,B2.81 2-bedskamer,2.81,15.376855
RTLS_05281,Voedingspomp 3,equipment,2025-03-19 12:26:26.000000000,2025-03-19 12:27:02.000000000,UTIL_A,B2.63 Utility,2.63,36.0
RTLS_02917,EUREKA-VPL-022,nurse,2025-03-19 12:26:33.276894537,2025-03-19 12:37:03.023637178,STORE_C,B2.65 Berging,2.65,629.746742
RTLS_05491,Voedingspomp 5,equipment,2025-03-19 12:26:35.000000000,2025-03-19 12:26:55.000000000,UTIL_A,B2.63 Utility,2.63,20.0
RTLS_01822,EUREKA-VPL-015,nurse,2025-03-19 12:26:35.002258924,2025-03-19 12:31:10.167348846,ROOM_103,B2.78 1-bedskamer,2.78,275.165089
RTLS_01184,EUREKA-VPL-010,nurse,2025-03-19 12:26:36.597341283,2025-03-19 12:26:54.118338751,ROOM_118,B2.60 2-bedskamer,2.60,17.520997
RTLS_02446,EUREKA-VPL-019,nurse,2025-03-19 12:26:39.621761846,2025-03-19 12:27:26.801467315,ROOM_103,B2.78 1-bedskamer,2.78,47.179705
RTLS_04238,Infuuspomp 4,equipment,2025-03-19 12:26:42.000000000,2025-03-19 12:27:13.000000000,UTIL_B,B2.75 Utility,2.75,31.0
RTLS_01185,EUREKA-VPL-010,nurse,2025-03-19 12:26:54.118338751,2025-03-19 12:27:07.620275255,ROOM_112,B2.83 2-bedskamer,2.83,13.501936
RTLS_01015,EUREKA-VPL-009,nurse,2025-03-19 12:27:00.591062696,2025-03-19 12:27:02.142088500,NS_B,B2.71.01 Dienstplaats,2.71.01,1.551025
RTLS_01016,EUREKA-VPL-009,nurse,2025-03-19 12:27:02.142088500,2025-03-19 12:27:40.615459550,ROOM_107,B2.64 2-bedskamer,2.64,38.473371
RTLS_03721,EUREKA-VPL-026,nurse,2025-03-19 12:27:03.850370367,2025-03-19 12:27:24.802526173,ROOM_117,B2.54 2-bedskamer,2.54,20.952155
RTLS_01186,EUREKA-VPL-010,nurse,2025-03-19 12:27:07.620275255,2025-03-19 12:44:38.655955003,ROOM_111,B2.81 2-bedskamer,2.81,1051.035679
RTLS_03492,EUREKA-VPL-025,nurse,2025-03-19 12:27:17.081936098,2025-03-19 12:27:22.907998545,ROOM_115,B2.58 2-bedskamer,2.58,5.826062
RTLS_05075,Voedingspomp 1,equipment,2025-03-19 12:27:19.000000000,2025-03-19 12:27:45.000000000,UTIL_A,B2.63 Utility,2.63,26.0
RTLS_03493,EUREKA-VPL-025,nurse,2025-03-19 12:27:22.907998545,2025-03-19 12:27:41.737288312,ROOM_116,B2.56 2-bedskamer,2.56,18.829289
RTLS_03722,EUREKA-VPL-026,nurse,2025-03-19 12:27:24.802526173,2025-03-19 12:27:25.802526173,KITCHEN,B2.77 Keuken,2.77,1.0
RTLS_03723,EUREKA-VPL-026,nurse,2025-03-19 12:27:25.802526173,2025-03-19 12:27:59.771219273,ROOM_110,B2.79 2-bedskamer,2.79,33.968693
RTLS_02447,EUREKA-VPL-019,nurse,2025-03-19 12:27:26.801467315,2025-03-19 12:27:29.415956571,KITCHEN,B2.77 Keuken,2.77,2.614489
RTLS_02448,EUREKA-VPL-019,nurse,2025-03-19 12:27:29.415956571,2025-03-19 12:31:51.157056769,NS_A,B2.71 Open wacht,2.71,261.7411
RTLS_05175,Voedingspomp 2,equipment,2025-03-19 12:27:39.000000000,2025-03-19 12:28:16.000000000,UTIL_B,B2.75 Utility,2.75,37.0
RTLS_01017,EUREKA-VPL-009,nurse,2025-03-19 12:27:40.615459550,2025-03-19 12:28:07.618016160,NS_A,B2.71 Open wacht,2.71,27.002556
RTLS_03494,EUREKA-VPL-025,nurse,2025-03-19 12:27:41.737288312,2025-03-19 12:43:50.868643812,PREP_A,B2.71.02 Voorbereiding,2.71.02,969.131355
RTLS_05384,Voedingspomp 4,equipment,2025-03-19 12:27:52.000000000,2025-03-19 12:28:11.000000000,UTIL_B,B2.75 Utility,2.75,19.0
RTLS_00879,EUREKA-VPL-008,nurse,2025-03-19 12:27:54.764545346,2025-03-19 12:28:29.434873694,NS_A,B2.71 Open wacht,2.71,34.670328
RTLS_03724,EUREKA-VPL-026,nurse,2025-03-19 12:27:59.771219273,2025-03-19 12:29:06.482451244,ROOM_101,B2.74 1-bedskamer,2.74,66.711231
RTLS_03283,EUREKA-VPL-024,nurse,2025-03-19 12:28:05.208463422,2025-03-19 12:28:15.388009643,ROOM_103,B2.78 1-bedskamer,2.78,10.179546
RTLS_01018,EUREKA-VPL-009,nurse,2025-03-19 12:28:07.618016160,2025-03-19 12:29:04.900735750,ROOM_107,B2.64 2-bedskamer,2.64,57.282719
RTLS_04655,Glucosemeter 2,equipment,2025-03-19 12:28:09.000000000,2025-03-19 12:28:19.000000000,NS_B,B2.71.01 Dienstplaats,2.71.01,10.0
RTLS_03284,EUREKA-VPL-024,nurse,2025-03-19 12:28:15.388009643,2025-03-19 12:28:21.781628802,STORE_C,B2.65 Berging,2.65,6.393619
RTLS_03285,EUREKA-VPL-024,nurse,2025-03-19 12:28:21.781628802,2025-03-19 12:28:23.531677981,ROOM_101,B2.74 1-bedskamer,2.74,1.750049
RTLS_03286,EUREKA-VPL-024,nurse,2025-03-19 12:28:23.531677981,2025-03-19 12:28:27.089850350,NS_A,B2.71 Open wacht,2.71,3.558172
RTLS_03287,EUREKA-VPL-024,nurse,2025-03-19 12:28:27.089850350,2025-03-19 12:30:08.686500596,STORE_A,B2.53 Berging,2.53,101.59665
RTLS_00880,EUREKA-VPL-008,nurse,2025-03-19 12:28:29.434873694,2025-03-19 12:28:53.120282847,ROOM_102,B2.76 1-bedskamer,2.76,23.685409
RTLS_01951,EUREKA-VPL-016,nurse,2025-03-19 12:28:37.968567948,2025-03-19 12:28:57.170124704,ROOM_116,B2.56 2-bedskamer,2.56,19.201556
RTLS_04033,Infuuspomp 2,equipment,2025-03-19 12:28:49.000000000,2025-03-19 12:28:54.000000000,UTIL_A,B2.63 Utility,2.63,5.0
RTLS_00881,EUREKA-VPL-008,nurse,2025-03-19 12:28:53.120282847,2025-03-19 12:29:11.887641531,ROOM_117,B2.54 2-bedskamer,2.54,18.767358
RTLS_01952,EUREKA-VPL-016,nurse,2025-03-19 12:28:57.170124704,2025-03-19 12:29:25.126316629,KITCHEN,B2.77 Keuken,2.77,27.956191
RTLS_03725,EUREKA-VPL-026,nurse,2025-03-19 12:29:06.482451244,2025-03-19 12:29:53.186297820,UTIL_B,B2.75 Utility,2.75,46.703846
RTLS_00882,EUREKA-VPL-008,nurse,2025-03-19 12:29:11.887641531,2025-03-19 12:29:15.944296571,KITCHEN,B2.77 Keuken,2.77,4.056655
RTLS_00883,EUREKA-VPL-008,nurse,2025-03-19 12:29:15.944296571,2025-03-19 12:29:42.818955624,ROOM_105,B2.82 1-bedskamer,2.82,26.874659
RTLS_04762,Toiletstoel 1,equipment,2025-03-19 12:29:22.000000000,2025-03-19 12:29:45.000000000,UTIL_A,B2.63 Utility,2.63,23.0
RTLS_01953,EUREKA-VPL-016,nurse,2025-03-19 12:29:25.126316629,2025-03-19 12:30:06.715316265,ROOM_106,B2.62 2-bedskamer,2.62,41.588999
RTLS_05492,Voedingspomp 5,equipment,2025-03-19 12:29:32.000000000,2025-03-19 12:29:56.000000000,UTIL_A,B2.63 Utility,2.63,24.0
RTLS_04134,Infuuspomp 3,equipment,2025-03-19 12:29:32.000000000,2025-03-19 12:29:45.000000000,UTIL_B,B2.75 Utility,2.75,13.0
RTLS_00884,EUREKA-VPL-008,nurse,2025-03-19 12:29:42.818955624,2025-03-19 12:30:51.415305062,NS_A,B2.71 Open wacht,2.71,68.596349
RTLS_03726,EUREKA-VPL-026,nurse,2025-03-19 12:29:53.186297820,2025-03-19 12:30:04.337630722,ROOM_105,B2.82 1-bedskamer,2.82,11.151332
RTLS_04555,Glucosemeter 1,equipment,2025-03-19 12:29:54.000000000,2025-03-19 12:30:01.000000000,NS_A,B2.71 Open wacht,2.71,7.0
RTLS_03858,EUREKA-VPL-001,nurse,2025-03-19 12:30:00.000000000,2025-03-19 12:33:00.000000000,ROOM_103,B2.78 1-bedskamer,2.78,180.0
RTLS_03859,Medicatiekar geel,equipment,2025-03-19 12:30:00.000000000,2025-03-19 12:33:00.000000000,ROOM_103,B2.78 1-bedskamer,2.78,180.0
RTLS_03727,EUREKA-VPL-026,nurse,2025-03-19 12:30:04.337630722,2025-03-19 12:30:46.572689092,KITCHEN,B2.77 Keuken,2.77,42.235058
RTLS_01954,EUREKA-VPL-016,nurse,2025-03-19 12:30:06.715316265,2025-03-19 12:31:05.120187473,KITCHEN,B2.77 Keuken,2.77,58.404871
RTLS_03288,EUREKA-VPL-024,nurse,2025-03-19 12:30:08.686500596,2025-03-19 12:30:53.361543529,BATHROOM,B2.57 Stortbad,2.57,44.675042
RTLS_03728,EUREKA-VPL-026,nurse,2025-03-19 12:30:46.572689092,2025-03-19 12:31:06.296746881,ROOM_104,B2.80 1-bedskamer,2.80,19.724057
RTLS_03289,EUREKA-VPL-024,nurse,2025-03-19 12:30:53.361543529,2025-03-19 12:32:12.730389023,ROOM_101,B2.74 1-bedskamer,2.74,79.368845
RTLS_01955,EUREKA-VPL-016,nurse,2025-03-19 12:31:05.120187473,2025-03-19 12:33:09.544903102,UTIL_A,B2.63 Utility,2.63,124.424715
RTLS_03729,EUREKA-VPL-026,nurse,2025-03-19 12:31:06.296746881,2025-03-19 12:34:33.441225261,NS_B,B2.71.01 Dienstplaats,2.71.01,207.144478
RTLS_00343,EUREKA-VPL-004,nurse,2025-03-19 12:31:06.684985746,2025-03-19 12:31:24.755833742,KITCHEN,B2.77 Keuken,2.77,18.070847
RTLS_01823,EUREKA-VPL-015,nurse,2025-03-19 12:31:10.167348846,2025-03-19 12:31:28.277090085,KITCHEN,B2.77 Keuken,2.77,18.109741
RTLS_04763,Toiletstoel 1,equipment,2025-03-19 12:31:13.000000000,2025-03-19 12:31:47.000000000,UTIL_A,B2.63 Utility,2.63,34.0
RTLS_00344,EUREKA-VPL-004,nurse,2025-03-19 12:31:24.755833742,2025-03-19 12:31:41.740205675,BATH_B,B2.55 Badkamer,2.55,16.984371
RTLS_01824,EUREKA-VPL-015,nurse,2025-03-19 12:31:28.277090085,2025-03-19 12:31:30.922337747,ROOM_111,B2.81 2-bedskamer,2.81,2.645247
RTLS_01825,EUREKA-VPL-015,nurse,2025-03-19 12:31:30.922337747,2025-03-19 12:31:38.163577875,ROOM_112,B2.83 2-bedskamer,2.83,7.24124
RTLS_01826,EUREKA-VPL-015,nurse,2025-03-19 12:31:38.163577875,2025-03-19 12:32:05.746000183,ROOM_104,B2.80 1-bedskamer,2.80,27.582422
RTLS_03107,EUREKA-VPL-023,nurse,2025-03-19 12:31:41.442016885,2025-03-19 12:32:26.582257768,ROOM_113,B2.84 1-bedskamer,2.84,45.14024
RTLS_00345,EUREKA-VPL-004,nurse,2025-03-19 12:31:41.740205675,2025-03-19 12:32:17.272932152,ROOM_110,B2.79 2-bedskamer,2.79,35.532726
RTLS_04239,Infuuspomp 4,equipment,2025-03-19 12:31:46.000000000,2025-03-19 12:32:13.000000000,UTIL_B,B2.75 Utility,2.75,27.0
RTLS_02449,EUREKA-VPL-019,nurse,2025-03-19 12:31:51.157056769,2025-03-19 12:32:43.161326720,ROOM_113,B2.84 1-bedskamer,2.84,52.004269
RTLS_04656,Glucosemeter 2,equipment,2025-03-19 12:31:55.000000000,2025-03-19 12:32:27.000000000,NS_B,B2.71.01 Dienstplaats,2.71.01,32.0
RTLS_04970,Toiletstoel 3,equipment,2025-03-19 12:32:02.000000000,2025-03-19 12:32:20.000000000,STORAGE,B2.61 Opslag,2.61,18.0
RTLS_01827,EUREKA-VPL-015,nurse,2025-03-19 12:32:05.746000183,2025-03-19 12:32:21.277735381,KITCHEN,B2.77 Keuken,2.77,15.531735
RTLS_03290,EUREKA-VPL-024,nurse,2025-03-19 12:32:12.730389023,2025-03-19 12:33:48.333380636,ROOM_115,B2.58 2-bedskamer,2.58,95.602991
RTLS_00346,EUREKA-VPL-004,nurse,2025-03-19 12:32:17.272932152,2025-03-19 12:32:29.384962901,ROOM_117,B2.54 2-bedskamer,2.54,12.11203
RTLS_05282,Voedingspomp 3,equipment,2025-03-19 12:32:23.000000000,2025-03-19 12:32:28.000000000,UTIL_A,B2.63 Utility,2.63,5.0
RTLS_03108,EUREKA-VPL-023,nurse,2025-03-19 12:32:26.582257768,2025-03-19 12:36:59.357430578,STORE_A,B2.53 Berging,2.53,272.775172
RTLS_00347,EUREKA-VPL-004,nurse,2025-03-19 12:32:29.384962901,2025-03-19 12:33:08.003785379,ROOM_102,B2.76 1-bedskamer,2.76,38.618822
RTLS_03930,Infuuspomp 1,equipment,2025-03-19 12:32:38.000000000,2025-03-19 12:32:52.000000000,UTIL_A,B2.63 Utility,2.63,14.0
RTLS_02450,EUREKA-VPL-019,nurse,2025-03-19 12:32:43.161326720,2025-03-19 12:32:44.161326720,STORAGE,B2.61 Opslag,2.61,1.0
RTLS_02451,EUREKA-VPL-019,nurse,2025-03-19 12:32:44.161326720,2025-03-19 12:33:27.229620071,ROOM_109,B2.68 2-bedskamer,2.68,43.068293
RTLS_04345,Spuitaandrijver,equipment,2025-03-19 12:32:47.000000000,2025-03-19 12:33:09.000000000,UTIL_B,B2.75 Utility,2.75,22.0
RTLS_01529,EUREKA-VPL-013,nurse,2025-03-19 12:32:50.777531096,2025-03-19 12:33:01.581324674,KITCHEN,B2.77 Keuken,2.77,10.803793
RTLS_01339,EUREKA-VPL-011,nurse,2025-03-19 12:33:00.271626748,2025-03-19 12:33:13.509398604,KITCHEN,B2.77 Keuken,2.77,13.237771
RTLS_01530,EUREKA-VPL-013,nurse,2025-03-19 12:33:01.581324674,2025-03-19 12:34:39.851502775,ROOM_111,B2.81 2-bedskamer,2.81,98.270178
RTLS_05176,Voedingspomp 2,equipment,2025-03-19 12:33:04.000000000,2025-03-19 12:33:23.000000000,UTIL_B,B2.75 Utility,2.75,19.0
RTLS_04034,Infuuspomp 2,equipment,2025-03-19 12:33:04.000000000,2025-03-19 12:33:10.000000000,UTIL_A,B2.63 Utility,2.63,6.0
RTLS_04447,Bladderscan,equipment,2025-03-19 12:33:08.000000000,2025-03-19 12:33:45.000000000,UTIL_A,B2.63 Utility,2.63,37.0
RTLS_04872,Toiletstoel 2,equipment,2025-03-19 12:33:08.000000000,2025-03-19 12:33:38.000000000,UTIL_B,B2.75 Utility,2.75,30.0
RTLS_01956,EUREKA-VPL-016,nurse,2025-03-19 12:33:09.544903102,2025-03-19 12:33:35.951414145,ROOM_104,B2.80 1-bedskamer,2.80,26.406511
RTLS_01340,EUREKA-VPL-011,nurse,2025-03-19 12:33:13.509398604,2025-03-19 12:33:34.600491430,ROOM_101,B2.74 1-bedskamer,2.74,21.091092
RTLS_01681,EUREKA-VPL-014,nurse,2025-03-19 12:33:17.325323744,2025-03-19 12:34:58.428288230,ROOM_105,B2.82 1-bedskamer,2.82,101.102964
RTLS_02452,EUREKA-VPL-019,nurse,2025-03-19 12:33:27.229620071,2025-03-19 12:43:24.518512196,PREP_A,B2.71.02 Voorbereiding,2.71.02,597.288892
RTLS_04971,Toiletstoel 3,equipment,2025-03-19 12:33:28.000000000,2025-03-19 12:33:52.000000000,STORAGE,B2.61 Opslag,2.61,24.0
RTLS_04657,Glucosemeter 2,equipment,2025-03-19 12:33:32.000000000,2025-03-19 12:34:04.000000000,NS_B,B2.71.01 Dienstplaats,2.71.01,32.0
RTLS_01341,EUREKA-VPL-011,nurse,2025-03-19 12:33:34.600491430,2025-03-19 12:38:44.856403642,ROOM_105,B2.82 1-bedskamer,2.82,310.255912
RTLS_01957,EUREKA-VPL-016,nurse,2025-03-19 12:33:35.951414145,2025-03-19 12:33:58.915855266,ROOM_109,B2.68 2-bedskamer,2.68,22.964441
RTLS_05076,Voedingspomp 1,equipment,2025-03-19 12:33:44.000000000,2025-03-19 12:34:09.000000000,UTIL_A,B2.63 Utility,2.63,25.0
RTLS_03291,EUREKA-VPL-024,nurse,2025-03-19 12:33:48.333380636,2025-03-19 12:36:01.012754790,ROOM_106,B2.62 2-bedskamer,2.62,132.679374
RTLS_04556,Glucosemeter 1,equipment,2025-03-19 12:33:57.000000000,2025-03-19 12:34:08.000000000,NS_A,B2.71 Open wacht,2.71,11.0
RTLS_01958,EUREKA-VPL-016,nurse,2025-03-19 12:33:58.915855266,2025-03-19 12:35:27.489586734,NS_A,B2.71 Open wacht,2.71,88.573731
RTLS_03730,EUREKA-VPL-026,nurse,2025-03-19 12:34:33.441225261,2025-03-19 12:36:50.564076521,ROOM_116,B2.56 2-bedskamer,2.56,137.122851
RTLS_01531,EUREKA-VPL-013,nurse,2025-03-19 12:34:39.851502775,2025-03-19 12:40:33.863405787,BATHROOM,B2.57 Stortbad,2.57,354.011903
RTLS_01682,EUREKA-VPL-014,nurse,2025-03-19 12:34:58.428288230,2025-03-19 12:35:04.649065949,UTIL_B,B2.75 Utility,2.75,6.220777
RTLS_01683,EUREKA-VPL-014,nurse,2025-03-19 12:35:04.649065949,2025-03-19 12:35:12.636143553,KITCHEN,B2.77 Keuken,2.77,7.987077
RTLS_01684,EUREKA-VPL-014,nurse,2025-03-19 12:35:12.636143553,2025-03-19 12:45:50.077796124,STORE_B,B2.59 Berging,2.59,637.441652
RTLS_01959,EUREKA-VPL-016,nurse,2025-03-19 12:35:27.489586734,2025-03-19 12:37:03.979078690,KITCHEN,B2.77 Keuken,2.77,96.489491
RTLS_05385,Voedingspomp 4,equipment,2025-03-19 12:35:43.000000000,2025-03-19 12:36:10.000000000,UTIL_B,B2.75 Utility,2.75,27.0
RTLS_04240,Infuuspomp 4,equipment,2025-03-19 12:35:49.000000000,2025-03-19 12:36:19.000000000,UTIL_B,B2.75 Utility,2.75,30.0
RTLS_04135,Infuuspomp 3,equipment,2025-03-19 12:35:54.000000000,2025-03-19 12:36:06.000000000,UTIL_B,B2.75 Utility,2.75,12.0
RTLS_03292,EUREKA-VPL-024,nurse,2025-03-19 12:36:01.012754790,2025-03-19 12:41:03.439555569,UTIL_A,B2.63 Utility,2.63,302.4268
RTLS_00577,EUREKA-VPL-006,nurse,2025-03-19 12:36:13.674200565,2025-03-19 12:46:24.956685850,UTIL_A,B2.63 Utility,2.63,611.282485
RTLS_00205,EUREKA-VPL-002,nurse,2025-03-19 12:36:15.360804961,2025-03-19 12:39:25.721683792,ROOM_109,B2.68 2-bedskamer,2.68,190.360878
RTLS_05493,Voedingspomp 5,equipment,2025-03-19 12:36:33.000000000,2025-03-19 12:37:07.000000000,UTIL_A,B2.63 Utility,2.63,34.0
RTLS_03731,EUREKA-VPL-026,nurse,2025-03-19 12:36:50.564076521,2025-03-19 12:36:54.007670524,ROOM_108,B2.66 2-bedskamer,2.66,3.443594
RTLS_03732,EUREKA-VPL-026,nurse,2025-03-19 12:36:54.007670524,2025-03-19 12:37:57.091278384,NS_A,B2.71 Open wacht,2.71,63.083607
RTLS_03109,EUREKA-VPL-023,nurse,2025-03-19 12:36:59.357430578,2025-03-19 12:38:03.857741972,ROOM_105,B2.82 1-bedskamer,2.82,64.500311
RTLS_05177,Voedingspomp 2,equipment,2025-03-19 12:37:00.000000000,2025-03-19 12:37:12.000000000,UTIL_B,B2.75 Utility,2.75,12.0
RTLS_02918,EUREKA-VPL-022,nurse,2025-03-19 12:37:03.023637178,2025-03-19 12:37:43.674224173,ROOM_115,B2.58 2-bedskamer,2.58,40.650586
RTLS_04764,Toiletstoel 1,equipment,2025-03-19 12:37:05.000000000,2025-03-19 12:37:39.000000000,UTIL_A,B2.63 Utility,2.63,34.0
RTLS_02919,EUREKA-VPL-022,nurse,2025-03-19 12:37:43.674224173,2025-03-19 12:39:30.405915377,KITCHEN,B2.77 Keuken,2.77,106.731691
RTLS_04448,Bladderscan,equipment,2025-03-19 12:38:01.000000000,2025-03-19 12:38:34.000000000,UTIL_A,B2.63 Utility,2.63,33.0
RTLS_03110,EUREKA-VPL-023,nurse,2025-03-19 12:38:03.857741972,2025-03-19 12:38:06.963590812,ROOM_106,B2.62 2-bedskamer,2.62,3.105848
RTLS_05077,Voedingspomp 1,equipment,2025-03-19 12:38:24.000000000,2025-03-19 12:38:54.000000000,UTIL_A,B2.63 Utility,2.63,30.0
RTLS_02731,EUREKA-VPL-021,nurse,2025-03-19 12:38:40.684960520,2025-03-19 12:40:51.238411673,ROOM_116,B2.56 2-bedskamer,2.56,130.553451
RTLS_04658,Glucosemeter 2,equipment,2025-03-19 12:38:42.000000000,2025-03-19 12:38:58.000000000,NS_B,B2.71.01 Dienstplaats,2.71.01,16.0
RTLS_01342,EUREKA-VPL-011,nurse,2025-03-19 12:38:44.856403642,2025-03-19 12:39:21.289686940,ROOM_103,B2.78 1-bedskamer,2.78,36.433283
RTLS_05283,Voedingspomp 3,equipment,2025-03-19 12:38:49.000000000,2025-03-19 12:39:00.000000000,UTIL_A,B2.63 Utility,2.63,11.0
RTLS_03931,Infuuspomp 1,equipment,2025-03-19 12:39:00.000000000,2025-03-19 12:39:19.000000000,UTIL_A,B2.63 Utility,2.63,19.0
RTLS_04873,Toiletstoel 2,equipment,2025-03-19 12:39:21.000000000,2025-03-19 12:39:36.000000000,UTIL_B,B2.75 Utility,2.75,15.0
RTLS_01343,EUREKA-VPL-011,nurse,2025-03-19 12:39:21.289686940,2025-03-19 12:39:28.098509137,ROOM_109,B2.68 2-bedskamer,2.68,6.808822
RTLS_04136,Infuuspomp 3,equipment,2025-03-19 12:39:24.000000000,2025-03-19 12:39:47.000000000,UTIL_B,B2.75 Utility,2.75,23.0
RTLS_04346,Spuitaandrijver,equipment,2025-03-19 12:39:27.000000000,2025-03-19 12:40:01.000000000,UTIL_B,B2.75 Utility,2.75,34.0
RTLS_02920,EUREKA-VPL-022,nurse,2025-03-19 12:39:30.405915377,2025-03-19 12:39:38.465685979,ROOM_115,B2.58 2-bedskamer,2.58,8.05977
RTLS_04557,Glucosemeter 1,equipment,2025-03-19 12:39:33.000000000,2025-03-19 12:40:03.000000000,NS_A,B2.71 Open wacht,2.71,30.0
RTLS_04241,Infuuspomp 4,equipment,2025-03-19 12:39:47.000000000,2025-03-19 12:40:05.000000000,UTIL_B,B2.75 Utility,2.75,18.0
RTLS_05386,Voedingspomp 4,equipment,2025-03-19 12:40:11.000000000,2025-03-19 12:40:39.000000000,UTIL_B,B2.75 Utility,2.75,28.0
RTLS_04659,Glucosemeter 2,equipment,2025-03-19 12:40:33.000000000,2025-03-19 12:41:03.000000000,NS_B,B2.71.01 Dienstplaats,2.71.01,30.0
RTLS_01532,EUREKA-VPL-013,nurse,2025-03-19 12:40:33.863405787,2025-03-19 12:40:36.244715362,ROOM_112,B2.83 2-bedskamer,2.83,2.381309
RTLS_01533,EUREKA-VPL-013,nurse,2025-03-19 12:40:36.244715362,2025-03-19 12:41:33.869181853,NS_A,B2.71 Open wacht,2.71,57.624466
RTLS_04035,Infuuspomp 2,equipment,2025-03-19 12:40:37.000000000,2025-03-19 12:41:03.000000000,UTIL_A,B2.63 Utility,2.63,26.0
RTLS_04137,Infuuspomp 3,equipment,2025-03-19 12:40:41.000000000,2025-03-19 12:41:11.000000000,UTIL_B,B2.75 Utility,2.75,30.0
RTLS_03932,Infuuspomp 1,equipment,2025-03-19 12:40:50.000000000,2025-03-19 12:41:10.000000000,UTIL_A,B2.63 Utility,2.63,20.0
RTLS_02732,EUREKA-VPL-021,nurse,2025-03-19 12:40:51.238411673,2025-03-19 12:40:55.330283131,ROOM_109,B2.68 2-bedskamer,2.68,4.091871
RTLS_02733,EUREKA-VPL-021,nurse,2025-03-19 12:40:55.330283131,2025-03-19 12:48:51.397300898,NS_B,B2.71.01 Dienstplaats,2.71.01,476.067017
RTLS_03293,EUREKA-VPL-024,nurse,2025-03-19 12:41:03.439555569,2025-03-19 12:41:04.439555569,BATH_B,B2.55 Badkamer,2.55,1.0
RTLS_04972,Toiletstoel 3,equipment,2025-03-19 12:41:05.000000000,2025-03-19 12:41:28.000000000,STORAGE,B2.61 Opslag,2.61,23.0
RTLS_04242,Infuuspomp 4,equipment,2025-03-19 12:41:17.000000000,2025-03-19 12:41:30.000000000,UTIL_B,B2.75 Utility,2.75,13.0
RTLS_05494,Voedingspomp 5,equipment,2025-03-19 12:41:28.000000000,2025-03-19 12:42:02.000000000,UTIL_A,B2.63 Utility,2.63,34.0
RTLS_01534,EUREKA-VPL-013,nurse,2025-03-19 12:41:33.869181853,2025-03-19 12:41:44.748470627,ROOM_109,B2.68 2-bedskamer,2.68,10.879288
RTLS_01535,EUREKA-VPL-013,nurse,2025-03-19 12:41:44.748470627,2025-03-19 12:43:04.340710656,NS_A,B2.71 Open wacht,2.71,79.59224
RTLS_05178,Voedingspomp 2,equipment,2025-03-19 12:41:46.000000000,2025-03-19 12:42:09.000000000,UTIL_B,B2.75 Utility,2.75,23.0
RTLS_05284,Voedingspomp 3,equipment,2025-03-19 12:41:51.000000000,2025-03-19 12:42:10.000000000,UTIL_A,B2.63 Utility,2.63,19.0
RTLS_04660,Glucosemeter 2,equipment,2025-03-19 12:41:53.000000000,2025-03-19 12:42:15.000000000,NS_B,B2.71.01 Dienstplaats,2.71.01,22.0
RTLS_05387,Voedingspomp 4,equipment,2025-03-19 12:42:16.000000000,2025-03-19 12:42:26.000000000,UTIL_B,B2.75 Utility,2.75,10.0
RTLS_04765,Toiletstoel 1,equipment,2025-03-19 12:42:35.000000000,2025-03-19 12:43:09.000000000,UTIL_A,B2.63 Utility,2.63,34.0
RTLS_04874,Toiletstoel 2,equipment,2025-03-19 12:42:53.000000000,2025-03-19 12:43:00.000000000,UTIL_B,B2.75 Utility,2.75,7.0
RTLS_02453,EUREKA-VPL-019,nurse,2025-03-19 12:43:24.518512196,2025-03-19 12:45:01.631964026,NS_B,B2.71.01 Dienstplaats,2.71.01,97.113451
RTLS_04036,Infuuspomp 2,equipment,2025-03-19 12:43:27.000000000,2025-03-19 12:43:58.000000000,UTIL_A,B2.63 Utility,2.63,31.0
RTLS_03933,Infuuspomp 1,equipment,2025-03-19 12:43:33.000000000,2025-03-19 12:43:47.000000000,UTIL_A,B2.63 Utility,2.63,14.0
RTLS_05179,Voedingspomp 2,equipment,2025-03-19 12:43:37.000000000,2025-03-19 12:43:55.000000000,UTIL_B,B2.75 Utility,2.75,18.0
RTLS_03495,EUREKA-VPL-025,nurse,2025-03-19 12:43:50.868643812,2025-03-19 12:47:46.954853532,ROOM_108,B2.66 2-bedskamer,2.66,236.086209
RTLS_04661,Glucosemeter 2,equipment,2025-03-19 12:44:10.000000000,2025-03-19 12:44:44.000000000,NS_B,B2.71.01 Dienstplaats,2.71.01,34.0
RTLS_04449,Bladderscan,equipment,2025-03-19 12:44:12.000000000,2025-03-19 12:44:41.000000000,UTIL_A,B2.63 Utility,2.63,29.0
RTLS_05285,Voedingspomp 3,equipment,2025-03-19 12:44:24.000000000,2025-03-19 12:45:00.000000000,UTIL_A,B2.63 Utility,2.63,36.0
RTLS_01187,EUREKA-VPL-010,nurse,2025-03-19 12:44:38.655955003,2025-03-19 12:47:39.060539549,UTIL_A,B2.63 Utility,2.63,180.404584
RTLS_04037,Infuuspomp 2,equipment,2025-03-19 12:44:55.000000000,2025-03-19 12:45:18.000000000,UTIL_A,B2.63 Utility,2.63,23.0
RTLS_02454,EUREKA-VPL-019,nurse,2025-03-19 12:45:01.631964026,2025-03-19 12:48:10.116483958,PREP_B,B2.71.02 Voorbereiding,2.71.02,188.484519
RTLS_05078,Voedingspomp 1,equipment,2025-03-19 12:45:12.000000000,2025-03-19 12:45:29.000000000,UTIL_A,B2.63 Utility,2.63,17.0
RTLS_04973,Toiletstoel 3,equipment,2025-03-19 12:45:16.000000000,2025-03-19 12:45:26.000000000,STORAGE,B2.61 Opslag,2.61,10.0
RTLS_01685,EUREKA-VPL-014,nurse,2025-03-19 12:45:50.077796124,2025-03-19 12:46:07.720246543,ROOM_108,B2.66 2-bedskamer,2.66,17.64245
RTLS_04875,Toiletstoel 2,equipment,2025-03-19 12:45:56.000000000,2025-03-19 12:46:06.000000000,UTIL_B,B2.75 Utility,2.75,10.0
RTLS_04450,Bladderscan,equipment,2025-03-19 12:45:58.000000000,2025-03-19 12:46:07.000000000,UTIL_A,B2.63 Utility,2.63,9.0
RTLS_01686,EUREKA-VPL-014,nurse,2025-03-19 12:46:07.720246543,2025-03-19 12:46:13.747212280,ROOM_115,B2.58 2-bedskamer,2.58,6.026965
RTLS_01687,EUREKA-VPL-014,nurse,2025-03-19 12:46:13.747212280,2025-03-19 12:46:19.363378097,ROOM_113,B2.84 1-bedskamer,2.84,5.616165
RTLS_01688,EUREKA-VPL-014,nurse,2025-03-19 12:46:19.363378097,2025-03-19 12:46:25.057512013,ROOM_103,B2.78 1-bedskamer,2.78,5.694133
RTLS_00578,EUREKA-VPL-006,nurse,2025-03-19 12:46:24.956685850,2025-03-19 12:46:43.976097109,BATHROOM,B2.57 Stortbad,2.57,19.019411
RTLS_01689,EUREKA-VPL-014,nurse,2025-03-19 12:46:25.057512013,2025-03-19 12:46:27.741231628,ROOM_104,B2.80 1-bedskamer,2.80,2.683719
RTLS_01690,EUREKA-VPL-014,nurse,2025-03-19 12:46:27.741231628,2025-03-19 12:47:02.361740707,ROOM_115,B2.58 2-bedskamer,2.58,34.620509
RTLS_04138,Infuuspomp 3,equipment,2025-03-19 12:46:30.000000000,2025-03-19 12:47:02.000000000,UTIL_B,B2.75 Utility,2.75,32.0
RTLS_04347,Spuitaandrijver,equipment,2025-03-19 12:46:32.000000000,2025-03-19 12:47:08.000000000,UTIL_B,B2.75 Utility,2.75,36.0
RTLS_05388,Voedingspomp 4,equipment,2025-03-19 12:46:37.000000000,2025-03-19 12:47:10.000000000,UTIL_B,B2.75 Utility,2.75,33.0
RTLS_00579,EUREKA-VPL-006,nurse,2025-03-19 12:46:43.976097109,2025-03-19 12:47:15.874465215,KITCHEN,B2.77 Keuken,2.77,31.898368
RTLS_04662,Glucosemeter 2,equipment,2025-03-19 12:46:47.000000000,2025-03-19 12:47:18.000000000,NS_B,B2.71.01 Dienstplaats,2.71.01,31.0
RTLS_04038,Infuuspomp 2,equipment,2025-03-19 12:46:52.000000000,2025-03-19 12:46:58.000000000,UTIL_A,B2.63 Utility,2.63,6.0
RTLS_00580,EUREKA-VPL-006,nurse,2025-03-19 12:47:15.874465215,2025-03-19 12:50:16.616917708,STORE_C,B2.65 Berging,2.65,180.742452
RTLS_04243,Infuuspomp 4,equipment,2025-03-19 12:47:17.000000000,2025-03-19 12:47:24.000000000,UTIL_B,B2.75 Utility,2.75,7.0
RTLS_04558,Glucosemeter 1,equipment,2025-03-19 12:47:20.000000000,2025-03-19 12:47:36.000000000,NS_A,B2.71 Open wacht,2.71,16.0
RTLS_04451,Bladderscan,equipment,2025-03-19 12:47:25.000000000,2025-03-19 12:47:30.000000000,UTIL_A,B2.63 Utility,2.63,5.0
RTLS_01188,EUREKA-VPL-010,nurse,2025-03-19 12:47:39.060539549,2025-03-19 12:47:48.747510121,ROOM_107,B2.64 2-bedskamer,2.64,9.68697
RTLS_03496,EUREKA-VPL-025,nurse,2025-03-19 12:47:46.954853532,2025-03-19 12:48:54.673229237,ROOM_107,B2.64 2-bedskamer,2.64,67.718375
RTLS_01189,EUREKA-VPL-010,nurse,2025-03-19 12:47:48.747510121,2025-03-19 12:48:21.870405661,KITCHEN,B2.77 Keuken,2.77,33.122895
RTLS_03934,Infuuspomp 1,equipment,2025-03-19 12:48:05.000000000,2025-03-19 12:48:36.000000000,UTIL_A,B2.63 Utility,2.63,31.0
RTLS_02455,EUREKA-VPL-019,nurse,2025-03-19 12:48:10.116483958,2025-03-19 12:49:05.611618315,ROOM_114,B2.85 2-bedskamer,2.85,55.495134
RTLS_01190,EUREKA-VPL-010,nurse,2025-03-19 12:48:21.870405661,2025-03-19 12:49:13.582888452,STORE_A,B2.53 Berging,2.53,51.712482
RTLS_02734,EUREKA-VPL-021,nurse,2025-03-19 12:48:51.397300898,2025-03-19 12:49:13.101200448,KITCHEN,B2.77 Keuken,2.77,21.703899
RTLS_03497,EUREKA-VPL-025,nurse,2025-03-19 12:48:54.673229237,2025-03-19 12:58:10.476439617,ROOM_116,B2.56 2-bedskamer,2.56,555.80321
RTLS_05495,Voedingspomp 5,equipment,2025-03-19 12:49:04.000000000,2025-03-19 12:49:11.000000000,UTIL_A,B2.63 Utility,2.63,7.0
RTLS_05180,Voedingspomp 2,equipment,2025-03-19 12:49:04.000000000,2025-03-19 12:49:10.000000000,UTIL_B,B2.75 Utility,2.75,6.0
RTLS_02456,EUREKA-VPL-019,nurse,2025-03-19 12:49:05.611618315,2025-03-19 12:49:16.242191162,ROOM_104,B2.80 1-bedskamer,2.80,10.630572
RTLS_02735,EUREKA-VPL-021,nurse,2025-03-19 12:49:13.101200448,2025-03-19 12:49:57.192926918,NS_A,B2.71 Open wacht,2.71,44.091726
RTLS_02457,EUREKA-VPL-019,nurse,2025-03-19 12:49:16.242191162,2025-03-19 12:49:31.373789266,ROOM_116,B2.56 2-bedskamer,2.56,15.131598
RTLS_04039,Infuuspomp 2,equipment,2025-03-19 12:49:26.000000000,2025-03-19 12:49:40.000000000,UTIL_A,B2.63 Utility,2.63,14.0
RTLS_02458,EUREKA-VPL-019,nurse,2025-03-19 12:49:31.373789266,2025-03-19 12:50:01.316639153,ROOM_114,B2.85 2-bedskamer,2.85,29.942849
RTLS_04139,Infuuspomp 3,equipment,2025-03-19 12:49:42.000000000,2025-03-19 12:50:00.000000000,UTIL_B,B2.75 Utility,2.75,18.0
RTLS_04244,Infuuspomp 4,equipment,2025-03-19 12:49:44.000000000,2025-03-19 12:50:14.000000000,UTIL_B,B2.75 Utility,2.75,30.0
RTLS_04766,Toiletstoel 1,equipment,2025-03-19 12:49:48.000000000,2025-03-19 12:50:00.000000000,UTIL_A,B2.63 Utility,2.63,12.0
RTLS_02736,EUREKA-VPL-021,nurse,2025-03-19 12:49:57.192926918,2025-03-19 12:50:12.951782055,KITCHEN,B2.77 Keuken,2.77,15.758855
RTLS_02459,EUREKA-VPL-019,nurse,2025-03-19 12:50:01.316639153,2025-03-19 12:50:52.206578955,NS_B,B2.71.01 Dienstplaats,2.71.01,50.889939
RTLS_00581,EUREKA-VPL-006,nurse,2025-03-19 12:50:16.616917708,2025-03-19 12:50:28.262672616,KITCHEN,B2.77 Keuken,2.77,11.645754
RTLS_04559,Glucosemeter 1,equipment,2025-03-19 12:50:26.000000000,2025-03-19 12:50:41.000000000,NS_A,B2.71 Open wacht,2.71,15.0
RTLS_00582,EUREKA-VPL-006,nurse,2025-03-19 12:50:28.262672616,2025-03-19 12:51:06.716097876,NS_B,B2.71.01 Dienstplaats,2.71.01,38.453425
RTLS_00583,EUREKA-VPL-006,nurse,2025-03-19 12:51:06.716097876,2025-03-19 12:52:31.206332704,ROOM_109,B2.68 2-bedskamer,2.68,84.490234
RTLS_04767,Toiletstoel 1,equipment,2025-03-19 12:51:59.000000000,2025-03-19 12:52:09.000000000,UTIL_A,B2.63 Utility,2.63,10.0
RTLS_04663,Glucosemeter 2,equipment,2025-03-19 12:51:59.000000000,2025-03-19 12:52:05.000000000,NS_B,B2.71.01 Dienstplaats,2.71.01,6.0
RTLS_04974,Toiletstoel 3,equipment,2025-03-19 12:52:10.000000000,2025-03-19 12:52:18.000000000,STORAGE,B2.61 Opslag,2.61,8.0
RTLS_05286,Voedingspomp 3,equipment,2025-03-19 12:52:24.000000000,2025-03-19 12:52:34.000000000,UTIL_A,B2.63 Utility,2.63,10.0
RTLS_05079,Voedingspomp 1,equipment,2025-03-19 12:52:38.000000000,2025-03-19 12:53:15.000000000,UTIL_A,B2.63 Utility,2.63,37.0
RTLS_04348,Spuitaandrijver,equipment,2025-03-19 12:52:39.000000000,2025-03-19 12:53:02.000000000,UTIL_B,B2.75 Utility,2.75,23.0
RTLS_04876,Toiletstoel 2,equipment,2025-03-19 12:53:14.000000000,2025-03-19 12:53:22.000000000,UTIL_B,B2.75 Utility,2.75,8.0
RTLS_03935,Infuuspomp 1,equipment,2025-03-19 12:53:22.000000000,2025-03-19 12:53:34.000000000,UTIL_A,B2.63 Utility,2.63,12.0
RTLS_05389,Voedingspomp 4,equipment,2025-03-19 12:53:30.000000000,2025-03-19 12:53:47.000000000,UTIL_B,B2.75 Utility,2.75,17.0
RTLS_04452,Bladderscan,equipment,2025-03-19 12:53:56.000000000,2025-03-19 12:54:06.000000000,UTIL_A,B2.63 Utility,2.63,10.0
RTLS_05496,Voedingspomp 5,equipment,2025-03-19 12:54:16.000000000,2025-03-19 12:54:46.000000000,UTIL_A,B2.63 Utility,2.63,30.0
RTLS_04453,Bladderscan,equipment,2025-03-19 12:54:58.000000000,2025-03-19 12:55:33.000000000,UTIL_A,B2.63 Utility,2.63,35.0
RTLS_04040,Infuuspomp 2,equipment,2025-03-19 12:55:22.000000000,2025-03-19 12:55:56.000000000,UTIL_A,B2.63 Utility,2.63,34.0
RTLS_05287,Voedingspomp 3,equipment,2025-03-19 12:55:33.000000000,2025-03-19 12:55:50.000000000,UTIL_A,B2.63 Utility,2.63,17.0
RTLS_05497,Voedingspomp 5,equipment,2025-03-19 12:55:42.000000000,2025-03-19 12:56:06.000000000,UTIL_A,B2.63 Utility,2.63,24.0
RTLS_05390,Voedingspomp 4,equipment,2025-03-19 12:56:31.000000000,2025-03-19 12:57:07.000000000,UTIL_B,B2.75 Utility,2.75,36.0
RTLS_05181,Voedingspomp 2,equipment,2025-03-19 12:56:33.000000000,2025-03-19 12:57:06.000000000,UTIL_B,B2.75 Utility,2.75,33.0
RTLS_04560,Glucosemeter 1,equipment,2025-03-19 12:56:37.000000000,2025-03-19 12:56:56.000000000,NS_A,B2.71 Open wacht,2.71,19.0
RTLS_04877,Toiletstoel 2,equipment,2025-03-19 12:56:38.000000000,2025-03-19 12:57:12.000000000,UTIL_B,B2.75 Utility,2.75,34.0
RTLS_04140,Infuuspomp 3,equipment,2025-03-19 12:56:52.000000000,2025-03-19 12:56:59.000000000,UTIL_B,B2.75 Utility,2.75,7.0
RTLS_04245,Infuuspomp 4,equipment,2025-03-19 12:56:55.000000000,2025-03-19 12:57:13.000000000,UTIL_B,B2.75 Utility,2.75,18.0
RTLS_04349,Spuitaandrijver,equipment,2025-03-19 12:57:25.000000000,2025-03-19 12:57:36.000000000,UTIL_B,B2.75 Utility,2.75,11.0
RTLS_04664,Glucosemeter 2,equipment,2025-03-19 12:57:45.000000000,2025-03-19 12:58:19.000000000,NS_B,B2.71.01 Dienstplaats,2.71.01,34.0
RTLS_04561,Glucosemeter 1,equipment,2025-03-19 12:57:55.000000000,2025-03-19 12:58:31.000000000,NS_A,B2.71 Open wacht,2.71,36.0
RTLS_03498,EUREKA-VPL-025,nurse,2025-03-19 12:58:10.476439617,2025-03-19 12:58:34.188753156,ROOM_103,B2.78 1-bedskamer,2.78,23.712313
RTLS_04454,Bladderscan,equipment,2025-03-19 12:58:15.000000000,2025-03-19 12:58:46.000000000,UTIL_A,B2.63 Utility,2.63,31.0
RTLS_04768,Toiletstoel 1,equipment,2025-03-19 12:58:21.000000000,2025-03-19 12:58:33.000000000,UTIL_A,B2.63 Utility,2.63,12.0
RTLS_03499,EUREKA-VPL-025,nurse,2025-03-19 12:58:34.188753156,2025-03-19 12:58:39.132684811,ROOM_107,B2.64 2-bedskamer,2.64,4.943931
RTLS_05080,Voedingspomp 1,equipment,2025-03-19 12:58:55.000000000,2025-03-19 12:59:30.000000000,UTIL_A,B2.63 Utility,2.63,35.0
RTLS_03936,Infuuspomp 1,equipment,2025-03-19 12:59:13.000000000,2025-03-19 12:59:40.000000000,UTIL_A,B2.63 Utility,2.63,27.0
RTLS_04975,Toiletstoel 3,equipment,2025-03-19 12:59:24.000000000,2025-03-19 12:59:36.000000000,STORAGE,B2.61 Opslag,2.61,12.0
RTLS_00087,EUREKA-VPL-001,nurse,2025-03-19 13:00:00.000000000,2025-03-19 13:00:01.000000000,UTIL_B,B2.75 Utility,2.75,1.0
RTLS_03860,EUREKA-VPL-002,nurse,2025-03-19 13:00:00.000000000,2025-03-19 13:05:00.000000000,ROOM_106,B2.62 2-bedskamer,2.62,300.0
RTLS_00278,EUREKA-VPL-003,nurse,2025-03-19 13:00:00.000000000,2025-03-19 13:05:43.267956127,ROOM_107,B2.64 2-bedskamer,2.64,343.267956
RTLS_00348,EUREKA-VPL-004,nurse,2025-03-19 13:00:00.000000000,2025-03-19 13:01:38.128536877,NS_A,B2.71 Open wacht,2.71,98.128536
RTLS_00446,EUREKA-VPL-005,nurse,2025-03-19 13:00:00.000000000,2025-03-19 13:01:06.968869759,ROOM_116,B2.56 2-bedskamer,2.56,66.968869
RTLS_00584,EUREKA-VPL-006,nurse,2025-03-19 13:00:00.000000000,2025-03-19 13:00:14.453216371,ROOM_110,B2.79 2-bedskamer,2.79,14.453216
RTLS_00745,EUREKA-VPL-007,nurse,2025-03-19 13:00:00.000000000,2025-03-19 13:01:59.198461443,KITCHEN,B2.77 Keuken,2.77,119.198461
RTLS_00885,EUREKA-VPL-008,nurse,2025-03-19 13:00:00.000000000,2025-03-19 13:00:44.255791835,ROOM_111,B2.81 2-bedskamer,2.81,44.255791
RTLS_01019,EUREKA-VPL-009,nurse,2025-03-19 13:00:00.000000000,2025-03-19 13:01:39.953710441,ROOM_113,B2.84 1-bedskamer,2.84,99.95371
RTLS_01191,EUREKA-VPL-010,nurse,2025-03-19 13:00:00.000000000,2025-03-19 13:00:13.087577412,ROOM_108,B2.66 2-bedskamer,2.66,13.087577
RTLS_01344,EUREKA-VPL-011,nurse,2025-03-19 13:00:00.000000000,2025-03-19 13:00:09.436355372,UTIL_B,B2.75 Utility,2.75,9.436355
RTLS_01438,EUREKA-VPL-012,nurse,2025-03-19 13:00:00.000000000,2025-03-19 13:05:58.511347975,ROOM_109,B2.68 2-bedskamer,2.68,358.511347
RTLS_01536,EUREKA-VPL-013,nurse,2025-03-19 13:00:00.000000000,2025-03-19 13:02:15.007294258,ROOM_110,B2.79 2-bedskamer,2.79,135.007294
RTLS_01691,EUREKA-VPL-014,nurse,2025-03-19 13:00:00.000000000,2025-03-19 13:00:07.999815846,STORE_C,B2.65 Berging,2.65,7.999815
RTLS_01828,EUREKA-VPL-015,nurse,2025-03-19 13:00:00.000000000,2025-03-19 13:16:21.818181818,STORE_A,B2.53 Berging,2.53,981.818181
RTLS_01960,EUREKA-VPL-016,nurse,2025-03-19 13:00:00.000000000,2025-03-19 13:00:28.492031942,ROOM_102,B2.76 1-bedskamer,2.76,28.492031
RTLS_02120,EUREKA-VPL-017,nurse,2025-03-19 13:00:00.000000000,2025-03-19 13:00:57.110212467,ROOM_111,B2.81 2-bedskamer,2.81,57.110212
RTLS_02269,EUREKA-VPL-018,nurse,2025-03-19 13:00:00.000000000,2025-03-19 13:01:19.464561670,KITCHEN,B2.77 Keuken,2.77,79.464561
RTLS_02460,EUREKA-VPL-019,nurse,2025-03-19 13:00:00.000000000,2025-03-19 13:01:26.497459028,KITCHEN,B2.77 Keuken,2.77,86.497459
RTLS_02615,EUREKA-VPL-020,nurse,2025-03-19 13:00:00.000000000,2025-03-19 13:03:14.326346014,ROOM_117,B2.54 2-bedskamer,2.54,194.326346
RTLS_02737,EUREKA-VPL-021,nurse,2025-03-19 13:00:00.000000000,2025-03-19 13:00:18.313089713,NS_B,B2.71.01 Dienstplaats,2.71.01,18.313089
RTLS_02921,EUREKA-VPL-022,nurse,2025-03-19 13:00:00.000000000,2025-03-19 13:00:22.782509607,ROOM_118,B2.60 2-bedskamer,2.60,22.782509
RTLS_03111,EUREKA-VPL-023,nurse,2025-03-19 13:00:00.000000000,2025-03-19 13:00:09.924469344,STORE_A,B2.53 Berging,2.53,9.924469
RTLS_03294,EUREKA-VPL-024,nurse,2025-03-19 13:00:00.000000000,2025-03-19 13:00:13.842445938,ROOM_109,B2.68 2-bedskamer,2.68,13.842445
RTLS_03500,EUREKA-VPL-025,nurse,2025-03-19 13:00:00.000000000,2025-03-19 13:00:17.029250784,NS_A,B2.71 Open wacht,2.71,17.02925
RTLS_03733,EUREKA-VPL-026,nurse,2025-03-19 13:00:00.000000000,2025-03-19 13:00:18.240767180,ROOM_112,B2.83 2-bedskamer,2.83,18.240767
RTLS_00088,EUREKA-VPL-001,nurse,2025-03-19 13:00:01.000000000,2025-03-19 13:00:02.762462309,STORE_A,B2.53 Berging,2.53,1.762462
RTLS_04562,Glucosemeter 1,equipment,2025-03-19 13:00:02.000000000,2025-03-19 13:00:37.000000000,NS_A,B2.71 Open wacht,2.71,35.0
RTLS_00089,EUREKA-VPL-001,nurse,2025-03-19 13:00:02.762462309,2025-03-19 13:01:33.983639201,ROOM_102,B2.76 1-bedskamer,2.76,91.221176
RTLS_01692,EUREKA-VPL-014,nurse,2025-03-19 13:00:07.999815846,2025-03-19 13:01:19.472147172,ROOM_104,B2.80 1-bedskamer,2.80,71.472331
RTLS_01345,EUREKA-VPL-011,nurse,2025-03-19 13:00:09.436355372,2025-03-19 13:00:26.486699245,ROOM_107,B2.64 2-bedskamer,2.64,17.050343
RTLS_03112,EUREKA-VPL-023,nurse,2025-03-19 13:00:09.924469344,2025-03-19 13:00:18.580807861,ROOM_104,B2.80 1-bedskamer,2.80,8.656338
RTLS_01192,EUREKA-VPL-010,nurse,2025-03-19 13:00:13.087577412,2025-03-19 13:00:34.340639981,ROOM_106,B2.62 2-bedskamer,2.62,21.253062
RTLS_03295,EUREKA-VPL-024,nurse,2025-03-19 13:00:13.842445938,2025-03-19 13:00:24.742322557,KITCHEN,B2.77 Keuken,2.77,10.899876
RTLS_00585,EUREKA-VPL-006,nurse,2025-03-19 13:00:14.453216371,2025-03-19 13:00:19.447180082,ROOM_105,B2.82 1-bedskamer,2.82,4.993963
RTLS_03501,EUREKA-VPL-025,nurse,2025-03-19 13:00:17.029250784,2025-03-19 13:00:38.473251889,ROOM_110,B2.79 2-bedskamer,2.79,21.444001
RTLS_03734,EUREKA-VPL-026,nurse,2025-03-19 13:00:18.240767180,2025-03-19 13:01:14.244817215,ROOM_118,B2.60 2-bedskamer,2.60,56.00405
RTLS_02738,EUREKA-VPL-021,nurse,2025-03-19 13:00:18.313089713,2025-03-19 13:01:19.093797542,KITCHEN,B2.77 Keuken,2.77,60.780707
RTLS_03113,EUREKA-VPL-023,nurse,2025-03-19 13:00:18.580807861,2025-03-19 13:00:25.025236043,ROOM_111,B2.81 2-bedskamer,2.81,6.444428
RTLS_00586,EUREKA-VPL-006,nurse,2025-03-19 13:00:19.447180082,2025-03-19 13:03:03.501986175,ROOM_113,B2.84 1-bedskamer,2.84,164.054806
RTLS_02922,EUREKA-VPL-022,nurse,2025-03-19 13:00:22.782509607,2025-03-19 13:00:38.343749496,ROOM_109,B2.68 2-bedskamer,2.68,15.561239
RTLS_03296,EUREKA-VPL-024,nurse,2025-03-19 13:00:24.742322557,2025-03-19 13:02:12.248339463,ROOM_111,B2.81 2-bedskamer,2.81,107.506016
RTLS_03114,EUREKA-VPL-023,nurse,2025-03-19 13:00:25.025236043,2025-03-19 13:00:38.151288243,ROOM_110,B2.79 2-bedskamer,2.79,13.126052
RTLS_01346,EUREKA-VPL-011,nurse,2025-03-19 13:00:26.486699245,2025-03-19 13:00:46.349231059,KITCHEN,B2.77 Keuken,2.77,19.862531
RTLS_01961,EUREKA-VPL-016,nurse,2025-03-19 13:00:28.492031942,2025-03-19 13:00:42.088017938,ROOM_112,B2.83 2-bedskamer,2.83,13.595985
RTLS_01193,EUREKA-VPL-010,nurse,2025-03-19 13:00:34.340639981,2025-03-19 13:00:46.466384484,BATH_B,B2.55 Badkamer,2.55,12.125744
RTLS_04665,Glucosemeter 2,equipment,2025-03-19 13:00:38.000000000,2025-03-19 13:01:14.000000000,NS_B,B2.71.01 Dienstplaats,2.71.01,36.0
RTLS_03115,EUREKA-VPL-023,nurse,2025-03-19 13:00:38.151288243,2025-03-19 13:00:41.535324719,KITCHEN,B2.77 Keuken,2.77,3.384036
RTLS_02923,EUREKA-VPL-022,nurse,2025-03-19 13:00:38.343749496,2025-03-19 13:00:39.343749496,NS_A,B2.71 Open wacht,2.71,1.0
RTLS_03502,EUREKA-VPL-025,nurse,2025-03-19 13:00:38.473251889,2025-03-19 13:00:42.739167676,ROOM_111,B2.81 2-bedskamer,2.81,4.265915
RTLS_02924,EUREKA-VPL-022,nurse,2025-03-19 13:00:39.343749496,2025-03-19 13:10:01.552631074,NS_B,B2.71.01 Dienstplaats,2.71.01,562.208881
RTLS_03116,EUREKA-VPL-023,nurse,2025-03-19 13:00:41.535324719,2025-03-19 13:04:23.066408281,ROOM_118,B2.60 2-bedskamer,2.60,221.531083
RTLS_01962,EUREKA-VPL-016,nurse,2025-03-19 13:00:42.088017938,2025-03-19 13:00:51.707085638,ROOM_107,B2.64 2-bedskamer,2.64,9.619067
RTLS_03503,EUREKA-VPL-025,nurse,2025-03-19 13:00:42.739167676,2025-03-19 13:01:15.109278954,STORAGE,B2.61 Opslag,2.61,32.370111
RTLS_00886,EUREKA-VPL-008,nurse,2025-03-19 13:00:44.255791835,2025-03-19 13:01:09.661538158,KITCHEN,B2.77 Keuken,2.77,25.405746
RTLS_04246,Infuuspomp 4,equipment,2025-03-19 13:00:46.000000000,2025-03-19 13:01:07.000000000,UTIL_B,B2.75 Utility,2.75,21.0
RTLS_01347,EUREKA-VPL-011,nurse,2025-03-19 13:00:46.349231059,2025-03-19 13:18:32.444461459,PREP_A,B2.71.02 Voorbereiding,2.71.02,1066.09523
RTLS_01194,EUREKA-VPL-010,nurse,2025-03-19 13:00:46.466384484,2025-03-19 13:00:56.866512441,STORAGE,B2.61 Opslag,2.61,10.400127
RTLS_01963,EUREKA-VPL-016,nurse,2025-03-19 13:00:51.707085638,2025-03-19 13:00:52.707085638,NS_B,B2.71.01 Dienstplaats,2.71.01,1.0
RTLS_01964,EUREKA-VPL-016,nurse,2025-03-19 13:00:52.707085638,2025-03-19 13:18:36.894959838,PREP_B,B2.71.02 Voorbereiding,2.71.02,1064.187874
RTLS_01195,EUREKA-VPL-010,nurse,2025-03-19 13:00:56.866512441,2025-03-19 13:01:52.913133809,ROOM_110,B2.79 2-bedskamer,2.79,56.046621
RTLS_02121,EUREKA-VPL-017,nurse,2025-03-19 13:00:57.110212467,2025-03-19 13:01:29.873343052,ROOM_116,B2.56 2-bedskamer,2.56,32.76313
RTLS_05081,Voedingspomp 1,equipment,2025-03-19 13:01:02.000000000,2025-03-19 13:01:24.000000000,UTIL_A,B2.63 Utility,2.63,22.0
RTLS_04141,Infuuspomp 3,equipment,2025-03-19 13:01:06.000000000,2025-03-19 13:01:26.000000000,UTIL_B,B2.75 Utility,2.75,20.0
RTLS_00447,EUREKA-VPL-005,nurse,2025-03-19 13:01:06.968869759,2025-03-19 13:01:35.636986894,ROOM_114,B2.85 2-bedskamer,2.85,28.668117
RTLS_00887,EUREKA-VPL-008,nurse,2025-03-19 13:01:09.661538158,2025-03-19 13:03:00.210757266,BATHROOM,B2.57 Stortbad,2.57,110.549219
RTLS_05288,Voedingspomp 3,equipment,2025-03-19 13:01:10.000000000,2025-03-19 13:01:34.000000000,UTIL_A,B2.63 Utility,2.63,24.0
RTLS_03735,EUREKA-VPL-026,nurse,2025-03-19 13:01:14.244817215,2025-03-19 13:01:17.745140092,PREP_A,B2.71.02 Voorbereiding,2.71.02,3.500322
RTLS_03504,EUREKA-VPL-025,nurse,2025-03-19 13:01:15.109278954,2025-03-19 13:01:42.810260409,KITCHEN,B2.77 Keuken,2.77,27.700981
RTLS_03736,EUREKA-VPL-026,nurse,2025-03-19 13:01:17.745140092,2025-03-19 13:09:40.924405663,NS_A,B2.71 Open wacht,2.71,503.179265
RTLS_02739,EUREKA-VPL-021,nurse,2025-03-19 13:01:19.093797542,2025-03-19 13:01:22.289060164,UTIL_A,B2.63 Utility,2.63,3.195262
RTLS_02270,EUREKA-VPL-018,nurse,2025-03-19 13:01:19.464561670,2025-03-19 13:02:46.550996091,STORE_C,B2.65 Berging,2.65,87.086434
RTLS_01693,EUREKA-VPL-014,nurse,2025-03-19 13:01:19.472147172,2025-03-19 13:02:34.154584341,ROOM_102,B2.76 1-bedskamer,2.76,74.682437
RTLS_04976,Toiletstoel 3,equipment,2025-03-19 13:01:21.000000000,2025-03-19 13:01:37.000000000,STORAGE,B2.61 Opslag,2.61,16.0
RTLS_02740,EUREKA-VPL-021,nurse,2025-03-19 13:01:22.289060164,2025-03-19 13:01:31.492420221,NS_B,B2.71.01 Dienstplaats,2.71.01,9.20336
RTLS_02461,EUREKA-VPL-019,nurse,2025-03-19 13:01:26.497459028,2025-03-19 13:03:26.781504542,ROOM_111,B2.81 2-bedskamer,2.81,120.284045
RTLS_02122,EUREKA-VPL-017,nurse,2025-03-19 13:01:29.873343052,2025-03-19 13:07:39.862669248,ROOM_111,B2.81 2-bedskamer,2.81,369.989326
RTLS_02741,EUREKA-VPL-021,nurse,2025-03-19 13:01:31.492420221,2025-03-19 13:02:05.428296620,STORAGE,B2.61 Opslag,2.61,33.935876
RTLS_00090,EUREKA-VPL-001,nurse,2025-03-19 13:01:33.983639201,2025-03-19 13:01:59.887774994,ROOM_114,B2.85 2-bedskamer,2.85,25.904135
RTLS_00448,EUREKA-VPL-005,nurse,2025-03-19 13:01:35.636986894,2025-03-19 13:01:46.873047916,KITCHEN,B2.77 Keuken,2.77,11.236061
RTLS_00349,EUREKA-VPL-004,nurse,2025-03-19 13:01:38.128536877,2025-03-19 13:02:03.205569713,NS_A,B2.71 Open wacht,2.71,25.077032
RTLS_01020,EUREKA-VPL-009,nurse,2025-03-19 13:01:39.953710441,2025-03-19 13:01:47.336304224,STORE_B,B2.59 Berging,2.59,7.382593
RTLS_03505,EUREKA-VPL-025,nurse,2025-03-19 13:01:42.810260409,2025-03-19 13:02:36.692199640,ROOM_108,B2.66 2-bedskamer,2.66,53.881939
RTLS_05391,Voedingspomp 4,equipment,2025-03-19 13:01:44.000000000,2025-03-19 13:01:52.000000000,UTIL_B,B2.75 Utility,2.75,8.0
RTLS_00449,EUREKA-VPL-005,nurse,2025-03-19 13:01:46.873047916,2025-03-19 13:02:00.276881924,PREP_A,B2.71.02 Voorbereiding,2.71.02,13.403834
RTLS_01021,EUREKA-VPL-009,nurse,2025-03-19 13:01:47.336304224,2025-03-19 13:01:54.983850104,KITCHEN,B2.77 Keuken,2.77,7.647545
RTLS_01196,EUREKA-VPL-010,nurse,2025-03-19 13:01:52.913133809,2025-03-19 13:02:10.057403616,ROOM_102,B2.76 1-bedskamer,2.76,17.144269
RTLS_01022,EUREKA-VPL-009,nurse,2025-03-19 13:01:54.983850104,2025-03-19 13:02:09.962240840,ROOM_112,B2.83 2-bedskamer,2.83,14.97839
RTLS_04041,Infuuspomp 2,equipment,2025-03-19 13:01:58.000000000,2025-03-19 13:02:27.000000000,UTIL_A,B2.63 Utility,2.63,29.0
RTLS_00746,EUREKA-VPL-007,nurse,2025-03-19 13:01:59.198461443,2025-03-19 13:02:00.563489099,STORE_C,B2.65 Berging,2.65,1.365027
RTLS_00091,EUREKA-VPL-001,nurse,2025-03-19 13:01:59.887774994,2025-03-19 13:02:12.345474398,ROOM_118,B2.60 2-bedskamer,2.60,12.457699
RTLS_00450,EUREKA-VPL-005,nurse,2025-03-19 13:02:00.276881924,2025-03-19 13:02:05.279067071,PREP_B,B2.71.02 Voorbereiding,2.71.02,5.002185
RTLS_00747,EUREKA-VPL-007,nurse,2025-03-19 13:02:00.563489099,2025-03-19 13:02:21.507301685,NS_B,B2.71.01 Dienstplaats,2.71.01,20.943812
RTLS_00350,EUREKA-VPL-004,nurse,2025-03-19 13:02:03.205569713,2025-03-19 13:02:42.196128263,ROOM_105,B2.82 1-bedskamer,2.82,38.990558
RTLS_03937,Infuuspomp 1,equipment,2025-03-19 13:02:05.000000000,2025-03-19 13:02:38.000000000,UTIL_A,B2.63 Utility,2.63,33.0
RTLS_00451,EUREKA-VPL-005,nurse,2025-03-19 13:02:05.279067071,2025-03-19 13:08:15.827622422,KITCHEN,B2.77 Keuken,2.77,370.548555
RTLS_02742,EUREKA-VPL-021,nurse,2025-03-19 13:02:05.428296620,2025-03-19 13:03:07.124114184,ROOM_109,B2.68 2-bedskamer,2.68,61.695817
RTLS_01023,EUREKA-VPL-009,nurse,2025-03-19 13:02:09.962240840,2025-03-19 13:03:06.905410235,PREP_A,B2.71.02 Voorbereiding,2.71.02,56.943169
RTLS_01197,EUREKA-VPL-010,nurse,2025-03-19 13:02:10.057403616,2025-03-19 13:03:08.845138627,KITCHEN,B2.77 Keuken,2.77,58.787735
RTLS_05182,Voedingspomp 2,equipment,2025-03-19 13:02:12.000000000,2025-03-19 13:02:17.000000000,UTIL_B,B2.75 Utility,2.75,5.0
RTLS_03297,EUREKA-VPL-024,nurse,2025-03-19 13:02:12.248339463,2025-03-19 13:02:21.095204228,BATH_B,B2.55 Badkamer,2.55,8.846864
RTLS_00092,EUREKA-VPL-001,nurse,2025-03-19 13:02:12.345474398,2025-03-19 13:05:02.940606921,NS_A,B2.71 Open wacht,2.71,170.595132
RTLS_01537,EUREKA-VPL-013,nurse,2025-03-19 13:02:15.007294258,2025-03-19 13:02:55.698001732,ROOM_102,B2.76 1-bedskamer,2.76,40.690707
RTLS_03298,EUREKA-VPL-024,nurse,2025-03-19 13:02:21.095204228,2025-03-19 13:04:23.208423759,ROOM_118,B2.60 2-bedskamer,2.60,122.113219
RTLS_00748,EUREKA-VPL-007,nurse,2025-03-19 13:02:21.507301685,2025-03-19 13:02:34.503945473,STORE_B,B2.59 Berging,2.59,12.996643
RTLS_04769,Toiletstoel 1,equipment,2025-03-19 13:02:24.000000000,2025-03-19 13:02:55.000000000,UTIL_A,B2.63 Utility,2.63,31.0
RTLS_04977,Toiletstoel 3,equipment,2025-03-19 13:02:28.000000000,2025-03-19 13:02:33.000000000,STORAGE,B2.61 Opslag,2.61,5.0
RTLS_04563,Glucosemeter 1,equipment,2025-03-19 13:02:32.000000000,2025-03-19 13:02:54.000000000,NS_A,B2.71 Open wacht,2.71,22.0
RTLS_01694,EUREKA-VPL-014,nurse,2025-03-19 13:02:34.154584341,2025-03-19 13:03:05.801618856,NS_A,B2.71 Open wacht,2.71,31.647034
RTLS_00749,EUREKA-VPL-007,nurse,2025-03-19 13:02:34.503945473,2025-03-19 13:02:43.666705342,UTIL_B,B2.75 Utility,2.75,9.162759
RTLS_03506,EUREKA-VPL-025,nurse,2025-03-19 13:02:36.692199640,2025-03-19 13:02:43.019143781,NS_A,B2.71 Open wacht,2.71,6.326944
RTLS_00351,EUREKA-VPL-004,nurse,2025-03-19 13:02:42.196128263,2025-03-19 13:02:43.418620614,ROOM_104,B2.80 1-bedskamer,2.80,1.222492
RTLS_03507,EUREKA-VPL-025,nurse,2025-03-19 13:02:43.019143781,2025-03-19 13:03:15.980045381,ROOM_111,B2.81 2-bedskamer,2.81,32.960901
RTLS_00352,EUREKA-VPL-004,nurse,2025-03-19 13:02:43.418620614,2025-03-19 13:02:45.174972476,ROOM_112,B2.83 2-bedskamer,2.83,1.756351
RTLS_00750,EUREKA-VPL-007,nurse,2025-03-19 13:02:43.666705342,2025-03-19 13:04:42.050288147,ROOM_107,B2.64 2-bedskamer,2.64,118.383582
RTLS_00353,EUREKA-VPL-004,nurse,2025-03-19 13:02:45.174972476,2025-03-19 13:03:11.089637752,ROOM_116,B2.56 2-bedskamer,2.56,25.914665
RTLS_02271,EUREKA-VPL-018,nurse,2025-03-19 13:02:46.550996091,2025-03-19 13:02:56.139543851,ROOM_110,B2.79 2-bedskamer,2.79,9.588547
RTLS_01538,EUREKA-VPL-013,nurse,2025-03-19 13:02:55.698001732,2025-03-19 13:04:50.659294903,NS_B,B2.71.01 Dienstplaats,2.71.01,114.961293
RTLS_02272,EUREKA-VPL-018,nurse,2025-03-19 13:02:56.139543851,2025-03-19 13:03:00.728606378,ROOM_115,B2.58 2-bedskamer,2.58,4.589062
RTLS_00888,EUREKA-VPL-008,nurse,2025-03-19 13:03:00.210757266,2025-03-19 13:03:14.084724861,STORE_C,B2.65 Berging,2.65,13.873967
RTLS_02273,EUREKA-VPL-018,nurse,2025-03-19 13:03:00.728606378,2025-03-19 13:03:46.977571925,UTIL_B,B2.75 Utility,2.75,46.248965
RTLS_00587,EUREKA-VPL-006,nurse,2025-03-19 13:03:03.501986175,2025-03-19 13:04:40.570088353,ROOM_116,B2.56 2-bedskamer,2.56,97.068102
RTLS_05498,Voedingspomp 5,equipment,2025-03-19 13:03:04.000000000,2025-03-19 13:03:17.000000000,UTIL_A,B2.63 Utility,2.63,13.0
RTLS_01695,EUREKA-VPL-014,nurse,2025-03-19 13:03:05.801618856,2025-03-19 13:03:14.006515831,KITCHEN,B2.77 Keuken,2.77,8.204896
RTLS_01024,EUREKA-VPL-009,nurse,2025-03-19 13:03:06.905410235,2025-03-19 13:03:09.425571914,NS_A,B2.71 Open wacht,2.71,2.520161
RTLS_02743,EUREKA-VPL-021,nurse,2025-03-19 13:03:07.124114184,2025-03-19 13:15:17.434663836,PREP_B,B2.71.02 Voorbereiding,2.71.02,730.310549
RTLS_01198,EUREKA-VPL-010,nurse,2025-03-19 13:03:08.845138627,2025-03-19 13:03:37.790839045,ROOM_114,B2.85 2-bedskamer,2.85,28.9457
RTLS_01025,EUREKA-VPL-009,nurse,2025-03-19 13:03:09.425571914,2025-03-19 13:20:49.628952672,STORAGE,B2.61 Opslag,2.61,1060.20338
RTLS_00354,EUREKA-VPL-004,nurse,2025-03-19 13:03:11.089637752,2025-03-19 13:13:19.557002414,NS_B,B2.71.01 Dienstplaats,2.71.01,608.467364
RTLS_01696,EUREKA-VPL-014,nurse,2025-03-19 13:03:14.006515831,2025-03-19 13:04:00.366187928,ROOM_106,B2.62 2-bedskamer,2.62,46.359672
RTLS_00889,EUREKA-VPL-008,nurse,2025-03-19 13:03:14.084724861,2025-03-19 13:04:43.573370615,NS_A,B2.71 Open wacht,2.71,89.488645
RTLS_02616,EUREKA-VPL-020,nurse,2025-03-19 13:03:14.326346014,2025-03-19 13:03:55.434243939,ROOM_116,B2.56 2-bedskamer,2.56,41.107897
RTLS_03508,EUREKA-VPL-025,nurse,2025-03-19 13:03:15.980045381,2025-03-19 13:04:14.257536761,ROOM_107,B2.64 2-bedskamer,2.64,58.277491
RTLS_02462,EUREKA-VPL-019,nurse,2025-03-19 13:03:26.781504542,2025-03-19 13:04:44.008741733,NS_A,B2.71 Open wacht,2.71,77.227237
RTLS_01199,EUREKA-VPL-010,nurse,2025-03-19 13:03:37.790839045,2025-03-19 13:03:39.418017061,ROOM_111,B2.81 2-bedskamer,2.81,1.627178
RTLS_01200,EUREKA-VPL-010,nurse,2025-03-19 13:03:39.418017061,2025-03-19 13:04:16.260153839,ROOM_108,B2.66 2-bedskamer,2.66,36.842135999999996
RTLS_02274,EUREKA-VPL-018,nurse,2025-03-19 13:03:46.977571925,2025-03-19 13:05:28.542497700,ROOM_112,B2.83 2-bedskamer,2.83,101.564925
RTLS_02617,EUREKA-VPL-020,nurse,2025-03-19 13:03:55.434243939,2025-03-19 13:10:39.218203528,ROOM_111,B2.81 2-bedskamer,2.81,403.783959
RTLS_04350,Spuitaandrijver,equipment,2025-03-19 13:03:59.000000000,2025-03-19 13:04:26.000000000,UTIL_B,B2.75 Utility,2.75,27.0
RTLS_01697,EUREKA-VPL-014,nurse,2025-03-19 13:04:00.366187928,2025-03-19 13:05:46.030641698,NS_B,B2.71.01 Dienstplaats,2.71.01,105.664453
RTLS_05392,Voedingspomp 4,equipment,2025-03-19 13:04:12.000000000,2025-03-19 13:04:44.000000000,UTIL_B,B2.75 Utility,2.75,32.0
RTLS_03509,EUREKA-VPL-025,nurse,2025-03-19 13:04:14.257536761,2025-03-19 13:04:25.071124857,STORAGE,B2.61 Opslag,2.61,10.813588
RTLS_01201,EUREKA-VPL-010,nurse,2025-03-19 13:04:16.260153839,2025-03-19 13:04:27.289980830,ROOM_105,B2.82 1-bedskamer,2.82,11.029826
RTLS_03117,EUREKA-VPL-023,nurse,2025-03-19 13:04:23.066408281,2025-03-19 13:04:33.539674701,ROOM_117,B2.54 2-bedskamer,2.54,10.473266
RTLS_03299,EUREKA-VPL-024,nurse,2025-03-19 13:04:23.208423759,2025-03-19 13:04:44.538840320,ROOM_103,B2.78 1-bedskamer,2.78,21.330416
RTLS_03510,EUREKA-VPL-025,nurse,2025-03-19 13:04:25.071124857,2025-03-19 13:04:35.141717948,KITCHEN,B2.77 Keuken,2.77,10.070593
RTLS_04878,Toiletstoel 2,equipment,2025-03-19 13:04:27.000000000,2025-03-19 13:04:44.000000000,UTIL_B,B2.75 Utility,2.75,17.0
RTLS_01202,EUREKA-VPL-010,nurse,2025-03-19 13:04:27.289980830,2025-03-19 13:04:37.352365688,ROOM_103,B2.78 1-bedskamer,2.78,10.062384
RTLS_03118,EUREKA-VPL-023,nurse,2025-03-19 13:04:33.539674701,2025-03-19 13:09:43.345095676,ROOM_114,B2.85 2-bedskamer,2.85,309.80542
RTLS_03511,EUREKA-VPL-025,nurse,2025-03-19 13:04:35.141717948,2025-03-19 13:04:36.578802018,STORE_C,B2.65 Berging,2.65,1.437084
RTLS_03512,EUREKA-VPL-025,nurse,2025-03-19 13:04:36.578802018,2025-03-19 13:05:09.060393438,KITCHEN,B2.77 Keuken,2.77,32.481591
RTLS_01203,EUREKA-VPL-010,nurse,2025-03-19 13:04:37.352365688,2025-03-19 13:05:00.069065967,NS_A,B2.71 Open wacht,2.71,22.7167
RTLS_04978,Toiletstoel 3,equipment,2025-03-19 13:04:38.000000000,2025-03-19 13:05:05.000000000,STORAGE,B2.61 Opslag,2.61,27.0
RTLS_00588,EUREKA-VPL-006,nurse,2025-03-19 13:04:40.570088353,2025-03-19 13:04:43.447274371,ROOM_103,B2.78 1-bedskamer,2.78,2.877186
RTLS_00751,EUREKA-VPL-007,nurse,2025-03-19 13:04:42.050288147,2025-03-19 13:09:24.200606478,ROOM_111,B2.81 2-bedskamer,2.81,282.150318
RTLS_00589,EUREKA-VPL-006,nurse,2025-03-19 13:04:43.447274371,2025-03-19 13:05:27.551731702,ROOM_118,B2.60 2-bedskamer,2.60,44.104457
RTLS_00890,EUREKA-VPL-008,nurse,2025-03-19 13:04:43.573370615,2025-03-19 13:14:11.375357956,PREP_A,B2.71.02 Voorbereiding,2.71.02,567.801987
RTLS_02463,EUREKA-VPL-019,nurse,2025-03-19 13:04:44.008741733,2025-03-19 13:04:54.586619789,ROOM_116,B2.56 2-bedskamer,2.56,10.577878
RTLS_03300,EUREKA-VPL-024,nurse,2025-03-19 13:04:44.538840320,2025-03-19 13:05:23.757849148,BATHROOM,B2.57 Stortbad,2.57,39.219008
RTLS_01539,EUREKA-VPL-013,nurse,2025-03-19 13:04:50.659294903,2025-03-19 13:19:54.922987985,STORAGE,B2.61 Opslag,2.61,904.263693
RTLS_02464,EUREKA-VPL-019,nurse,2025-03-19 13:04:54.586619789,2025-03-19 13:04:57.372459705,ROOM_114,B2.85 2-bedskamer,2.85,2.785839
RTLS_02465,EUREKA-VPL-019,nurse,2025-03-19 13:04:57.372459705,2025-03-19 13:05:08.873154273,KITCHEN,B2.77 Keuken,2.77,11.500694
RTLS_01204,EUREKA-VPL-010,nurse,2025-03-19 13:05:00.069065967,2025-03-19 13:05:03.168381658,ROOM_106,B2.62 2-bedskamer,2.62,3.099315
RTLS_00093,EUREKA-VPL-001,nurse,2025-03-19 13:05:02.940606921,2025-03-19 13:05:49.304438299,NS_B,B2.71.01 Dienstplaats,2.71.01,46.363831
RTLS_01205,EUREKA-VPL-010,nurse,2025-03-19 13:05:03.168381658,2025-03-19 13:10:05.973128312,NS_B,B2.71.01 Dienstplaats,2.71.01,302.804746
RTLS_02466,EUREKA-VPL-019,nurse,2025-03-19 13:05:08.873154273,2025-03-19 13:06:02.019161573,ROOM_106,B2.62 2-bedskamer,2.62,53.146007
RTLS_03513,EUREKA-VPL-025,nurse,2025-03-19 13:05:09.060393438,2025-03-19 13:07:47.045105386,NS_B,B2.71.01 Dienstplaats,2.71.01,157.984711
RTLS_04142,Infuuspomp 3,equipment,2025-03-19 13:05:16.000000000,2025-03-19 13:05:35.000000000,UTIL_B,B2.75 Utility,2.75,19.0
RTLS_03301,EUREKA-VPL-024,nurse,2025-03-19 13:05:23.757849148,2025-03-19 13:05:39.462084355,ROOM_115,B2.58 2-bedskamer,2.58,15.704235
RTLS_00590,EUREKA-VPL-006,nurse,2025-03-19 13:05:27.551731702,2025-03-19 13:05:55.660113063,BATH_B,B2.55 Badkamer,2.55,28.108381
RTLS_02275,EUREKA-VPL-018,nurse,2025-03-19 13:05:28.542497700,2025-03-19 13:05:47.215691795,ROOM_118,B2.60 2-bedskamer,2.60,18.673194
RTLS_03302,EUREKA-VPL-024,nurse,2025-03-19 13:05:39.462084355,2025-03-19 13:05:57.664210999,ROOM_118,B2.60 2-bedskamer,2.60,18.202126
RTLS_00279,EUREKA-VPL-003,nurse,2025-03-19 13:05:43.267956127,2025-03-19 13:10:09.038807182,ROOM_103,B2.78 1-bedskamer,2.78,265.770851
RTLS_01698,EUREKA-VPL-014,nurse,2025-03-19 13:05:46.030641698,2025-03-19 13:07:52.132720057,PREP_A,B2.71.02 Voorbereiding,2.71.02,126.102078
RTLS_02276,EUREKA-VPL-018,nurse,2025-03-19 13:05:47.215691795,2025-03-19 13:06:45.577032349,KITCHEN,B2.77 Keuken,2.77,58.36134
RTLS_04564,Glucosemeter 1,equipment,2025-03-19 13:05:49.000000000,2025-03-19 13:06:16.000000000,NS_A,B2.71 Open wacht,2.71,27.0
RTLS_00094,EUREKA-VPL-001,nurse,2025-03-19 13:05:49.304438299,2025-03-19 13:06:21.183096160,ROOM_117,B2.54 2-bedskamer,2.54,31.878657
RTLS_00591,EUREKA-VPL-006,nurse,2025-03-19 13:05:55.660113063,2025-03-19 13:07:17.366319957,STORE_B,B2.59 Berging,2.59,81.706206
RTLS_03303,EUREKA-VPL-024,nurse,2025-03-19 13:05:57.664210999,2025-03-19 13:09:23.928400007,ROOM_114,B2.85 2-bedskamer,2.85,206.264189
RTLS_01439,EUREKA-VPL-012,nurse,2025-03-19 13:05:58.511347975,2025-03-19 13:06:20.850807255,ROOM_115,B2.58 2-bedskamer,2.58,22.339459
RTLS_02467,EUREKA-VPL-019,nurse,2025-03-19 13:06:02.019161573,2025-03-19 13:06:10.826907512,ROOM_111,B2.81 2-bedskamer,2.81,8.807745
RTLS_04455,Bladderscan,equipment,2025-03-19 13:06:03.000000000,2025-03-19 13:06:25.000000000,UTIL_A,B2.63 Utility,2.63,22.0
RTLS_02468,EUREKA-VPL-019,nurse,2025-03-19 13:06:10.826907512,2025-03-19 13:09:06.001179226,ROOM_114,B2.85 2-bedskamer,2.85,175.174271
RTLS_01440,EUREKA-VPL-012,nurse,2025-03-19 13:06:20.850807255,2025-03-19 13:07:06.309581975,ROOM_113,B2.84 1-bedskamer,2.84,45.458774
RTLS_00095,EUREKA-VPL-001,nurse,2025-03-19 13:06:21.183096160,2025-03-19 13:06:26.488937166,ROOM_113,B2.84 1-bedskamer,2.84,5.305841
RTLS_00096,EUREKA-VPL-001,nurse,2025-03-19 13:06:26.488937166,2025-03-19 13:33:13.244468166,NS_A,B2.71 Open wacht,2.71,1606.755531
RTLS_05183,Voedingspomp 2,equipment,2025-03-19 13:06:35.000000000,2025-03-19 13:07:09.000000000,UTIL_B,B2.75 Utility,2.75,34.0
RTLS_05082,Voedingspomp 1,equipment,2025-03-19 13:06:36.000000000,2025-03-19 13:07:11.000000000,UTIL_A,B2.63 Utility,2.63,35.0
RTLS_04770,Toiletstoel 1,equipment,2025-03-19 13:06:37.000000000,2025-03-19 13:06:44.000000000,UTIL_A,B2.63 Utility,2.63,7.0
RTLS_02277,EUREKA-VPL-018,nurse,2025-03-19 13:06:45.577032349,2025-03-19 13:06:59.045850684,ROOM_114,B2.85 2-bedskamer,2.85,13.468818
RTLS_05289,Voedingspomp 3,equipment,2025-03-19 13:06:57.000000000,2025-03-19 13:07:03.000000000,UTIL_A,B2.63 Utility,2.63,6.0
RTLS_02278,EUREKA-VPL-018,nurse,2025-03-19 13:06:59.045850684,2025-03-19 13:07:11.198065139,ROOM_116,B2.56 2-bedskamer,2.56,12.152214
RTLS_04042,Infuuspomp 2,equipment,2025-03-19 13:07:04.000000000,2025-03-19 13:07:21.000000000,UTIL_A,B2.63 Utility,2.63,17.0
RTLS_01441,EUREKA-VPL-012,nurse,2025-03-19 13:07:06.309581975,2025-03-19 13:07:07.309581975,STORE_B,B2.59 Berging,2.59,1.0
RTLS_04247,Infuuspomp 4,equipment,2025-03-19 13:07:07.000000000,2025-03-19 13:07:27.000000000,UTIL_B,B2.75 Utility,2.75,20.0
RTLS_01442,EUREKA-VPL-012,nurse,2025-03-19 13:07:07.309581975,2025-03-19 13:07:09.438369094,ROOM_115,B2.58 2-bedskamer,2.58,2.128787
RTLS_01443,EUREKA-VPL-012,nurse,2025-03-19 13:07:09.438369094,2025-03-19 13:10:15.336226076,NS_A,B2.71 Open wacht,2.71,185.897856
RTLS_02279,EUREKA-VPL-018,nurse,2025-03-19 13:07:11.198065139,2025-03-19 13:07:41.359084779,ROOM_111,B2.81 2-bedskamer,2.81,30.161019
RTLS_00592,EUREKA-VPL-006,nurse,2025-03-19 13:07:17.366319957,2025-03-19 13:13:20.843176959,BATHROOM,B2.57 Stortbad,2.57,363.476857
RTLS_04666,Glucosemeter 2,equipment,2025-03-19 13:07:25.000000000,2025-03-19 13:07:54.000000000,NS_B,B2.71.01 Dienstplaats,2.71.01,29.0
RTLS_02123,EUREKA-VPL-017,nurse,2025-03-19 13:07:39.862669248,2025-03-19 13:07:43.068137847,ROOM_116,B2.56 2-bedskamer,2.56,3.205468
RTLS_02280,EUREKA-VPL-018,nurse,2025-03-19 13:07:41.359084779,2025-03-19 13:07:57.005084629,ROOM_114,B2.85 2-bedskamer,2.85,15.645999
RTLS_02124,EUREKA-VPL-017,nurse,2025-03-19 13:07:43.068137847,2025-03-19 13:08:26.248226090,ROOM_103,B2.78 1-bedskamer,2.78,43.180088
RTLS_03514,EUREKA-VPL-025,nurse,2025-03-19 13:07:47.045105386,2025-03-19 13:30:09.740059957,PREP_A,B2.71.02 Voorbereiding,2.71.02,1342.694954
RTLS_01699,EUREKA-VPL-014,nurse,2025-03-19 13:07:52.132720057,2025-03-19 13:09:36.661025784,ROOM_112,B2.83 2-bedskamer,2.83,104.528305
RTLS_02281,EUREKA-VPL-018,nurse,2025-03-19 13:07:57.005084629,2025-03-19 13:59:59.999999629,STORE_C,B2.65 Berging,2.65,3122.994915
RTLS_05184,Voedingspomp 2,equipment,2025-03-19 13:08:08.000000000,2025-03-19 13:08:39.000000000,UTIL_B,B2.75 Utility,2.75,31.0
RTLS_00452,EUREKA-VPL-005,nurse,2025-03-19 13:08:15.827622422,2025-03-19 13:08:46.517242052,ROOM_114,B2.85 2-bedskamer,2.85,30.689619
RTLS_02125,EUREKA-VPL-017,nurse,2025-03-19 13:08:26.248226090,2025-03-19 13:09:02.949379673,ROOM_113,B2.84 1-bedskamer,2.84,36.701153
RTLS_04879,Toiletstoel 2,equipment,2025-03-19 13:08:41.000000000,2025-03-19 13:09:03.000000000,UTIL_B,B2.75 Utility,2.75,22.0
RTLS_00453,EUREKA-VPL-005,nurse,2025-03-19 13:08:46.517242052,2025-03-19 13:09:10.756600900,KITCHEN,B2.77 Keuken,2.77,24.239358
RTLS_05083,Voedingspomp 1,equipment,2025-03-19 13:08:49.000000000,2025-03-19 13:09:20.000000000,UTIL_A,B2.63 Utility,2.63,31.0
RTLS_02126,EUREKA-VPL-017,nurse,2025-03-19 13:09:02.949379673,2025-03-19 13:10:23.366253164,ROOM_116,B2.56 2-bedskamer,2.56,80.416873
RTLS_02469,EUREKA-VPL-019,nurse,2025-03-19 13:09:06.001179226,2025-03-19 13:10:24.498970925,PREP_B,B2.71.02 Voorbereiding,2.71.02,78.497791
RTLS_03938,Infuuspomp 1,equipment,2025-03-19 13:09:07.000000000,2025-03-19 13:09:31.000000000,UTIL_A,B2.63 Utility,2.63,24.0
RTLS_00454,EUREKA-VPL-005,nurse,2025-03-19 13:09:10.756600900,2025-03-19 13:09:57.192047593,NS_A,B2.71 Open wacht,2.71,46.435446
RTLS_03304,EUREKA-VPL-024,nurse,2025-03-19 13:09:23.928400007,2025-03-19 13:09:29.235059502,ROOM_117,B2.54 2-bedskamer,2.54,5.306659
RTLS_00752,EUREKA-VPL-007,nurse,2025-03-19 13:09:24.200606478,2025-03-19 13:09:27.155907481,STORE_C,B2.65 Berging,2.65,2.955301
RTLS_04248,Infuuspomp 4,equipment,2025-03-19 13:09:26.000000000,2025-03-19 13:09:45.000000000,UTIL_B,B2.75 Utility,2.75,19.0
RTLS_00753,EUREKA-VPL-007,nurse,2025-03-19 13:09:27.155907481,2025-03-19 13:09:33.080730597,UTIL_A,B2.63 Utility,2.63,5.924823
RTLS_03305,EUREKA-VPL-024,nurse,2025-03-19 13:09:29.235059502,2025-03-19 13:10:04.481436556,STORE_C,B2.65 Berging,2.65,35.246377
RTLS_00754,EUREKA-VPL-007,nurse,2025-03-19 13:09:33.080730597,2025-03-19 13:09:35.828939006,STORE_B,B2.59 Berging,2.59,2.748208
RTLS_00755,EUREKA-VPL-007,nurse,2025-03-19 13:09:35.828939006,2025-03-19 13:10:57.964886989,ROOM_109,B2.68 2-bedskamer,2.68,82.135947
RTLS_01700,EUREKA-VPL-014,nurse,2025-03-19 13:09:36.661025784,2025-03-19 13:09:45.083481506,STORAGE,B2.61 Opslag,2.61,8.422455
RTLS_03737,EUREKA-VPL-026,nurse,2025-03-19 13:09:40.924405663,2025-03-19 13:09:51.714741266,ROOM_101,B2.74 1-bedskamer,2.74,10.790335
RTLS_03119,EUREKA-VPL-023,nurse,2025-03-19 13:09:43.345095676,2025-03-19 13:10:26.453318745,NS_A,B2.71 Open wacht,2.71,43.108223
RTLS_01701,EUREKA-VPL-014,nurse,2025-03-19 13:09:45.083481506,2025-03-19 13:10:21.663985979,ROOM_104,B2.80 1-bedskamer,2.80,36.580504
RTLS_04565,Glucosemeter 1,equipment,2025-03-19 13:09:48.000000000,2025-03-19 13:10:05.000000000,NS_A,B2.71 Open wacht,2.71,17.0
RTLS_03738,EUREKA-VPL-026,nurse,2025-03-19 13:09:51.714741266,2025-03-19 13:12:58.520061107,ROOM_114,B2.85 2-bedskamer,2.85,186.805319
RTLS_05499,Voedingspomp 5,equipment,2025-03-19 13:09:52.000000000,2025-03-19 13:10:27.000000000,UTIL_A,B2.63 Utility,2.63,35.0
RTLS_04043,Infuuspomp 2,equipment,2025-03-19 13:09:53.000000000,2025-03-19 13:10:29.000000000,UTIL_A,B2.63 Utility,2.63,36.0
RTLS_00455,EUREKA-VPL-005,nurse,2025-03-19 13:09:57.192047593,2025-03-19 13:28:44.288564946,UTIL_B,B2.75 Utility,2.75,1127.096517
RTLS_04771,Toiletstoel 1,equipment,2025-03-19 13:09:59.000000000,2025-03-19 13:10:07.000000000,UTIL_A,B2.63 Utility,2.63,8.0
RTLS_02925,EUREKA-VPL-022,nurse,2025-03-19 13:10:01.552631074,2025-03-19 13:16:04.662082193,ROOM_109,B2.68 2-bedskamer,2.68,363.109451
RTLS_03306,EUREKA-VPL-024,nurse,2025-03-19 13:10:04.481436556,2025-03-19 13:12:07.855078370,KITCHEN,B2.77 Keuken,2.77,123.373641
RTLS_01206,EUREKA-VPL-010,nurse,2025-03-19 13:10:05.973128312,2025-03-19 13:11:10.825127025,ROOM_108,B2.66 2-bedskamer,2.66,64.851998
RTLS_00280,EUREKA-VPL-003,nurse,2025-03-19 13:10:09.038807182,2025-03-19 13:10:14.200621981,ROOM_107,B2.64 2-bedskamer,2.64,5.161814
RTLS_00281,EUREKA-VPL-003,nurse,2025-03-19 13:10:14.200621981,2025-03-19 13:10:53.258370870,ROOM_104,B2.80 1-bedskamer,2.80,39.057748
RTLS_01444,EUREKA-VPL-012,nurse,2025-03-19 13:10:15.336226076,2025-03-19 13:10:32.465518676,ROOM_115,B2.58 2-bedskamer,2.58,17.129292
RTLS_01702,EUREKA-VPL-014,nurse,2025-03-19 13:10:21.663985979,2025-03-19 13:31:38.093706264,STORE_A,B2.53 Berging,2.53,1276.42972
RTLS_02127,EUREKA-VPL-017,nurse,2025-03-19 13:10:23.366253164,2025-03-19 13:11:05.259190495,STORAGE,B2.61 Opslag,2.61,41.892937
RTLS_02470,EUREKA-VPL-019,nurse,2025-03-19 13:10:24.498970925,2025-03-19 13:10:29.865471263,BATH_B,B2.55 Badkamer,2.55,5.3665
RTLS_03120,EUREKA-VPL-023,nurse,2025-03-19 13:10:26.453318745,2025-03-19 13:10:55.417525256,KITCHEN,B2.77 Keuken,2.77,28.964206
RTLS_02471,EUREKA-VPL-019,nurse,2025-03-19 13:10:29.865471263,2025-03-19 13:11:03.075973577,ROOM_106,B2.62 2-bedskamer,2.62,33.210502
RTLS_02618,EUREKA-VPL-020,nurse,2025-03-19 13:10:39.218203528,2025-03-19 13:12:15.422357116,ROOM_103,B2.78 1-bedskamer,2.78,96.204153
RTLS_05084,Voedingspomp 1,equipment,2025-03-19 13:10:41.000000000,2025-03-19 13:10:57.000000000,UTIL_A,B2.63 Utility,2.63,16.0
RTLS_00282,EUREKA-VPL-003,nurse,2025-03-19 13:10:53.258370870,2025-03-19 13:11:00.465206705,ROOM_118,B2.60 2-bedskamer,2.60,7.206835
RTLS_03121,EUREKA-VPL-023,nurse,2025-03-19 13:10:55.417525256,2025-03-19 13:11:22.004878234,ROOM_110,B2.79 2-bedskamer,2.79,26.587352
RTLS_00756,EUREKA-VPL-007,nurse,2025-03-19 13:10:57.964886989,2025-03-19 13:40:23.185954789,NS_B,B2.71.01 Dienstplaats,2.71.01,1765.221067
RTLS_04667,Glucosemeter 2,equipment,2025-03-19 13:10:59.000000000,2025-03-19 13:11:07.000000000,NS_B,B2.71.01 Dienstplaats,2.71.01,8.0
RTLS_02472,EUREKA-VPL-019,nurse,2025-03-19 13:11:03.075973577,2025-03-19 13:11:37.207733786,KITCHEN,B2.77 Keuken,2.77,34.13176
RTLS_02128,EUREKA-VPL-017,nurse,2025-03-19 13:11:05.259190495,2025-03-19 13:13:00.043343984,ROOM_117,B2.54 2-bedskamer,2.54,114.784153
RTLS_04351,Spuitaandrijver,equipment,2025-03-19 13:11:07.000000000,2025-03-19 13:11:35.000000000,UTIL_B,B2.75 Utility,2.75,28.0
RTLS_01207,EUREKA-VPL-010,nurse,2025-03-19 13:11:10.825127025,2025-03-19 13:11:29.237219206,KITCHEN,B2.77 Keuken,2.77,18.412092
RTLS_05290,Voedingspomp 3,equipment,2025-03-19 13:11:20.000000000,2025-03-19 13:11:31.000000000,UTIL_A,B2.63 Utility,2.63,11.0
RTLS_03122,EUREKA-VPL-023,nurse,2025-03-19 13:11:22.004878234,2025-03-19 13:11:49.449889522,ROOM_103,B2.78 1-bedskamer,2.78,27.445011
RTLS_04979,Toiletstoel 3,equipment,2025-03-19 13:11:23.000000000,2025-03-19 13:11:36.000000000,STORAGE,B2.61 Opslag,2.61,13.0
RTLS_04143,Infuuspomp 3,equipment,2025-03-19 13:11:26.000000000,2025-03-19 13:11:37.000000000,UTIL_B,B2.75 Utility,2.75,11.0
RTLS_01208,EUREKA-VPL-010,nurse,2025-03-19 13:11:29.237219206,2025-03-19 13:24:34.637675742,BATHROOM,B2.57 Stortbad,2.57,785.400456
RTLS_05393,Voedingspomp 4,equipment,2025-03-19 13:11:35.000000000,2025-03-19 13:12:09.000000000,UTIL_B,B2.75 Utility,2.75,34.0
RTLS_02473,EUREKA-VPL-019,nurse,2025-03-19 13:11:37.207733786,2025-03-19 13:11:41.711422768,NS_A,B2.71 Open wacht,2.71,4.503688
RTLS_02474,EUREKA-VPL-019,nurse,2025-03-19 13:11:41.711422768,2025-03-19 13:11:56.367982743,KITCHEN,B2.77 Keuken,2.77,14.656559
RTLS_03123,EUREKA-VPL-023,nurse,2025-03-19 13:11:49.449889522,2025-03-19 13:12:00.033355529,ROOM_115,B2.58 2-bedskamer,2.58,10.583466
RTLS_02475,EUREKA-VPL-019,nurse,2025-03-19 13:11:56.367982743,2025-03-19 13:11:59.941782877,STORE_B,B2.59 Berging,2.59,3.5738
RTLS_02476,EUREKA-VPL-019,nurse,2025-03-19 13:11:59.941782877,2025-03-19 13:12:05.830993988,ROOM_110,B2.79 2-bedskamer,2.79,5.8892109999999995
RTLS_03124,EUREKA-VPL-023,nurse,2025-03-19 13:12:00.033355529,2025-03-19 13:12:11.294646576,ROOM_107,B2.64 2-bedskamer,2.64,11.261291
RTLS_02477,EUREKA-VPL-019,nurse,2025-03-19 13:12:05.830993988,2025-03-19 13:16:07.836158954,STORAGE,B2.61 Opslag,2.61,242.005164
RTLS_03307,EUREKA-VPL-024,nurse,2025-03-19 13:12:07.855078370,2025-03-19 13:12:21.186828603,ROOM_115,B2.58 2-bedskamer,2.58,13.33175
RTLS_03125,EUREKA-VPL-023,nurse,2025-03-19 13:12:11.294646576,2025-03-19 13:12:34.565387592,ROOM_105,B2.82 1-bedskamer,2.82,23.270741
RTLS_02619,EUREKA-VPL-020,nurse,2025-03-19 13:12:15.422357116,2025-03-19 13:12:28.477453004,ROOM_117,B2.54 2-bedskamer,2.54,13.055095
RTLS_04249,Infuuspomp 4,equipment,2025-03-19 13:12:17.000000000,2025-03-19 13:12:44.000000000,UTIL_B,B2.75 Utility,2.75,27.0
RTLS_03939,Infuuspomp 1,equipment,2025-03-19 13:12:20.000000000,2025-03-19 13:12:36.000000000,UTIL_A,B2.63 Utility,2.63,16.0
RTLS_03308,EUREKA-VPL-024,nurse,2025-03-19 13:12:21.186828603,2025-03-19 13:13:01.949186131,KITCHEN,B2.77 Keuken,2.77,40.762357
RTLS_02620,EUREKA-VPL-020,nurse,2025-03-19 13:12:28.477453004,2025-03-19 13:12:30.363187071,KITCHEN,B2.77 Keuken,2.77,1.885734
RTLS_02621,EUREKA-VPL-020,nurse,2025-03-19 13:12:30.363187071,2025-03-19 13:12:46.574665262,ROOM_112,B2.83 2-bedskamer,2.83,16.211478
RTLS_03126,EUREKA-VPL-023,nurse,2025-03-19 13:12:34.565387592,2025-03-19 13:13:05.409096596,KITCHEN,B2.77 Keuken,2.77,30.843709
RTLS_02622,EUREKA-VPL-020,nurse,2025-03-19 13:12:46.574665262,2025-03-19 13:12:56.533113949,ROOM_106,B2.62 2-bedskamer,2.62,9.958448
RTLS_02623,EUREKA-VPL-020,nurse,2025-03-19 13:12:56.533113949,2025-03-19 13:13:13.139082792,KITCHEN,B2.77 Keuken,2.77,16.605968
RTLS_03739,EUREKA-VPL-026,nurse,2025-03-19 13:12:58.520061107,2025-03-19 13:13:02.220547038,NS_B,B2.71.01 Dienstplaats,2.71.01,3.700485
RTLS_02129,EUREKA-VPL-017,nurse,2025-03-19 13:13:00.043343984,2025-03-19 13:13:15.265054237,ROOM_118,B2.60 2-bedskamer,2.60,15.22171
RTLS_05394,Voedingspomp 4,equipment,2025-03-19 13:13:01.000000000,2025-03-19 13:13:33.000000000,UTIL_B,B2.75 Utility,2.75,32.0
RTLS_03309,EUREKA-VPL-024,nurse,2025-03-19 13:13:01.949186131,2025-03-19 13:13:03.300062549,ROOM_115,B2.58 2-bedskamer,2.58,1.350876
RTLS_03740,EUREKA-VPL-026,nurse,2025-03-19 13:13:02.220547038,2025-03-19 13:13:35.440928099,KITCHEN,B2.77 Keuken,2.77,33.220381
RTLS_03310,EUREKA-VPL-024,nurse,2025-03-19 13:13:03.300062549,2025-03-19 13:13:04.300062549,ROOM_103,B2.78 1-bedskamer,2.78,1.0
RTLS_03311,EUREKA-VPL-024,nurse,2025-03-19 13:13:04.300062549,2025-03-19 13:18:13.475114120,NS_B,B2.71.01 Dienstplaats,2.71.01,309.175051
RTLS_03127,EUREKA-VPL-023,nurse,2025-03-19 13:13:05.409096596,2025-03-19 13:13:34.521706110,PREP_A,B2.71.02 Voorbereiding,2.71.02,29.112609
RTLS_02624,EUREKA-VPL-020,nurse,2025-03-19 13:13:13.139082792,2025-03-19 13:59:59.999999792,STORE_B,B2.59 Berging,2.59,2806.860917
RTLS_02130,EUREKA-VPL-017,nurse,2025-03-19 13:13:15.265054237,2025-03-19 13:13:41.882756922,ROOM_101,B2.74 1-bedskamer,2.74,26.617702
RTLS_00355,EUREKA-VPL-004,nurse,2025-03-19 13:13:19.557002414,2025-03-19 13:59:59.999999414,STORE_B,B2.59 Berging,2.59,2800.442997
RTLS_00593,EUREKA-VPL-006,nurse,2025-03-19 13:13:20.843176959,2025-03-19 13:13:41.825757819,STORE_B,B2.59 Berging,2.59,20.98258
RTLS_04456,Bladderscan,equipment,2025-03-19 13:13:28.000000000,2025-03-19 13:14:04.000000000,UTIL_A,B2.63 Utility,2.63,36.0
RTLS_04772,Toiletstoel 1,equipment,2025-03-19 13:13:32.000000000,2025-03-19 13:14:01.000000000,UTIL_A,B2.63 Utility,2.63,29.0
RTLS_03741,EUREKA-VPL-026,nurse,2025-03-19 13:13:35.440928099,2025-03-19 13:14:42.766573391,ROOM_109,B2.68 2-bedskamer,2.68,67.325645
RTLS_00594,EUREKA-VPL-006,nurse,2025-03-19 13:13:41.825757819,2025-03-19 13:14:10.179954416,ROOM_103,B2.78 1-bedskamer,2.78,28.354196
RTLS_02131,EUREKA-VPL-017,nurse,2025-03-19 13:13:41.882756922,2025-03-19 13:13:48.850903019,ROOM_111,B2.81 2-bedskamer,2.81,6.968146
RTLS_02132,EUREKA-VPL-017,nurse,2025-03-19 13:13:48.850903019,2025-03-19 13:14:05.050152380,ROOM_106,B2.62 2-bedskamer,2.62,16.199249000000002
RTLS_05291,Voedingspomp 3,equipment,2025-03-19 13:13:53.000000000,2025-03-19 13:14:23.000000000,UTIL_A,B2.63 Utility,2.63,30.0
RTLS_02133,EUREKA-VPL-017,nurse,2025-03-19 13:14:05.050152380,2025-03-19 13:16:23.856776995,NS_B,B2.71.01 Dienstplaats,2.71.01,138.806624
RTLS_04566,Glucosemeter 1,equipment,2025-03-19 13:14:07.000000000,2025-03-19 13:14:44.000000000,NS_A,B2.71 Open wacht,2.71,37.0
RTLS_00595,EUREKA-VPL-006,nurse,2025-03-19 13:14:10.179954416,2025-03-19 13:14:41.477433177,KITCHEN,B2.77 Keuken,2.77,31.297478
RTLS_00891,EUREKA-VPL-008,nurse,2025-03-19 13:14:11.375357956,2025-03-19 13:15:04.303452587,KITCHEN,B2.77 Keuken,2.77,52.928094
RTLS_04250,Infuuspomp 4,equipment,2025-03-19 13:14:31.000000000,2025-03-19 13:14:56.000000000,UTIL_B,B2.75 Utility,2.75,25.0
RTLS_00596,EUREKA-VPL-006,nurse,2025-03-19 13:14:41.477433177,2025-03-19 13:18:04.181233056,ROOM_102,B2.76 1-bedskamer,2.76,202.703799
RTLS_03742,EUREKA-VPL-026,nurse,2025-03-19 13:14:42.766573391,2025-03-19 13:14:52.435945732,ROOM_118,B2.60 2-bedskamer,2.60,9.669372
RTLS_04044,Infuuspomp 2,equipment,2025-03-19 13:14:49.000000000,2025-03-19 13:15:12.000000000,UTIL_A,B2.63 Utility,2.63,23.0
RTLS_04668,Glucosemeter 2,equipment,2025-03-19 13:14:50.000000000,2025-03-19 13:15:21.000000000,NS_B,B2.71.01 Dienstplaats,2.71.01,31.0
RTLS_03743,EUREKA-VPL-026,nurse,2025-03-19 13:14:52.435945732,2025-03-19 13:15:31.442249929,ROOM_111,B2.81 2-bedskamer,2.81,39.006304
RTLS_00892,EUREKA-VPL-008,nurse,2025-03-19 13:15:04.303452587,2025-03-19 13:15:06.199181821,ROOM_108,B2.66 2-bedskamer,2.66,1.895729
RTLS_00893,EUREKA-VPL-008,nurse,2025-03-19 13:15:06.199181821,2025-03-19 13:18:48.880360943,ROOM_109,B2.68 2-bedskamer,2.68,222.681179
RTLS_05185,Voedingspomp 2,equipment,2025-03-19 13:15:07.000000000,2025-03-19 13:15:14.000000000,UTIL_B,B2.75 Utility,2.75,7.0
RTLS_05395,Voedingspomp 4,equipment,2025-03-19 13:15:08.000000000,2025-03-19 13:15:39.000000000,UTIL_B,B2.75 Utility,2.75,31.0
RTLS_02744,EUREKA-VPL-021,nurse,2025-03-19 13:15:17.434663836,2025-03-19 13:21:37.989787052,NS_A,B2.71 Open wacht,2.71,380.555123
RTLS_04880,Toiletstoel 2,equipment,2025-03-19 13:15:24.000000000,2025-03-19 13:15:54.000000000,UTIL_B,B2.75 Utility,2.75,30.0
RTLS_03744,EUREKA-VPL-026,nurse,2025-03-19 13:15:31.442249929,2025-03-19 13:16:35.410891810,ROOM_108,B2.66 2-bedskamer,2.66,63.968641
RTLS_05500,Voedingspomp 5,equipment,2025-03-19 13:15:33.000000000,2025-03-19 13:15:58.000000000,UTIL_A,B2.63 Utility,2.63,25.0
RTLS_04352,Spuitaandrijver,equipment,2025-03-19 13:15:38.000000000,2025-03-19 13:15:52.000000000,UTIL_B,B2.75 Utility,2.75,14.0
RTLS_04457,Bladderscan,equipment,2025-03-19 13:15:52.000000000,2025-03-19 13:16:01.000000000,UTIL_A,B2.63 Utility,2.63,9.0
RTLS_02926,EUREKA-VPL-022,nurse,2025-03-19 13:16:04.662082193,2025-03-19 13:16:28.851564176,ROOM_113,B2.84 1-bedskamer,2.84,24.189481
RTLS_02478,EUREKA-VPL-019,nurse,2025-03-19 13:16:07.836158954,2025-03-19 13:16:21.618494881,ROOM_110,B2.79 2-bedskamer,2.79,13.782335
RTLS_04045,Infuuspomp 2,equipment,2025-03-19 13:16:08.000000000,2025-03-19 13:16:28.000000000,UTIL_A,B2.63 Utility,2.63,20.0
RTLS_05292,Voedingspomp 3,equipment,2025-03-19 13:16:10.000000000,2025-03-19 13:16:16.000000000,UTIL_A,B2.63 Utility,2.63,6.0
RTLS_02479,EUREKA-VPL-019,nurse,2025-03-19 13:16:21.618494881,2025-03-19 13:16:38.534724460,ROOM_108,B2.66 2-bedskamer,2.66,16.916229
RTLS_01829,EUREKA-VPL-015,nurse,2025-03-19 13:16:21.818181818,2025-03-19 13:16:30.696601333,ROOM_101,B2.74 1-bedskamer,2.74,8.878419
RTLS_03940,Infuuspomp 1,equipment,2025-03-19 13:16:23.000000000,2025-03-19 13:16:34.000000000,UTIL_A,B2.63 Utility,2.63,11.0
RTLS_02134,EUREKA-VPL-017,nurse,2025-03-19 13:16:23.856776995,2025-03-19 13:17:09.222592458,ROOM_101,B2.74 1-bedskamer,2.74,45.365815
RTLS_05085,Voedingspomp 1,equipment,2025-03-19 13:16:26.000000000,2025-03-19 13:16:40.000000000,UTIL_A,B2.63 Utility,2.63,14.0
RTLS_02927,EUREKA-VPL-022,nurse,2025-03-19 13:16:28.851564176,2025-03-19 13:22:43.822039258,PREP_B,B2.71.02 Voorbereiding,2.71.02,374.970475
RTLS_01830,EUREKA-VPL-015,nurse,2025-03-19 13:16:30.696601333,2025-03-19 13:16:41.341937603,ROOM_110,B2.79 2-bedskamer,2.79,10.645336
RTLS_03745,EUREKA-VPL-026,nurse,2025-03-19 13:16:35.410891810,2025-03-19 13:16:59.414750252,ROOM_106,B2.62 2-bedskamer,2.62,24.003858
RTLS_04251,Infuuspomp 4,equipment,2025-03-19 13:16:38.000000000,2025-03-19 13:17:15.000000000,UTIL_B,B2.75 Utility,2.75,37.0
RTLS_02480,EUREKA-VPL-019,nurse,2025-03-19 13:16:38.534724460,2025-03-19 13:18:36.434136001,NS_A,B2.71 Open wacht,2.71,117.899411
RTLS_01831,EUREKA-VPL-015,nurse,2025-03-19 13:16:41.341937603,2025-03-19 13:31:23.000462467,PREP_A,B2.71.02 Voorbereiding,2.71.02,881.658524
RTLS_04980,Toiletstoel 3,equipment,2025-03-19 13:16:45.000000000,2025-03-19 13:17:01.000000000,STORAGE,B2.61 Opslag,2.61,16.0
RTLS_03746,EUREKA-VPL-026,nurse,2025-03-19 13:16:59.414750252,2025-03-19 13:17:19.555186574,ROOM_102,B2.76 1-bedskamer,2.76,20.140436
RTLS_02135,EUREKA-VPL-017,nurse,2025-03-19 13:17:09.222592458,2025-03-19 13:17:58.315753506,BATH_B,B2.55 Badkamer,2.55,49.093161
RTLS_04567,Glucosemeter 1,equipment,2025-03-19 13:17:12.000000000,2025-03-19 13:17:24.000000000,NS_A,B2.71 Open wacht,2.71,12.0
RTLS_03747,EUREKA-VPL-026,nurse,2025-03-19 13:17:19.555186574,2025-03-19 13:17:36.911031413,ROOM_110,B2.79 2-bedskamer,2.79,17.355844
RTLS_05186,Voedingspomp 2,equipment,2025-03-19 13:17:36.000000000,2025-03-19 13:18:04.000000000,UTIL_B,B2.75 Utility,2.75,28.0
RTLS_03748,EUREKA-VPL-026,nurse,2025-03-19 13:17:36.911031413,2025-03-19 13:19:37.841736722,KITCHEN,B2.77 Keuken,2.77,120.930705
RTLS_02136,EUREKA-VPL-017,nurse,2025-03-19 13:17:58.315753506,2025-03-19 13:22:26.571380788,ROOM_104,B2.80 1-bedskamer,2.80,268.255627
RTLS_00207,EUREKA-VPL-002,nurse,2025-03-19 13:18:00.000000000,2025-03-19 13:18:14.310317077,NS_B,B2.71.01 Dienstplaats,2.71.01,14.310317
RTLS_00597,EUREKA-VPL-006,nurse,2025-03-19 13:18:04.181233056,2025-03-19 13:18:15.646344757,ROOM_107,B2.64 2-bedskamer,2.64,11.465111
RTLS_03312,EUREKA-VPL-024,nurse,2025-03-19 13:18:13.475114120,2025-03-19 13:18:22.789214774,ROOM_105,B2.82 1-bedskamer,2.82,9.3141
RTLS_00208,EUREKA-VPL-002,nurse,2025-03-19 13:18:14.310317077,2025-03-19 13:19:18.210847580,ROOM_116,B2.56 2-bedskamer,2.56,63.90053
RTLS_00598,EUREKA-VPL-006,nurse,2025-03-19 13:18:15.646344757,2025-03-19 13:18:17.379442121,ROOM_103,B2.78 1-bedskamer,2.78,1.7330969999999999
RTLS_00599,EUREKA-VPL-006,nurse,2025-03-19 13:18:17.379442121,2025-03-19 13:24:07.795166661,ROOM_115,B2.58 2-bedskamer,2.58,350.415724
RTLS_04773,Toiletstoel 1,equipment,2025-03-19 13:18:20.000000000,2025-03-19 13:18:47.000000000,UTIL_A,B2.63 Utility,2.63,27.0
RTLS_04144,Infuuspomp 3,equipment,2025-03-19 13:18:26.000000000,2025-03-19 13:19:00.000000000,UTIL_B,B2.75 Utility,2.75,34.0
RTLS_01348,EUREKA-VPL-011,nurse,2025-03-19 13:18:32.444461459,2025-03-19 13:19:12.688469187,ROOM_118,B2.60 2-bedskamer,2.60,40.244007
RTLS_02481,EUREKA-VPL-019,nurse,2025-03-19 13:18:36.434136001,2025-03-19 13:18:54.982206172,ROOM_113,B2.84 1-bedskamer,2.84,18.54807
RTLS_01965,EUREKA-VPL-016,nurse,2025-03-19 13:18:36.894959838,2025-03-19 13:19:04.191671852,ROOM_113,B2.84 1-bedskamer,2.84,27.296712
RTLS_04568,Glucosemeter 1,equipment,2025-03-19 13:18:40.000000000,2025-03-19 13:19:09.000000000,NS_A,B2.71 Open wacht,2.71,29.0
RTLS_00894,EUREKA-VPL-008,nurse,2025-03-19 13:18:48.880360943,2025-03-19 13:18:51.046158205,ROOM_115,B2.58 2-bedskamer,2.58,2.165797
RTLS_00895,EUREKA-VPL-008,nurse,2025-03-19 13:18:51.046158205,2025-03-19 13:19:00.033067033,ROOM_103,B2.78 1-bedskamer,2.78,8.986908
RTLS_02482,EUREKA-VPL-019,nurse,2025-03-19 13:18:54.982206172,2025-03-19 13:21:36.080035249,NS_B,B2.71.01 Dienstplaats,2.71.01,161.097829
RTLS_00896,EUREKA-VPL-008,nurse,2025-03-19 13:19:00.033067033,2025-03-19 13:19:16.695123012,ROOM_101,B2.74 1-bedskamer,2.74,16.662055
RTLS_01966,EUREKA-VPL-016,nurse,2025-03-19 13:19:04.191671852,2025-03-19 13:22:06.405999920,KITCHEN,B2.77 Keuken,2.77,182.214328
RTLS_01349,EUREKA-VPL-011,nurse,2025-03-19 13:19:12.688469187,2025-03-19 13:19:27.962514860,PREP_B,B2.71.02 Voorbereiding,2.71.02,15.274045
RTLS_00209,EUREKA-VPL-002,nurse,2025-03-19 13:19:18.210847580,2025-03-19 13:19:59.976041931,ROOM_115,B2.58 2-bedskamer,2.58,41.765194
RTLS_04458,Bladderscan,equipment,2025-03-19 13:19:20.000000000,2025-03-19 13:19:43.000000000,UTIL_A,B2.63 Utility,2.63,23.0
RTLS_03941,Infuuspomp 1,equipment,2025-03-19 13:19:27.000000000,2025-03-19 13:19:36.000000000,UTIL_A,B2.63 Utility,2.63,9.0
RTLS_01350,EUREKA-VPL-011,nurse,2025-03-19 13:19:27.962514860,2025-03-19 13:20:33.990062968,ROOM_106,B2.62 2-bedskamer,2.62,66.027548
RTLS_03749,EUREKA-VPL-026,nurse,2025-03-19 13:19:37.841736722,2025-03-19 13:20:23.693925050,ROOM_113,B2.84 1-bedskamer,2.84,45.852188
RTLS_01540,EUREKA-VPL-013,nurse,2025-03-19 13:19:54.922987985,2025-03-19 13:37:05.670278842,NS_B,B2.71.01 Dienstplaats,2.71.01,1030.74729
RTLS_03861,EUREKA-VPL-002,nurse,2025-03-19 13:20:00.000000000,2025-03-19 13:35:00.000000000,ROOM_107,B2.64 2-bedskamer,2.64,900.0
RTLS_04669,Glucosemeter 2,equipment,2025-03-19 13:20:07.000000000,2025-03-19 13:20:33.000000000,NS_B,B2.71.01 Dienstplaats,2.71.01,26.0
RTLS_04881,Toiletstoel 2,equipment,2025-03-19 13:20:15.000000000,2025-03-19 13:20:32.000000000,UTIL_B,B2.75 Utility,2.75,17.0
RTLS_04774,Toiletstoel 1,equipment,2025-03-19 13:20:20.000000000,2025-03-19 13:20:49.000000000,UTIL_A,B2.63 Utility,2.63,29.0
RTLS_05293,Voedingspomp 3,equipment,2025-03-19 13:20:22.000000000,2025-03-19 13:20:51.000000000,UTIL_A,B2.63 Utility,2.63,29.0
RTLS_05501,Voedingspomp 5,equipment,2025-03-19 13:20:23.000000000,2025-03-19 13:20:41.000000000,UTIL_A,B2.63 Utility,2.63,18.0
RTLS_03750,EUREKA-VPL-026,nurse,2025-03-19 13:20:23.693925050,2025-03-19 13:20:27.204258835,NS_A,B2.71 Open wacht,2.71,3.510333
RTLS_03751,EUREKA-VPL-026,nurse,2025-03-19 13:20:27.204258835,2025-03-19 13:23:30.868529946,ROOM_118,B2.60 2-bedskamer,2.60,183.664271
RTLS_01351,EUREKA-VPL-011,nurse,2025-03-19 13:20:33.990062968,2025-03-19 13:21:00.215979984,ROOM_115,B2.58 2-bedskamer,2.58,26.225917
RTLS_04981,Toiletstoel 3,equipment,2025-03-19 13:20:45.000000000,2025-03-19 13:21:01.000000000,STORAGE,B2.61 Opslag,2.61,16.0
RTLS_01026,EUREKA-VPL-009,nurse,2025-03-19 13:20:49.628952672,2025-03-19 13:20:59.687910517,KITCHEN,B2.77 Keuken,2.77,10.058957
RTLS_01027,EUREKA-VPL-009,nurse,2025-03-19 13:20:59.687910517,2025-03-19 13:21:01.445890234,ROOM_111,B2.81 2-bedskamer,2.81,1.757979
RTLS_01352,EUREKA-VPL-011,nurse,2025-03-19 13:21:00.215979984,2025-03-19 13:21:02.473503033,NS_B,B2.71.01 Dienstplaats,2.71.01,2.257523
RTLS_01028,EUREKA-VPL-009,nurse,2025-03-19 13:21:01.445890234,2025-03-19 13:21:18.082930658,ROOM_105,B2.82 1-bedskamer,2.82,16.63704
RTLS_04145,Infuuspomp 3,equipment,2025-03-19 13:21:02.000000000,2025-03-19 13:21:39.000000000,UTIL_B,B2.75 Utility,2.75,37.0
RTLS_01353,EUREKA-VPL-011,nurse,2025-03-19 13:21:02.473503033,2025-03-19 13:21:45.047736997,ROOM_110,B2.79 2-bedskamer,2.79,42.574233
RTLS_01029,EUREKA-VPL-009,nurse,2025-03-19 13:21:18.082930658,2025-03-19 13:21:31.428990435,ROOM_108,B2.66 2-bedskamer,2.66,13.346059
RTLS_03942,Infuuspomp 1,equipment,2025-03-19 13:21:28.000000000,2025-03-19 13:21:57.000000000,UTIL_A,B2.63 Utility,2.63,29.0
RTLS_01030,EUREKA-VPL-009,nurse,2025-03-19 13:21:31.428990435,2025-03-19 13:22:00.056813450,ROOM_107,B2.64 2-bedskamer,2.64,28.627823
RTLS_02745,EUREKA-VPL-021,nurse,2025-03-19 13:21:37.989787052,2025-03-19 13:44:39.195914252,STORE_C,B2.65 Berging,2.65,1381.206127
RTLS_01354,EUREKA-VPL-011,nurse,2025-03-19 13:21:45.047736997,2025-03-19 13:21:51.141214199,ROOM_102,B2.76 1-bedskamer,2.76,6.093477
RTLS_01355,EUREKA-VPL-011,nurse,2025-03-19 13:21:51.141214199,2025-03-19 13:24:50.556931882,NS_A,B2.71 Open wacht,2.71,179.415717
RTLS_04046,Infuuspomp 2,equipment,2025-03-19 13:21:52.000000000,2025-03-19 13:22:13.000000000,UTIL_A,B2.63 Utility,2.63,21.0
RTLS_01031,EUREKA-VPL-009,nurse,2025-03-19 13:22:00.056813450,2025-03-19 13:22:21.006453134,NS_A,B2.71 Open wacht,2.71,20.949639
RTLS_01967,EUREKA-VPL-016,nurse,2025-03-19 13:22:06.405999920,2025-03-19 13:22:17.795303300,STORE_A,B2.53 Berging,2.53,11.389303
RTLS_01968,EUREKA-VPL-016,nurse,2025-03-19 13:22:17.795303300,2025-03-19 13:22:19.825627700,ROOM_102,B2.76 1-bedskamer,2.76,2.030324
RTLS_01969,EUREKA-VPL-016,nurse,2025-03-19 13:22:19.825627700,2025-03-19 13:22:22.503921107,ROOM_117,B2.54 2-bedskamer,2.54,2.678293
RTLS_01032,EUREKA-VPL-009,nurse,2025-03-19 13:22:21.006453134,2025-03-19 13:25:19.532740419,KITCHEN,B2.77 Keuken,2.77,178.526287
RTLS_04252,Infuuspomp 4,equipment,2025-03-19 13:22:22.000000000,2025-03-19 13:22:31.000000000,UTIL_B,B2.75 Utility,2.75,9.0
RTLS_01970,EUREKA-VPL-016,nurse,2025-03-19 13:22:22.503921107,2025-03-19 13:22:52.963139110,KITCHEN,B2.77 Keuken,2.77,30.459218
RTLS_05396,Voedingspomp 4,equipment,2025-03-19 13:22:24.000000000,2025-03-19 13:22:40.000000000,UTIL_B,B2.75 Utility,2.75,16.0
RTLS_02928,EUREKA-VPL-022,nurse,2025-03-19 13:22:43.822039258,2025-03-19 13:30:11.057631258,ROOM_110,B2.79 2-bedskamer,2.79,447.235592
RTLS_01971,EUREKA-VPL-016,nurse,2025-03-19 13:22:52.963139110,2025-03-19 13:22:58.583337206,ROOM_102,B2.76 1-bedskamer,2.76,5.620198
RTLS_01972,EUREKA-VPL-016,nurse,2025-03-19 13:22:58.583337206,2025-03-19 13:23:11.261027465,ROOM_110,B2.79 2-bedskamer,2.79,12.67769
RTLS_05086,Voedingspomp 1,equipment,2025-03-19 13:23:06.000000000,2025-03-19 13:23:41.000000000,UTIL_A,B2.63 Utility,2.63,35.0
RTLS_01973,EUREKA-VPL-016,nurse,2025-03-19 13:23:11.261027465,2025-03-19 13:23:21.530311034,BATHROOM,B2.57 Stortbad,2.57,10.269283
RTLS_04353,Spuitaandrijver,equipment,2025-03-19 13:23:19.000000000,2025-03-19 13:23:48.000000000,UTIL_B,B2.75 Utility,2.75,29.0
RTLS_03752,EUREKA-VPL-026,nurse,2025-03-19 13:23:30.868529946,2025-03-19 13:24:17.100980574,STORE_A,B2.53 Berging,2.53,46.23245
RTLS_03943,Infuuspomp 1,equipment,2025-03-19 13:23:38.000000000,2025-03-19 13:23:58.000000000,UTIL_A,B2.63 Utility,2.63,20.0
RTLS_04882,Toiletstoel 2,equipment,2025-03-19 13:23:52.000000000,2025-03-19 13:24:18.000000000,UTIL_B,B2.75 Utility,2.75,26.0
RTLS_04146,Infuuspomp 3,equipment,2025-03-19 13:24:14.000000000,2025-03-19 13:24:20.000000000,UTIL_B,B2.75 Utility,2.75,6.0
RTLS_03753,EUREKA-VPL-026,nurse,2025-03-19 13:24:17.100980574,2025-03-19 13:31:05.786081990,ROOM_112,B2.83 2-bedskamer,2.83,408.685101
RTLS_04775,Toiletstoel 1,equipment,2025-03-19 13:24:30.000000000,2025-03-19 13:24:44.000000000,UTIL_A,B2.63 Utility,2.63,14.0
RTLS_04569,Glucosemeter 1,equipment,2025-03-19 13:24:32.000000000,2025-03-19 13:24:57.000000000,NS_A,B2.71 Open wacht,2.71,25.0
RTLS_05502,Voedingspomp 5,equipment,2025-03-19 13:24:33.000000000,2025-03-19 13:24:55.000000000,UTIL_A,B2.63 Utility,2.63,22.0
RTLS_01209,EUREKA-VPL-010,nurse,2025-03-19 13:24:34.637675742,2025-03-19 13:59:59.999999742,STORE_B,B2.59 Berging,2.59,2125.362324
RTLS_05397,Voedingspomp 4,equipment,2025-03-19 13:24:48.000000000,2025-03-19 13:25:16.000000000,UTIL_B,B2.75 Utility,2.75,28.0
RTLS_01356,EUREKA-VPL-011,nurse,2025-03-19 13:24:50.556931882,2025-03-19 13:24:56.702235878,ROOM_106,B2.62 2-bedskamer,2.62,6.145303
RTLS_05187,Voedingspomp 2,equipment,2025-03-19 13:25:01.000000000,2025-03-19 13:25:31.000000000,UTIL_B,B2.75 Utility,2.75,30.0
RTLS_05294,Voedingspomp 3,equipment,2025-03-19 13:25:06.000000000,2025-03-19 13:25:16.000000000,UTIL_A,B2.63 Utility,2.63,10.0
RTLS_05087,Voedingspomp 1,equipment,2025-03-19 13:25:35.000000000,2025-03-19 13:25:48.000000000,UTIL_A,B2.63 Utility,2.63,13.0
RTLS_04459,Bladderscan,equipment,2025-03-19 13:25:49.000000000,2025-03-19 13:26:00.000000000,UTIL_A,B2.63 Utility,2.63,11.0
RTLS_04570,Glucosemeter 1,equipment,2025-03-19 13:25:56.000000000,2025-03-19 13:26:27.000000000,NS_A,B2.71 Open wacht,2.71,31.0
RTLS_05398,Voedingspomp 4,equipment,2025-03-19 13:26:33.000000000,2025-03-19 13:26:57.000000000,UTIL_B,B2.75 Utility,2.75,24.0
RTLS_04670,Glucosemeter 2,equipment,2025-03-19 13:26:37.000000000,2025-03-19 13:26:53.000000000,NS_B,B2.71.01 Dienstplaats,2.71.01,16.0
RTLS_05088,Voedingspomp 1,equipment,2025-03-19 13:27:07.000000000,2025-03-19 13:27:35.000000000,UTIL_A,B2.63 Utility,2.63,28.0
RTLS_04047,Infuuspomp 2,equipment,2025-03-19 13:27:10.000000000,2025-03-19 13:27:41.000000000,UTIL_A,B2.63 Utility,2.63,31.0
RTLS_03944,Infuuspomp 1,equipment,2025-03-19 13:27:40.000000000,2025-03-19 13:27:46.000000000,UTIL_A,B2.63 Utility,2.63,6.0
RTLS_04982,Toiletstoel 3,equipment,2025-03-19 13:27:50.000000000,2025-03-19 13:28:11.000000000,STORAGE,B2.61 Opslag,2.61,21.0
RTLS_04147,Infuuspomp 3,equipment,2025-03-19 13:27:50.000000000,2025-03-19 13:28:21.000000000,UTIL_B,B2.75 Utility,2.75,31.0
RTLS_04671,Glucosemeter 2,equipment,2025-03-19 13:27:58.000000000,2025-03-19 13:28:32.000000000,NS_B,B2.71.01 Dienstplaats,2.71.01,34.0
RTLS_04460,Bladderscan,equipment,2025-03-19 13:28:07.000000000,2025-03-19 13:28:22.000000000,UTIL_A,B2.63 Utility,2.63,15.0
RTLS_04048,Infuuspomp 2,equipment,2025-03-19 13:28:39.000000000,2025-03-19 13:29:13.000000000,UTIL_A,B2.63 Utility,2.63,34.0
RTLS_00456,EUREKA-VPL-005,nurse,2025-03-19 13:28:44.288564946,2025-03-19 13:28:49.688990662,ROOM_109,B2.68 2-bedskamer,2.68,5.400425
RTLS_05503,Voedingspomp 5,equipment,2025-03-19 13:28:59.000000000,2025-03-19 13:29:31.000000000,UTIL_A,B2.63 Utility,2.63,32.0
RTLS_04253,Infuuspomp 4,equipment,2025-03-19 13:29:47.000000000,2025-03-19 13:30:10.000000000,UTIL_B,B2.75 Utility,2.75,23.0
RTLS_05188,Voedingspomp 2,equipment,2025-03-19 13:29:52.000000000,2025-03-19 13:30:16.000000000,UTIL_B,B2.75 Utility,2.75,24.0
RTLS_04776,Toiletstoel 1,equipment,2025-03-19 13:29:56.000000000,2025-03-19 13:30:05.000000000,UTIL_A,B2.63 Utility,2.63,9.0
RTLS_05399,Voedingspomp 4,equipment,2025-03-19 13:30:00.000000000,2025-03-19 13:30:19.000000000,UTIL_B,B2.75 Utility,2.75,19.0
RTLS_03515,EUREKA-VPL-025,nurse,2025-03-19 13:30:09.740059957,2025-03-19 13:31:21.241502735,NS_A,B2.71 Open wacht,2.71,71.501442
RTLS_02929,EUREKA-VPL-022,nurse,2025-03-19 13:30:11.057631258,2025-03-19 13:30:12.487296899,UTIL_A,B2.63 Utility,2.63,1.429665
RTLS_02930,EUREKA-VPL-022,nurse,2025-03-19 13:30:12.487296899,2025-03-19 13:31:14.398827953,UTIL_B,B2.75 Utility,2.75,61.911531
RTLS_04354,Spuitaandrijver,equipment,2025-03-19 13:30:30.000000000,2025-03-19 13:30:54.000000000,UTIL_B,B2.75 Utility,2.75,24.0
RTLS_04883,Toiletstoel 2,equipment,2025-03-19 13:30:44.000000000,2025-03-19 13:30:51.000000000,UTIL_B,B2.75 Utility,2.75,7.0
RTLS_04461,Bladderscan,equipment,2025-03-19 13:31:01.000000000,2025-03-19 13:31:37.000000000,UTIL_A,B2.63 Utility,2.63,36.0
RTLS_03754,EUREKA-VPL-026,nurse,2025-03-19 13:31:05.786081990,2025-03-19 13:36:20.567972993,NS_A,B2.71 Open wacht,2.71,314.781891
RTLS_02931,EUREKA-VPL-022,nurse,2025-03-19 13:31:14.398827953,2025-03-19 13:31:24.437826938,STORE_C,B2.65 Berging,2.65,10.038998
RTLS_05295,Voedingspomp 3,equipment,2025-03-19 13:31:17.000000000,2025-03-19 13:31:34.000000000,UTIL_A,B2.63 Utility,2.63,17.0
RTLS_03516,EUREKA-VPL-025,nurse,2025-03-19 13:31:21.241502735,2025-03-19 13:48:32.496600935,UTIL_A,B2.63 Utility,2.63,1031.255098
RTLS_01832,EUREKA-VPL-015,nurse,2025-03-19 13:31:23.000462467,2025-03-19 13:31:24.000462467,ROOM_105,B2.82 1-bedskamer,2.82,1.0
RTLS_01833,EUREKA-VPL-015,nurse,2025-03-19 13:31:24.000462467,2025-03-19 13:31:46.202782850,KITCHEN,B2.77 Keuken,2.77,22.20232
RTLS_02932,EUREKA-VPL-022,nurse,2025-03-19 13:31:24.437826938,2025-03-19 13:31:27.626511717,ROOM_118,B2.60 2-bedskamer,2.60,3.188684
RTLS_02933,EUREKA-VPL-022,nurse,2025-03-19 13:31:27.626511717,2025-03-19 13:40:01.338558116,NS_B,B2.71.01 Dienstplaats,2.71.01,513.712046
RTLS_01703,EUREKA-VPL-014,nurse,2025-03-19 13:31:38.093706264,2025-03-19 13:31:45.625648378,ROOM_117,B2.54 2-bedskamer,2.54,7.531942
RTLS_01704,EUREKA-VPL-014,nurse,2025-03-19 13:31:45.625648378,2025-03-19 13:33:55.861080915,ROOM_106,B2.62 2-bedskamer,2.62,130.235432
RTLS_01834,EUREKA-VPL-015,nurse,2025-03-19 13:31:46.202782850,2025-03-19 13:32:09.215052421,ROOM_103,B2.78 1-bedskamer,2.78,23.012269
RTLS_01835,EUREKA-VPL-015,nurse,2025-03-19 13:32:09.215052421,2025-03-19 13:32:31.580496503,NS_B,B2.71.01 Dienstplaats,2.71.01,22.365444
RTLS_04983,Toiletstoel 3,equipment,2025-03-19 13:32:25.000000000,2025-03-19 13:32:58.000000000,STORAGE,B2.61 Opslag,2.61,33.0
RTLS_01836,EUREKA-VPL-015,nurse,2025-03-19 13:32:31.580496503,2025-03-19 13:33:00.176019165,ROOM_112,B2.83 2-bedskamer,2.83,28.595522
RTLS_04571,Glucosemeter 1,equipment,2025-03-19 13:32:43.000000000,2025-03-19 13:33:19.000000000,NS_A,B2.71 Open wacht,2.71,36.0
RTLS_01837,EUREKA-VPL-015,nurse,2025-03-19 13:33:00.176019165,2025-03-19 13:33:03.132399852,ROOM_110,B2.79 2-bedskamer,2.79,2.9563800000000002
RTLS_01838,EUREKA-VPL-015,nurse,2025-03-19 13:33:03.132399852,2025-03-19 13:33:15.694587577,KITCHEN,B2.77 Keuken,2.77,12.562187
RTLS_00097,EUREKA-VPL-001,nurse,2025-03-19 13:33:13.244468166,2025-03-19 13:33:21.006663760,KITCHEN,B2.77 Keuken,2.77,7.762195
RTLS_00098,EUREKA-VPL-001,nurse,2025-03-19 13:33:21.006663760,2025-03-19 13:33:22.006663760,STORE_A,B2.53 Berging,2.53,1.0
RTLS_00099,EUREKA-VPL-001,nurse,2025-03-19 13:33:22.006663760,2025-03-19 13:33:30.800601153,ROOM_115,B2.58 2-bedskamer,2.58,8.793937
RTLS_04672,Glucosemeter 2,equipment,2025-03-19 13:33:29.000000000,2025-03-19 13:33:52.000000000,NS_B,B2.71.01 Dienstplaats,2.71.01,23.0
RTLS_00100,EUREKA-VPL-001,nurse,2025-03-19 13:33:30.800601153,2025-03-19 13:33:31.800601153,STORAGE,B2.61 Opslag,2.61,1.0
RTLS_00101,EUREKA-VPL-001,nurse,2025-03-19 13:33:31.800601153,2025-03-19 13:33:43.518451696,STORE_A,B2.53 Berging,2.53,11.71785
RTLS_01705,EUREKA-VPL-014,nurse,2025-03-19 13:33:55.861080915,2025-03-19 13:34:31.574861528,ROOM_117,B2.54 2-bedskamer,2.54,35.71378
RTLS_03945,Infuuspomp 1,equipment,2025-03-19 13:34:11.000000000,2025-03-19 13:34:48.000000000,UTIL_A,B2.63 Utility,2.63,37.0
RTLS_04777,Toiletstoel 1,equipment,2025-03-19 13:34:15.000000000,2025-03-19 13:34:33.000000000,UTIL_A,B2.63 Utility,2.63,18.0
RTLS_05089,Voedingspomp 1,equipment,2025-03-19 13:34:22.000000000,2025-03-19 13:34:46.000000000,UTIL_A,B2.63 Utility,2.63,24.0
RTLS_01706,EUREKA-VPL-014,nurse,2025-03-19 13:34:31.574861528,2025-03-19 13:59:59.999999528,STORE_A,B2.53 Berging,2.53,1528.425138
RTLS_05189,Voedingspomp 2,equipment,2025-03-19 13:34:37.000000000,2025-03-19 13:35:01.000000000,UTIL_B,B2.75 Utility,2.75,24.0
RTLS_04148,Infuuspomp 3,equipment,2025-03-19 13:34:51.000000000,2025-03-19 13:35:17.000000000,UTIL_B,B2.75 Utility,2.75,26.0
RTLS_04254,Infuuspomp 4,equipment,2025-03-19 13:35:04.000000000,2025-03-19 13:35:11.000000000,UTIL_B,B2.75 Utility,2.75,7.0
RTLS_04462,Bladderscan,equipment,2025-03-19 13:35:06.000000000,2025-03-19 13:35:39.000000000,UTIL_A,B2.63 Utility,2.63,33.0
RTLS_04355,Spuitaandrijver,equipment,2025-03-19 13:35:09.000000000,2025-03-19 13:35:15.000000000,UTIL_B,B2.75 Utility,2.75,6.0
RTLS_05504,Voedingspomp 5,equipment,2025-03-19 13:35:30.000000000,2025-03-19 13:35:46.000000000,UTIL_A,B2.63 Utility,2.63,16.0
RTLS_04049,Infuuspomp 2,equipment,2025-03-19 13:35:32.000000000,2025-03-19 13:35:50.000000000,UTIL_A,B2.63 Utility,2.63,18.0
RTLS_03755,EUREKA-VPL-026,nurse,2025-03-19 13:36:20.567972993,2025-03-19 13:37:48.177689430,KITCHEN,B2.77 Keuken,2.77,87.609716
RTLS_04778,Toiletstoel 1,equipment,2025-03-19 13:36:29.000000000,2025-03-19 13:37:05.000000000,UTIL_A,B2.63 Utility,2.63,36.0
RTLS_05090,Voedingspomp 1,equipment,2025-03-19 13:36:29.000000000,2025-03-19 13:36:39.000000000,UTIL_A,B2.63 Utility,2.63,10.0
RTLS_04356,Spuitaandrijver,equipment,2025-03-19 13:36:32.000000000,2025-03-19 13:37:00.000000000,UTIL_B,B2.75 Utility,2.75,28.0
RTLS_05400,Voedingspomp 4,equipment,2025-03-19 13:36:41.000000000,2025-03-19 13:37:18.000000000,UTIL_B,B2.75 Utility,2.75,37.0
RTLS_04884,Toiletstoel 2,equipment,2025-03-19 13:36:50.000000000,2025-03-19 13:37:10.000000000,UTIL_B,B2.75 Utility,2.75,20.0
RTLS_04463,Bladderscan,equipment,2025-03-19 13:36:51.000000000,2025-03-19 13:36:59.000000000,UTIL_A,B2.63 Utility,2.63,8.0
RTLS_03862,EUREKA-VPL-003,nurse,2025-03-19 13:37:00.000000000,2025-03-19 13:39:00.000000000,UTIL_A,B2.63 Utility,2.63,120.0
RTLS_01541,EUREKA-VPL-013,nurse,2025-03-19 13:37:05.670278842,2025-03-19 13:48:32.835139342,PREP_B,B2.71.02 Voorbereiding,2.71.02,687.16486
RTLS_05296,Voedingspomp 3,equipment,2025-03-19 13:37:10.000000000,2025-03-19 13:37:21.000000000,UTIL_A,B2.63 Utility,2.63,11.0
RTLS_04255,Infuuspomp 4,equipment,2025-03-19 13:37:16.000000000,2025-03-19 13:37:47.000000000,UTIL_B,B2.75 Utility,2.75,31.0
RTLS_05091,Voedingspomp 1,equipment,2025-03-19 13:37:43.000000000,2025-03-19 13:38:04.000000000,UTIL_A,B2.63 Utility,2.63,21.0
RTLS_03756,EUREKA-VPL-026,nurse,2025-03-19 13:37:48.177689430,2025-03-19 13:38:21.632940353,PREP_A,B2.71.02 Voorbereiding,2.71.02,33.45525
RTLS_04984,Toiletstoel 3,equipment,2025-03-19 13:38:12.000000000,2025-03-19 13:38:21.000000000,STORAGE,B2.61 Opslag,2.61,9.0
RTLS_04673,Glucosemeter 2,equipment,2025-03-19 13:38:33.000000000,2025-03-19 13:39:06.000000000,NS_B,B2.71.01 Dienstplaats,2.71.01,33.0
RTLS_04885,Toiletstoel 2,equipment,2025-03-19 13:38:58.000000000,2025-03-19 13:39:06.000000000,UTIL_B,B2.75 Utility,2.75,8.0
RTLS_04357,Spuitaandrijver,equipment,2025-03-19 13:39:20.000000000,2025-03-19 13:39:27.000000000,UTIL_B,B2.75 Utility,2.75,7.0
RTLS_03946,Infuuspomp 1,equipment,2025-03-19 13:39:55.000000000,2025-03-19 13:40:22.000000000,UTIL_A,B2.63 Utility,2.63,27.0
RTLS_03863,EUREKA-VPL-003,nurse,2025-03-19 13:40:00.000000000,2025-03-19 13:46:40.000000000,ROOM_107,B2.64 2-bedskamer,2.64,400.0
RTLS_02934,EUREKA-VPL-022,nurse,2025-03-19 13:40:01.338558116,2025-03-19 13:40:19.325497917,KITCHEN,B2.77 Keuken,2.77,17.986939
RTLS_05505,Voedingspomp 5,equipment,2025-03-19 13:40:02.000000000,2025-03-19 13:40:14.000000000,UTIL_A,B2.63 Utility,2.63,12.0
RTLS_02935,EUREKA-VPL-022,nurse,2025-03-19 13:40:19.325497917,2025-03-19 13:42:06.651509598,BATH_B,B2.55 Badkamer,2.55,107.326011
RTLS_04779,Toiletstoel 1,equipment,2025-03-19 13:40:21.000000000,2025-03-19 13:40:27.000000000,UTIL_A,B2.63 Utility,2.63,6.0
RTLS_04572,Glucosemeter 1,equipment,2025-03-19 13:40:23.000000000,2025-03-19 13:40:36.000000000,NS_A,B2.71 Open wacht,2.71,13.0
RTLS_00757,EUREKA-VPL-007,nurse,2025-03-19 13:40:23.185954789,2025-03-19 13:41:39.324632098,PREP_A,B2.71.02 Voorbereiding,2.71.02,76.138677
RTLS_04985,Toiletstoel 3,equipment,2025-03-19 13:40:27.000000000,2025-03-19 13:40:43.000000000,STORAGE,B2.61 Opslag,2.61,16.0
RTLS_05401,Voedingspomp 4,equipment,2025-03-19 13:40:50.000000000,2025-03-19 13:41:04.000000000,UTIL_B,B2.75 Utility,2.75,14.0
RTLS_05190,Voedingspomp 2,equipment,2025-03-19 13:41:01.000000000,2025-03-19 13:41:07.000000000,UTIL_B,B2.75 Utility,2.75,6.0
RTLS_04149,Infuuspomp 3,equipment,2025-03-19 13:41:33.000000000,2025-03-19 13:41:46.000000000,UTIL_B,B2.75 Utility,2.75,13.0
RTLS_00758,EUREKA-VPL-007,nurse,2025-03-19 13:41:39.324632098,2025-03-19 13:41:43.947998737,KITCHEN,B2.77 Keuken,2.77,4.623366
RTLS_00759,EUREKA-VPL-007,nurse,2025-03-19 13:41:43.947998737,2025-03-19 13:42:21.776686418,ROOM_117,B2.54 2-bedskamer,2.54,37.828687
RTLS_04256,Infuuspomp 4,equipment,2025-03-19 13:41:45.000000000,2025-03-19 13:42:10.000000000,UTIL_B,B2.75 Utility,2.75,25.0
RTLS_04050,Infuuspomp 2,equipment,2025-03-19 13:41:47.000000000,2025-03-19 13:41:54.000000000,UTIL_A,B2.63 Utility,2.63,7.0
RTLS_02936,EUREKA-VPL-022,nurse,2025-03-19 13:42:06.651509598,2025-03-19 13:42:36.117254934,ROOM_107,B2.64 2-bedskamer,2.64,29.465745
RTLS_04886,Toiletstoel 2,equipment,2025-03-19 13:42:11.000000000,2025-03-19 13:42:24.000000000,UTIL_B,B2.75 Utility,2.75,13.0
RTLS_04986,Toiletstoel 3,equipment,2025-03-19 13:42:12.000000000,2025-03-19 13:42:39.000000000,STORAGE,B2.61 Opslag,2.61,27.0
RTLS_05506,Voedingspomp 5,equipment,2025-03-19 13:42:14.000000000,2025-03-19 13:42:31.000000000,UTIL_A,B2.63 Utility,2.63,17.0
RTLS_00760,EUREKA-VPL-007,nurse,2025-03-19 13:42:21.776686418,2025-03-19 13:42:55.238967098,ROOM_109,B2.68 2-bedskamer,2.68,33.46228
RTLS_02937,EUREKA-VPL-022,nurse,2025-03-19 13:42:36.117254934,2025-03-19 13:45:18.898725188,PREP_B,B2.71.02 Voorbereiding,2.71.02,162.78147
RTLS_03947,Infuuspomp 1,equipment,2025-03-19 13:42:45.000000000,2025-03-19 13:43:17.000000000,UTIL_A,B2.63 Utility,2.63,32.0
RTLS_04464,Bladderscan,equipment,2025-03-19 13:43:12.000000000,2025-03-19 13:43:25.000000000,UTIL_A,B2.63 Utility,2.63,13.0
RTLS_05191,Voedingspomp 2,equipment,2025-03-19 13:43:21.000000000,2025-03-19 13:43:27.000000000,UTIL_B,B2.75 Utility,2.75,6.0
RTLS_05507,Voedingspomp 5,equipment,2025-03-19 13:43:44.000000000,2025-03-19 13:44:17.000000000,UTIL_A,B2.63 Utility,2.63,33.0
RTLS_05092,Voedingspomp 1,equipment,2025-03-19 13:43:44.000000000,2025-03-19 13:43:53.000000000,UTIL_A,B2.63 Utility,2.63,9.0
RTLS_04887,Toiletstoel 2,equipment,2025-03-19 13:43:55.000000000,2025-03-19 13:44:09.000000000,UTIL_B,B2.75 Utility,2.75,14.0
RTLS_04780,Toiletstoel 1,equipment,2025-03-19 13:44:15.000000000,2025-03-19 13:44:51.000000000,UTIL_A,B2.63 Utility,2.63,36.0
RTLS_05297,Voedingspomp 3,equipment,2025-03-19 13:44:18.000000000,2025-03-19 13:44:32.000000000,UTIL_A,B2.63 Utility,2.63,14.0
RTLS_02746,EUREKA-VPL-021,nurse,2025-03-19 13:44:39.195914252,2025-03-19 13:44:57.783594087,ROOM_105,B2.82 1-bedskamer,2.82,18.587679
RTLS_04465,Bladderscan,equipment,2025-03-19 13:44:48.000000000,2025-03-19 13:45:12.000000000,UTIL_A,B2.63 Utility,2.63,24.0
RTLS_04051,Infuuspomp 2,equipment,2025-03-19 13:44:48.000000000,2025-03-19 13:44:56.000000000,UTIL_A,B2.63 Utility,2.63,8.0
RTLS_02747,EUREKA-VPL-021,nurse,2025-03-19 13:44:57.783594087,2025-03-19 13:45:29.236289791,KITCHEN,B2.77 Keuken,2.77,31.452695
RTLS_04674,Glucosemeter 2,equipment,2025-03-19 13:45:06.000000000,2025-03-19 13:45:33.000000000,NS_B,B2.71.01 Dienstplaats,2.71.01,27.0
RTLS_02938,EUREKA-VPL-022,nurse,2025-03-19 13:45:18.898725188,2025-03-19 13:45:50.141569808,ROOM_111,B2.81 2-bedskamer,2.81,31.242844
RTLS_04358,Spuitaandrijver,equipment,2025-03-19 13:45:29.000000000,2025-03-19 13:45:54.000000000,UTIL_B,B2.75 Utility,2.75,25.0
RTLS_02748,EUREKA-VPL-021,nurse,2025-03-19 13:45:29.236289791,2025-03-19 13:47:26.560707194,ROOM_111,B2.81 2-bedskamer,2.81,117.324417
RTLS_02939,EUREKA-VPL-022,nurse,2025-03-19 13:45:50.141569808,2025-03-19 13:45:56.447565626,KITCHEN,B2.77 Keuken,2.77,6.305995
RTLS_02940,EUREKA-VPL-022,nurse,2025-03-19 13:45:56.447565626,2025-03-19 13:46:02.010006511,ROOM_110,B2.79 2-bedskamer,2.79,5.5624400000000005
RTLS_05508,Voedingspomp 5,equipment,2025-03-19 13:45:57.000000000,2025-03-19 13:46:12.000000000,UTIL_A,B2.63 Utility,2.63,15.0
RTLS_02941,EUREKA-VPL-022,nurse,2025-03-19 13:46:02.010006511,2025-03-19 13:46:05.486828479,ROOM_118,B2.60 2-bedskamer,2.60,3.476821
RTLS_02942,EUREKA-VPL-022,nurse,2025-03-19 13:46:05.486828479,2025-03-19 13:47:40.073788757,ROOM_102,B2.76 1-bedskamer,2.76,94.58696
RTLS_04573,Glucosemeter 1,equipment,2025-03-19 13:46:12.000000000,2025-03-19 13:46:30.000000000,NS_A,B2.71 Open wacht,2.71,18.0
RTLS_04987,Toiletstoel 3,equipment,2025-03-19 13:46:48.000000000,2025-03-19 13:46:54.000000000,STORAGE,B2.61 Opslag,2.61,6.0
RTLS_04466,Bladderscan,equipment,2025-03-19 13:47:01.000000000,2025-03-19 13:47:08.000000000,UTIL_A,B2.63 Utility,2.63,7.0
RTLS_02749,EUREKA-VPL-021,nurse,2025-03-19 13:47:26.560707194,2025-03-19 13:50:33.235347933,ROOM_116,B2.56 2-bedskamer,2.56,186.67464
RTLS_04359,Spuitaandrijver,equipment,2025-03-19 13:47:28.000000000,2025-03-19 13:47:49.000000000,UTIL_B,B2.75 Utility,2.75,21.0
RTLS_05402,Voedingspomp 4,equipment,2025-03-19 13:47:30.000000000,2025-03-19 13:47:48.000000000,UTIL_B,B2.75 Utility,2.75,18.0
RTLS_04150,Infuuspomp 3,equipment,2025-03-19 13:48:30.000000000,2025-03-19 13:48:55.000000000,UTIL_B,B2.75 Utility,2.75,25.0
RTLS_03517,EUREKA-VPL-025,nurse,2025-03-19 13:48:32.496600935,2025-03-19 13:52:47.757610705,STORE_A,B2.53 Berging,2.53,255.261009
RTLS_01542,EUREKA-VPL-013,nurse,2025-03-19 13:48:32.835139342,2025-03-19 13:52:36.144335795,NS_B,B2.71.01 Dienstplaats,2.71.01,243.309196
RTLS_05509,Voedingspomp 5,equipment,2025-03-19 13:48:43.000000000,2025-03-19 13:48:54.000000000,UTIL_A,B2.63 Utility,2.63,11.0
RTLS_03948,Infuuspomp 1,equipment,2025-03-19 13:49:23.000000000,2025-03-19 13:49:42.000000000,UTIL_A,B2.63 Utility,2.63,19.0
RTLS_04257,Infuuspomp 4,equipment,2025-03-19 13:49:37.000000000,2025-03-19 13:49:56.000000000,UTIL_B,B2.75 Utility,2.75,19.0
RTLS_05192,Voedingspomp 2,equipment,2025-03-19 13:49:37.000000000,2025-03-19 13:50:06.000000000,UTIL_B,B2.75 Utility,2.75,29.0
RTLS_05403,Voedingspomp 4,equipment,2025-03-19 13:49:58.000000000,2025-03-19 13:50:32.000000000,UTIL_B,B2.75 Utility,2.75,34.0
RTLS_04052,Infuuspomp 2,equipment,2025-03-19 13:50:02.000000000,2025-03-19 13:50:35.000000000,UTIL_A,B2.63 Utility,2.63,33.0
RTLS_04781,Toiletstoel 1,equipment,2025-03-19 13:50:10.000000000,2025-03-19 13:50:36.000000000,UTIL_A,B2.63 Utility,2.63,26.0
RTLS_05093,Voedingspomp 1,equipment,2025-03-19 13:50:24.000000000,2025-03-19 13:50:37.000000000,UTIL_A,B2.63 Utility,2.63,13.0
RTLS_04988,Toiletstoel 3,equipment,2025-03-19 13:50:25.000000000,2025-03-19 13:50:57.000000000,STORAGE,B2.61 Opslag,2.61,32.0
RTLS_04888,Toiletstoel 2,equipment,2025-03-19 13:50:34.000000000,2025-03-19 13:51:02.000000000,UTIL_B,B2.75 Utility,2.75,28.0
RTLS_04151,Infuuspomp 3,equipment,2025-03-19 13:50:38.000000000,2025-03-19 13:50:47.000000000,UTIL_B,B2.75 Utility,2.75,9.0
RTLS_04467,Bladderscan,equipment,2025-03-19 13:50:41.000000000,2025-03-19 13:51:04.000000000,UTIL_A,B2.63 Utility,2.63,23.0
RTLS_05193,Voedingspomp 2,equipment,2025-03-19 13:51:17.000000000,2025-03-19 13:51:25.000000000,UTIL_B,B2.75 Utility,2.75,8.0
RTLS_04574,Glucosemeter 1,equipment,2025-03-19 13:51:20.000000000,2025-03-19 13:51:35.000000000,NS_A,B2.71 Open wacht,2.71,15.0
RTLS_04675,Glucosemeter 2,equipment,2025-03-19 13:51:38.000000000,2025-03-19 13:51:52.000000000,NS_B,B2.71.01 Dienstplaats,2.71.01,14.0
RTLS_04360,Spuitaandrijver,equipment,2025-03-19 13:51:48.000000000,2025-03-19 13:51:53.000000000,UTIL_B,B2.75 Utility,2.75,5.0
RTLS_05298,Voedingspomp 3,equipment,2025-03-19 13:51:53.000000000,2025-03-19 13:52:10.000000000,UTIL_A,B2.63 Utility,2.63,17.0
RTLS_05510,Voedingspomp 5,equipment,2025-03-19 13:52:12.000000000,2025-03-19 13:52:40.000000000,UTIL_A,B2.63 Utility,2.63,28.0
RTLS_01543,EUREKA-VPL-013,nurse,2025-03-19 13:52:36.144335795,2025-03-19 13:52:54.320865363,KITCHEN,B2.77 Keuken,2.77,18.176529
RTLS_03518,EUREKA-VPL-025,nurse,2025-03-19 13:52:47.757610705,2025-03-19 13:53:32.081907031,ROOM_117,B2.54 2-bedskamer,2.54,44.324296
RTLS_01544,EUREKA-VPL-013,nurse,2025-03-19 13:52:54.320865363,2025-03-19 13:53:11.368472066,ROOM_117,B2.54 2-bedskamer,2.54,17.047606
RTLS_01545,EUREKA-VPL-013,nurse,2025-03-19 13:53:11.368472066,2025-03-19 13:55:57.240905786,ROOM_114,B2.85 2-bedskamer,2.85,165.872433
RTLS_04889,Toiletstoel 2,equipment,2025-03-19 13:53:16.000000000,2025-03-19 13:53:43.000000000,UTIL_B,B2.75 Utility,2.75,27.0
RTLS_04258,Infuuspomp 4,equipment,2025-03-19 13:53:19.000000000,2025-03-19 13:53:50.000000000,UTIL_B,B2.75 Utility,2.75,31.0
RTLS_04152,Infuuspomp 3,equipment,2025-03-19 13:53:24.000000000,2025-03-19 13:53:31.000000000,UTIL_B,B2.75 Utility,2.75,7.0
RTLS_03519,EUREKA-VPL-025,nurse,2025-03-19 13:53:32.081907031,2025-03-19 13:53:37.271177791,ROOM_115,B2.58 2-bedskamer,2.58,5.18927
RTLS_03520,EUREKA-VPL-025,nurse,2025-03-19 13:53:37.271177791,2025-03-19 13:54:58.782190897,ROOM_104,B2.80 1-bedskamer,2.80,81.511013
RTLS_05194,Voedingspomp 2,equipment,2025-03-19 13:54:01.000000000,2025-03-19 13:54:13.000000000,UTIL_B,B2.75 Utility,2.75,12.0
RTLS_05094,Voedingspomp 1,equipment,2025-03-19 13:54:54.000000000,2025-03-19 13:55:21.000000000,UTIL_A,B2.63 Utility,2.63,27.0
RTLS_04259,Infuuspomp 4,equipment,2025-03-19 13:55:06.000000000,2025-03-19 13:55:26.000000000,UTIL_B,B2.75 Utility,2.75,20.0
RTLS_03949,Infuuspomp 1,equipment,2025-03-19 13:55:16.000000000,2025-03-19 13:55:52.000000000,UTIL_A,B2.63 Utility,2.63,36.0
RTLS_04468,Bladderscan,equipment,2025-03-19 13:55:26.000000000,2025-03-19 13:55:50.000000000,UTIL_A,B2.63 Utility,2.63,24.0
RTLS_04053,Infuuspomp 2,equipment,2025-03-19 13:55:27.000000000,2025-03-19 13:55:55.000000000,UTIL_A,B2.63 Utility,2.63,28.0
RTLS_01546,EUREKA-VPL-013,nurse,2025-03-19 13:55:57.240905786,2025-03-19 13:56:00.898115007,ROOM_115,B2.58 2-bedskamer,2.58,3.657209
RTLS_04153,Infuuspomp 3,equipment,2025-03-19 13:56:14.000000000,2025-03-19 13:56:51.000000000,UTIL_B,B2.75 Utility,2.75,37.0
RTLS_04361,Spuitaandrijver,equipment,2025-03-19 13:56:46.000000000,2025-03-19 13:57:04.000000000,UTIL_B,B2.75 Utility,2.75,18.0
RTLS_04469,Bladderscan,equipment,2025-03-19 13:56:49.000000000,2025-03-19 13:57:03.000000000,UTIL_A,B2.63 Utility,2.63,14.0
RTLS_04575,Glucosemeter 1,equipment,2025-03-19 13:56:49.000000000,2025-03-19 13:57:25.000000000,NS_A,B2.71 Open wacht,2.71,36.0
RTLS_04676,Glucosemeter 2,equipment,2025-03-19 13:57:28.000000000,2025-03-19 13:58:05.000000000,NS_B,B2.71.01 Dienstplaats,2.71.01,37.0
RTLS_04782,Toiletstoel 1,equipment,2025-03-19 13:57:29.000000000,2025-03-19 13:57:36.000000000,UTIL_A,B2.63 Utility,2.63,7.0
RTLS_04890,Toiletstoel 2,equipment,2025-03-19 13:57:35.000000000,2025-03-19 13:58:04.000000000,UTIL_B,B2.75 Utility,2.75,29.0
RTLS_04054,Infuuspomp 2,equipment,2025-03-19 13:57:42.000000000,2025-03-19 13:58:17.000000000,UTIL_A,B2.63 Utility,2.63,35.0
RTLS_04989,Toiletstoel 3,equipment,2025-03-19 13:57:52.000000000,2025-03-19 13:58:28.000000000,STORAGE,B2.61 Opslag,2.61,36.0
RTLS_05299,Voedingspomp 3,equipment,2025-03-19 13:57:53.000000000,2025-03-19 13:58:14.000000000,UTIL_A,B2.63 Utility,2.63,21.0
RTLS_05404,Voedingspomp 4,equipment,2025-03-19 13:58:01.000000000,2025-03-19 13:58:15.000000000,UTIL_B,B2.75 Utility,2.75,14.0
RTLS_05195,Voedingspomp 2,equipment,2025-03-19 13:58:32.000000000,2025-03-19 13:58:53.000000000,UTIL_B,B2.75 Utility,2.75,21.0
RTLS_04154,Infuuspomp 3,equipment,2025-03-19 13:59:17.000000000,2025-03-19 13:59:43.000000000,UTIL_B,B2.75 Utility,2.75,26.0
RTLS_05511,Voedingspomp 5,equipment,2025-03-19 13:59:29.000000000,2025-03-19 13:59:40.000000000,UTIL_A,B2.63 Utility,2.63,11.0
RTLS_05300,Voedingspomp 3,equipment,2025-03-19 13:59:34.000000000,2025-03-19 13:59:42.000000000,UTIL_A,B2.63 Utility,2.63,8.0
RTLS_05095,Voedingspomp 1,equipment,2025-03-19 13:59:48.000000000,2025-03-19 14:00:08.000000000,UTIL_A,B2.63 Utility,2.63,20.0
RTLS_00102,EUREKA-VPL-001,nurse,2025-03-19 14:00:00.000000000,2025-03-19 14:00:21.688869724,ROOM_118,B2.60 2-bedskamer,2.60,21.688869
RTLS_00216,EUREKA-VPL-002,nurse,2025-03-19 14:00:00.000000000,2025-03-19 14:01:01.603823972,BATHROOM,B2.57 Stortbad,2.57,61.603823
RTLS_00283,EUREKA-VPL-003,nurse,2025-03-19 14:00:00.000000000,2025-03-19 14:00:33.720437348,NS_B,B2.71.01 Dienstplaats,2.71.01,33.720437
RTLS_03864,EUREKA-VPL-004,nurse,2025-03-19 14:00:00.000000000,2025-03-19 14:04:00.000000000,ROOM_112,B2.83 2-bedskamer,2.83,240.0
RTLS_00457,EUREKA-VPL-005,nurse,2025-03-19 14:00:00.000000000,2025-03-19 14:00:40.586680071,STORE_B,B2.59 Berging,2.59,40.58668
RTLS_00600,EUREKA-VPL-006,nurse,2025-03-19 14:00:00.000000000,2025-03-19 14:00:19.131245688,ROOM_104,B2.80 1-bedskamer,2.80,19.131245
RTLS_00761,EUREKA-VPL-007,nurse,2025-03-19 14:00:00.000000000,2025-03-19 14:09:00.000000000,UTIL_A,B2.63 Utility,2.63,540.0
RTLS_00897,EUREKA-VPL-008,nurse,2025-03-19 14:00:00.000000000,2025-03-19 14:11:15.000000000,STORE_A,B2.53 Berging,2.53,675.0
RTLS_01033,EUREKA-VPL-009,nurse,2025-03-19 14:00:00.000000000,2025-03-19 14:00:05.828534558,ROOM_116,B2.56 2-bedskamer,2.56,5.828534
RTLS_01210,EUREKA-VPL-010,nurse,2025-03-19 14:00:00.000000000,2025-03-19 14:07:30.000000000,PREP_A,B2.71.02 Voorbereiding,2.71.02,450.0
RTLS_01357,EUREKA-VPL-011,nurse,2025-03-19 14:00:00.000000000,2025-03-19 14:00:04.783674399,NS_A,B2.71 Open wacht,2.71,4.7836739999999995
RTLS_01445,EUREKA-VPL-012,nurse,2025-03-19 14:00:00.000000000,2025-03-19 14:00:12.278822735,ROOM_116,B2.56 2-bedskamer,2.56,12.278822
RTLS_01547,EUREKA-VPL-013,nurse,2025-03-19 14:00:00.000000000,2025-03-19 14:00:02.713906314,ROOM_110,B2.79 2-bedskamer,2.79,2.713906
RTLS_01707,EUREKA-VPL-014,nurse,2025-03-19 14:00:00.000000000,2025-03-19 14:01:05.578612541,KITCHEN,B2.77 Keuken,2.77,65.578612
RTLS_01839,EUREKA-VPL-015,nurse,2025-03-19 14:00:00.000000000,2025-03-19 14:00:55.653257857,ROOM_103,B2.78 1-bedskamer,2.78,55.653256999999996
RTLS_01974,EUREKA-VPL-016,nurse,2025-03-19 14:00:00.000000000,2025-03-19 14:00:28.364823821,BATH_B,B2.55 Badkamer,2.55,28.364823
RTLS_02137,EUREKA-VPL-017,nurse,2025-03-19 14:00:00.000000000,2025-03-19 14:00:40.886045696,ROOM_105,B2.82 1-bedskamer,2.82,40.886045
RTLS_02282,EUREKA-VPL-018,nurse,2025-03-19 14:00:00.000000000,2025-03-19 14:01:02.623875318,NS_A,B2.71 Open wacht,2.71,62.623875
RTLS_02483,EUREKA-VPL-019,nurse,2025-03-19 14:00:00.000000000,2025-03-19 14:00:11.527986508,ROOM_113,B2.84 1-bedskamer,2.84,11.527986
RTLS_02625,EUREKA-VPL-020,nurse,2025-03-19 14:00:00.000000000,2025-03-19 14:00:18.953536156,UTIL_B,B2.75 Utility,2.75,18.953536
RTLS_02750,EUREKA-VPL-021,nurse,2025-03-19 14:00:00.000000000,2025-03-19 14:00:58.933517377,ROOM_106,B2.62 2-bedskamer,2.62,58.933517
RTLS_02943,EUREKA-VPL-022,nurse,2025-03-19 14:00:00.000000000,2025-03-19 14:00:07.402604680,ROOM_113,B2.84 1-bedskamer,2.84,7.402604
RTLS_03128,EUREKA-VPL-023,nurse,2025-03-19 14:00:00.000000000,2025-03-19 14:02:22.409358950,KITCHEN,B2.77 Keuken,2.77,142.409358
RTLS_03313,EUREKA-VPL-024,nurse,2025-03-19 14:00:00.000000000,2025-03-19 14:00:32.318787251,ROOM_110,B2.79 2-bedskamer,2.79,32.318787
RTLS_03521,EUREKA-VPL-025,nurse,2025-03-19 14:00:00.000000000,2025-03-19 14:00:04.169753698,ROOM_106,B2.62 2-bedskamer,2.62,4.169753
RTLS_03757,EUREKA-VPL-026,nurse,2025-03-19 14:00:00.000000000,2025-03-19 14:00:22.257235779,KITCHEN,B2.77 Keuken,2.77,22.257235
RTLS_03865,Medicatiekar groen,equipment,2025-03-19 14:00:00.000000000,2025-03-19 14:04:00.000000000,ROOM_112,B2.83 2-bedskamer,2.83,240.0
RTLS_01548,EUREKA-VPL-013,nurse,2025-03-19 14:00:02.713906314,2025-03-19 14:00:11.187283875,STORE_B,B2.59 Berging,2.59,8.473377
RTLS_03522,EUREKA-VPL-025,nurse,2025-03-19 14:00:04.169753698,2025-03-19 14:00:08.359151927,UTIL_A,B2.63 Utility,2.63,4.189398
RTLS_01358,EUREKA-VPL-011,nurse,2025-03-19 14:00:04.783674399,2025-03-19 14:00:32.819955749,ROOM_107,B2.64 2-bedskamer,2.64,28.036281
RTLS_01034,EUREKA-VPL-009,nurse,2025-03-19 14:00:05.828534558,2025-03-19 14:00:09.437406792,STORAGE,B2.61 Opslag,2.61,3.608872
RTLS_02944,EUREKA-VPL-022,nurse,2025-03-19 14:00:07.402604680,2025-03-19 14:00:37.866598452,NS_A,B2.71 Open wacht,2.71,30.463993
RTLS_05405,Voedingspomp 4,equipment,2025-03-19 14:00:08.000000000,2025-03-19 14:00:18.000000000,UTIL_B,B2.75 Utility,2.75,10.0
RTLS_03523,EUREKA-VPL-025,nurse,2025-03-19 14:00:08.359151927,2025-03-19 14:00:21.243839863,KITCHEN,B2.77 Keuken,2.77,12.884687
RTLS_01035,EUREKA-VPL-009,nurse,2025-03-19 14:00:09.437406792,2025-03-19 14:00:15.565235661,ROOM_104,B2.80 1-bedskamer,2.80,6.127828
RTLS_04470,Bladderscan,equipment,2025-03-19 14:00:11.000000000,2025-03-19 14:00:25.000000000,UTIL_A,B2.63 Utility,2.63,14.0
RTLS_01549,EUREKA-VPL-013,nurse,2025-03-19 14:00:11.187283875,2025-03-19 14:00:13.534295824,BATH_B,B2.55 Badkamer,2.55,2.347011
RTLS_02484,EUREKA-VPL-019,nurse,2025-03-19 14:00:11.527986508,2025-03-19 14:00:16.648274079,ROOM_111,B2.81 2-bedskamer,2.81,5.120287
RTLS_01446,EUREKA-VPL-012,nurse,2025-03-19 14:00:12.278822735,2025-03-19 14:22:37.674264110,PREP_A,B2.71.02 Voorbereiding,2.71.02,1345.395441
RTLS_01550,EUREKA-VPL-013,nurse,2025-03-19 14:00:13.534295824,2025-03-19 14:00:40.224432471,ROOM_111,B2.81 2-bedskamer,2.81,26.690136
RTLS_01036,EUREKA-VPL-009,nurse,2025-03-19 14:00:15.565235661,2025-03-19 14:01:57.724518443,ROOM_108,B2.66 2-bedskamer,2.66,102.159282
RTLS_02485,EUREKA-VPL-019,nurse,2025-03-19 14:00:16.648274079,2025-03-19 14:00:49.715635422,ROOM_115,B2.58 2-bedskamer,2.58,33.067361
RTLS_02626,EUREKA-VPL-020,nurse,2025-03-19 14:00:18.953536156,2025-03-19 14:01:06.767735220,BATH_B,B2.55 Badkamer,2.55,47.814199
RTLS_00601,EUREKA-VPL-006,nurse,2025-03-19 14:00:19.131245688,2025-03-19 14:00:21.934906322,PREP_A,B2.71.02 Voorbereiding,2.71.02,2.80366
RTLS_03524,EUREKA-VPL-025,nurse,2025-03-19 14:00:21.243839863,2025-03-19 14:00:30.772639854,ROOM_107,B2.64 2-bedskamer,2.64,9.528799
RTLS_00103,EUREKA-VPL-001,nurse,2025-03-19 14:00:21.688869724,2025-03-19 14:00:24.768031023,ROOM_115,B2.58 2-bedskamer,2.58,3.079161
RTLS_00602,EUREKA-VPL-006,nurse,2025-03-19 14:00:21.934906322,2025-03-19 14:00:34.260689506,ROOM_105,B2.82 1-bedskamer,2.82,12.325783
RTLS_03758,EUREKA-VPL-026,nurse,2025-03-19 14:00:22.257235779,2025-03-19 14:00:29.893804117,UTIL_A,B2.63 Utility,2.63,7.6365680000000005
RTLS_04055,Infuuspomp 2,equipment,2025-03-19 14:00:24.000000000,2025-03-19 14:00:46.000000000,UTIL_A,B2.63 Utility,2.63,22.0
RTLS_00104,EUREKA-VPL-001,nurse,2025-03-19 14:00:24.768031023,2025-03-19 14:00:29.434505300,KITCHEN,B2.77 Keuken,2.77,4.666474
RTLS_01975,EUREKA-VPL-016,nurse,2025-03-19 14:00:28.364823821,2025-03-19 14:00:54.864668842,BATH_B,B2.55 Badkamer,2.55,26.499845
RTLS_04677,Glucosemeter 2,equipment,2025-03-19 14:00:29.000000000,2025-03-19 14:00:52.000000000,NS_B,B2.71.01 Dienstplaats,2.71.01,23.0
RTLS_00105,EUREKA-VPL-001,nurse,2025-03-19 14:00:29.434505300,2025-03-19 14:11:38.915535425,NS_B,B2.71.01 Dienstplaats,2.71.01,669.48103
RTLS_03759,EUREKA-VPL-026,nurse,2025-03-19 14:00:29.893804117,2025-03-19 14:00:59.798778866,ROOM_106,B2.62 2-bedskamer,2.62,29.904974
RTLS_03525,EUREKA-VPL-025,nurse,2025-03-19 14:00:30.772639854,2025-03-19 14:00:59.560755552,ROOM_104,B2.80 1-bedskamer,2.80,28.788115
RTLS_03314,EUREKA-VPL-024,nurse,2025-03-19 14:00:32.318787251,2025-03-19 14:01:02.713560963,KITCHEN,B2.77 Keuken,2.77,30.394773
RTLS_01359,EUREKA-VPL-011,nurse,2025-03-19 14:00:32.819955749,2025-03-19 14:01:45.779502362,KITCHEN,B2.77 Keuken,2.77,72.959546
RTLS_04891,Toiletstoel 2,equipment,2025-03-19 14:00:33.000000000,2025-03-19 14:00:40.000000000,UTIL_B,B2.75 Utility,2.75,7.0
RTLS_00284,EUREKA-VPL-003,nurse,2025-03-19 14:00:33.720437348,2025-03-19 14:01:33.705759234,NS_B,B2.71.01 Dienstplaats,2.71.01,59.985321
RTLS_00603,EUREKA-VPL-006,nurse,2025-03-19 14:00:34.260689506,2025-03-19 14:01:21.889239552,KITCHEN,B2.77 Keuken,2.77,47.62855
RTLS_02945,EUREKA-VPL-022,nurse,2025-03-19 14:00:37.866598452,2025-03-19 14:00:43.306976922,ROOM_115,B2.58 2-bedskamer,2.58,5.440378
RTLS_01551,EUREKA-VPL-013,nurse,2025-03-19 14:00:40.224432471,2025-03-19 14:03:49.591057634,ROOM_118,B2.60 2-bedskamer,2.60,189.366625
RTLS_00458,EUREKA-VPL-005,nurse,2025-03-19 14:00:40.586680071,2025-03-19 14:00:48.205452919,NS_A,B2.71 Open wacht,2.71,7.618772
RTLS_02138,EUREKA-VPL-017,nurse,2025-03-19 14:00:40.886045696,2025-03-19 14:00:52.486362588,KITCHEN,B2.77 Keuken,2.77,11.600316
RTLS_02946,EUREKA-VPL-022,nurse,2025-03-19 14:00:43.306976922,2025-03-19 14:00:52.242660789,KITCHEN,B2.77 Keuken,2.77,8.935683000000001
RTLS_03950,Infuuspomp 1,equipment,2025-03-19 14:00:44.000000000,2025-03-19 14:00:55.000000000,UTIL_A,B2.63 Utility,2.63,11.0
RTLS_00459,EUREKA-VPL-005,nurse,2025-03-19 14:00:48.205452919,2025-03-19 14:00:54.362816063,BATHROOM,B2.57 Stortbad,2.57,6.157363
RTLS_02486,EUREKA-VPL-019,nurse,2025-03-19 14:00:49.715635422,2025-03-19 14:01:06.904364197,KITCHEN,B2.77 Keuken,2.77,17.188728
RTLS_02947,EUREKA-VPL-022,nurse,2025-03-19 14:00:52.242660789,2025-03-19 14:00:57.284925788,STORAGE,B2.61 Opslag,2.61,5.042264
RTLS_02139,EUREKA-VPL-017,nurse,2025-03-19 14:00:52.486362588,2025-03-19 14:06:19.098354203,NS_A,B2.71 Open wacht,2.71,326.611991
RTLS_00460,EUREKA-VPL-005,nurse,2025-03-19 14:00:54.362816063,2025-03-19 14:17:01.354775063,ROOM_116,B2.56 2-bedskamer,2.56,966.991959
RTLS_01976,EUREKA-VPL-016,nurse,2025-03-19 14:00:54.864668842,2025-03-19 14:01:12.588124419,ROOM_102,B2.76 1-bedskamer,2.76,17.723455
RTLS_01840,EUREKA-VPL-015,nurse,2025-03-19 14:00:55.653257857,2025-03-19 14:00:57.651229223,ROOM_114,B2.85 2-bedskamer,2.85,1.9979710000000002
RTLS_02948,EUREKA-VPL-022,nurse,2025-03-19 14:00:57.284925788,2025-03-19 14:01:24.020631034,ROOM_115,B2.58 2-bedskamer,2.58,26.735705
RTLS_01841,EUREKA-VPL-015,nurse,2025-03-19 14:00:57.651229223,2025-03-19 14:01:02.204971546,ROOM_110,B2.79 2-bedskamer,2.79,4.553742
RTLS_02751,EUREKA-VPL-021,nurse,2025-03-19 14:00:58.933517377,2025-03-19 14:01:38.037803123,UTIL_A,B2.63 Utility,2.63,39.104285
RTLS_03526,EUREKA-VPL-025,nurse,2025-03-19 14:00:59.560755552,2025-03-19 14:01:21.151259456,ROOM_101,B2.74 1-bedskamer,2.74,21.590503
RTLS_03760,EUREKA-VPL-026,nurse,2025-03-19 14:00:59.798778866,2025-03-19 14:01:49.767171426,STORE_B,B2.59 Berging,2.59,49.968392
RTLS_00217,EUREKA-VPL-002,nurse,2025-03-19 14:01:01.603823972,2025-03-19 14:01:02.603823972,UTIL_B,B2.75 Utility,2.75,1.0
RTLS_01842,EUREKA-VPL-015,nurse,2025-03-19 14:01:02.204971546,2025-03-19 14:04:40.207618771,ROOM_107,B2.64 2-bedskamer,2.64,218.002647
RTLS_00218,EUREKA-VPL-002,nurse,2025-03-19 14:01:02.603823972,2025-03-19 14:01:24.545891932,ROOM_113,B2.84 1-bedskamer,2.84,21.942067
RTLS_02283,EUREKA-VPL-018,nurse,2025-03-19 14:01:02.623875318,2025-03-19 14:05:16.846899185,NS_A,B2.71 Open wacht,2.71,254.223023
RTLS_03315,EUREKA-VPL-024,nurse,2025-03-19 14:01:02.713560963,2025-03-19 14:01:36.802969480,ROOM_111,B2.81 2-bedskamer,2.81,34.089408
RTLS_01708,EUREKA-VPL-014,nurse,2025-03-19 14:01:05.578612541,2025-03-19 14:01:56.499204979,STORE_C,B2.65 Berging,2.65,50.920592
RTLS_02627,EUREKA-VPL-020,nurse,2025-03-19 14:01:06.767735220,2025-03-19 14:02:08.047282758,UTIL_A,B2.63 Utility,2.63,61.279547
RTLS_02487,EUREKA-VPL-019,nurse,2025-03-19 14:01:06.904364197,2025-03-19 14:03:29.582783535,BATH_B,B2.55 Badkamer,2.55,142.678419
RTLS_01977,EUREKA-VPL-016,nurse,2025-03-19 14:01:12.588124419,2025-03-19 14:01:47.385201306,KITCHEN,B2.77 Keuken,2.77,34.797076
RTLS_03527,EUREKA-VPL-025,nurse,2025-03-19 14:01:21.151259456,2025-03-19 14:01:56.438695819,ROOM_116,B2.56 2-bedskamer,2.56,35.287436
RTLS_00604,EUREKA-VPL-006,nurse,2025-03-19 14:01:21.889239552,2025-03-19 14:12:21.535007052,PREP_B,B2.71.02 Voorbereiding,2.71.02,659.645767
RTLS_02949,EUREKA-VPL-022,nurse,2025-03-19 14:01:24.020631034,2025-03-19 14:09:46.303397891,ROOM_104,B2.80 1-bedskamer,2.80,502.282766
RTLS_00219,EUREKA-VPL-002,nurse,2025-03-19 14:01:24.545891932,2025-03-19 14:02:05.031253065,ROOM_104,B2.80 1-bedskamer,2.80,40.485361
RTLS_00285,EUREKA-VPL-003,nurse,2025-03-19 14:01:33.705759234,2025-03-19 14:01:35.898934365,ROOM_110,B2.79 2-bedskamer,2.79,2.193175
RTLS_00286,EUREKA-VPL-003,nurse,2025-03-19 14:01:35.898934365,2025-03-19 14:01:38.391529938,ROOM_117,B2.54 2-bedskamer,2.54,2.492595
RTLS_03316,EUREKA-VPL-024,nurse,2025-03-19 14:01:36.802969480,2025-03-19 14:01:37.802969480,UTIL_B,B2.75 Utility,2.75,1.0
RTLS_03317,EUREKA-VPL-024,nurse,2025-03-19 14:01:37.802969480,2025-03-19 14:02:26.820303299,ROOM_116,B2.56 2-bedskamer,2.56,49.017333
RTLS_02752,EUREKA-VPL-021,nurse,2025-03-19 14:01:38.037803123,2025-03-19 14:04:16.731277632,KITCHEN,B2.77 Keuken,2.77,158.693474
RTLS_00287,EUREKA-VPL-003,nurse,2025-03-19 14:01:38.391529938,2025-03-19 14:01:50.184699854,ROOM_116,B2.56 2-bedskamer,2.56,11.793169
RTLS_01360,EUREKA-VPL-011,nurse,2025-03-19 14:01:45.779502362,2025-03-19 14:02:27.828009572,NS_B,B2.71.01 Dienstplaats,2.71.01,42.048507
RTLS_01978,EUREKA-VPL-016,nurse,2025-03-19 14:01:47.385201306,2025-03-19 14:03:08.901008908,NS_B,B2.71.01 Dienstplaats,2.71.01,81.515807
RTLS_03761,EUREKA-VPL-026,nurse,2025-03-19 14:01:49.767171426,2025-03-19 14:02:06.398504811,KITCHEN,B2.77 Keuken,2.77,16.631333
RTLS_00288,EUREKA-VPL-003,nurse,2025-03-19 14:01:50.184699854,2025-03-19 14:01:51.184699854,ROOM_104,B2.80 1-bedskamer,2.80,1.0
RTLS_00289,EUREKA-VPL-003,nurse,2025-03-19 14:01:51.184699854,2025-03-19 14:02:27.715741962,ROOM_112,B2.83 2-bedskamer,2.83,36.531042
RTLS_03528,EUREKA-VPL-025,nurse,2025-03-19 14:01:56.438695819,2025-03-19 14:02:16.091719999,ROOM_113,B2.84 1-bedskamer,2.84,19.653024
RTLS_01709,EUREKA-VPL-014,nurse,2025-03-19 14:01:56.499204979,2025-03-19 14:03:58.946420919,NS_B,B2.71.01 Dienstplaats,2.71.01,122.447215
RTLS_01037,EUREKA-VPL-009,nurse,2025-03-19 14:01:57.724518443,2025-03-19 14:09:36.710084610,PREP_B,B2.71.02 Voorbereiding,2.71.02,458.985566
RTLS_04260,Infuuspomp 4,equipment,2025-03-19 14:02:00.000000000,2025-03-19 14:02:12.000000000,UTIL_B,B2.75 Utility,2.75,12.0
RTLS_00220,EUREKA-VPL-002,nurse,2025-03-19 14:02:05.031253065,2025-03-19 14:02:14.448053736,KITCHEN,B2.77 Keuken,2.77,9.4168
RTLS_05512,Voedingspomp 5,equipment,2025-03-19 14:02:06.000000000,2025-03-19 14:02:26.000000000,UTIL_A,B2.63 Utility,2.63,20.0
RTLS_03762,EUREKA-VPL-026,nurse,2025-03-19 14:02:06.398504811,2025-03-19 14:02:07.398504811,STORE_A,B2.53 Berging,2.53,1.0
RTLS_04783,Toiletstoel 1,equipment,2025-03-19 14:02:07.000000000,2025-03-19 14:02:22.000000000,UTIL_A,B2.63 Utility,2.63,15.0
RTLS_05196,Voedingspomp 2,equipment,2025-03-19 14:02:07.000000000,2025-03-19 14:02:17.000000000,UTIL_B,B2.75 Utility,2.75,10.0
RTLS_03763,EUREKA-VPL-026,nurse,2025-03-19 14:02:07.398504811,2025-03-19 14:06:41.692672615,STORE_C,B2.65 Berging,2.65,274.294167
RTLS_02628,EUREKA-VPL-020,nurse,2025-03-19 14:02:08.047282758,2025-03-19 14:05:53.714620416,STORE_A,B2.53 Berging,2.53,225.667337
RTLS_00221,EUREKA-VPL-002,nurse,2025-03-19 14:02:14.448053736,2025-03-19 14:23:54.030033486,STORE_C,B2.65 Berging,2.65,1299.581979
RTLS_03529,EUREKA-VPL-025,nurse,2025-03-19 14:02:16.091719999,2025-03-19 14:02:32.368099061,ROOM_107,B2.64 2-bedskamer,2.64,16.276379
RTLS_03129,EUREKA-VPL-023,nurse,2025-03-19 14:02:22.409358950,2025-03-19 14:02:34.883699219,ROOM_117,B2.54 2-bedskamer,2.54,12.47434
RTLS_03318,EUREKA-VPL-024,nurse,2025-03-19 14:02:26.820303299,2025-03-19 14:05:32.930351457,ROOM_108,B2.66 2-bedskamer,2.66,186.110048
RTLS_01361,EUREKA-VPL-011,nurse,2025-03-19 14:02:27.828009572,2025-03-19 14:02:43.732664356,STORE_A,B2.53 Berging,2.53,15.904654
RTLS_03530,EUREKA-VPL-025,nurse,2025-03-19 14:02:32.368099061,2025-03-19 14:03:06.857994268,ROOM_115,B2.58 2-bedskamer,2.58,34.489895
RTLS_03130,EUREKA-VPL-023,nurse,2025-03-19 14:02:34.883699219,2025-03-19 14:02:59.133429902,ROOM_110,B2.79 2-bedskamer,2.79,24.24973
RTLS_04576,Glucosemeter 1,equipment,2025-03-19 14:02:37.000000000,2025-03-19 14:03:12.000000000,NS_A,B2.71 Open wacht,2.71,35.0
RTLS_01362,EUREKA-VPL-011,nurse,2025-03-19 14:02:43.732664356,2025-03-19 14:02:58.470261164,KITCHEN,B2.77 Keuken,2.77,14.737596
RTLS_01363,EUREKA-VPL-011,nurse,2025-03-19 14:02:58.470261164,2025-03-19 14:03:13.700872788,ROOM_115,B2.58 2-bedskamer,2.58,15.230611
RTLS_03131,EUREKA-VPL-023,nurse,2025-03-19 14:02:59.133429902,2025-03-19 14:03:18.612844858,ROOM_114,B2.85 2-bedskamer,2.85,19.479414
RTLS_03531,EUREKA-VPL-025,nurse,2025-03-19 14:03:06.857994268,2025-03-19 14:03:33.480355737,KITCHEN,B2.77 Keuken,2.77,26.622361
RTLS_01979,EUREKA-VPL-016,nurse,2025-03-19 14:03:08.901008908,2025-03-19 14:03:36.316044311,ROOM_115,B2.58 2-bedskamer,2.58,27.415035
RTLS_05096,Voedingspomp 1,equipment,2025-03-19 14:03:13.000000000,2025-03-19 14:03:32.000000000,UTIL_A,B2.63 Utility,2.63,19.0
RTLS_01364,EUREKA-VPL-011,nurse,2025-03-19 14:03:13.700872788,2025-03-19 14:03:44.418674602,KITCHEN,B2.77 Keuken,2.77,30.717801
RTLS_05301,Voedingspomp 3,equipment,2025-03-19 14:03:15.000000000,2025-03-19 14:03:26.000000000,UTIL_A,B2.63 Utility,2.63,11.0
RTLS_03132,EUREKA-VPL-023,nurse,2025-03-19 14:03:18.612844858,2025-03-19 14:03:55.407662724,NS_B,B2.71.01 Dienstplaats,2.71.01,36.794817
RTLS_02488,EUREKA-VPL-019,nurse,2025-03-19 14:03:29.582783535,2025-03-19 14:03:33.546481074,KITCHEN,B2.77 Keuken,2.77,3.963697
RTLS_03532,EUREKA-VPL-025,nurse,2025-03-19 14:03:33.480355737,2025-03-19 14:04:17.211767493,ROOM_117,B2.54 2-bedskamer,2.54,43.731411
RTLS_02489,EUREKA-VPL-019,nurse,2025-03-19 14:03:33.546481074,2025-03-19 14:03:57.951473009,ROOM_104,B2.80 1-bedskamer,2.80,24.404991
RTLS_04892,Toiletstoel 2,equipment,2025-03-19 14:03:36.000000000,2025-03-19 14:04:13.000000000,UTIL_B,B2.75 Utility,2.75,37.0
RTLS_01980,EUREKA-VPL-016,nurse,2025-03-19 14:03:36.316044311,2025-03-19 14:03:42.785660488,ROOM_102,B2.76 1-bedskamer,2.76,6.469616
RTLS_01981,EUREKA-VPL-016,nurse,2025-03-19 14:03:42.785660488,2025-03-19 14:03:56.645320279,KITCHEN,B2.77 Keuken,2.77,13.859659
RTLS_01365,EUREKA-VPL-011,nurse,2025-03-19 14:03:44.418674602,2025-03-19 14:04:10.715284509,ROOM_101,B2.74 1-bedskamer,2.74,26.296609
RTLS_04362,Spuitaandrijver,equipment,2025-03-19 14:03:47.000000000,2025-03-19 14:03:55.000000000,UTIL_B,B2.75 Utility,2.75,8.0
RTLS_01552,EUREKA-VPL-013,nurse,2025-03-19 14:03:49.591057634,2025-03-19 14:05:13.034448749,ROOM_114,B2.85 2-bedskamer,2.85,83.443391
RTLS_03133,EUREKA-VPL-023,nurse,2025-03-19 14:03:55.407662724,2025-03-19 14:14:26.268725911,NS_B,B2.71.01 Dienstplaats,2.71.01,630.861063
RTLS_01982,EUREKA-VPL-016,nurse,2025-03-19 14:03:56.645320279,2025-03-19 14:04:13.431017282,NS_B,B2.71.01 Dienstplaats,2.71.01,16.785697
RTLS_02490,EUREKA-VPL-019,nurse,2025-03-19 14:03:57.951473009,2025-03-19 14:04:47.011226100,ROOM_106,B2.62 2-bedskamer,2.62,49.059753
RTLS_03951,Infuuspomp 1,equipment,2025-03-19 14:03:58.000000000,2025-03-19 14:04:09.000000000,UTIL_A,B2.63 Utility,2.63,11.0
RTLS_01710,EUREKA-VPL-014,nurse,2025-03-19 14:03:58.946420919,2025-03-19 14:04:15.902021306,PREP_B,B2.71.02 Voorbereiding,2.71.02,16.9556
RTLS_01366,EUREKA-VPL-011,nurse,2025-03-19 14:04:10.715284509,2025-03-19 14:04:19.729850414,NS_B,B2.71.01 Dienstplaats,2.71.01,9.014565
RTLS_01983,EUREKA-VPL-016,nurse,2025-03-19 14:04:13.431017282,2025-03-19 14:22:48.954011282,PREP_B,B2.71.02 Voorbereiding,2.71.02,1115.522994
RTLS_01711,EUREKA-VPL-014,nurse,2025-03-19 14:04:15.902021306,2025-03-19 14:04:34.371969473,NS_B,B2.71.01 Dienstplaats,2.71.01,18.469948
RTLS_02753,EUREKA-VPL-021,nurse,2025-03-19 14:04:16.731277632,2025-03-19 14:04:45.624775450,BATHROOM,B2.57 Stortbad,2.57,28.893497
RTLS_03533,EUREKA-VPL-025,nurse,2025-03-19 14:04:17.211767493,2025-03-19 14:04:30.235776173,KITCHEN,B2.77 Keuken,2.77,13.024008
RTLS_01367,EUREKA-VPL-011,nurse,2025-03-19 14:04:19.729850414,2025-03-19 14:04:23.541770633,ROOM_114,B2.85 2-bedskamer,2.85,3.8119199999999998
RTLS_01368,EUREKA-VPL-011,nurse,2025-03-19 14:04:23.541770633,2025-03-19 14:11:11.643417974,NS_B,B2.71.01 Dienstplaats,2.71.01,408.101647
RTLS_03534,EUREKA-VPL-025,nurse,2025-03-19 14:04:30.235776173,2025-03-19 14:04:37.542903571,NS_B,B2.71.01 Dienstplaats,2.71.01,7.307127
RTLS_01712,EUREKA-VPL-014,nurse,2025-03-19 14:04:34.371969473,2025-03-19 14:13:48.643307806,PREP_B,B2.71.02 Voorbereiding,2.71.02,554.271338
RTLS_03535,EUREKA-VPL-025,nurse,2025-03-19 14:04:37.542903571,2025-03-19 14:04:47.115012643,ROOM_110,B2.79 2-bedskamer,2.79,9.572109
RTLS_01843,EUREKA-VPL-015,nurse,2025-03-19 14:04:40.207618771,2025-03-19 14:05:36.571566255,ROOM_105,B2.82 1-bedskamer,2.82,56.363947
RTLS_02754,EUREKA-VPL-021,nurse,2025-03-19 14:04:45.624775450,2025-03-19 14:09:25.031117410,NS_A,B2.71 Open wacht,2.71,279.406341
RTLS_02491,EUREKA-VPL-019,nurse,2025-03-19 14:04:47.011226100,2025-03-19 14:05:57.311986623,ROOM_116,B2.56 2-bedskamer,2.56,70.30076
RTLS_03536,EUREKA-VPL-025,nurse,2025-03-19 14:04:47.115012643,2025-03-19 14:06:25.271243565,KITCHEN,B2.77 Keuken,2.77,98.15623
RTLS_04471,Bladderscan,equipment,2025-03-19 14:05:00.000000000,2025-03-19 14:05:12.000000000,UTIL_A,B2.63 Utility,2.63,12.0
RTLS_04261,Infuuspomp 4,equipment,2025-03-19 14:05:04.000000000,2025-03-19 14:05:24.000000000,UTIL_B,B2.75 Utility,2.75,20.0
RTLS_05406,Voedingspomp 4,equipment,2025-03-19 14:05:09.000000000,2025-03-19 14:05:24.000000000,UTIL_B,B2.75 Utility,2.75,15.0
RTLS_01553,EUREKA-VPL-013,nurse,2025-03-19 14:05:13.034448749,2025-03-19 14:06:21.986925310,ROOM_108,B2.66 2-bedskamer,2.66,68.952476
RTLS_02284,EUREKA-VPL-018,nurse,2025-03-19 14:05:16.846899185,2025-03-19 14:05:44.469152299,ROOM_101,B2.74 1-bedskamer,2.74,27.622253
RTLS_05513,Voedingspomp 5,equipment,2025-03-19 14:05:24.000000000,2025-03-19 14:05:55.000000000,UTIL_A,B2.63 Utility,2.63,31.0
RTLS_04990,Toiletstoel 3,equipment,2025-03-19 14:05:29.000000000,2025-03-19 14:05:54.000000000,STORAGE,B2.61 Opslag,2.61,25.0
RTLS_03319,EUREKA-VPL-024,nurse,2025-03-19 14:05:32.930351457,2025-03-19 14:06:27.459860282,ROOM_105,B2.82 1-bedskamer,2.82,54.529508
RTLS_01844,EUREKA-VPL-015,nurse,2025-03-19 14:05:36.571566255,2025-03-19 14:06:01.773922994,KITCHEN,B2.77 Keuken,2.77,25.202356
RTLS_02285,EUREKA-VPL-018,nurse,2025-03-19 14:05:44.469152299,2025-03-19 14:06:05.247393475,KITCHEN,B2.77 Keuken,2.77,20.778241
RTLS_02629,EUREKA-VPL-020,nurse,2025-03-19 14:05:53.714620416,2025-03-19 14:05:54.714620416,KITCHEN,B2.77 Keuken,2.77,1.0
RTLS_02630,EUREKA-VPL-020,nurse,2025-03-19 14:05:54.714620416,2025-03-19 14:08:38.186769536,ROOM_111,B2.81 2-bedskamer,2.81,163.472149
RTLS_02492,EUREKA-VPL-019,nurse,2025-03-19 14:05:57.311986623,2025-03-19 14:14:03.715188573,STORE_A,B2.53 Berging,2.53,486.403201
RTLS_05097,Voedingspomp 1,equipment,2025-03-19 14:05:58.000000000,2025-03-19 14:06:12.000000000,UTIL_A,B2.63 Utility,2.63,14.0
RTLS_01845,EUREKA-VPL-015,nurse,2025-03-19 14:06:01.773922994,2025-03-19 14:06:19.157347108,ROOM_111,B2.81 2-bedskamer,2.81,17.383424
RTLS_02286,EUREKA-VPL-018,nurse,2025-03-19 14:06:05.247393475,2025-03-19 14:18:31.728764090,UTIL_A,B2.63 Utility,2.63,746.48137
RTLS_04056,Infuuspomp 2,equipment,2025-03-19 14:06:11.000000000,2025-03-19 14:06:44.000000000,UTIL_A,B2.63 Utility,2.63,33.0
RTLS_04678,Glucosemeter 2,equipment,2025-03-19 14:06:16.000000000,2025-03-19 14:06:38.000000000,NS_B,B2.71.01 Dienstplaats,2.71.01,22.0
RTLS_02140,EUREKA-VPL-017,nurse,2025-03-19 14:06:19.098354203,2025-03-19 14:06:33.127488729,ROOM_106,B2.62 2-bedskamer,2.62,14.029134
RTLS_01846,EUREKA-VPL-015,nurse,2025-03-19 14:06:19.157347108,2025-03-19 14:08:21.406043511,ROOM_102,B2.76 1-bedskamer,2.76,122.248696
RTLS_01554,EUREKA-VPL-013,nurse,2025-03-19 14:06:21.986925310,2025-03-19 14:07:02.662097152,ROOM_104,B2.80 1-bedskamer,2.80,40.675171
RTLS_03537,EUREKA-VPL-025,nurse,2025-03-19 14:06:25.271243565,2025-03-19 14:07:42.206228777,UTIL_B,B2.75 Utility,2.75,76.934985
RTLS_03320,EUREKA-VPL-024,nurse,2025-03-19 14:06:27.459860282,2025-03-19 14:06:30.639432641,ROOM_114,B2.85 2-bedskamer,2.85,3.179572
RTLS_03321,EUREKA-VPL-024,nurse,2025-03-19 14:06:30.639432641,2025-03-19 14:07:59.755288654,KITCHEN,B2.77 Keuken,2.77,89.115856
RTLS_02141,EUREKA-VPL-017,nurse,2025-03-19 14:06:33.127488729,2025-03-19 14:06:46.653692573,ROOM_116,B2.56 2-bedskamer,2.56,13.526203
RTLS_03764,EUREKA-VPL-026,nurse,2025-03-19 14:06:41.692672615,2025-03-19 14:07:04.312479004,ROOM_118,B2.60 2-bedskamer,2.60,22.619806
RTLS_04262,Infuuspomp 4,equipment,2025-03-19 14:06:43.000000000,2025-03-19 14:06:50.000000000,UTIL_B,B2.75 Utility,2.75,7.0
RTLS_02142,EUREKA-VPL-017,nurse,2025-03-19 14:06:46.653692573,2025-03-19 14:06:47.653692573,ROOM_110,B2.79 2-bedskamer,2.79,1.0
RTLS_02143,EUREKA-VPL-017,nurse,2025-03-19 14:06:47.653692573,2025-03-19 14:07:07.124739522,ROOM_117,B2.54 2-bedskamer,2.54,19.471046
RTLS_01555,EUREKA-VPL-013,nurse,2025-03-19 14:07:02.662097152,2025-03-19 14:07:20.471424115,ROOM_101,B2.74 1-bedskamer,2.74,17.809326
RTLS_03765,EUREKA-VPL-026,nurse,2025-03-19 14:07:04.312479004,2025-03-19 14:07:29.713922699,KITCHEN,B2.77 Keuken,2.77,25.401443
RTLS_04155,Infuuspomp 3,equipment,2025-03-19 14:07:06.000000000,2025-03-19 14:07:19.000000000,UTIL_B,B2.75 Utility,2.75,13.0
RTLS_02144,EUREKA-VPL-017,nurse,2025-03-19 14:07:07.124739522,2025-03-19 14:08:27.255103402,ROOM_103,B2.78 1-bedskamer,2.78,80.130363
RTLS_03952,Infuuspomp 1,equipment,2025-03-19 14:07:12.000000000,2025-03-19 14:07:46.000000000,UTIL_A,B2.63 Utility,2.63,34.0
RTLS_01556,EUREKA-VPL-013,nurse,2025-03-19 14:07:20.471424115,2025-03-19 14:07:27.300228122,ROOM_103,B2.78 1-bedskamer,2.78,6.828804
RTLS_01557,EUREKA-VPL-013,nurse,2025-03-19 14:07:27.300228122,2025-03-19 14:07:52.252609451,ROOM_116,B2.56 2-bedskamer,2.56,24.952381
RTLS_05197,Voedingspomp 2,equipment,2025-03-19 14:07:28.000000000,2025-03-19 14:07:59.000000000,UTIL_B,B2.75 Utility,2.75,31.0
RTLS_03766,EUREKA-VPL-026,nurse,2025-03-19 14:07:29.713922699,2025-03-19 14:08:15.106756008,ROOM_103,B2.78 1-bedskamer,2.78,45.392833
RTLS_01211,EUREKA-VPL-010,nurse,2025-03-19 14:07:30.000000000,2025-03-19 14:10:06.794765107,NS_A,B2.71 Open wacht,2.71,156.794765
RTLS_03538,EUREKA-VPL-025,nurse,2025-03-19 14:07:42.206228777,2025-03-19 14:07:51.062172574,KITCHEN,B2.77 Keuken,2.77,8.855943
RTLS_04784,Toiletstoel 1,equipment,2025-03-19 14:07:44.000000000,2025-03-19 14:08:17.000000000,UTIL_A,B2.63 Utility,2.63,33.0
RTLS_03539,EUREKA-VPL-025,nurse,2025-03-19 14:07:51.062172574,2025-03-19 14:09:34.951805902,NS_A,B2.71 Open wacht,2.71,103.889633
RTLS_01558,EUREKA-VPL-013,nurse,2025-03-19 14:07:52.252609451,2025-03-19 14:08:19.894306746,NS_B,B2.71.01 Dienstplaats,2.71.01,27.641697
RTLS_03322,EUREKA-VPL-024,nurse,2025-03-19 14:07:59.755288654,2025-03-19 14:08:39.110577885,NS_A,B2.71 Open wacht,2.71,39.355289
RTLS_05514,Voedingspomp 5,equipment,2025-03-19 14:08:14.000000000,2025-03-19 14:08:32.000000000,UTIL_A,B2.63 Utility,2.63,18.0
RTLS_03767,EUREKA-VPL-026,nurse,2025-03-19 14:08:15.106756008,2025-03-19 14:12:47.989346555,ROOM_116,B2.56 2-bedskamer,2.56,272.88259
RTLS_01559,EUREKA-VPL-013,nurse,2025-03-19 14:08:19.894306746,2025-03-19 14:08:22.509283869,ROOM_103,B2.78 1-bedskamer,2.78,2.614977
RTLS_05302,Voedingspomp 3,equipment,2025-03-19 14:08:21.000000000,2025-03-19 14:08:30.000000000,UTIL_A,B2.63 Utility,2.63,9.0
RTLS_01847,EUREKA-VPL-015,nurse,2025-03-19 14:08:21.406043511,2025-03-19 14:08:43.504474709,ROOM_110,B2.79 2-bedskamer,2.79,22.098431
RTLS_01560,EUREKA-VPL-013,nurse,2025-03-19 14:08:22.509283869,2025-03-19 14:08:27.694459404,ROOM_114,B2.85 2-bedskamer,2.85,5.185175
RTLS_02145,EUREKA-VPL-017,nurse,2025-03-19 14:08:27.255103402,2025-03-19 14:13:17.471291629,NS_A,B2.71 Open wacht,2.71,290.216188
RTLS_02631,EUREKA-VPL-020,nurse,2025-03-19 14:08:38.186769536,2025-03-19 14:08:54.068062150,ROOM_112,B2.83 2-bedskamer,2.83,15.881292
RTLS_03323,EUREKA-VPL-024,nurse,2025-03-19 14:08:39.110577885,2025-03-19 14:09:18.092803850,STORE_A,B2.53 Berging,2.53,38.982225
RTLS_01848,EUREKA-VPL-015,nurse,2025-03-19 14:08:43.504474709,2025-03-19 14:08:54.683507729,ROOM_109,B2.68 2-bedskamer,2.68,11.179033
RTLS_04893,Toiletstoel 2,equipment,2025-03-19 14:08:47.000000000,2025-03-19 14:08:53.000000000,UTIL_B,B2.75 Utility,2.75,6.0
RTLS_02632,EUREKA-VPL-020,nurse,2025-03-19 14:08:54.068062150,2025-03-19 14:08:58.559817677,ROOM_114,B2.85 2-bedskamer,2.85,4.491755
RTLS_01849,EUREKA-VPL-015,nurse,2025-03-19 14:08:54.683507729,2025-03-19 14:09:02.085755423,KITCHEN,B2.77 Keuken,2.77,7.402247
RTLS_02633,EUREKA-VPL-020,nurse,2025-03-19 14:08:58.559817677,2025-03-19 14:09:33.660317593,ROOM_110,B2.79 2-bedskamer,2.79,35.100499
RTLS_00762,EUREKA-VPL-007,nurse,2025-03-19 14:09:00.000000000,2025-03-19 14:09:01.213880085,KITCHEN,B2.77 Keuken,2.77,1.21388
RTLS_00763,EUREKA-VPL-007,nurse,2025-03-19 14:09:01.213880085,2025-03-19 14:17:31.011566584,PREP_A,B2.71.02 Voorbereiding,2.71.02,509.797686
RTLS_01850,EUREKA-VPL-015,nurse,2025-03-19 14:09:02.085755423,2025-03-19 14:33:27.624934911,PREP_B,B2.71.02 Voorbereiding,2.71.02,1465.539179
RTLS_03324,EUREKA-VPL-024,nurse,2025-03-19 14:09:18.092803850,2025-03-19 14:09:40.712884082,ROOM_116,B2.56 2-bedskamer,2.56,22.62008
RTLS_04263,Infuuspomp 4,equipment,2025-03-19 14:09:21.000000000,2025-03-19 14:09:55.000000000,UTIL_B,B2.75 Utility,2.75,34.0
RTLS_02755,EUREKA-VPL-021,nurse,2025-03-19 14:09:25.031117410,2025-03-19 14:10:04.777826771,ROOM_105,B2.82 1-bedskamer,2.82,39.746709
RTLS_02634,EUREKA-VPL-020,nurse,2025-03-19 14:09:33.660317593,2025-03-19 14:10:05.100348279,KITCHEN,B2.77 Keuken,2.77,31.44003
RTLS_03540,EUREKA-VPL-025,nurse,2025-03-19 14:09:34.951805902,2025-03-19 14:09:54.949951442,KITCHEN,B2.77 Keuken,2.77,19.998145
RTLS_01038,EUREKA-VPL-009,nurse,2025-03-19 14:09:36.710084610,2025-03-19 14:13:45.957473269,NS_B,B2.71.01 Dienstplaats,2.71.01,249.247388
RTLS_04785,Toiletstoel 1,equipment,2025-03-19 14:09:38.000000000,2025-03-19 14:09:48.000000000,UTIL_A,B2.63 Utility,2.63,10.0
RTLS_03325,EUREKA-VPL-024,nurse,2025-03-19 14:09:40.712884082,2025-03-19 14:10:09.586344014,KITCHEN,B2.77 Keuken,2.77,28.873459
RTLS_02950,EUREKA-VPL-022,nurse,2025-03-19 14:09:46.303397891,2025-03-19 14:10:33.397874582,KITCHEN,B2.77 Keuken,2.77,47.094476
RTLS_03953,Infuuspomp 1,equipment,2025-03-19 14:09:52.000000000,2025-03-19 14:10:26.000000000,UTIL_A,B2.63 Utility,2.63,34.0
RTLS_03541,EUREKA-VPL-025,nurse,2025-03-19 14:09:54.949951442,2025-03-19 14:10:30.801677149,ROOM_116,B2.56 2-bedskamer,2.56,35.851725
RTLS_00361,EUREKA-VPL-004,nurse,2025-03-19 14:10:00.667522071,2025-03-19 14:10:39.514487544,STORAGE,B2.61 Opslag,2.61,38.846965
RTLS_02756,EUREKA-VPL-021,nurse,2025-03-19 14:10:04.777826771,2025-03-19 14:10:14.419869605,ROOM_101,B2.74 1-bedskamer,2.74,9.642042
RTLS_02635,EUREKA-VPL-020,nurse,2025-03-19 14:10:05.100348279,2025-03-19 14:16:50.616103470,PREP_A,B2.71.02 Voorbereiding,2.71.02,405.515755
RTLS_01212,EUREKA-VPL-010,nurse,2025-03-19 14:10:06.794765107,2025-03-19 14:16:54.959115197,PREP_A,B2.71.02 Voorbereiding,2.71.02,408.16435
RTLS_03326,EUREKA-VPL-024,nurse,2025-03-19 14:10:09.586344014,2025-03-19 14:10:27.343042834,ROOM_115,B2.58 2-bedskamer,2.58,17.756698
RTLS_02757,EUREKA-VPL-021,nurse,2025-03-19 14:10:14.419869605,2025-03-19 14:10:44.215032810,ROOM_105,B2.82 1-bedskamer,2.82,29.795163
RTLS_04472,Bladderscan,equipment,2025-03-19 14:10:16.000000000,2025-03-19 14:10:51.000000000,UTIL_A,B2.63 Utility,2.63,35.0
RTLS_04577,Glucosemeter 1,equipment,2025-03-19 14:10:17.000000000,2025-03-19 14:10:25.000000000,NS_A,B2.71 Open wacht,2.71,8.0
RTLS_05407,Voedingspomp 4,equipment,2025-03-19 14:10:25.000000000,2025-03-19 14:10:55.000000000,UTIL_B,B2.75 Utility,2.75,30.0
RTLS_04363,Spuitaandrijver,equipment,2025-03-19 14:10:26.000000000,2025-03-19 14:10:31.000000000,UTIL_B,B2.75 Utility,2.75,5.0
RTLS_03327,EUREKA-VPL-024,nurse,2025-03-19 14:10:27.343042834,2025-03-19 14:19:15.041921857,ROOM_116,B2.56 2-bedskamer,2.56,527.698879
RTLS_03542,EUREKA-VPL-025,nurse,2025-03-19 14:10:30.801677149,2025-03-19 14:13:16.901596445,ROOM_106,B2.62 2-bedskamer,2.62,166.099919
RTLS_02951,EUREKA-VPL-022,nurse,2025-03-19 14:10:33.397874582,2025-03-19 14:10:40.882167818,ROOM_105,B2.82 1-bedskamer,2.82,7.484293
RTLS_00362,EUREKA-VPL-004,nurse,2025-03-19 14:10:39.514487544,2025-03-19 14:47:39.878621544,ROOM_111,B2.81 2-bedskamer,2.81,2220.364134
RTLS_02952,EUREKA-VPL-022,nurse,2025-03-19 14:10:40.882167818,2025-03-19 14:10:58.589301007,ROOM_117,B2.54 2-bedskamer,2.54,17.707133
RTLS_02758,EUREKA-VPL-021,nurse,2025-03-19 14:10:44.215032810,2025-03-19 14:10:58.756720975,ROOM_117,B2.54 2-bedskamer,2.54,14.541688
RTLS_02953,EUREKA-VPL-022,nurse,2025-03-19 14:10:58.589301007,2025-03-19 14:11:03.164740388,KITCHEN,B2.77 Keuken,2.77,4.575439
RTLS_02759,EUREKA-VPL-021,nurse,2025-03-19 14:10:58.756720975,2025-03-19 14:29:21.722950599,STORAGE,B2.61 Opslag,2.61,1102.966229
RTLS_02954,EUREKA-VPL-022,nurse,2025-03-19 14:11:03.164740388,2025-03-19 14:11:21.820118572,ROOM_113,B2.84 1-bedskamer,2.84,18.655378
RTLS_01369,EUREKA-VPL-011,nurse,2025-03-19 14:11:11.643417974,2025-03-19 14:12:24.443142850,NS_B,B2.71.01 Dienstplaats,2.71.01,72.799724
RTLS_00898,EUREKA-VPL-008,nurse,2025-03-19 14:11:15.000000000,2025-03-19 14:11:58.210492929,ROOM_116,B2.56 2-bedskamer,2.56,43.210492
RTLS_02955,EUREKA-VPL-022,nurse,2025-03-19 14:11:21.820118572,2025-03-19 14:12:20.398089994,NS_B,B2.71.01 Dienstplaats,2.71.01,58.577971
RTLS_00106,EUREKA-VPL-001,nurse,2025-03-19 14:11:38.915535425,2025-03-19 14:12:19.223409477,ROOM_102,B2.76 1-bedskamer,2.76,40.307874
RTLS_05408,Voedingspomp 4,equipment,2025-03-19 14:11:47.000000000,2025-03-19 14:12:20.000000000,UTIL_B,B2.75 Utility,2.75,33.0
RTLS_00899,EUREKA-VPL-008,nurse,2025-03-19 14:11:58.210492929,2025-03-19 14:12:59.600746101,KITCHEN,B2.77 Keuken,2.77,61.390253
RTLS_05098,Voedingspomp 1,equipment,2025-03-19 14:12:06.000000000,2025-03-19 14:12:40.000000000,UTIL_A,B2.63 Utility,2.63,34.0
RTLS_04264,Infuuspomp 4,equipment,2025-03-19 14:12:14.000000000,2025-03-19 14:12:43.000000000,UTIL_B,B2.75 Utility,2.75,29.0
RTLS_00107,EUREKA-VPL-001,nurse,2025-03-19 14:12:19.223409477,2025-03-19 14:17:08.999445416,ROOM_107,B2.64 2-bedskamer,2.64,289.776035
RTLS_02956,EUREKA-VPL-022,nurse,2025-03-19 14:12:20.398089994,2025-03-19 14:12:28.849411417,ROOM_111,B2.81 2-bedskamer,2.81,8.451321
RTLS_00605,EUREKA-VPL-006,nurse,2025-03-19 14:12:21.535007052,2025-03-19 14:21:53.228005452,ROOM_112,B2.83 2-bedskamer,2.83,571.692998
RTLS_01370,EUREKA-VPL-011,nurse,2025-03-19 14:12:24.443142850,2025-03-19 14:12:52.895504554,KITCHEN,B2.77 Keuken,2.77,28.452361
RTLS_02957,EUREKA-VPL-022,nurse,2025-03-19 14:12:28.849411417,2025-03-19 14:12:29.916380160,UTIL_A,B2.63 Utility,2.63,1.066968
RTLS_02958,EUREKA-VPL-022,nurse,2025-03-19 14:12:29.916380160,2025-03-19 14:15:42.417513415,ROOM_107,B2.64 2-bedskamer,2.64,192.501133
RTLS_03768,EUREKA-VPL-026,nurse,2025-03-19 14:12:47.989346555,2025-03-19 14:13:04.107915356,BATH_B,B2.55 Badkamer,2.55,16.118568
RTLS_04156,Infuuspomp 3,equipment,2025-03-19 14:12:49.000000000,2025-03-19 14:13:08.000000000,UTIL_B,B2.75 Utility,2.75,19.0
RTLS_01371,EUREKA-VPL-011,nurse,2025-03-19 14:12:52.895504554,2025-03-19 14:13:08.335273549,PREP_A,B2.71.02 Voorbereiding,2.71.02,15.439768
RTLS_04991,Toiletstoel 3,equipment,2025-03-19 14:12:57.000000000,2025-03-19 14:13:33.000000000,STORAGE,B2.61 Opslag,2.61,36.0
RTLS_00900,EUREKA-VPL-008,nurse,2025-03-19 14:12:59.600746101,2025-03-19 14:13:16.754886975,ROOM_101,B2.74 1-bedskamer,2.74,17.15414
RTLS_05515,Voedingspomp 5,equipment,2025-03-19 14:13:01.000000000,2025-03-19 14:13:18.000000000,UTIL_A,B2.63 Utility,2.63,17.0
RTLS_03769,EUREKA-VPL-026,nurse,2025-03-19 14:13:04.107915356,2025-03-19 14:13:44.936854117,ROOM_116,B2.56 2-bedskamer,2.56,40.828938
RTLS_05198,Voedingspomp 2,equipment,2025-03-19 14:13:07.000000000,2025-03-19 14:13:38.000000000,UTIL_B,B2.75 Utility,2.75,31.0
RTLS_01372,EUREKA-VPL-011,nurse,2025-03-19 14:13:08.335273549,2025-03-19 14:13:12.251126417,ROOM_107,B2.64 2-bedskamer,2.64,3.915852
RTLS_03954,Infuuspomp 1,equipment,2025-03-19 14:13:10.000000000,2025-03-19 14:13:31.000000000,UTIL_A,B2.63 Utility,2.63,21.0
RTLS_00901,EUREKA-VPL-008,nurse,2025-03-19 14:13:16.754886975,2025-03-19 14:13:43.904688064,KITCHEN,B2.77 Keuken,2.77,27.149801
RTLS_03543,EUREKA-VPL-025,nurse,2025-03-19 14:13:16.901596445,2025-03-19 14:18:30.428659055,STORAGE,B2.61 Opslag,2.61,313.527062
RTLS_05303,Voedingspomp 3,equipment,2025-03-19 14:13:17.000000000,2025-03-19 14:13:28.000000000,UTIL_A,B2.63 Utility,2.63,11.0
RTLS_02146,EUREKA-VPL-017,nurse,2025-03-19 14:13:17.471291629,2025-03-19 14:15:02.332554030,ROOM_110,B2.79 2-bedskamer,2.79,104.861262
RTLS_05409,Voedingspomp 4,equipment,2025-03-19 14:13:21.000000000,2025-03-19 14:13:29.000000000,UTIL_B,B2.75 Utility,2.75,8.0
RTLS_00902,EUREKA-VPL-008,nurse,2025-03-19 14:13:43.904688064,2025-03-19 14:14:10.314132232,ROOM_116,B2.56 2-bedskamer,2.56,26.409444
RTLS_03770,EUREKA-VPL-026,nurse,2025-03-19 14:13:44.936854117,2025-03-19 14:14:16.344017090,ROOM_114,B2.85 2-bedskamer,2.85,31.407162
RTLS_01039,EUREKA-VPL-009,nurse,2025-03-19 14:13:45.957473269,2025-03-19 14:25:19.468104769,PREP_A,B2.71.02 Voorbereiding,2.71.02,693.510631
RTLS_01713,EUREKA-VPL-014,nurse,2025-03-19 14:13:48.643307806,2025-03-19 14:14:01.956118104,BATHROOM,B2.57 Stortbad,2.57,13.31281
RTLS_04057,Infuuspomp 2,equipment,2025-03-19 14:13:50.000000000,2025-03-19 14:14:14.000000000,UTIL_A,B2.63 Utility,2.63,24.0
RTLS_04679,Glucosemeter 2,equipment,2025-03-19 14:13:58.000000000,2025-03-19 14:14:16.000000000,NS_B,B2.71.01 Dienstplaats,2.71.01,18.0
RTLS_01714,EUREKA-VPL-014,nurse,2025-03-19 14:14:01.956118104,2025-03-19 14:14:08.810466505,STORE_A,B2.53 Berging,2.53,6.854348
RTLS_02493,EUREKA-VPL-019,nurse,2025-03-19 14:14:03.715188573,2025-03-19 14:15:57.772152713,ROOM_101,B2.74 1-bedskamer,2.74,114.056964
RTLS_01715,EUREKA-VPL-014,nurse,2025-03-19 14:14:08.810466505,2025-03-19 14:23:19.048373105,BATH_B,B2.55 Badkamer,2.55,550.237906
RTLS_00903,EUREKA-VPL-008,nurse,2025-03-19 14:14:10.314132232,2025-03-19 14:15:20.730056992,NS_A,B2.71 Open wacht,2.71,70.415924
RTLS_03771,EUREKA-VPL-026,nurse,2025-03-19 14:14:16.344017090,2025-03-19 14:15:38.326892201,KITCHEN,B2.77 Keuken,2.77,81.982875
RTLS_03134,EUREKA-VPL-023,nurse,2025-03-19 14:14:26.268725911,2025-03-19 14:16:05.276398523,KITCHEN,B2.77 Keuken,2.77,99.007672
RTLS_02147,EUREKA-VPL-017,nurse,2025-03-19 14:15:02.332554030,2025-03-19 14:15:16.868569869,NS_B,B2.71.01 Dienstplaats,2.71.01,14.536015
RTLS_02148,EUREKA-VPL-017,nurse,2025-03-19 14:15:16.868569869,2025-03-19 14:15:21.160086535,BATH_B,B2.55 Badkamer,2.55,4.291516
RTLS_00904,EUREKA-VPL-008,nurse,2025-03-19 14:15:20.730056992,2025-03-19 14:15:32.505562899,ROOM_110,B2.79 2-bedskamer,2.79,11.775505
RTLS_02149,EUREKA-VPL-017,nurse,2025-03-19 14:15:21.160086535,2025-03-19 14:15:23.055563707,ROOM_103,B2.78 1-bedskamer,2.78,1.895477
RTLS_02150,EUREKA-VPL-017,nurse,2025-03-19 14:15:23.055563707,2025-03-19 14:15:24.260035667,ROOM_107,B2.64 2-bedskamer,2.64,1.204471
RTLS_02151,EUREKA-VPL-017,nurse,2025-03-19 14:15:24.260035667,2025-03-19 14:15:30.724608968,KITCHEN,B2.77 Keuken,2.77,6.464573
RTLS_02152,EUREKA-VPL-017,nurse,2025-03-19 14:15:30.724608968,2025-03-19 14:16:32.375782121,NS_B,B2.71.01 Dienstplaats,2.71.01,61.651173
RTLS_05304,Voedingspomp 3,equipment,2025-03-19 14:15:31.000000000,2025-03-19 14:15:48.000000000,UTIL_A,B2.63 Utility,2.63,17.0
RTLS_00905,EUREKA-VPL-008,nurse,2025-03-19 14:15:32.505562899,2025-03-19 14:23:15.094678827,NS_B,B2.71.01 Dienstplaats,2.71.01,462.589115
RTLS_03772,EUREKA-VPL-026,nurse,2025-03-19 14:15:38.326892201,2025-03-19 14:16:10.471978071,NS_B,B2.71.01 Dienstplaats,2.71.01,32.145085
RTLS_02959,EUREKA-VPL-022,nurse,2025-03-19 14:15:42.417513415,2025-03-19 14:15:55.724432242,ROOM_102,B2.76 1-bedskamer,2.76,13.306918
RTLS_04157,Infuuspomp 3,equipment,2025-03-19 14:15:52.000000000,2025-03-19 14:16:28.000000000,UTIL_B,B2.75 Utility,2.75,36.0
RTLS_02960,EUREKA-VPL-022,nurse,2025-03-19 14:15:55.724432242,2025-03-19 14:16:07.104983053,ROOM_111,B2.81 2-bedskamer,2.81,11.38055
RTLS_02494,EUREKA-VPL-019,nurse,2025-03-19 14:15:57.772152713,2025-03-19 14:17:00.144718099,ROOM_110,B2.79 2-bedskamer,2.79,62.372565
RTLS_03135,EUREKA-VPL-023,nurse,2025-03-19 14:16:05.276398523,2025-03-19 14:19:45.133584966,NS_A,B2.71 Open wacht,2.71,219.857186
RTLS_04473,Bladderscan,equipment,2025-03-19 14:16:07.000000000,2025-03-19 14:16:24.000000000,UTIL_A,B2.63 Utility,2.63,17.0
RTLS_02961,EUREKA-VPL-022,nurse,2025-03-19 14:16:07.104983053,2025-03-19 14:16:25.965384530,ROOM_110,B2.79 2-bedskamer,2.79,18.860401
RTLS_03773,EUREKA-VPL-026,nurse,2025-03-19 14:16:10.471978071,2025-03-19 14:16:29.383113528,ROOM_102,B2.76 1-bedskamer,2.76,18.911135
RTLS_04894,Toiletstoel 2,equipment,2025-03-19 14:16:16.000000000,2025-03-19 14:16:48.000000000,UTIL_B,B2.75 Utility,2.75,32.0
RTLS_04265,Infuuspomp 4,equipment,2025-03-19 14:16:24.000000000,2025-03-19 14:16:54.000000000,UTIL_B,B2.75 Utility,2.75,30.0
RTLS_02962,EUREKA-VPL-022,nurse,2025-03-19 14:16:25.965384530,2025-03-19 14:16:33.576153838,ROOM_107,B2.64 2-bedskamer,2.64,7.610769
RTLS_04364,Spuitaandrijver,equipment,2025-03-19 14:16:29.000000000,2025-03-19 14:16:59.000000000,UTIL_B,B2.75 Utility,2.75,30.0
RTLS_03774,EUREKA-VPL-026,nurse,2025-03-19 14:16:29.383113528,2025-03-19 14:18:33.652570645,ROOM_107,B2.64 2-bedskamer,2.64,124.269457
RTLS_02153,EUREKA-VPL-017,nurse,2025-03-19 14:16:32.375782121,2025-03-19 14:38:16.187890621,PREP_B,B2.71.02 Voorbereiding,2.71.02,1303.812108
RTLS_04680,Glucosemeter 2,equipment,2025-03-19 14:16:33.000000000,2025-03-19 14:16:42.000000000,NS_B,B2.71.01 Dienstplaats,2.71.01,9.0
RTLS_02963,EUREKA-VPL-022,nurse,2025-03-19 14:16:33.576153838,2025-03-19 14:16:34.972627363,ROOM_105,B2.82 1-bedskamer,2.82,1.396473
RTLS_02964,EUREKA-VPL-022,nurse,2025-03-19 14:16:34.972627363,2025-03-19 14:17:55.084738057,NS_B,B2.71.01 Dienstplaats,2.71.01,80.11211
RTLS_02636,EUREKA-VPL-020,nurse,2025-03-19 14:16:50.616103470,2025-03-19 14:17:12.636857400,KITCHEN,B2.77 Keuken,2.77,22.020753
RTLS_01213,EUREKA-VPL-010,nurse,2025-03-19 14:16:54.959115197,2025-03-19 14:17:28.288229821,BATH_B,B2.55 Badkamer,2.55,33.329114
RTLS_02495,EUREKA-VPL-019,nurse,2025-03-19 14:17:00.144718099,2025-03-19 14:17:07.639895118,ROOM_113,B2.84 1-bedskamer,2.84,7.495177
RTLS_04786,Toiletstoel 1,equipment,2025-03-19 14:17:02.000000000,2025-03-19 14:17:23.000000000,UTIL_A,B2.63 Utility,2.63,21.0
RTLS_02496,EUREKA-VPL-019,nurse,2025-03-19 14:17:07.639895118,2025-03-19 14:17:24.416613474,ROOM_118,B2.60 2-bedskamer,2.60,16.776718
RTLS_00108,EUREKA-VPL-001,nurse,2025-03-19 14:17:08.999445416,2025-03-19 14:18:01.473491879,KITCHEN,B2.77 Keuken,2.77,52.474046
RTLS_02637,EUREKA-VPL-020,nurse,2025-03-19 14:17:12.636857400,2025-03-19 14:17:27.059917465,ROOM_109,B2.68 2-bedskamer,2.68,14.42306
RTLS_02497,EUREKA-VPL-019,nurse,2025-03-19 14:17:24.416613474,2025-03-19 14:17:48.475113028,ROOM_110,B2.79 2-bedskamer,2.79,24.058499
RTLS_01214,EUREKA-VPL-010,nurse,2025-03-19 14:17:28.288229821,2025-03-19 14:18:47.282585114,BATH_B,B2.55 Badkamer,2.55,78.994355
RTLS_00764,EUREKA-VPL-007,nurse,2025-03-19 14:17:31.011566584,2025-03-19 14:25:00.833054760,NS_B,B2.71.01 Dienstplaats,2.71.01,449.821488
RTLS_04578,Glucosemeter 1,equipment,2025-03-19 14:17:43.000000000,2025-03-19 14:18:15.000000000,NS_A,B2.71 Open wacht,2.71,32.0
RTLS_02498,EUREKA-VPL-019,nurse,2025-03-19 14:17:48.475113028,2025-03-19 14:19:53.374448065,ROOM_117,B2.54 2-bedskamer,2.54,124.899335
RTLS_03955,Infuuspomp 1,equipment,2025-03-19 14:17:53.000000000,2025-03-19 14:18:02.000000000,UTIL_A,B2.63 Utility,2.63,9.0
RTLS_02965,EUREKA-VPL-022,nurse,2025-03-19 14:17:55.084738057,2025-03-19 14:43:10.033894657,NS_A,B2.71 Open wacht,2.71,1514.949156
RTLS_00109,EUREKA-VPL-001,nurse,2025-03-19 14:18:01.473491879,2025-03-19 14:18:21.975913636,ROOM_106,B2.62 2-bedskamer,2.62,20.502421
RTLS_05516,Voedingspomp 5,equipment,2025-03-19 14:18:16.000000000,2025-03-19 14:18:47.000000000,UTIL_A,B2.63 Utility,2.63,31.0
RTLS_00110,EUREKA-VPL-001,nurse,2025-03-19 14:18:21.975913636,2025-03-19 14:18:37.936647456,KITCHEN,B2.77 Keuken,2.77,15.960733
RTLS_03544,EUREKA-VPL-025,nurse,2025-03-19 14:18:30.428659055,2025-03-19 14:39:14.967908471,ROOM_110,B2.79 2-bedskamer,2.79,1244.539249
RTLS_02287,EUREKA-VPL-018,nurse,2025-03-19 14:18:31.728764090,2025-03-19 14:20:53.336863376,ROOM_104,B2.80 1-bedskamer,2.80,141.608099
RTLS_03775,EUREKA-VPL-026,nurse,2025-03-19 14:18:33.652570645,2025-03-19 14:22:58.001854980,ROOM_104,B2.80 1-bedskamer,2.80,264.349284
RTLS_00111,EUREKA-VPL-001,nurse,2025-03-19 14:18:37.936647456,2025-03-19 14:18:49.195448702,ROOM_108,B2.66 2-bedskamer,2.66,11.258801
RTLS_04992,Toiletstoel 3,equipment,2025-03-19 14:18:39.000000000,2025-03-19 14:18:57.000000000,STORAGE,B2.61 Opslag,2.61,18.0
RTLS_01215,EUREKA-VPL-010,nurse,2025-03-19 14:18:47.282585114,2025-03-19 14:18:56.694085205,BATH_B,B2.55 Badkamer,2.55,9.4115
RTLS_00112,EUREKA-VPL-001,nurse,2025-03-19 14:18:49.195448702,2025-03-19 14:20:06.143877350,STORE_A,B2.53 Berging,2.53,76.948428
RTLS_04058,Infuuspomp 2,equipment,2025-03-19 14:18:56.000000000,2025-03-19 14:19:14.000000000,UTIL_A,B2.63 Utility,2.63,18.0
RTLS_01216,EUREKA-VPL-010,nurse,2025-03-19 14:18:56.694085205,2025-03-19 14:20:12.550689211,ROOM_113,B2.84 1-bedskamer,2.84,75.856604
RTLS_05410,Voedingspomp 4,equipment,2025-03-19 14:19:11.000000000,2025-03-19 14:19:36.000000000,UTIL_B,B2.75 Utility,2.75,25.0
RTLS_05099,Voedingspomp 1,equipment,2025-03-19 14:19:12.000000000,2025-03-19 14:19:27.000000000,UTIL_A,B2.63 Utility,2.63,15.0
RTLS_03328,EUREKA-VPL-024,nurse,2025-03-19 14:19:15.041921857,2025-03-19 14:19:33.179925055,ROOM_107,B2.64 2-bedskamer,2.64,18.138003
RTLS_03329,EUREKA-VPL-024,nurse,2025-03-19 14:19:33.179925055,2025-03-19 14:20:04.992063442,NS_A,B2.71 Open wacht,2.71,31.812138
RTLS_03136,EUREKA-VPL-023,nurse,2025-03-19 14:19:45.133584966,2025-03-19 14:29:02.410449965,UTIL_A,B2.63 Utility,2.63,557.276864
RTLS_02499,EUREKA-VPL-019,nurse,2025-03-19 14:19:53.374448065,2025-03-19 14:29:08.749575218,PREP_B,B2.71.02 Voorbereiding,2.71.02,555.375127
RTLS_04266,Infuuspomp 4,equipment,2025-03-19 14:19:57.000000000,2025-03-19 14:20:30.000000000,UTIL_B,B2.75 Utility,2.75,33.0
RTLS_03866,EUREKA-VPL-005,nurse,2025-03-19 14:20:00.000000000,2025-03-19 14:23:00.000000000,ROOM_104,B2.80 1-bedskamer,2.80,180.0
RTLS_03867,Medicatiekar geel,equipment,2025-03-19 14:20:00.000000000,2025-03-19 14:23:00.000000000,ROOM_104,B2.80 1-bedskamer,2.80,180.0
RTLS_03330,EUREKA-VPL-024,nurse,2025-03-19 14:20:04.992063442,2025-03-19 14:20:06.722824343,PREP_B,B2.71.02 Voorbereiding,2.71.02,1.73076
RTLS_03956,Infuuspomp 1,equipment,2025-03-19 14:20:06.000000000,2025-03-19 14:20:21.000000000,UTIL_A,B2.63 Utility,2.63,15.0
RTLS_00113,EUREKA-VPL-001,nurse,2025-03-19 14:20:06.143877350,2025-03-19 14:20:30.946853770,ROOM_115,B2.58 2-bedskamer,2.58,24.802976
RTLS_03331,EUREKA-VPL-024,nurse,2025-03-19 14:20:06.722824343,2025-03-19 14:20:11.245468813,ROOM_114,B2.85 2-bedskamer,2.85,4.522644
RTLS_04474,Bladderscan,equipment,2025-03-19 14:20:09.000000000,2025-03-19 14:20:33.000000000,UTIL_A,B2.63 Utility,2.63,24.0
RTLS_03332,EUREKA-VPL-024,nurse,2025-03-19 14:20:11.245468813,2025-03-19 14:20:22.160288385,ROOM_109,B2.68 2-bedskamer,2.68,10.914819
RTLS_01217,EUREKA-VPL-010,nurse,2025-03-19 14:20:12.550689211,2025-03-19 14:21:51.908237755,ROOM_106,B2.62 2-bedskamer,2.62,99.357548
RTLS_04787,Toiletstoel 1,equipment,2025-03-19 14:20:20.000000000,2025-03-19 14:20:30.000000000,UTIL_A,B2.63 Utility,2.63,10.0
RTLS_03333,EUREKA-VPL-024,nurse,2025-03-19 14:20:22.160288385,2025-03-19 14:21:22.315516532,ROOM_116,B2.56 2-bedskamer,2.56,60.155228
RTLS_00114,EUREKA-VPL-001,nurse,2025-03-19 14:20:30.946853770,2025-03-19 14:21:09.843532273,ROOM_116,B2.56 2-bedskamer,2.56,38.896678
RTLS_05305,Voedingspomp 3,equipment,2025-03-19 14:20:32.000000000,2025-03-19 14:20:50.000000000,UTIL_A,B2.63 Utility,2.63,18.0
RTLS_04365,Spuitaandrijver,equipment,2025-03-19 14:20:33.000000000,2025-03-19 14:20:47.000000000,UTIL_B,B2.75 Utility,2.75,14.0
RTLS_05199,Voedingspomp 2,equipment,2025-03-19 14:20:36.000000000,2025-03-19 14:21:08.000000000,UTIL_B,B2.75 Utility,2.75,32.0
RTLS_02288,EUREKA-VPL-018,nurse,2025-03-19 14:20:53.336863376,2025-03-19 14:21:02.940422454,ROOM_113,B2.84 1-bedskamer,2.84,9.603559
RTLS_02289,EUREKA-VPL-018,nurse,2025-03-19 14:21:02.940422454,2025-03-19 14:21:45.474452586,ROOM_110,B2.79 2-bedskamer,2.79,42.53403
RTLS_00115,EUREKA-VPL-001,nurse,2025-03-19 14:21:09.843532273,2025-03-19 14:30:40.850322986,KITCHEN,B2.77 Keuken,2.77,571.00679
RTLS_04895,Toiletstoel 2,equipment,2025-03-19 14:21:17.000000000,2025-03-19 14:21:46.000000000,UTIL_B,B2.75 Utility,2.75,29.0
RTLS_03334,EUREKA-VPL-024,nurse,2025-03-19 14:21:22.315516532,2025-03-19 14:21:29.227328842,ROOM_105,B2.82 1-bedskamer,2.82,6.911812
RTLS_03335,EUREKA-VPL-024,nurse,2025-03-19 14:21:29.227328842,2025-03-19 14:21:36.430463952,ROOM_102,B2.76 1-bedskamer,2.76,7.203135
RTLS_03957,Infuuspomp 1,equipment,2025-03-19 14:21:35.000000000,2025-03-19 14:22:04.000000000,UTIL_A,B2.63 Utility,2.63,29.0
RTLS_03336,EUREKA-VPL-024,nurse,2025-03-19 14:21:36.430463952,2025-03-19 14:22:31.602291529,ROOM_104,B2.80 1-bedskamer,2.80,55.171827
RTLS_04158,Infuuspomp 3,equipment,2025-03-19 14:21:42.000000000,2025-03-19 14:22:01.000000000,UTIL_B,B2.75 Utility,2.75,19.0
RTLS_02290,EUREKA-VPL-018,nurse,2025-03-19 14:21:45.474452586,2025-03-19 14:30:40.687344162,NS_A,B2.71 Open wacht,2.71,535.212891
RTLS_01218,EUREKA-VPL-010,nurse,2025-03-19 14:21:51.908237755,2025-03-19 14:23:36.821061843,KITCHEN,B2.77 Keuken,2.77,104.912824
RTLS_00606,EUREKA-VPL-006,nurse,2025-03-19 14:21:53.228005452,2025-03-19 14:21:55.895648253,ROOM_111,B2.81 2-bedskamer,2.81,2.667642
RTLS_00607,EUREKA-VPL-006,nurse,2025-03-19 14:21:55.895648253,2025-03-19 14:24:49.374007324,ROOM_118,B2.60 2-bedskamer,2.60,173.478359
RTLS_04579,Glucosemeter 1,equipment,2025-03-19 14:21:56.000000000,2025-03-19 14:22:20.000000000,NS_A,B2.71 Open wacht,2.71,24.0
RTLS_05100,Voedingspomp 1,equipment,2025-03-19 14:22:26.000000000,2025-03-19 14:22:32.000000000,UTIL_A,B2.63 Utility,2.63,6.0
RTLS_04366,Spuitaandrijver,equipment,2025-03-19 14:22:34.000000000,2025-03-19 14:22:50.000000000,UTIL_B,B2.75 Utility,2.75,16.0
RTLS_01447,EUREKA-VPL-012,nurse,2025-03-19 14:22:37.674264110,2025-03-19 14:22:41.257335850,NS_A,B2.71 Open wacht,2.71,3.583071
RTLS_01448,EUREKA-VPL-012,nurse,2025-03-19 14:22:41.257335850,2025-03-19 14:23:29.730107840,KITCHEN,B2.77 Keuken,2.77,48.472771
RTLS_01984,EUREKA-VPL-016,nurse,2025-03-19 14:22:48.954011282,2025-03-19 14:36:45.596256782,UTIL_A,B2.63 Utility,2.63,836.642245
RTLS_03776,EUREKA-VPL-026,nurse,2025-03-19 14:22:58.001854980,2025-03-19 14:24:57.968740558,NS_B,B2.71.01 Dienstplaats,2.71.01,119.966885
RTLS_05517,Voedingspomp 5,equipment,2025-03-19 14:23:11.000000000,2025-03-19 14:23:31.000000000,UTIL_A,B2.63 Utility,2.63,20.0
RTLS_04681,Glucosemeter 2,equipment,2025-03-19 14:23:14.000000000,2025-03-19 14:23:41.000000000,NS_B,B2.71.01 Dienstplaats,2.71.01,27.0
RTLS_00906,EUREKA-VPL-008,nurse,2025-03-19 14:23:15.094678827,2025-03-19 14:23:45.544132812,NS_A,B2.71 Open wacht,2.71,30.449453
RTLS_01716,EUREKA-VPL-014,nurse,2025-03-19 14:23:19.048373105,2025-03-19 14:23:47.321803822,ROOM_112,B2.83 2-bedskamer,2.83,28.27343
RTLS_01449,EUREKA-VPL-012,nurse,2025-03-19 14:23:29.730107840,2025-03-19 14:24:00.836772000,NS_A,B2.71 Open wacht,2.71,31.106664
RTLS_01219,EUREKA-VPL-010,nurse,2025-03-19 14:23:36.821061843,2025-03-19 14:27:29.830942095,ROOM_103,B2.78 1-bedskamer,2.78,233.00988
RTLS_04788,Toiletstoel 1,equipment,2025-03-19 14:23:42.000000000,2025-03-19 14:23:47.000000000,UTIL_A,B2.63 Utility,2.63,5.0
RTLS_00907,EUREKA-VPL-008,nurse,2025-03-19 14:23:45.544132812,2025-03-19 14:23:59.343667053,NS_A,B2.71 Open wacht,2.71,13.799534
RTLS_01717,EUREKA-VPL-014,nurse,2025-03-19 14:23:47.321803822,2025-03-19 14:24:07.324703833,ROOM_103,B2.78 1-bedskamer,2.78,20.0029
RTLS_04267,Infuuspomp 4,equipment,2025-03-19 14:23:49.000000000,2025-03-19 14:24:20.000000000,UTIL_B,B2.75 Utility,2.75,31.0
RTLS_04896,Toiletstoel 2,equipment,2025-03-19 14:23:50.000000000,2025-03-19 14:24:14.000000000,UTIL_B,B2.75 Utility,2.75,24.0
RTLS_04059,Infuuspomp 2,equipment,2025-03-19 14:23:52.000000000,2025-03-19 14:24:19.000000000,UTIL_A,B2.63 Utility,2.63,27.0
RTLS_00222,EUREKA-VPL-002,nurse,2025-03-19 14:23:54.030033486,2025-03-19 14:36:38.860592345,NS_B,B2.71.01 Dienstplaats,2.71.01,764.830558
RTLS_00908,EUREKA-VPL-008,nurse,2025-03-19 14:23:59.343667053,2025-03-19 14:24:56.235281104,KITCHEN,B2.77 Keuken,2.77,56.891614
RTLS_05306,Voedingspomp 3,equipment,2025-03-19 14:24:00.000000000,2025-03-19 14:24:16.000000000,UTIL_A,B2.63 Utility,2.63,16.0
RTLS_01450,EUREKA-VPL-012,nurse,2025-03-19 14:24:00.836772000,2025-03-19 14:24:03.590130536,ROOM_114,B2.85 2-bedskamer,2.85,2.753358
RTLS_01451,EUREKA-VPL-012,nurse,2025-03-19 14:24:03.590130536,2025-03-19 14:24:27.007439726,ROOM_118,B2.60 2-bedskamer,2.60,23.417309
RTLS_01718,EUREKA-VPL-014,nurse,2025-03-19 14:24:07.324703833,2025-03-19 14:24:20.408948411,PREP_B,B2.71.02 Voorbereiding,2.71.02,13.084244
RTLS_01719,EUREKA-VPL-014,nurse,2025-03-19 14:24:20.408948411,2025-03-19 14:24:37.793425745,KITCHEN,B2.77 Keuken,2.77,17.384477
RTLS_01452,EUREKA-VPL-012,nurse,2025-03-19 14:24:27.007439726,2025-03-19 14:25:38.645962061,STORE_C,B2.65 Berging,2.65,71.638522
RTLS_01720,EUREKA-VPL-014,nurse,2025-03-19 14:24:37.793425745,2025-03-19 14:25:04.841309735,ROOM_110,B2.79 2-bedskamer,2.79,27.047883
RTLS_00608,EUREKA-VPL-006,nurse,2025-03-19 14:24:49.374007324,2025-03-19 14:29:37.097222929,KITCHEN,B2.77 Keuken,2.77,287.723215
RTLS_00909,EUREKA-VPL-008,nurse,2025-03-19 14:24:56.235281104,2025-03-19 14:51:14.058819603,UTIL_A,B2.63 Utility,2.63,1577.823538
RTLS_03777,EUREKA-VPL-026,nurse,2025-03-19 14:24:57.968740558,2025-03-19 14:25:09.916576700,UTIL_B,B2.75 Utility,2.75,11.947836
RTLS_00765,EUREKA-VPL-007,nurse,2025-03-19 14:25:00.833054760,2025-03-19 14:25:03.178877414,ROOM_109,B2.68 2-bedskamer,2.68,2.345822
RTLS_00466,EUREKA-VPL-005,nurse,2025-03-19 14:25:02.384074641,2025-03-19 14:25:23.695465264,KITCHEN,B2.77 Keuken,2.77,21.31139
RTLS_00766,EUREKA-VPL-007,nurse,2025-03-19 14:25:03.178877414,2025-03-19 14:25:32.263757374,KITCHEN,B2.77 Keuken,2.77,29.084879
RTLS_01721,EUREKA-VPL-014,nurse,2025-03-19 14:25:04.841309735,2025-03-19 14:25:38.525381751,KITCHEN,B2.77 Keuken,2.77,33.684072
RTLS_03778,EUREKA-VPL-026,nurse,2025-03-19 14:25:09.916576700,2025-03-19 14:26:22.564372116,BATH_B,B2.55 Badkamer,2.55,72.647795
RTLS_05101,Voedingspomp 1,equipment,2025-03-19 14:25:12.000000000,2025-03-19 14:25:36.000000000,UTIL_A,B2.63 Utility,2.63,24.0
RTLS_01040,EUREKA-VPL-009,nurse,2025-03-19 14:25:19.468104769,2025-03-19 14:29:42.824214819,NS_A,B2.71 Open wacht,2.71,263.35611
RTLS_00467,EUREKA-VPL-005,nurse,2025-03-19 14:25:23.695465264,2025-03-19 14:26:50.737116601,NS_A,B2.71 Open wacht,2.71,87.041651
RTLS_00767,EUREKA-VPL-007,nurse,2025-03-19 14:25:32.263757374,2025-03-19 14:25:33.263757374,STORE_B,B2.59 Berging,2.59,1.0
RTLS_00768,EUREKA-VPL-007,nurse,2025-03-19 14:25:33.263757374,2025-03-19 14:25:51.002144167,KITCHEN,B2.77 Keuken,2.77,17.738386
RTLS_01722,EUREKA-VPL-014,nurse,2025-03-19 14:25:38.525381751,2025-03-19 14:28:40.380028267,NS_A,B2.71 Open wacht,2.71,181.854646
RTLS_01453,EUREKA-VPL-012,nurse,2025-03-19 14:25:38.645962061,2025-03-19 14:25:46.391626416,NS_B,B2.71.01 Dienstplaats,2.71.01,7.745664
RTLS_00769,EUREKA-VPL-007,nurse,2025-03-19 14:25:51.002144167,2025-03-19 14:27:09.368710712,PREP_A,B2.71.02 Voorbereiding,2.71.02,78.366566
RTLS_04789,Toiletstoel 1,equipment,2025-03-19 14:26:06.000000000,2025-03-19 14:26:17.000000000,UTIL_A,B2.63 Utility,2.63,11.0
RTLS_04475,Bladderscan,equipment,2025-03-19 14:26:14.000000000,2025-03-19 14:26:28.000000000,UTIL_A,B2.63 Utility,2.63,14.0
RTLS_04993,Toiletstoel 3,equipment,2025-03-19 14:26:16.000000000,2025-03-19 14:26:34.000000000,STORAGE,B2.61 Opslag,2.61,18.0
RTLS_05200,Voedingspomp 2,equipment,2025-03-19 14:26:20.000000000,2025-03-19 14:26:26.000000000,UTIL_B,B2.75 Utility,2.75,6.0
RTLS_03779,EUREKA-VPL-026,nurse,2025-03-19 14:26:22.564372116,2025-03-19 14:26:37.178546233,UTIL_B,B2.75 Utility,2.75,14.614174
RTLS_03958,Infuuspomp 1,equipment,2025-03-19 14:26:34.000000000,2025-03-19 14:27:06.000000000,UTIL_A,B2.63 Utility,2.63,32.0
RTLS_03780,EUREKA-VPL-026,nurse,2025-03-19 14:26:37.178546233,2025-03-19 14:27:22.012009619,NS_B,B2.71.01 Dienstplaats,2.71.01,44.833463
RTLS_00468,EUREKA-VPL-005,nurse,2025-03-19 14:26:50.737116601,2025-03-19 14:30:48.933235853,BATHROOM,B2.57 Stortbad,2.57,238.196119
RTLS_05411,Voedingspomp 4,equipment,2025-03-19 14:27:00.000000000,2025-03-19 14:27:23.000000000,UTIL_B,B2.75 Utility,2.75,23.0
RTLS_00770,EUREKA-VPL-007,nurse,2025-03-19 14:27:09.368710712,2025-03-19 14:29:31.871496979,NS_A,B2.71 Open wacht,2.71,142.502786
RTLS_04580,Glucosemeter 1,equipment,2025-03-19 14:27:18.000000000,2025-03-19 14:27:48.000000000,NS_A,B2.71 Open wacht,2.71,30.0
RTLS_05307,Voedingspomp 3,equipment,2025-03-19 14:27:22.000000000,2025-03-19 14:27:40.000000000,UTIL_A,B2.63 Utility,2.63,18.0
RTLS_03781,EUREKA-VPL-026,nurse,2025-03-19 14:27:22.012009619,2025-03-19 14:28:07.076419209,ROOM_109,B2.68 2-bedskamer,2.68,45.064409
RTLS_01220,EUREKA-VPL-010,nurse,2025-03-19 14:27:29.830942095,2025-03-19 14:27:52.569793590,ROOM_116,B2.56 2-bedskamer,2.56,22.738851
RTLS_04476,Bladderscan,equipment,2025-03-19 14:27:33.000000000,2025-03-19 14:28:01.000000000,UTIL_A,B2.63 Utility,2.63,28.0
RTLS_04790,Toiletstoel 1,equipment,2025-03-19 14:27:41.000000000,2025-03-19 14:28:17.000000000,UTIL_A,B2.63 Utility,2.63,36.0
RTLS_01221,EUREKA-VPL-010,nurse,2025-03-19 14:27:52.569793590,2025-03-19 14:28:07.870732320,ROOM_103,B2.78 1-bedskamer,2.78,15.300938
RTLS_03782,EUREKA-VPL-026,nurse,2025-03-19 14:28:07.076419209,2025-03-19 14:44:03.538209208,PREP_A,B2.71.02 Voorbereiding,2.71.02,956.461789
RTLS_01222,EUREKA-VPL-010,nurse,2025-03-19 14:28:07.870732320,2025-03-19 14:28:11.644282552,KITCHEN,B2.77 Keuken,2.77,3.77355
RTLS_04367,Spuitaandrijver,equipment,2025-03-19 14:28:09.000000000,2025-03-19 14:28:37.000000000,UTIL_B,B2.75 Utility,2.75,28.0
RTLS_01223,EUREKA-VPL-010,nurse,2025-03-19 14:28:11.644282552,2025-03-19 14:28:25.849509931,NS_A,B2.71 Open wacht,2.71,14.205227
RTLS_05102,Voedingspomp 1,equipment,2025-03-19 14:28:13.000000000,2025-03-19 14:28:42.000000000,UTIL_A,B2.63 Utility,2.63,29.0
RTLS_04159,Infuuspomp 3,equipment,2025-03-19 14:28:18.000000000,2025-03-19 14:28:52.000000000,UTIL_B,B2.75 Utility,2.75,34.0
RTLS_04682,Glucosemeter 2,equipment,2025-03-19 14:28:23.000000000,2025-03-19 14:28:42.000000000,NS_B,B2.71.01 Dienstplaats,2.71.01,19.0
RTLS_01224,EUREKA-VPL-010,nurse,2025-03-19 14:28:25.849509931,2025-03-19 14:28:27.434729560,STORAGE,B2.61 Opslag,2.61,1.585219
RTLS_01225,EUREKA-VPL-010,nurse,2025-03-19 14:28:27.434729560,2025-03-19 14:28:54.620461136,ROOM_117,B2.54 2-bedskamer,2.54,27.185731
RTLS_04994,Toiletstoel 3,equipment,2025-03-19 14:28:31.000000000,2025-03-19 14:28:39.000000000,STORAGE,B2.61 Opslag,2.61,8.0
RTLS_01723,EUREKA-VPL-014,nurse,2025-03-19 14:28:40.380028267,2025-03-19 14:28:54.675925827,ROOM_106,B2.62 2-bedskamer,2.62,14.295897
RTLS_01226,EUREKA-VPL-010,nurse,2025-03-19 14:28:54.620461136,2025-03-19 14:28:56.423112988,ROOM_112,B2.83 2-bedskamer,2.83,1.802651
RTLS_01724,EUREKA-VPL-014,nurse,2025-03-19 14:28:54.675925827,2025-03-19 14:32:02.312363215,NS_A,B2.71 Open wacht,2.71,187.636437
RTLS_01227,EUREKA-VPL-010,nurse,2025-03-19 14:28:56.423112988,2025-03-19 14:29:04.652700220,NS_B,B2.71.01 Dienstplaats,2.71.01,8.229587
RTLS_03137,EUREKA-VPL-023,nurse,2025-03-19 14:29:02.410449965,2025-03-19 14:35:34.812549757,KITCHEN,B2.77 Keuken,2.77,392.402099
RTLS_01228,EUREKA-VPL-010,nurse,2025-03-19 14:29:04.652700220,2025-03-19 14:29:08.436155453,ROOM_105,B2.82 1-bedskamer,2.82,3.783455
RTLS_01229,EUREKA-VPL-010,nurse,2025-03-19 14:29:08.436155453,2025-03-19 14:29:19.989055362,ROOM_118,B2.60 2-bedskamer,2.60,11.552899
RTLS_02500,EUREKA-VPL-019,nurse,2025-03-19 14:29:08.749575218,2025-03-19 14:31:42.439807104,NS_B,B2.71.01 Dienstplaats,2.71.01,153.690231
RTLS_01230,EUREKA-VPL-010,nurse,2025-03-19 14:29:19.989055362,2025-03-19 14:30:03.566928706,ROOM_103,B2.78 1-bedskamer,2.78,43.577873
RTLS_02760,EUREKA-VPL-021,nurse,2025-03-19 14:29:21.722950599,2025-03-19 14:36:02.343828204,STORE_B,B2.59 Berging,2.59,400.620877
RTLS_04060,Infuuspomp 2,equipment,2025-03-19 14:29:29.000000000,2025-03-19 14:29:53.000000000,UTIL_A,B2.63 Utility,2.63,24.0
RTLS_05201,Voedingspomp 2,equipment,2025-03-19 14:29:30.000000000,2025-03-19 14:29:49.000000000,UTIL_B,B2.75 Utility,2.75,19.0
RTLS_00771,EUREKA-VPL-007,nurse,2025-03-19 14:29:31.871496979,2025-03-19 14:29:33.486340851,ROOM_112,B2.83 2-bedskamer,2.83,1.614843
RTLS_00772,EUREKA-VPL-007,nurse,2025-03-19 14:29:33.486340851,2025-03-19 14:30:22.358272242,ROOM_118,B2.60 2-bedskamer,2.60,48.871931000000004
RTLS_00609,EUREKA-VPL-006,nurse,2025-03-19 14:29:37.097222929,2025-03-19 14:30:02.905419063,ROOM_106,B2.62 2-bedskamer,2.62,25.808196
RTLS_01041,EUREKA-VPL-009,nurse,2025-03-19 14:29:42.824214819,2025-03-19 14:30:39.890650022,PREP_B,B2.71.02 Voorbereiding,2.71.02,57.066435
RTLS_05103,Voedingspomp 1,equipment,2025-03-19 14:29:52.000000000,2025-03-19 14:30:10.000000000,UTIL_A,B2.63 Utility,2.63,18.0
RTLS_00610,EUREKA-VPL-006,nurse,2025-03-19 14:30:02.905419063,2025-03-19 14:30:21.318428345,ROOM_115,B2.58 2-bedskamer,2.58,18.413009
RTLS_01231,EUREKA-VPL-010,nurse,2025-03-19 14:30:03.566928706,2025-03-19 14:30:41.864584837,ROOM_104,B2.80 1-bedskamer,2.80,38.297656
RTLS_00611,EUREKA-VPL-006,nurse,2025-03-19 14:30:21.318428345,2025-03-19 14:31:04.533570847,ROOM_111,B2.81 2-bedskamer,2.81,43.215142
RTLS_00773,EUREKA-VPL-007,nurse,2025-03-19 14:30:22.358272242,2025-03-19 14:30:48.598382037,ROOM_109,B2.68 2-bedskamer,2.68,26.240109
RTLS_01042,EUREKA-VPL-009,nurse,2025-03-19 14:30:39.890650022,2025-03-19 14:30:45.055160024,UTIL_A,B2.63 Utility,2.63,5.16451
RTLS_04368,Spuitaandrijver,equipment,2025-03-19 14:30:40.000000000,2025-03-19 14:30:45.000000000,UTIL_B,B2.75 Utility,2.75,5.0
RTLS_02291,EUREKA-VPL-018,nurse,2025-03-19 14:30:40.687344162,2025-03-19 14:30:57.640128421,ROOM_118,B2.60 2-bedskamer,2.60,16.952784
RTLS_00116,EUREKA-VPL-001,nurse,2025-03-19 14:30:40.850322986,2025-03-19 14:31:23.778571855,ROOM_106,B2.62 2-bedskamer,2.62,42.928247999999996
RTLS_01232,EUREKA-VPL-010,nurse,2025-03-19 14:30:41.864584837,2025-03-19 14:31:54.159801599,ROOM_107,B2.64 2-bedskamer,2.64,72.295216
RTLS_05518,Voedingspomp 5,equipment,2025-03-19 14:30:44.000000000,2025-03-19 14:31:21.000000000,UTIL_A,B2.63 Utility,2.63,37.0
RTLS_04268,Infuuspomp 4,equipment,2025-03-19 14:30:45.000000000,2025-03-19 14:31:04.000000000,UTIL_B,B2.75 Utility,2.75,19.0
RTLS_01043,EUREKA-VPL-009,nurse,2025-03-19 14:30:45.055160024,2025-03-19 14:31:08.491233973,KITCHEN,B2.77 Keuken,2.77,23.436073
RTLS_00774,EUREKA-VPL-007,nurse,2025-03-19 14:30:48.598382037,2025-03-19 14:30:49.598382037,PREP_B,B2.71.02 Voorbereiding,2.71.02,1.0
RTLS_00469,EUREKA-VPL-005,nurse,2025-03-19 14:30:48.933235853,2025-03-19 14:42:57.913196698,UTIL_A,B2.63 Utility,2.63,728.97996
RTLS_00775,EUREKA-VPL-007,nurse,2025-03-19 14:30:49.598382037,2025-03-19 14:31:21.188389191,ROOM_105,B2.82 1-bedskamer,2.82,31.590007
RTLS_02292,EUREKA-VPL-018,nurse,2025-03-19 14:30:57.640128421,2025-03-19 14:31:01.908869029,NS_A,B2.71 Open wacht,2.71,4.26874
RTLS_05412,Voedingspomp 4,equipment,2025-03-19 14:31:01.000000000,2025-03-19 14:31:28.000000000,UTIL_B,B2.75 Utility,2.75,27.0
RTLS_02293,EUREKA-VPL-018,nurse,2025-03-19 14:31:01.908869029,2025-03-19 14:31:39.224367247,ROOM_105,B2.82 1-bedskamer,2.82,37.315498
RTLS_00612,EUREKA-VPL-006,nurse,2025-03-19 14:31:04.533570847,2025-03-19 14:31:36.627869770,ROOM_106,B2.62 2-bedskamer,2.62,32.094298
RTLS_01044,EUREKA-VPL-009,nurse,2025-03-19 14:31:08.491233973,2025-03-19 14:31:10.296869446,ROOM_105,B2.82 1-bedskamer,2.82,1.805635
RTLS_01045,EUREKA-VPL-009,nurse,2025-03-19 14:31:10.296869446,2025-03-19 14:31:14.433646579,ROOM_102,B2.76 1-bedskamer,2.76,4.136777
RTLS_04897,Toiletstoel 2,equipment,2025-03-19 14:31:11.000000000,2025-03-19 14:31:30.000000000,UTIL_B,B2.75 Utility,2.75,19.0
RTLS_01046,EUREKA-VPL-009,nurse,2025-03-19 14:31:14.433646579,2025-03-19 14:31:47.257124340,UTIL_A,B2.63 Utility,2.63,32.823477
RTLS_00776,EUREKA-VPL-007,nurse,2025-03-19 14:31:21.188389191,2025-03-19 14:36:32.770086919,UTIL_A,B2.63 Utility,2.63,311.581697
RTLS_00117,EUREKA-VPL-001,nurse,2025-03-19 14:31:23.778571855,2025-03-19 14:31:28.877131605,ROOM_101,B2.74 1-bedskamer,2.74,5.098559
RTLS_00118,EUREKA-VPL-001,nurse,2025-03-19 14:31:28.877131605,2025-03-19 14:33:12.219862248,STORAGE,B2.61 Opslag,2.61,103.34273
RTLS_00613,EUREKA-VPL-006,nurse,2025-03-19 14:31:36.627869770,2025-03-19 14:31:43.413050724,ROOM_103,B2.78 1-bedskamer,2.78,6.78518
RTLS_02294,EUREKA-VPL-018,nurse,2025-03-19 14:31:39.224367247,2025-03-19 14:32:39.178351791,ROOM_117,B2.54 2-bedskamer,2.54,59.953984
RTLS_02501,EUREKA-VPL-019,nurse,2025-03-19 14:31:42.439807104,2025-03-19 14:31:57.504512990,KITCHEN,B2.77 Keuken,2.77,15.064705
RTLS_00614,EUREKA-VPL-006,nurse,2025-03-19 14:31:43.413050724,2025-03-19 14:33:15.317568786,ROOM_109,B2.68 2-bedskamer,2.68,91.904518
RTLS_01047,EUREKA-VPL-009,nurse,2025-03-19 14:31:47.257124340,2025-03-19 14:31:55.773904839,KITCHEN,B2.77 Keuken,2.77,8.51678
RTLS_01233,EUREKA-VPL-010,nurse,2025-03-19 14:31:54.159801599,2025-03-19 14:33:59.761630102,ROOM_113,B2.84 1-bedskamer,2.84,125.601828
RTLS_01048,EUREKA-VPL-009,nurse,2025-03-19 14:31:55.773904839,2025-03-19 14:32:59.344740755,ROOM_105,B2.82 1-bedskamer,2.82,63.570835
RTLS_02502,EUREKA-VPL-019,nurse,2025-03-19 14:31:57.504512990,2025-03-19 14:34:55.567244059,UTIL_A,B2.63 Utility,2.63,178.062731
RTLS_01725,EUREKA-VPL-014,nurse,2025-03-19 14:32:02.312363215,2025-03-19 14:33:54.838800196,ROOM_113,B2.84 1-bedskamer,2.84,112.526436
RTLS_04683,Glucosemeter 2,equipment,2025-03-19 14:32:17.000000000,2025-03-19 14:32:52.000000000,NS_B,B2.71.01 Dienstplaats,2.71.01,35.0
RTLS_04898,Toiletstoel 2,equipment,2025-03-19 14:32:35.000000000,2025-03-19 14:33:04.000000000,UTIL_B,B2.75 Utility,2.75,29.0
RTLS_02295,EUREKA-VPL-018,nurse,2025-03-19 14:32:39.178351791,2025-03-19 14:34:51.165797712,ROOM_106,B2.62 2-bedskamer,2.62,131.987445
RTLS_05104,Voedingspomp 1,equipment,2025-03-19 14:32:53.000000000,2025-03-19 14:33:14.000000000,UTIL_A,B2.63 Utility,2.63,21.0
RTLS_01049,EUREKA-VPL-009,nurse,2025-03-19 14:32:59.344740755,2025-03-19 14:33:24.720140990,ROOM_106,B2.62 2-bedskamer,2.62,25.3754
RTLS_00119,EUREKA-VPL-001,nurse,2025-03-19 14:33:12.219862248,2025-03-19 14:33:59.545125545,ROOM_117,B2.54 2-bedskamer,2.54,47.325263
RTLS_00615,EUREKA-VPL-006,nurse,2025-03-19 14:33:15.317568786,2025-03-19 14:39:44.733887006,STORE_B,B2.59 Berging,2.59,389.416318
RTLS_04477,Bladderscan,equipment,2025-03-19 14:33:17.000000000,2025-03-19 14:33:25.000000000,UTIL_A,B2.63 Utility,2.63,8.0
RTLS_04995,Toiletstoel 3,equipment,2025-03-19 14:33:17.000000000,2025-03-19 14:33:23.000000000,STORAGE,B2.61 Opslag,2.61,6.0
RTLS_01050,EUREKA-VPL-009,nurse,2025-03-19 14:33:24.720140990,2025-03-19 14:33:55.701770711,KITCHEN,B2.77 Keuken,2.77,30.981629
RTLS_01851,EUREKA-VPL-015,nurse,2025-03-19 14:33:27.624934911,2025-03-19 14:33:34.781332793,NS_B,B2.71.01 Dienstplaats,2.71.01,7.156397
RTLS_01852,EUREKA-VPL-015,nurse,2025-03-19 14:33:34.781332793,2025-03-19 14:33:40.536442432,ROOM_113,B2.84 1-bedskamer,2.84,5.755109
RTLS_04061,Infuuspomp 2,equipment,2025-03-19 14:33:40.000000000,2025-03-19 14:33:51.000000000,UTIL_A,B2.63 Utility,2.63,11.0
RTLS_03959,Infuuspomp 1,equipment,2025-03-19 14:33:43.000000000,2025-03-19 14:33:59.000000000,UTIL_A,B2.63 Utility,2.63,16.0
RTLS_01726,EUREKA-VPL-014,nurse,2025-03-19 14:33:54.838800196,2025-03-19 14:34:04.986298530,ROOM_108,B2.66 2-bedskamer,2.66,10.147498
RTLS_00120,EUREKA-VPL-001,nurse,2025-03-19 14:33:59.545125545,2025-03-19 14:34:04.658066882,ROOM_106,B2.62 2-bedskamer,2.62,5.112941
RTLS_04581,Glucosemeter 1,equipment,2025-03-19 14:34:01.000000000,2025-03-19 14:34:09.000000000,NS_A,B2.71 Open wacht,2.71,8.0
RTLS_01727,EUREKA-VPL-014,nurse,2025-03-19 14:34:04.986298530,2025-03-19 14:34:37.085945897,ROOM_112,B2.83 2-bedskamer,2.83,32.099647
RTLS_05308,Voedingspomp 3,equipment,2025-03-19 14:34:06.000000000,2025-03-19 14:34:30.000000000,UTIL_A,B2.63 Utility,2.63,24.0
RTLS_05105,Voedingspomp 1,equipment,2025-03-19 14:34:14.000000000,2025-03-19 14:34:32.000000000,UTIL_A,B2.63 Utility,2.63,18.0
RTLS_04791,Toiletstoel 1,equipment,2025-03-19 14:34:25.000000000,2025-03-19 14:35:01.000000000,UTIL_A,B2.63 Utility,2.63,36.0
RTLS_01728,EUREKA-VPL-014,nurse,2025-03-19 14:34:37.085945897,2025-03-19 14:34:44.768385965,ROOM_105,B2.82 1-bedskamer,2.82,7.68244
RTLS_01729,EUREKA-VPL-014,nurse,2025-03-19 14:34:44.768385965,2025-03-19 14:35:07.067096178,ROOM_103,B2.78 1-bedskamer,2.78,22.29871
RTLS_02296,EUREKA-VPL-018,nurse,2025-03-19 14:34:51.165797712,2025-03-19 14:44:30.752338548,NS_B,B2.71.01 Dienstplaats,2.71.01,579.58654
RTLS_02503,EUREKA-VPL-019,nurse,2025-03-19 14:34:55.567244059,2025-03-19 14:36:22.097340884,NS_B,B2.71.01 Dienstplaats,2.71.01,86.530096
RTLS_04160,Infuuspomp 3,equipment,2025-03-19 14:34:56.000000000,2025-03-19 14:35:29.000000000,UTIL_B,B2.75 Utility,2.75,33.0
RTLS_04582,Glucosemeter 1,equipment,2025-03-19 14:34:59.000000000,2025-03-19 14:35:12.000000000,NS_A,B2.71 Open wacht,2.71,13.0
RTLS_04996,Toiletstoel 3,equipment,2025-03-19 14:35:00.000000000,2025-03-19 14:35:13.000000000,STORAGE,B2.61 Opslag,2.61,13.0
RTLS_04062,Infuuspomp 2,equipment,2025-03-19 14:35:02.000000000,2025-03-19 14:35:20.000000000,UTIL_A,B2.63 Utility,2.63,18.0
RTLS_04369,Spuitaandrijver,equipment,2025-03-19 14:35:21.000000000,2025-03-19 14:35:45.000000000,UTIL_B,B2.75 Utility,2.75,24.0
RTLS_05202,Voedingspomp 2,equipment,2025-03-19 14:35:26.000000000,2025-03-19 14:35:58.000000000,UTIL_B,B2.75 Utility,2.75,32.0
RTLS_03138,EUREKA-VPL-023,nurse,2025-03-19 14:35:34.812549757,2025-03-19 14:42:14.409127029,NS_B,B2.71.01 Dienstplaats,2.71.01,399.596577
RTLS_02761,EUREKA-VPL-021,nurse,2025-03-19 14:36:02.343828204,2025-03-19 14:36:08.410316073,NS_A,B2.71 Open wacht,2.71,6.066487
RTLS_02762,EUREKA-VPL-021,nurse,2025-03-19 14:36:08.410316073,2025-03-19 14:39:25.395902395,ROOM_115,B2.58 2-bedskamer,2.58,196.985586
RTLS_04269,Infuuspomp 4,equipment,2025-03-19 14:36:22.000000000,2025-03-19 14:36:30.000000000,UTIL_B,B2.75 Utility,2.75,8.0
RTLS_02504,EUREKA-VPL-019,nurse,2025-03-19 14:36:22.097340884,2025-03-19 14:36:26.118254063,ROOM_113,B2.84 1-bedskamer,2.84,4.020913
RTLS_02505,EUREKA-VPL-019,nurse,2025-03-19 14:36:26.118254063,2025-03-19 14:38:26.431683702,ROOM_118,B2.60 2-bedskamer,2.60,120.313429
RTLS_00777,EUREKA-VPL-007,nurse,2025-03-19 14:36:32.770086919,2025-03-19 14:36:48.312615857,KITCHEN,B2.77 Keuken,2.77,15.542528
RTLS_00223,EUREKA-VPL-002,nurse,2025-03-19 14:36:38.860592345,2025-03-19 14:36:52.078114345,ROOM_106,B2.62 2-bedskamer,2.62,13.217522
RTLS_01985,EUREKA-VPL-016,nurse,2025-03-19 14:36:45.596256782,2025-03-19 14:37:23.490757978,UTIL_B,B2.75 Utility,2.75,37.894501
RTLS_00778,EUREKA-VPL-007,nurse,2025-03-19 14:36:48.312615857,2025-03-19 14:43:43.977428834,STORE_C,B2.65 Berging,2.65,415.664812
RTLS_00224,EUREKA-VPL-002,nurse,2025-03-19 14:36:52.078114345,2025-03-19 14:37:21.976987485,ROOM_102,B2.76 1-bedskamer,2.76,29.898873000000002
RTLS_00225,EUREKA-VPL-002,nurse,2025-03-19 14:37:21.976987485,2025-03-19 14:54:20.494246485,NS_B,B2.71.01 Dienstplaats,2.71.01,1018.517259
RTLS_01986,EUREKA-VPL-016,nurse,2025-03-19 14:37:23.490757978,2025-03-19 14:41:16.249366337,STORE_B,B2.59 Berging,2.59,232.758608
RTLS_05413,Voedingspomp 4,equipment,2025-03-19 14:37:25.000000000,2025-03-19 14:37:52.000000000,UTIL_B,B2.75 Utility,2.75,27.0
RTLS_04792,Toiletstoel 1,equipment,2025-03-19 14:37:27.000000000,2025-03-19 14:37:41.000000000,UTIL_A,B2.63 Utility,2.63,14.0
RTLS_05309,Voedingspomp 3,equipment,2025-03-19 14:38:10.000000000,2025-03-19 14:38:39.000000000,UTIL_A,B2.63 Utility,2.63,29.0
RTLS_04684,Glucosemeter 2,equipment,2025-03-19 14:38:16.000000000,2025-03-19 14:38:52.000000000,NS_B,B2.71.01 Dienstplaats,2.71.01,36.0
RTLS_02154,EUREKA-VPL-017,nurse,2025-03-19 14:38:16.187890621,2025-03-19 14:38:42.112182215,ROOM_104,B2.80 1-bedskamer,2.80,25.924291
RTLS_02506,EUREKA-VPL-019,nurse,2025-03-19 14:38:26.431683702,2025-03-19 14:49:13.215841702,UTIL_A,B2.63 Utility,2.63,646.784158
RTLS_04478,Bladderscan,equipment,2025-03-19 14:38:27.000000000,2025-03-19 14:38:34.000000000,UTIL_A,B2.63 Utility,2.63,7.0
RTLS_04161,Infuuspomp 3,equipment,2025-03-19 14:38:28.000000000,2025-03-19 14:38:44.000000000,UTIL_B,B2.75 Utility,2.75,16.0
RTLS_02155,EUREKA-VPL-017,nurse,2025-03-19 14:38:42.112182215,2025-03-19 14:39:19.229640533,NS_A,B2.71 Open wacht,2.71,37.117458
RTLS_04899,Toiletstoel 2,equipment,2025-03-19 14:38:48.000000000,2025-03-19 14:39:17.000000000,UTIL_B,B2.75 Utility,2.75,29.0
RTLS_04063,Infuuspomp 2,equipment,2025-03-19 14:38:49.000000000,2025-03-19 14:39:14.000000000,UTIL_A,B2.63 Utility,2.63,25.0
RTLS_05519,Voedingspomp 5,equipment,2025-03-19 14:38:52.000000000,2025-03-19 14:38:57.000000000,UTIL_A,B2.63 Utility,2.63,5.0
RTLS_03545,EUREKA-VPL-025,nurse,2025-03-19 14:39:14.967908471,2025-03-19 14:39:49.765654818,NS_B,B2.71.01 Dienstplaats,2.71.01,34.797746
RTLS_02156,EUREKA-VPL-017,nurse,2025-03-19 14:39:19.229640533,2025-03-19 14:39:24.813862970,ROOM_112,B2.83 2-bedskamer,2.83,5.5842220000000005
RTLS_02157,EUREKA-VPL-017,nurse,2025-03-19 14:39:24.813862970,2025-03-19 14:39:31.532881032,KITCHEN,B2.77 Keuken,2.77,6.719018
RTLS_02763,EUREKA-VPL-021,nurse,2025-03-19 14:39:25.395902395,2025-03-19 14:41:04.953521099,STORE_A,B2.53 Berging,2.53,99.557618
RTLS_02158,EUREKA-VPL-017,nurse,2025-03-19 14:39:31.532881032,2025-03-19 14:40:12.800523670,ROOM_106,B2.62 2-bedskamer,2.62,41.267642
RTLS_04583,Glucosemeter 1,equipment,2025-03-19 14:39:34.000000000,2025-03-19 14:40:07.000000000,NS_A,B2.71 Open wacht,2.71,33.0
RTLS_04997,Toiletstoel 3,equipment,2025-03-19 14:39:36.000000000,2025-03-19 14:39:56.000000000,STORAGE,B2.61 Opslag,2.61,20.0
RTLS_00616,EUREKA-VPL-006,nurse,2025-03-19 14:39:44.733887006,2025-03-19 14:39:47.157262345,ROOM_117,B2.54 2-bedskamer,2.54,2.423375
RTLS_00617,EUREKA-VPL-006,nurse,2025-03-19 14:39:47.157262345,2025-03-19 14:40:40.150953491,NS_B,B2.71.01 Dienstplaats,2.71.01,52.993691
RTLS_03546,EUREKA-VPL-025,nurse,2025-03-19 14:39:49.765654818,2025-03-19 14:40:10.928974432,STORE_B,B2.59 Berging,2.59,21.163319
RTLS_03547,EUREKA-VPL-025,nurse,2025-03-19 14:40:10.928974432,2025-03-19 14:42:23.301872031,NS_A,B2.71 Open wacht,2.71,132.372897
RTLS_03960,Infuuspomp 1,equipment,2025-03-19 14:40:18.000000000,2025-03-19 14:40:25.000000000,UTIL_A,B2.63 Utility,2.63,7.0
RTLS_04793,Toiletstoel 1,equipment,2025-03-19 14:40:24.000000000,2025-03-19 14:40:47.000000000,UTIL_A,B2.63 Utility,2.63,23.0
RTLS_05106,Voedingspomp 1,equipment,2025-03-19 14:40:39.000000000,2025-03-19 14:41:12.000000000,UTIL_A,B2.63 Utility,2.63,33.0
RTLS_04270,Infuuspomp 4,equipment,2025-03-19 14:40:40.000000000,2025-03-19 14:40:57.000000000,UTIL_B,B2.75 Utility,2.75,17.0
RTLS_00618,EUREKA-VPL-006,nurse,2025-03-19 14:40:40.150953491,2025-03-19 14:40:43.627897252,BATHROOM,B2.57 Stortbad,2.57,3.476943
RTLS_00619,EUREKA-VPL-006,nurse,2025-03-19 14:40:43.627897252,2025-03-19 14:40:51.709741743,STORE_C,B2.65 Berging,2.65,8.081844
RTLS_02764,EUREKA-VPL-021,nurse,2025-03-19 14:41:04.953521099,2025-03-19 14:41:07.307759086,NS_A,B2.71 Open wacht,2.71,2.354237
RTLS_05203,Voedingspomp 2,equipment,2025-03-19 14:41:06.000000000,2025-03-19 14:41:22.000000000,UTIL_B,B2.75 Utility,2.75,16.0
RTLS_04162,Infuuspomp 3,equipment,2025-03-19 14:41:07.000000000,2025-03-19 14:41:34.000000000,UTIL_B,B2.75 Utility,2.75,27.0
RTLS_02765,EUREKA-VPL-021,nurse,2025-03-19 14:41:07.307759086,2025-03-19 14:41:08.549727837,ROOM_101,B2.74 1-bedskamer,2.74,1.241968
RTLS_02766,EUREKA-VPL-021,nurse,2025-03-19 14:41:08.549727837,2025-03-19 14:41:25.989089368,ROOM_103,B2.78 1-bedskamer,2.78,17.439361
RTLS_05414,Voedingspomp 4,equipment,2025-03-19 14:41:11.000000000,2025-03-19 14:41:47.000000000,UTIL_B,B2.75 Utility,2.75,36.0
RTLS_01987,EUREKA-VPL-016,nurse,2025-03-19 14:41:16.249366337,2025-03-19 14:41:58.946937622,ROOM_101,B2.74 1-bedskamer,2.74,42.697571
RTLS_01988,EUREKA-VPL-016,nurse,2025-03-19 14:41:58.946937622,2025-03-19 14:43:16.187443593,ROOM_118,B2.60 2-bedskamer,2.60,77.240505
RTLS_03139,EUREKA-VPL-023,nurse,2025-03-19 14:42:14.409127029,2025-03-19 14:42:20.199376307,ROOM_101,B2.74 1-bedskamer,2.74,5.790249
RTLS_03140,EUREKA-VPL-023,nurse,2025-03-19 14:42:20.199376307,2025-03-19 14:42:26.487189808,KITCHEN,B2.77 Keuken,2.77,6.287813
RTLS_03141,EUREKA-VPL-023,nurse,2025-03-19 14:42:26.487189808,2025-03-19 14:42:45.237900761,ROOM_113,B2.84 1-bedskamer,2.84,18.75071
RTLS_03142,EUREKA-VPL-023,nurse,2025-03-19 14:42:45.237900761,2025-03-19 14:43:39.936271588,ROOM_107,B2.64 2-bedskamer,2.64,54.69837
RTLS_04794,Toiletstoel 1,equipment,2025-03-19 14:42:50.000000000,2025-03-19 14:43:02.000000000,UTIL_A,B2.63 Utility,2.63,12.0
RTLS_00470,EUREKA-VPL-005,nurse,2025-03-19 14:42:57.913196698,2025-03-19 14:43:57.302420984,ROOM_104,B2.80 1-bedskamer,2.80,59.389224
RTLS_05310,Voedingspomp 3,equipment,2025-03-19 14:43:01.000000000,2025-03-19 14:43:37.000000000,UTIL_A,B2.63 Utility,2.63,36.0
RTLS_04370,Spuitaandrijver,equipment,2025-03-19 14:43:10.000000000,2025-03-19 14:43:40.000000000,UTIL_B,B2.75 Utility,2.75,30.0
RTLS_02966,EUREKA-VPL-022,nurse,2025-03-19 14:43:10.033894657,2025-03-19 14:44:58.654631402,BATHROOM,B2.57 Stortbad,2.57,108.620736
RTLS_01989,EUREKA-VPL-016,nurse,2025-03-19 14:43:16.187443593,2025-03-19 14:43:21.410892754,ROOM_104,B2.80 1-bedskamer,2.80,5.2234490000000005
RTLS_01990,EUREKA-VPL-016,nurse,2025-03-19 14:43:21.410892754,2025-03-19 14:47:27.616386889,ROOM_111,B2.81 2-bedskamer,2.81,246.205494
RTLS_03143,EUREKA-VPL-023,nurse,2025-03-19 14:43:39.936271588,2025-03-19 14:43:41.703793875,ROOM_115,B2.58 2-bedskamer,2.58,1.767522
RTLS_03144,EUREKA-VPL-023,nurse,2025-03-19 14:43:41.703793875,2025-03-19 14:46:30.475206255,NS_A,B2.71 Open wacht,2.71,168.771412
RTLS_04479,Bladderscan,equipment,2025-03-19 14:43:43.000000000,2025-03-19 14:44:12.000000000,UTIL_A,B2.63 Utility,2.63,29.0
RTLS_00779,EUREKA-VPL-007,nurse,2025-03-19 14:43:43.977428834,2025-03-19 14:43:51.076495392,ROOM_105,B2.82 1-bedskamer,2.82,7.099066
RTLS_05107,Voedingspomp 1,equipment,2025-03-19 14:43:45.000000000,2025-03-19 14:44:04.000000000,UTIL_A,B2.63 Utility,2.63,19.0
RTLS_00780,EUREKA-VPL-007,nurse,2025-03-19 14:43:51.076495392,2025-03-19 14:45:15.390256246,ROOM_107,B2.64 2-bedskamer,2.64,84.31376
RTLS_03783,EUREKA-VPL-026,nurse,2025-03-19 14:44:03.538209208,2025-03-19 14:45:10.596986882,ROOM_116,B2.56 2-bedskamer,2.56,67.058777
RTLS_03961,Infuuspomp 1,equipment,2025-03-19 14:44:08.000000000,2025-03-19 14:44:34.000000000,UTIL_A,B2.63 Utility,2.63,26.0
RTLS_04998,Toiletstoel 3,equipment,2025-03-19 14:44:12.000000000,2025-03-19 14:44:33.000000000,STORAGE,B2.61 Opslag,2.61,21.0
RTLS_04900,Toiletstoel 2,equipment,2025-03-19 14:44:28.000000000,2025-03-19 14:44:37.000000000,UTIL_B,B2.75 Utility,2.75,9.0
RTLS_02297,EUREKA-VPL-018,nurse,2025-03-19 14:44:30.752338548,2025-03-19 14:44:55.727760982,ROOM_110,B2.79 2-bedskamer,2.79,24.975422000000002
RTLS_05415,Voedingspomp 4,equipment,2025-03-19 14:44:38.000000000,2025-03-19 14:44:54.000000000,UTIL_B,B2.75 Utility,2.75,16.0
RTLS_02298,EUREKA-VPL-018,nurse,2025-03-19 14:44:55.727760982,2025-03-19 14:45:30.430840469,ROOM_104,B2.80 1-bedskamer,2.80,34.703079
RTLS_02967,EUREKA-VPL-022,nurse,2025-03-19 14:44:58.654631402,2025-03-19 14:46:34.566687154,ROOM_118,B2.60 2-bedskamer,2.60,95.912055
RTLS_04685,Glucosemeter 2,equipment,2025-03-19 14:45:05.000000000,2025-03-19 14:45:35.000000000,NS_B,B2.71.01 Dienstplaats,2.71.01,30.0
RTLS_04480,Bladderscan,equipment,2025-03-19 14:45:08.000000000,2025-03-19 14:45:36.000000000,UTIL_A,B2.63 Utility,2.63,28.0
RTLS_03784,EUREKA-VPL-026,nurse,2025-03-19 14:45:10.596986882,2025-03-19 14:46:16.280498908,ROOM_107,B2.64 2-bedskamer,2.64,65.683512
RTLS_04584,Glucosemeter 1,equipment,2025-03-19 14:45:20.000000000,2025-03-19 14:45:29.000000000,NS_A,B2.71 Open wacht,2.71,9.0
RTLS_05520,Voedingspomp 5,equipment,2025-03-19 14:45:24.000000000,2025-03-19 14:45:58.000000000,UTIL_A,B2.63 Utility,2.63,34.0
RTLS_04064,Infuuspomp 2,equipment,2025-03-19 14:46:06.000000000,2025-03-19 14:46:34.000000000,UTIL_A,B2.63 Utility,2.63,28.0
RTLS_04901,Toiletstoel 2,equipment,2025-03-19 14:46:13.000000000,2025-03-19 14:46:44.000000000,UTIL_B,B2.75 Utility,2.75,31.0
RTLS_03785,EUREKA-VPL-026,nurse,2025-03-19 14:46:16.280498908,2025-03-19 14:46:18.574441490,ROOM_104,B2.80 1-bedskamer,2.80,2.293942
RTLS_03786,EUREKA-VPL-026,nurse,2025-03-19 14:46:18.574441490,2025-03-19 14:46:23.316462371,ROOM_103,B2.78 1-bedskamer,2.78,4.74202
RTLS_03787,EUREKA-VPL-026,nurse,2025-03-19 14:46:23.316462371,2025-03-19 14:49:33.145369145,ROOM_101,B2.74 1-bedskamer,2.74,189.828906
RTLS_03145,EUREKA-VPL-023,nurse,2025-03-19 14:46:30.475206255,2025-03-19 14:46:51.839756389,ROOM_107,B2.64 2-bedskamer,2.64,21.36455
RTLS_02968,EUREKA-VPL-022,nurse,2025-03-19 14:46:34.566687154,2025-03-19 14:46:53.089382976,ROOM_108,B2.66 2-bedskamer,2.66,18.522695
RTLS_03146,EUREKA-VPL-023,nurse,2025-03-19 14:46:51.839756389,2025-03-19 14:47:18.738537964,ROOM_115,B2.58 2-bedskamer,2.58,26.898781
RTLS_02969,EUREKA-VPL-022,nurse,2025-03-19 14:46:53.089382976,2025-03-19 14:47:16.473585427,ROOM_118,B2.60 2-bedskamer,2.60,23.384202
RTLS_04481,Bladderscan,equipment,2025-03-19 14:47:14.000000000,2025-03-19 14:47:27.000000000,UTIL_A,B2.63 Utility,2.63,13.0
RTLS_03147,EUREKA-VPL-023,nurse,2025-03-19 14:47:18.738537964,2025-03-19 14:47:51.730217042,ROOM_108,B2.66 2-bedskamer,2.66,32.991679
RTLS_01991,EUREKA-VPL-016,nurse,2025-03-19 14:47:27.616386889,2025-03-19 14:47:37.838888569,ROOM_114,B2.85 2-bedskamer,2.85,10.222501
RTLS_05204,Voedingspomp 2,equipment,2025-03-19 14:47:29.000000000,2025-03-19 14:47:56.000000000,UTIL_B,B2.75 Utility,2.75,27.0
RTLS_05416,Voedingspomp 4,equipment,2025-03-19 14:47:35.000000000,2025-03-19 14:47:49.000000000,UTIL_B,B2.75 Utility,2.75,14.0
RTLS_00363,EUREKA-VPL-004,nurse,2025-03-19 14:47:39.878621544,2025-03-19 14:54:03.537491619,NS_B,B2.71.01 Dienstplaats,2.71.01,383.65887
RTLS_04163,Infuuspomp 3,equipment,2025-03-19 14:47:47.000000000,2025-03-19 14:48:13.000000000,UTIL_B,B2.75 Utility,2.75,26.0
RTLS_03148,EUREKA-VPL-023,nurse,2025-03-19 14:47:51.730217042,2025-03-19 14:48:22.317373446,ROOM_118,B2.60 2-bedskamer,2.60,30.587156
RTLS_04271,Infuuspomp 4,equipment,2025-03-19 14:48:11.000000000,2025-03-19 14:48:46.000000000,UTIL_B,B2.75 Utility,2.75,35.0
RTLS_04371,Spuitaandrijver,equipment,2025-03-19 14:48:11.000000000,2025-03-19 14:48:35.000000000,UTIL_B,B2.75 Utility,2.75,24.0
RTLS_05311,Voedingspomp 3,equipment,2025-03-19 14:48:13.000000000,2025-03-19 14:48:25.000000000,UTIL_A,B2.63 Utility,2.63,12.0
RTLS_03962,Infuuspomp 1,equipment,2025-03-19 14:48:31.000000000,2025-03-19 14:49:00.000000000,UTIL_A,B2.63 Utility,2.63,29.0
RTLS_02507,EUREKA-VPL-019,nurse,2025-03-19 14:49:13.215841702,2025-03-19 14:52:35.981921376,BATH_B,B2.55 Badkamer,2.55,202.766079
RTLS_05108,Voedingspomp 1,equipment,2025-03-19 14:49:32.000000000,2025-03-19 14:49:52.000000000,UTIL_A,B2.63 Utility,2.63,20.0
RTLS_05417,Voedingspomp 4,equipment,2025-03-19 14:50:04.000000000,2025-03-19 14:50:28.000000000,UTIL_B,B2.75 Utility,2.75,24.0
RTLS_04686,Glucosemeter 2,equipment,2025-03-19 14:50:08.000000000,2025-03-19 14:50:21.000000000,NS_B,B2.71.01 Dienstplaats,2.71.01,13.0
RTLS_04795,Toiletstoel 1,equipment,2025-03-19 14:50:24.000000000,2025-03-19 14:50:40.000000000,UTIL_A,B2.63 Utility,2.63,16.0
RTLS_04585,Glucosemeter 1,equipment,2025-03-19 14:51:08.000000000,2025-03-19 14:51:28.000000000,NS_A,B2.71 Open wacht,2.71,20.0
RTLS_00910,EUREKA-VPL-008,nurse,2025-03-19 14:51:14.058819603,2025-03-19 14:59:59.999999603,ROOM_107,B2.64 2-bedskamer,2.64,525.94118
RTLS_04999,Toiletstoel 3,equipment,2025-03-19 14:52:03.000000000,2025-03-19 14:52:15.000000000,STORAGE,B2.61 Opslag,2.61,12.0
RTLS_05521,Voedingspomp 5,equipment,2025-03-19 14:52:12.000000000,2025-03-19 14:52:41.000000000,UTIL_A,B2.63 Utility,2.63,29.0
RTLS_02508,EUREKA-VPL-019,nurse,2025-03-19 14:52:35.981921376,2025-03-19 14:53:51.442481777,ROOM_117,B2.54 2-bedskamer,2.54,75.46056
RTLS_04065,Infuuspomp 2,equipment,2025-03-19 14:52:48.000000000,2025-03-19 14:53:12.000000000,UTIL_A,B2.63 Utility,2.63,24.0
RTLS_04482,Bladderscan,equipment,2025-03-19 14:53:01.000000000,2025-03-19 14:53:17.000000000,UTIL_A,B2.63 Utility,2.63,16.0
RTLS_05312,Voedingspomp 3,equipment,2025-03-19 14:53:01.000000000,2025-03-19 14:53:31.000000000,UTIL_A,B2.63 Utility,2.63,30.0
RTLS_04164,Infuuspomp 3,equipment,2025-03-19 14:53:04.000000000,2025-03-19 14:53:34.000000000,UTIL_B,B2.75 Utility,2.75,30.0
RTLS_04902,Toiletstoel 2,equipment,2025-03-19 14:53:18.000000000,2025-03-19 14:53:25.000000000,UTIL_B,B2.75 Utility,2.75,7.0
RTLS_04372,Spuitaandrijver,equipment,2025-03-19 14:53:45.000000000,2025-03-19 14:54:04.000000000,UTIL_B,B2.75 Utility,2.75,19.0
RTLS_02509,EUREKA-VPL-019,nurse,2025-03-19 14:53:51.442481777,2025-03-19 14:57:37.335949354,ROOM_114,B2.85 2-bedskamer,2.85,225.893467
RTLS_00364,EUREKA-VPL-004,nurse,2025-03-19 14:54:03.537491619,2025-03-19 14:55:10.250072886,PREP_A,B2.71.02 Voorbereiding,2.71.02,66.712581
RTLS_05205,Voedingspomp 2,equipment,2025-03-19 14:54:07.000000000,2025-03-19 14:54:31.000000000,UTIL_B,B2.75 Utility,2.75,24.0
RTLS_05109,Voedingspomp 1,equipment,2025-03-19 14:54:20.000000000,2025-03-19 14:54:36.000000000,UTIL_A,B2.63 Utility,2.63,16.0
RTLS_00226,EUREKA-VPL-002,nurse,2025-03-19 14:54:20.494246485,2025-03-19 14:55:07.679308001,ROOM_103,B2.78 1-bedskamer,2.78,47.185061
RTLS_04586,Glucosemeter 1,equipment,2025-03-19 14:54:46.000000000,2025-03-19 14:55:16.000000000,NS_A,B2.71 Open wacht,2.71,30.0
RTLS_04272,Infuuspomp 4,equipment,2025-03-19 14:54:51.000000000,2025-03-19 14:55:27.000000000,UTIL_B,B2.75 Utility,2.75,36.0
RTLS_00227,EUREKA-VPL-002,nurse,2025-03-19 14:55:07.679308001,2025-03-19 14:55:10.355200472,ROOM_105,B2.82 1-bedskamer,2.82,2.675892
RTLS_00365,EUREKA-VPL-004,nurse,2025-03-19 14:55:10.250072886,2025-03-19 14:55:35.548218491,ROOM_104,B2.80 1-bedskamer,2.80,25.298145
RTLS_00228,EUREKA-VPL-002,nurse,2025-03-19 14:55:10.355200472,2025-03-19 14:55:21.882212921,ROOM_106,B2.62 2-bedskamer,2.62,11.527012
RTLS_04687,Glucosemeter 2,equipment,2025-03-19 14:55:34.000000000,2025-03-19 14:56:02.000000000,NS_B,B2.71.01 Dienstplaats,2.71.01,28.0
RTLS_03963,Infuuspomp 1,equipment,2025-03-19 14:55:36.000000000,2025-03-19 14:55:54.000000000,UTIL_A,B2.63 Utility,2.63,18.0
RTLS_04165,Infuuspomp 3,equipment,2025-03-19 14:55:37.000000000,2025-03-19 14:55:54.000000000,UTIL_B,B2.75 Utility,2.75,17.0
RTLS_05313,Voedingspomp 3,equipment,2025-03-19 14:55:46.000000000,2025-03-19 14:55:57.000000000,UTIL_A,B2.63 Utility,2.63,11.0
RTLS_05522,Voedingspomp 5,equipment,2025-03-19 14:55:58.000000000,2025-03-19 14:56:26.000000000,UTIL_A,B2.63 Utility,2.63,28.0
RTLS_05418,Voedingspomp 4,equipment,2025-03-19 14:56:11.000000000,2025-03-19 14:56:30.000000000,UTIL_B,B2.75 Utility,2.75,19.0
RTLS_05000,Toiletstoel 3,equipment,2025-03-19 14:56:16.000000000,2025-03-19 14:56:41.000000000,STORAGE,B2.61 Opslag,2.61,25.0
RTLS_04796,Toiletstoel 1,equipment,2025-03-19 14:56:44.000000000,2025-03-19 14:56:56.000000000,UTIL_A,B2.63 Utility,2.63,12.0
RTLS_02510,EUREKA-VPL-019,nurse,2025-03-19 14:57:37.335949354,2025-03-19 15:00:00.000000000,ROOM_103,B2.78 1-bedskamer,2.78,142.66405
RTLS_04587,Glucosemeter 1,equipment,2025-03-19 14:58:05.000000000,2025-03-19 14:58:30.000000000,NS_A,B2.71 Open wacht,2.71,25.0
RTLS_04903,Toiletstoel 2,equipment,2025-03-19 14:58:09.000000000,2025-03-19 14:58:30.000000000,UTIL_B,B2.75 Utility,2.75,21.0
RTLS_03964,Infuuspomp 1,equipment,2025-03-19 14:58:34.000000000,2025-03-19 14:58:58.000000000,UTIL_A,B2.63 Utility,2.63,24.0
RTLS_05001,Toiletstoel 3,equipment,2025-03-19 14:59:21.000000000,2025-03-19 14:59:31.000000000,STORAGE,B2.61 Opslag,2.61,10.0
RTLS_04373,Spuitaandrijver,equipment,2025-03-19 14:59:27.000000000,2025-03-19 14:59:38.000000000,UTIL_B,B2.75 Utility,2.75,11.0
RTLS_05206,Voedingspomp 2,equipment,2025-03-19 14:59:41.000000000,2025-03-19 14:59:57.000000000,UTIL_B,B2.75 Utility,2.75,16.0
RTLS_00121,EUREKA-VPL-001,nurse,2025-03-19 15:00:00.000000000,2025-03-19 15:00:36.084310439,ROOM_115,B2.58 2-bedskamer,2.58,36.08431
RTLS_00229,EUREKA-VPL-002,nurse,2025-03-19 15:00:00.000000000,2025-03-19 15:02:06.858318135,ROOM_114,B2.85 2-bedskamer,2.85,126.858318
RTLS_00290,EUREKA-VPL-003,nurse,2025-03-19 15:00:00.000000000,2025-03-19 15:00:04.508379805,KITCHEN,B2.77 Keuken,2.77,4.508379
RTLS_00366,EUREKA-VPL-004,nurse,2025-03-19 15:00:00.000000000,2025-03-19 15:00:34.720710748,KITCHEN,B2.77 Keuken,2.77,34.72071
RTLS_00471,EUREKA-VPL-005,nurse,2025-03-19 15:00:00.000000000,2025-03-19 15:00:51.925916095,ROOM_101,B2.74 1-bedskamer,2.74,51.925916
RTLS_00620,EUREKA-VPL-006,nurse,2025-03-19 15:00:00.000000000,2025-03-19 15:01:53.914366812,KITCHEN,B2.77 Keuken,2.77,113.914366
RTLS_00781,EUREKA-VPL-007,nurse,2025-03-19 15:00:00.000000000,2025-03-19 15:00:06.556640896,BATH_B,B2.55 Badkamer,2.55,6.55664
RTLS_00911,EUREKA-VPL-008,nurse,2025-03-19 15:00:00.000000000,2025-03-19 15:00:09.240332219,ROOM_111,B2.81 2-bedskamer,2.81,9.240332
RTLS_01051,EUREKA-VPL-009,nurse,2025-03-19 15:00:00.000000000,2025-03-19 15:00:04.144899310,STORE_C,B2.65 Berging,2.65,4.144899
RTLS_01234,EUREKA-VPL-010,nurse,2025-03-19 15:00:00.000000000,2025-03-19 15:00:38.182737957,ROOM_116,B2.56 2-bedskamer,2.56,38.182737
RTLS_01373,EUREKA-VPL-011,nurse,2025-03-19 15:00:00.000000000,2025-03-19 15:00:03.142362262,ROOM_101,B2.74 1-bedskamer,2.74,3.142362
RTLS_01454,EUREKA-VPL-012,nurse,2025-03-19 15:00:00.000000000,2025-03-19 15:00:30.117204141,ROOM_114,B2.85 2-bedskamer,2.85,30.117204
RTLS_01561,EUREKA-VPL-013,nurse,2025-03-19 15:00:00.000000000,2025-03-19 15:01:20.204838049,NS_A,B2.71 Open wacht,2.71,80.204838
RTLS_01730,EUREKA-VPL-014,nurse,2025-03-19 15:00:00.000000000,2025-03-19 15:00:16.312100362,KITCHEN,B2.77 Keuken,2.77,16.3121
RTLS_01853,EUREKA-VPL-015,nurse,2025-03-19 15:00:00.000000000,2025-03-19 15:01:22.347875591,ROOM_116,B2.56 2-bedskamer,2.56,82.347875
RTLS_01992,EUREKA-VPL-016,nurse,2025-03-19 15:00:00.000000000,2025-03-19 15:00:10.249206898,ROOM_108,B2.66 2-bedskamer,2.66,10.249206
RTLS_02159,EUREKA-VPL-017,nurse,2025-03-19 15:00:00.000000000,2025-03-19 15:01:28.036068140,ROOM_111,B2.81 2-bedskamer,2.81,88.036068
RTLS_02299,EUREKA-VPL-018,nurse,2025-03-19 15:00:00.000000000,2025-03-19 15:00:02.602726755,ROOM_112,B2.83 2-bedskamer,2.83,2.602726
RTLS_02511,EUREKA-VPL-019,nurse,2025-03-19 15:00:00.000000000,2025-03-19 15:01:28.826364835,ROOM_105,B2.82 1-bedskamer,2.82,88.826364
RTLS_02638,EUREKA-VPL-020,nurse,2025-03-19 15:00:00.000000000,2025-03-19 15:00:01.000000000,STORE_C,B2.65 Berging,2.65,1.0
RTLS_02767,EUREKA-VPL-021,nurse,2025-03-19 15:00:00.000000000,2025-03-19 15:00:36.891349493,PREP_B,B2.71.02 Voorbereiding,2.71.02,36.891349
RTLS_02970,EUREKA-VPL-022,nurse,2025-03-19 15:00:00.000000000,2025-03-19 15:00:59.996354121,ROOM_108,B2.66 2-bedskamer,2.66,59.996354
RTLS_03149,EUREKA-VPL-023,nurse,2025-03-19 15:00:00.000000000,2025-03-19 15:00:14.842038777,ROOM_105,B2.82 1-bedskamer,2.82,14.842038
RTLS_03337,EUREKA-VPL-024,nurse,2025-03-19 15:00:00.000000000,2025-03-19 15:00:04.202333197,KITCHEN,B2.77 Keuken,2.77,4.202333
RTLS_03548,EUREKA-VPL-025,nurse,2025-03-19 15:00:00.000000000,2025-03-19 15:00:17.971801350,STORE_A,B2.53 Berging,2.53,17.971801
RTLS_03788,EUREKA-VPL-026,nurse,2025-03-19 15:00:00.000000000,2025-03-19 15:00:24.669379599,KITCHEN,B2.77 Keuken,2.77,24.669379
RTLS_02639,EUREKA-VPL-020,nurse,2025-03-19 15:00:01.000000000,2025-03-19 15:10:00.833333333,NS_B,B2.71.01 Dienstplaats,2.71.01,599.833333
RTLS_02300,EUREKA-VPL-018,nurse,2025-03-19 15:00:02.602726755,2025-03-19 15:00:28.511322213,ROOM_102,B2.76 1-bedskamer,2.76,25.908595
RTLS_01374,EUREKA-VPL-011,nurse,2025-03-19 15:00:03.142362262,2025-03-19 15:00:16.241219231,ROOM_110,B2.79 2-bedskamer,2.79,13.098856
RTLS_01052,EUREKA-VPL-009,nurse,2025-03-19 15:00:04.144899310,2025-03-19 15:00:05.144899310,STORE_A,B2.53 Berging,2.53,1.0
RTLS_03338,EUREKA-VPL-024,nurse,2025-03-19 15:00:04.202333197,2025-03-19 15:00:08.332169053,ROOM_107,B2.64 2-bedskamer,2.64,4.129835
RTLS_00291,EUREKA-VPL-003,nurse,2025-03-19 15:00:04.508379805,2025-03-19 15:12:18.855734501,ROOM_102,B2.76 1-bedskamer,2.76,734.347354
RTLS_01053,EUREKA-VPL-009,nurse,2025-03-19 15:00:05.144899310,2025-03-19 15:00:28.396763799,STORE_A,B2.53 Berging,2.53,23.251864
RTLS_00782,EUREKA-VPL-007,nurse,2025-03-19 15:00:06.556640896,2025-03-19 15:00:29.125207692,KITCHEN,B2.77 Keuken,2.77,22.568566
RTLS_03339,EUREKA-VPL-024,nurse,2025-03-19 15:00:08.332169053,2025-03-19 15:00:51.639344530,ROOM_118,B2.60 2-bedskamer,2.60,43.307175
RTLS_00912,EUREKA-VPL-008,nurse,2025-03-19 15:00:09.240332219,2025-03-19 15:00:15.730717751,ROOM_104,B2.80 1-bedskamer,2.80,6.490385
RTLS_01993,EUREKA-VPL-016,nurse,2025-03-19 15:00:10.249206898,2025-03-19 15:00:15.798220652,NS_A,B2.71 Open wacht,2.71,5.549013
RTLS_03150,EUREKA-VPL-023,nurse,2025-03-19 15:00:14.842038777,2025-03-19 15:01:19.280918372,ROOM_118,B2.60 2-bedskamer,2.60,64.438879
RTLS_04066,Infuuspomp 2,equipment,2025-03-19 15:00:15.000000000,2025-03-19 15:00:51.000000000,UTIL_A,B2.63 Utility,2.63,36.0
RTLS_00913,EUREKA-VPL-008,nurse,2025-03-19 15:00:15.730717751,2025-03-19 15:00:30.502033954,ROOM_115,B2.58 2-bedskamer,2.58,14.771316
RTLS_01994,EUREKA-VPL-016,nurse,2025-03-19 15:00:15.798220652,2025-03-19 15:00:45.173169125,STORE_B,B2.59 Berging,2.59,29.374948
RTLS_01375,EUREKA-VPL-011,nurse,2025-03-19 15:00:16.241219231,2025-03-19 15:00:21.616164280,ROOM_112,B2.83 2-bedskamer,2.83,5.374945
RTLS_01731,EUREKA-VPL-014,nurse,2025-03-19 15:00:16.312100362,2025-03-19 15:03:22.046953556,ROOM_112,B2.83 2-bedskamer,2.83,185.734853
RTLS_03549,EUREKA-VPL-025,nurse,2025-03-19 15:00:17.971801350,2025-03-19 15:00:23.901272716,ROOM_117,B2.54 2-bedskamer,2.54,5.929471
RTLS_01376,EUREKA-VPL-011,nurse,2025-03-19 15:00:21.616164280,2025-03-19 15:01:47.044047955,ROOM_115,B2.58 2-bedskamer,2.58,85.427883
RTLS_04688,Glucosemeter 2,equipment,2025-03-19 15:00:22.000000000,2025-03-19 15:00:27.000000000,NS_B,B2.71.01 Dienstplaats,2.71.01,5.0
RTLS_03550,EUREKA-VPL-025,nurse,2025-03-19 15:00:23.901272716,2025-03-19 15:01:37.227602239,ROOM_110,B2.79 2-bedskamer,2.79,73.326329
RTLS_03789,EUREKA-VPL-026,nurse,2025-03-19 15:00:24.669379599,2025-03-19 15:01:17.051749990,ROOM_106,B2.62 2-bedskamer,2.62,52.38237
RTLS_01054,EUREKA-VPL-009,nurse,2025-03-19 15:00:28.396763799,2025-03-19 15:00:34.896195353,BATHROOM,B2.57 Stortbad,2.57,6.499431
RTLS_02301,EUREKA-VPL-018,nurse,2025-03-19 15:00:28.511322213,2025-03-19 15:04:55.986318238,NS_B,B2.71.01 Dienstplaats,2.71.01,267.474996
RTLS_00783,EUREKA-VPL-007,nurse,2025-03-19 15:00:29.125207692,2025-03-19 15:01:25.595768409,ROOM_117,B2.54 2-bedskamer,2.54,56.47056
RTLS_01455,EUREKA-VPL-012,nurse,2025-03-19 15:00:30.117204141,2025-03-19 15:02:52.377818306,ROOM_107,B2.64 2-bedskamer,2.64,142.260614
RTLS_00914,EUREKA-VPL-008,nurse,2025-03-19 15:00:30.502033954,2025-03-19 15:01:00.226107241,ROOM_106,B2.62 2-bedskamer,2.62,29.724073
RTLS_04588,Glucosemeter 1,equipment,2025-03-19 15:00:33.000000000,2025-03-19 15:00:50.000000000,NS_A,B2.71 Open wacht,2.71,17.0
RTLS_00367,EUREKA-VPL-004,nurse,2025-03-19 15:00:34.720710748,2025-03-19 15:00:40.857979826,ROOM_104,B2.80 1-bedskamer,2.80,6.137269
RTLS_01055,EUREKA-VPL-009,nurse,2025-03-19 15:00:34.896195353,2025-03-19 15:00:55.975121595,ROOM_115,B2.58 2-bedskamer,2.58,21.078926
RTLS_00122,EUREKA-VPL-001,nurse,2025-03-19 15:00:36.084310439,2025-03-19 15:01:02.805400919,ROOM_111,B2.81 2-bedskamer,2.81,26.72109
RTLS_02768,EUREKA-VPL-021,nurse,2025-03-19 15:00:36.891349493,2025-03-19 15:02:07.728722073,BATH_B,B2.55 Badkamer,2.55,90.837372
RTLS_01235,EUREKA-VPL-010,nurse,2025-03-19 15:00:38.182737957,2025-03-19 15:01:29.510557384,ROOM_104,B2.80 1-bedskamer,2.80,51.327819
RTLS_05002,Toiletstoel 3,equipment,2025-03-19 15:00:39.000000000,2025-03-19 15:00:54.000000000,STORAGE,B2.61 Opslag,2.61,15.0
RTLS_04483,Bladderscan,equipment,2025-03-19 15:00:40.000000000,2025-03-19 15:01:16.000000000,UTIL_A,B2.63 Utility,2.63,36.0
RTLS_00368,EUREKA-VPL-004,nurse,2025-03-19 15:00:40.857979826,2025-03-19 15:01:03.681257160,ROOM_102,B2.76 1-bedskamer,2.76,22.823277
RTLS_01995,EUREKA-VPL-016,nurse,2025-03-19 15:00:45.173169125,2025-03-19 15:01:21.339698416,ROOM_111,B2.81 2-bedskamer,2.81,36.166529
RTLS_05314,Voedingspomp 3,equipment,2025-03-19 15:00:48.000000000,2025-03-19 15:01:22.000000000,UTIL_A,B2.63 Utility,2.63,34.0
RTLS_03340,EUREKA-VPL-024,nurse,2025-03-19 15:00:51.639344530,2025-03-19 15:01:34.038922155,ROOM_105,B2.82 1-bedskamer,2.82,42.399577
RTLS_00472,EUREKA-VPL-005,nurse,2025-03-19 15:00:51.925916095,2025-03-19 15:04:43.557293863,NS_B,B2.71.01 Dienstplaats,2.71.01,231.631377
RTLS_01056,EUREKA-VPL-009,nurse,2025-03-19 15:00:55.975121595,2025-03-19 15:06:01.517165626,NS_B,B2.71.01 Dienstplaats,2.71.01,305.542044
RTLS_02971,EUREKA-VPL-022,nurse,2025-03-19 15:00:59.996354121,2025-03-19 15:01:29.687663790,STORAGE,B2.61 Opslag,2.61,29.691309
RTLS_00915,EUREKA-VPL-008,nurse,2025-03-19 15:01:00.226107241,2025-03-19 15:01:05.125733257,UTIL_B,B2.75 Utility,2.75,4.899626
RTLS_00123,EUREKA-VPL-001,nurse,2025-03-19 15:01:02.805400919,2025-03-19 15:01:18.509999984,KITCHEN,B2.77 Keuken,2.77,15.704599
RTLS_05110,Voedingspomp 1,equipment,2025-03-19 15:01:03.000000000,2025-03-19 15:01:28.000000000,UTIL_A,B2.63 Utility,2.63,25.0
RTLS_00369,EUREKA-VPL-004,nurse,2025-03-19 15:01:03.681257160,2025-03-19 15:01:31.627070324,ROOM_107,B2.64 2-bedskamer,2.64,27.945813
RTLS_00916,EUREKA-VPL-008,nurse,2025-03-19 15:01:05.125733257,2025-03-19 15:01:48.111538284,BATHROOM,B2.57 Stortbad,2.57,42.985805
RTLS_05523,Voedingspomp 5,equipment,2025-03-19 15:01:09.000000000,2025-03-19 15:01:41.000000000,UTIL_A,B2.63 Utility,2.63,32.0
RTLS_03790,EUREKA-VPL-026,nurse,2025-03-19 15:01:17.051749990,2025-03-19 15:01:18.512378378,ROOM_108,B2.66 2-bedskamer,2.66,1.460628
RTLS_00124,EUREKA-VPL-001,nurse,2025-03-19 15:01:18.509999984,2025-03-19 15:01:19.509999984,ROOM_115,B2.58 2-bedskamer,2.58,1.0
RTLS_03791,EUREKA-VPL-026,nurse,2025-03-19 15:01:18.512378378,2025-03-19 15:01:29.457178062,ROOM_111,B2.81 2-bedskamer,2.81,10.944799
RTLS_03151,EUREKA-VPL-023,nurse,2025-03-19 15:01:19.280918372,2025-03-19 15:01:30.406065147,ROOM_109,B2.68 2-bedskamer,2.68,11.125146
RTLS_00125,EUREKA-VPL-001,nurse,2025-03-19 15:01:19.509999984,2025-03-19 15:01:37.218324097,ROOM_112,B2.83 2-bedskamer,2.83,17.708324
RTLS_01562,EUREKA-VPL-013,nurse,2025-03-19 15:01:20.204838049,2025-03-19 15:10:35.961968733,PREP_A,B2.71.02 Voorbereiding,2.71.02,555.75713
RTLS_01996,EUREKA-VPL-016,nurse,2025-03-19 15:01:21.339698416,2025-03-19 15:01:29.959844997,ROOM_116,B2.56 2-bedskamer,2.56,8.620146
RTLS_01854,EUREKA-VPL-015,nurse,2025-03-19 15:01:22.347875591,2025-03-19 15:01:49.049595395,NS_A,B2.71 Open wacht,2.71,26.701719
RTLS_00784,EUREKA-VPL-007,nurse,2025-03-19 15:01:25.595768409,2025-03-19 15:01:53.700270306,ROOM_110,B2.79 2-bedskamer,2.79,28.104501
RTLS_04166,Infuuspomp 3,equipment,2025-03-19 15:01:28.000000000,2025-03-19 15:01:34.000000000,UTIL_B,B2.75 Utility,2.75,6.0
RTLS_02160,EUREKA-VPL-017,nurse,2025-03-19 15:01:28.036068140,2025-03-19 15:07:19.232461239,UTIL_A,B2.63 Utility,2.63,351.196393
RTLS_02512,EUREKA-VPL-019,nurse,2025-03-19 15:01:28.826364835,2025-03-19 15:05:58.916644450,NS_A,B2.71 Open wacht,2.71,270.090279
RTLS_03792,EUREKA-VPL-026,nurse,2025-03-19 15:01:29.457178062,2025-03-19 15:02:47.062047460,ROOM_105,B2.82 1-bedskamer,2.82,77.604869
RTLS_01236,EUREKA-VPL-010,nurse,2025-03-19 15:01:29.510557384,2025-03-19 15:01:43.608379598,ROOM_103,B2.78 1-bedskamer,2.78,14.097822
RTLS_02972,EUREKA-VPL-022,nurse,2025-03-19 15:01:29.687663790,2025-03-19 15:01:57.076897161,UTIL_B,B2.75 Utility,2.75,27.389233
RTLS_01997,EUREKA-VPL-016,nurse,2025-03-19 15:01:29.959844997,2025-03-19 15:03:09.586822381,BATH_B,B2.55 Badkamer,2.55,99.626977
RTLS_03152,EUREKA-VPL-023,nurse,2025-03-19 15:01:30.406065147,2025-03-19 15:03:00.177202762,KITCHEN,B2.77 Keuken,2.77,89.771137
RTLS_00370,EUREKA-VPL-004,nurse,2025-03-19 15:01:31.627070324,2025-03-19 15:02:52.477279962,ROOM_105,B2.82 1-bedskamer,2.82,80.850209
RTLS_03341,EUREKA-VPL-024,nurse,2025-03-19 15:01:34.038922155,2025-03-19 15:02:22.533534145,ROOM_101,B2.74 1-bedskamer,2.74,48.494611
RTLS_00126,EUREKA-VPL-001,nurse,2025-03-19 15:01:37.218324097,2025-03-19 15:02:14.997452939,ROOM_111,B2.81 2-bedskamer,2.81,37.779128
RTLS_03551,EUREKA-VPL-025,nurse,2025-03-19 15:01:37.227602239,2025-03-19 15:02:25.538907841,ROOM_117,B2.54 2-bedskamer,2.54,48.311305
RTLS_04904,Toiletstoel 2,equipment,2025-03-19 15:01:41.000000000,2025-03-19 15:02:07.000000000,UTIL_B,B2.75 Utility,2.75,26.0
RTLS_01237,EUREKA-VPL-010,nurse,2025-03-19 15:01:43.608379598,2025-03-19 15:01:56.929654435,NS_B,B2.71.01 Dienstplaats,2.71.01,13.321274
RTLS_01377,EUREKA-VPL-011,nurse,2025-03-19 15:01:47.044047955,2025-03-19 15:02:40.935951795,ROOM_117,B2.54 2-bedskamer,2.54,53.891903
RTLS_00917,EUREKA-VPL-008,nurse,2025-03-19 15:01:48.111538284,2025-03-19 15:02:53.102570383,ROOM_104,B2.80 1-bedskamer,2.80,64.991032
RTLS_01855,EUREKA-VPL-015,nurse,2025-03-19 15:01:49.049595395,2025-03-19 15:02:03.709513091,ROOM_118,B2.60 2-bedskamer,2.60,14.659917
RTLS_00785,EUREKA-VPL-007,nurse,2025-03-19 15:01:53.700270306,2025-03-19 15:08:52.056237785,NS_B,B2.71.01 Dienstplaats,2.71.01,418.355967
RTLS_00621,EUREKA-VPL-006,nurse,2025-03-19 15:01:53.914366812,2025-03-19 15:03:40.898522016,NS_A,B2.71 Open wacht,2.71,106.984155
RTLS_01238,EUREKA-VPL-010,nurse,2025-03-19 15:01:56.929654435,2025-03-19 15:02:06.936443502,ROOM_103,B2.78 1-bedskamer,2.78,10.006789
RTLS_02973,EUREKA-VPL-022,nurse,2025-03-19 15:01:57.076897161,2025-03-19 15:02:35.087713459,ROOM_108,B2.66 2-bedskamer,2.66,38.010816
RTLS_01856,EUREKA-VPL-015,nurse,2025-03-19 15:02:03.709513091,2025-03-19 15:02:04.709513091,STORE_C,B2.65 Berging,2.65,1.0
RTLS_01857,EUREKA-VPL-015,nurse,2025-03-19 15:02:04.709513091,2025-03-19 15:02:26.282158974,BATHROOM,B2.57 Stortbad,2.57,21.572645
RTLS_00230,EUREKA-VPL-002,nurse,2025-03-19 15:02:06.858318135,2025-03-19 15:02:14.962023045,ROOM_109,B2.68 2-bedskamer,2.68,8.103704
RTLS_01239,EUREKA-VPL-010,nurse,2025-03-19 15:02:06.936443502,2025-03-19 15:02:15.071344895,STORE_C,B2.65 Berging,2.65,8.134901
RTLS_02769,EUREKA-VPL-021,nurse,2025-03-19 15:02:07.728722073,2025-03-19 15:02:49.332668608,STORE_C,B2.65 Berging,2.65,41.603946
RTLS_00231,EUREKA-VPL-002,nurse,2025-03-19 15:02:14.962023045,2025-03-19 15:02:22.973905230,KITCHEN,B2.77 Keuken,2.77,8.011882
RTLS_00127,EUREKA-VPL-001,nurse,2025-03-19 15:02:14.997452939,2025-03-19 15:02:29.611291622,ROOM_108,B2.66 2-bedskamer,2.66,14.613838
RTLS_01240,EUREKA-VPL-010,nurse,2025-03-19 15:02:15.071344895,2025-03-19 15:02:38.207893490,KITCHEN,B2.77 Keuken,2.77,23.136548
RTLS_03342,EUREKA-VPL-024,nurse,2025-03-19 15:02:22.533534145,2025-03-19 15:02:28.727717138,ROOM_113,B2.84 1-bedskamer,2.84,6.194182
RTLS_00232,EUREKA-VPL-002,nurse,2025-03-19 15:02:22.973905230,2025-03-19 15:03:07.231245184,NS_A,B2.71 Open wacht,2.71,44.257339
RTLS_03552,EUREKA-VPL-025,nurse,2025-03-19 15:02:25.538907841,2025-03-19 15:07:30.344298311,PREP_B,B2.71.02 Voorbereiding,2.71.02,304.80539
RTLS_01858,EUREKA-VPL-015,nurse,2025-03-19 15:02:26.282158974,2025-03-19 15:08:45.815481107,STORE_C,B2.65 Berging,2.65,379.533322
RTLS_03343,EUREKA-VPL-024,nurse,2025-03-19 15:02:28.727717138,2025-03-19 15:03:37.272922404,ROOM_107,B2.64 2-bedskamer,2.64,68.545205
RTLS_00128,EUREKA-VPL-001,nurse,2025-03-19 15:02:29.611291622,2025-03-19 15:11:34.409508674,NS_A,B2.71 Open wacht,2.71,544.798217
RTLS_02974,EUREKA-VPL-022,nurse,2025-03-19 15:02:35.087713459,2025-03-19 15:02:39.329785359,ROOM_102,B2.76 1-bedskamer,2.76,4.242071
RTLS_01241,EUREKA-VPL-010,nurse,2025-03-19 15:02:38.207893490,2025-03-19 15:02:49.384993974,ROOM_102,B2.76 1-bedskamer,2.76,11.1771
RTLS_02975,EUREKA-VPL-022,nurse,2025-03-19 15:02:39.329785359,2025-03-19 15:07:42.918333653,ROOM_104,B2.80 1-bedskamer,2.80,303.588548
RTLS_01378,EUREKA-VPL-011,nurse,2025-03-19 15:02:40.935951795,2025-03-19 15:04:39.006146300,ROOM_108,B2.66 2-bedskamer,2.66,118.070194
RTLS_04067,Infuuspomp 2,equipment,2025-03-19 15:02:42.000000000,2025-03-19 15:03:08.000000000,UTIL_A,B2.63 Utility,2.63,26.0
RTLS_03793,EUREKA-VPL-026,nurse,2025-03-19 15:02:47.062047460,2025-03-19 15:04:46.051652351,ROOM_116,B2.56 2-bedskamer,2.56,118.989604
RTLS_02770,EUREKA-VPL-021,nurse,2025-03-19 15:02:49.332668608,2025-03-19 15:02:57.899059183,KITCHEN,B2.77 Keuken,2.77,8.56639
RTLS_01242,EUREKA-VPL-010,nurse,2025-03-19 15:02:49.384993974,2025-03-19 15:09:10.564439085,UTIL_B,B2.75 Utility,2.75,381.179445
RTLS_04273,Infuuspomp 4,equipment,2025-03-19 15:02:50.000000000,2025-03-19 15:03:20.000000000,UTIL_B,B2.75 Utility,2.75,30.0
RTLS_01456,EUREKA-VPL-012,nurse,2025-03-19 15:02:52.377818306,2025-03-19 15:03:13.426406995,ROOM_101,B2.74 1-bedskamer,2.74,21.048588
RTLS_00371,EUREKA-VPL-004,nurse,2025-03-19 15:02:52.477279962,2025-03-19 15:02:56.154755779,ROOM_110,B2.79 2-bedskamer,2.79,3.6774750000000003
RTLS_00918,EUREKA-VPL-008,nurse,2025-03-19 15:02:53.102570383,2025-03-19 15:03:01.713644357,ROOM_110,B2.79 2-bedskamer,2.79,8.611073
RTLS_00372,EUREKA-VPL-004,nurse,2025-03-19 15:02:56.154755779,2025-03-19 15:03:06.950299959,ROOM_109,B2.68 2-bedskamer,2.68,10.795544
RTLS_02771,EUREKA-VPL-021,nurse,2025-03-19 15:02:57.899059183,2025-03-19 15:03:13.737593971,STORAGE,B2.61 Opslag,2.61,15.838534
RTLS_03153,EUREKA-VPL-023,nurse,2025-03-19 15:03:00.177202762,2025-03-19 15:03:13.430476634,ROOM_110,B2.79 2-bedskamer,2.79,13.253273
RTLS_00919,EUREKA-VPL-008,nurse,2025-03-19 15:03:01.713644357,2025-03-19 15:04:38.668037372,KITCHEN,B2.77 Keuken,2.77,96.954393
RTLS_00373,EUREKA-VPL-004,nurse,2025-03-19 15:03:06.950299959,2025-03-19 15:03:36.206869255,KITCHEN,B2.77 Keuken,2.77,29.256569
RTLS_00233,EUREKA-VPL-002,nurse,2025-03-19 15:03:07.231245184,2025-03-19 15:04:35.019412585,STORE_B,B2.59 Berging,2.59,87.788167
RTLS_01998,EUREKA-VPL-016,nurse,2025-03-19 15:03:09.586822381,2025-03-19 15:03:34.670183235,ROOM_118,B2.60 2-bedskamer,2.60,25.08336
RTLS_01457,EUREKA-VPL-012,nurse,2025-03-19 15:03:13.426406995,2025-03-19 15:05:06.081451738,ROOM_102,B2.76 1-bedskamer,2.76,112.655044
RTLS_03154,EUREKA-VPL-023,nurse,2025-03-19 15:03:13.430476634,2025-03-19 15:04:01.327599524,ROOM_112,B2.83 2-bedskamer,2.83,47.897122
RTLS_02772,EUREKA-VPL-021,nurse,2025-03-19 15:03:13.737593971,2025-03-19 15:03:43.068957996,ROOM_115,B2.58 2-bedskamer,2.58,29.331364
RTLS_01732,EUREKA-VPL-014,nurse,2025-03-19 15:03:22.046953556,2025-03-19 15:03:26.448423854,ROOM_104,B2.80 1-bedskamer,2.80,4.40147
RTLS_05003,Toiletstoel 3,equipment,2025-03-19 15:03:26.000000000,2025-03-19 15:03:37.000000000,STORAGE,B2.61 Opslag,2.61,11.0
RTLS_01733,EUREKA-VPL-014,nurse,2025-03-19 15:03:26.448423854,2025-03-19 15:03:39.329899397,BATH_B,B2.55 Badkamer,2.55,12.881475
RTLS_05207,Voedingspomp 2,equipment,2025-03-19 15:03:28.000000000,2025-03-19 15:03:42.000000000,UTIL_B,B2.75 Utility,2.75,14.0
RTLS_05419,Voedingspomp 4,equipment,2025-03-19 15:03:31.000000000,2025-03-19 15:03:51.000000000,UTIL_B,B2.75 Utility,2.75,20.0
RTLS_01999,EUREKA-VPL-016,nurse,2025-03-19 15:03:34.670183235,2025-03-19 15:03:36.720057262,NS_B,B2.71.01 Dienstplaats,2.71.01,2.049874
RTLS_00374,EUREKA-VPL-004,nurse,2025-03-19 15:03:36.206869255,2025-03-19 15:04:03.331307041,ROOM_113,B2.84 1-bedskamer,2.84,27.124437
RTLS_02000,EUREKA-VPL-016,nurse,2025-03-19 15:03:36.720057262,2025-03-19 15:04:32.925095827,ROOM_118,B2.60 2-bedskamer,2.60,56.205038
RTLS_03344,EUREKA-VPL-024,nurse,2025-03-19 15:03:37.272922404,2025-03-19 15:08:35.781054403,STORE_C,B2.65 Berging,2.65,298.508131
RTLS_01734,EUREKA-VPL-014,nurse,2025-03-19 15:03:39.329899397,2025-03-19 15:03:50.936521937,KITCHEN,B2.77 Keuken,2.77,11.606622
RTLS_00622,EUREKA-VPL-006,nurse,2025-03-19 15:03:40.898522016,2025-03-19 15:10:10.794846285,NS_A,B2.71 Open wacht,2.71,389.896324
RTLS_02773,EUREKA-VPL-021,nurse,2025-03-19 15:03:43.068957996,2025-03-19 15:04:06.472818733,ROOM_116,B2.56 2-bedskamer,2.56,23.40386
RTLS_01735,EUREKA-VPL-014,nurse,2025-03-19 15:03:50.936521937,2025-03-19 15:09:03.840917733,NS_B,B2.71.01 Dienstplaats,2.71.01,312.904395
RTLS_04797,Toiletstoel 1,equipment,2025-03-19 15:04:00.000000000,2025-03-19 15:04:27.000000000,UTIL_A,B2.63 Utility,2.63,27.0
RTLS_03155,EUREKA-VPL-023,nurse,2025-03-19 15:04:01.327599524,2025-03-19 15:05:03.637663869,ROOM_104,B2.80 1-bedskamer,2.80,62.310064
RTLS_00375,EUREKA-VPL-004,nurse,2025-03-19 15:04:03.331307041,2025-03-19 15:04:04.861911092,ROOM_109,B2.68 2-bedskamer,2.68,1.5306039999999999
RTLS_00376,EUREKA-VPL-004,nurse,2025-03-19 15:04:04.861911092,2025-03-19 15:04:29.231237207,ROOM_103,B2.78 1-bedskamer,2.78,24.369326
RTLS_02774,EUREKA-VPL-021,nurse,2025-03-19 15:04:06.472818733,2025-03-19 15:05:31.684587416,ROOM_114,B2.85 2-bedskamer,2.85,85.211768
RTLS_05315,Voedingspomp 3,equipment,2025-03-19 15:04:26.000000000,2025-03-19 15:04:47.000000000,UTIL_A,B2.63 Utility,2.63,21.0
RTLS_00377,EUREKA-VPL-004,nurse,2025-03-19 15:04:29.231237207,2025-03-19 15:04:50.639497952,ROOM_107,B2.64 2-bedskamer,2.64,21.40826
RTLS_02001,EUREKA-VPL-016,nurse,2025-03-19 15:04:32.925095827,2025-03-19 15:04:48.031844380,ROOM_107,B2.64 2-bedskamer,2.64,15.106748
RTLS_00234,EUREKA-VPL-002,nurse,2025-03-19 15:04:35.019412585,2025-03-19 15:05:38.655223185,ROOM_117,B2.54 2-bedskamer,2.54,63.63581
RTLS_00920,EUREKA-VPL-008,nurse,2025-03-19 15:04:38.668037372,2025-03-19 15:07:04.786715007,ROOM_103,B2.78 1-bedskamer,2.78,146.118677
RTLS_01379,EUREKA-VPL-011,nurse,2025-03-19 15:04:39.006146300,2025-03-19 15:06:09.356812550,ROOM_105,B2.82 1-bedskamer,2.82,90.350666
RTLS_00473,EUREKA-VPL-005,nurse,2025-03-19 15:04:43.557293863,2025-03-19 15:14:28.811889039,PREP_B,B2.71.02 Voorbereiding,2.71.02,585.254595
RTLS_03794,EUREKA-VPL-026,nurse,2025-03-19 15:04:46.051652351,2025-03-19 15:05:05.994754008,ROOM_104,B2.80 1-bedskamer,2.80,19.943101
RTLS_02002,EUREKA-VPL-016,nurse,2025-03-19 15:04:48.031844380,2025-03-19 15:04:55.906300002,ROOM_118,B2.60 2-bedskamer,2.60,7.874455
RTLS_00378,EUREKA-VPL-004,nurse,2025-03-19 15:04:50.639497952,2025-03-19 15:05:14.472033412,ROOM_115,B2.58 2-bedskamer,2.58,23.832535
RTLS_05524,Voedingspomp 5,equipment,2025-03-19 15:04:52.000000000,2025-03-19 15:05:21.000000000,UTIL_A,B2.63 Utility,2.63,29.0
RTLS_02003,EUREKA-VPL-016,nurse,2025-03-19 15:04:55.906300002,2025-03-19 15:05:06.653680881,STORAGE,B2.61 Opslag,2.61,10.74738
RTLS_02302,EUREKA-VPL-018,nurse,2025-03-19 15:04:55.986318238,2025-03-19 15:05:07.257107753,KITCHEN,B2.77 Keuken,2.77,11.270789
RTLS_03156,EUREKA-VPL-023,nurse,2025-03-19 15:05:03.637663869,2025-03-19 15:06:09.501595607,ROOM_101,B2.74 1-bedskamer,2.74,65.863931
RTLS_03795,EUREKA-VPL-026,nurse,2025-03-19 15:05:05.994754008,2025-03-19 15:05:49.229715142,ROOM_118,B2.60 2-bedskamer,2.60,43.234961
RTLS_01458,EUREKA-VPL-012,nurse,2025-03-19 15:05:06.081451738,2025-03-19 15:07:11.664628811,NS_B,B2.71.01 Dienstplaats,2.71.01,125.583177
RTLS_02004,EUREKA-VPL-016,nurse,2025-03-19 15:05:06.653680881,2025-03-19 15:05:14.151017396,KITCHEN,B2.77 Keuken,2.77,7.497336
RTLS_02303,EUREKA-VPL-018,nurse,2025-03-19 15:05:07.257107753,2025-03-19 15:05:09.653807367,ROOM_114,B2.85 2-bedskamer,2.85,2.396699
RTLS_02304,EUREKA-VPL-018,nurse,2025-03-19 15:05:09.653807367,2025-03-19 15:06:46.573047558,ROOM_112,B2.83 2-bedskamer,2.83,96.91924
RTLS_02005,EUREKA-VPL-016,nurse,2025-03-19 15:05:14.151017396,2025-03-19 15:17:52.423859396,NS_A,B2.71 Open wacht,2.71,758.272842
RTLS_00379,EUREKA-VPL-004,nurse,2025-03-19 15:05:14.472033412,2025-03-19 15:06:49.905798052,ROOM_117,B2.54 2-bedskamer,2.54,95.433764
RTLS_04589,Glucosemeter 1,equipment,2025-03-19 15:05:24.000000000,2025-03-19 15:05:49.000000000,NS_A,B2.71 Open wacht,2.71,25.0
RTLS_02775,EUREKA-VPL-021,nurse,2025-03-19 15:05:31.684587416,2025-03-19 15:15:22.607370330,ROOM_115,B2.58 2-bedskamer,2.58,590.922782
RTLS_03965,Infuuspomp 1,equipment,2025-03-19 15:05:37.000000000,2025-03-19 15:06:14.000000000,UTIL_A,B2.63 Utility,2.63,37.0
RTLS_00235,EUREKA-VPL-002,nurse,2025-03-19 15:05:38.655223185,2025-03-19 15:06:33.376490908,ROOM_115,B2.58 2-bedskamer,2.58,54.721267
RTLS_03796,EUREKA-VPL-026,nurse,2025-03-19 15:05:49.229715142,2025-03-19 15:09:09.977172207,ROOM_116,B2.56 2-bedskamer,2.56,200.747457
RTLS_02513,EUREKA-VPL-019,nurse,2025-03-19 15:05:58.916644450,2025-03-19 15:08:13.024186022,ROOM_107,B2.64 2-bedskamer,2.64,134.107541
RTLS_01057,EUREKA-VPL-009,nurse,2025-03-19 15:06:01.517165626,2025-03-19 15:06:26.237934409,ROOM_107,B2.64 2-bedskamer,2.64,24.720768
RTLS_04374,Spuitaandrijver,equipment,2025-03-19 15:06:02.000000000,2025-03-19 15:06:35.000000000,UTIL_B,B2.75 Utility,2.75,33.0
RTLS_01380,EUREKA-VPL-011,nurse,2025-03-19 15:06:09.356812550,2025-03-19 15:06:14.179059169,ROOM_116,B2.56 2-bedskamer,2.56,4.822246
RTLS_03157,EUREKA-VPL-023,nurse,2025-03-19 15:06:09.501595607,2025-03-19 15:06:21.433479753,NS_A,B2.71 Open wacht,2.71,11.931884
RTLS_01381,EUREKA-VPL-011,nurse,2025-03-19 15:06:14.179059169,2025-03-19 15:06:21.555462087,ROOM_102,B2.76 1-bedskamer,2.76,7.376402
RTLS_05208,Voedingspomp 2,equipment,2025-03-19 15:06:15.000000000,2025-03-19 15:06:41.000000000,UTIL_B,B2.75 Utility,2.75,26.0
RTLS_05004,Toiletstoel 3,equipment,2025-03-19 15:06:16.000000000,2025-03-19 15:06:43.000000000,STORAGE,B2.61 Opslag,2.61,27.0
RTLS_03158,EUREKA-VPL-023,nurse,2025-03-19 15:06:21.433479753,2025-03-19 15:06:51.011312217,PREP_A,B2.71.02 Voorbereiding,2.71.02,29.577832
RTLS_01382,EUREKA-VPL-011,nurse,2025-03-19 15:06:21.555462087,2025-03-19 15:06:57.426152760,ROOM_107,B2.64 2-bedskamer,2.64,35.87069
RTLS_01058,EUREKA-VPL-009,nurse,2025-03-19 15:06:26.237934409,2025-03-19 15:07:45.301315028,ROOM_109,B2.68 2-bedskamer,2.68,79.06338
RTLS_00236,EUREKA-VPL-002,nurse,2025-03-19 15:06:33.376490908,2025-03-19 15:21:07.910175180,STORAGE,B2.61 Opslag,2.61,874.533684
RTLS_02305,EUREKA-VPL-018,nurse,2025-03-19 15:06:46.573047558,2025-03-19 15:07:03.738971558,ROOM_118,B2.60 2-bedskamer,2.60,17.165924
RTLS_00380,EUREKA-VPL-004,nurse,2025-03-19 15:06:49.905798052,2025-03-19 15:06:53.860502163,BATH_B,B2.55 Badkamer,2.55,3.954704
RTLS_03159,EUREKA-VPL-023,nurse,2025-03-19 15:06:51.011312217,2025-03-19 15:07:08.231043724,ROOM_106,B2.62 2-bedskamer,2.62,17.219731
RTLS_01383,EUREKA-VPL-011,nurse,2025-03-19 15:06:57.426152760,2025-03-19 15:08:54.280362586,NS_A,B2.71 Open wacht,2.71,116.854209
RTLS_02306,EUREKA-VPL-018,nurse,2025-03-19 15:07:03.738971558,2025-03-19 15:08:38.537854805,ROOM_102,B2.76 1-bedskamer,2.76,94.798883
RTLS_00921,EUREKA-VPL-008,nurse,2025-03-19 15:07:04.786715007,2025-03-19 15:20:18.590036007,ROOM_111,B2.81 2-bedskamer,2.81,793.803321
RTLS_03160,EUREKA-VPL-023,nurse,2025-03-19 15:07:08.231043724,2025-03-19 15:07:30.699605667,ROOM_117,B2.54 2-bedskamer,2.54,22.468561
RTLS_01459,EUREKA-VPL-012,nurse,2025-03-19 15:07:11.664628811,2025-03-19 15:10:44.172889096,STORE_A,B2.53 Berging,2.53,212.50826
RTLS_02161,EUREKA-VPL-017,nurse,2025-03-19 15:07:19.232461239,2025-03-19 15:12:46.208413445,NS_B,B2.71.01 Dienstplaats,2.71.01,326.975952
RTLS_04068,Infuuspomp 2,equipment,2025-03-19 15:07:21.000000000,2025-03-19 15:07:58.000000000,UTIL_A,B2.63 Utility,2.63,37.0
RTLS_03553,EUREKA-VPL-025,nurse,2025-03-19 15:07:30.344298311,2025-03-19 15:07:37.500973670,ROOM_110,B2.79 2-bedskamer,2.79,7.156675
RTLS_03161,EUREKA-VPL-023,nurse,2025-03-19 15:07:30.699605667,2025-03-19 15:07:45.938308786,UTIL_A,B2.63 Utility,2.63,15.238703
RTLS_03554,EUREKA-VPL-025,nurse,2025-03-19 15:07:37.500973670,2025-03-19 15:07:59.860188519,ROOM_117,B2.54 2-bedskamer,2.54,22.359214
RTLS_02976,EUREKA-VPL-022,nurse,2025-03-19 15:07:42.918333653,2025-03-19 15:12:28.107576016,STORAGE,B2.61 Opslag,2.61,285.189242
RTLS_04689,Glucosemeter 2,equipment,2025-03-19 15:07:43.000000000,2025-03-19 15:08:15.000000000,NS_B,B2.71.01 Dienstplaats,2.71.01,32.0
RTLS_01059,EUREKA-VPL-009,nurse,2025-03-19 15:07:45.301315028,2025-03-19 15:08:00.090259393,NS_A,B2.71 Open wacht,2.71,14.788944
RTLS_03162,EUREKA-VPL-023,nurse,2025-03-19 15:07:45.938308786,2025-03-19 15:11:12.525225006,PREP_A,B2.71.02 Voorbereiding,2.71.02,206.586916
RTLS_05420,Voedingspomp 4,equipment,2025-03-19 15:07:49.000000000,2025-03-19 15:07:56.000000000,UTIL_B,B2.75 Utility,2.75,7.0
RTLS_03555,EUREKA-VPL-025,nurse,2025-03-19 15:07:59.860188519,2025-03-19 15:08:11.803650899,ROOM_101,B2.74 1-bedskamer,2.74,11.943462
RTLS_01060,EUREKA-VPL-009,nurse,2025-03-19 15:08:00.090259393,2025-03-19 15:12:41.598368421,KITCHEN,B2.77 Keuken,2.77,281.508109
RTLS_04274,Infuuspomp 4,equipment,2025-03-19 15:08:09.000000000,2025-03-19 15:08:20.000000000,UTIL_B,B2.75 Utility,2.75,11.0
RTLS_03556,EUREKA-VPL-025,nurse,2025-03-19 15:08:11.803650899,2025-03-19 15:08:25.074145768,ROOM_116,B2.56 2-bedskamer,2.56,13.270494
RTLS_02514,EUREKA-VPL-019,nurse,2025-03-19 15:08:13.024186022,2025-03-19 15:12:24.941143832,PREP_B,B2.71.02 Voorbereiding,2.71.02,251.916957
RTLS_03557,EUREKA-VPL-025,nurse,2025-03-19 15:08:25.074145768,2025-03-19 15:08:35.661760538,ROOM_111,B2.81 2-bedskamer,2.81,10.587614
RTLS_04167,Infuuspomp 3,equipment,2025-03-19 15:08:31.000000000,2025-03-19 15:08:41.000000000,UTIL_B,B2.75 Utility,2.75,10.0
RTLS_03558,EUREKA-VPL-025,nurse,2025-03-19 15:08:35.661760538,2025-03-19 15:09:06.169512592,KITCHEN,B2.77 Keuken,2.77,30.507752
RTLS_03345,EUREKA-VPL-024,nurse,2025-03-19 15:08:35.781054403,2025-03-19 15:11:37.000061566,UTIL_A,B2.63 Utility,2.63,181.219007
RTLS_02307,EUREKA-VPL-018,nurse,2025-03-19 15:08:38.537854805,2025-03-19 15:08:43.042471509,ROOM_105,B2.82 1-bedskamer,2.82,4.504616
RTLS_04484,Bladderscan,equipment,2025-03-19 15:08:43.000000000,2025-03-19 15:08:51.000000000,UTIL_A,B2.63 Utility,2.63,8.0
RTLS_02308,EUREKA-VPL-018,nurse,2025-03-19 15:08:43.042471509,2025-03-19 15:09:06.467052214,ROOM_113,B2.84 1-bedskamer,2.84,23.42458
RTLS_05111,Voedingspomp 1,equipment,2025-03-19 15:08:45.000000000,2025-03-19 15:09:15.000000000,UTIL_A,B2.63 Utility,2.63,30.0
RTLS_01859,EUREKA-VPL-015,nurse,2025-03-19 15:08:45.815481107,2025-03-19 15:08:48.026492871,STORAGE,B2.61 Opslag,2.61,2.211011
RTLS_01860,EUREKA-VPL-015,nurse,2025-03-19 15:08:48.026492871,2025-03-19 15:08:49.108202261,ROOM_109,B2.68 2-bedskamer,2.68,1.081709
RTLS_01861,EUREKA-VPL-015,nurse,2025-03-19 15:08:49.108202261,2025-03-19 15:09:09.653739884,ROOM_108,B2.66 2-bedskamer,2.66,20.545537
RTLS_00786,EUREKA-VPL-007,nurse,2025-03-19 15:08:52.056237785,2025-03-19 15:09:17.246699343,ROOM_108,B2.66 2-bedskamer,2.66,25.190461
RTLS_01384,EUREKA-VPL-011,nurse,2025-03-19 15:08:54.280362586,2025-03-19 15:08:55.509821282,UTIL_B,B2.75 Utility,2.75,1.229458
RTLS_01385,EUREKA-VPL-011,nurse,2025-03-19 15:08:55.509821282,2025-03-19 15:09:18.781379912,ROOM_116,B2.56 2-bedskamer,2.56,23.271558
RTLS_01736,EUREKA-VPL-014,nurse,2025-03-19 15:09:03.840917733,2025-03-19 15:14:43.414149066,PREP_B,B2.71.02 Voorbereiding,2.71.02,339.573231
RTLS_04905,Toiletstoel 2,equipment,2025-03-19 15:09:05.000000000,2025-03-19 15:09:37.000000000,UTIL_B,B2.75 Utility,2.75,32.0
RTLS_03559,EUREKA-VPL-025,nurse,2025-03-19 15:09:06.169512592,2025-03-19 15:09:09.492225409,ROOM_106,B2.62 2-bedskamer,2.62,3.322712
RTLS_02309,EUREKA-VPL-018,nurse,2025-03-19 15:09:06.467052214,2025-03-19 15:10:15.071831647,ROOM_110,B2.79 2-bedskamer,2.79,68.604779
RTLS_03560,EUREKA-VPL-025,nurse,2025-03-19 15:09:09.492225409,2025-03-19 15:09:21.548684268,ROOM_105,B2.82 1-bedskamer,2.82,12.056458
RTLS_01862,EUREKA-VPL-015,nurse,2025-03-19 15:09:09.653739884,2025-03-19 15:09:22.320967996,ROOM_114,B2.85 2-bedskamer,2.85,12.667228
RTLS_03797,EUREKA-VPL-026,nurse,2025-03-19 15:09:09.977172207,2025-03-19 15:09:57.879893319,ROOM_115,B2.58 2-bedskamer,2.58,47.902721
RTLS_01243,EUREKA-VPL-010,nurse,2025-03-19 15:09:10.564439085,2025-03-19 15:10:06.779116514,STORAGE,B2.61 Opslag,2.61,56.214677
RTLS_00787,EUREKA-VPL-007,nurse,2025-03-19 15:09:17.246699343,2025-03-19 15:09:21.196886952,PREP_A,B2.71.02 Voorbereiding,2.71.02,3.950187
RTLS_01386,EUREKA-VPL-011,nurse,2025-03-19 15:09:18.781379912,2025-03-19 15:09:22.143776196,ROOM_102,B2.76 1-bedskamer,2.76,3.362396
RTLS_00788,EUREKA-VPL-007,nurse,2025-03-19 15:09:21.196886952,2025-03-19 15:09:26.252889425,ROOM_104,B2.80 1-bedskamer,2.80,5.056002
RTLS_03561,EUREKA-VPL-025,nurse,2025-03-19 15:09:21.548684268,2025-03-19 15:09:46.645529779,ROOM_107,B2.64 2-bedskamer,2.64,25.096845
RTLS_01387,EUREKA-VPL-011,nurse,2025-03-19 15:09:22.143776196,2025-03-19 15:09:36.789735955,ROOM_118,B2.60 2-bedskamer,2.60,14.645959
RTLS_01863,EUREKA-VPL-015,nurse,2025-03-19 15:09:22.320967996,2025-03-19 15:15:56.324259961,ROOM_105,B2.82 1-bedskamer,2.82,394.003291
RTLS_00789,EUREKA-VPL-007,nurse,2025-03-19 15:09:26.252889425,2025-03-19 15:10:29.772272563,ROOM_101,B2.74 1-bedskamer,2.74,63.519383
RTLS_01388,EUREKA-VPL-011,nurse,2025-03-19 15:09:36.789735955,2025-03-19 15:10:17.123291789,ROOM_102,B2.76 1-bedskamer,2.76,40.333555
RTLS_03562,EUREKA-VPL-025,nurse,2025-03-19 15:09:46.645529779,2025-03-19 15:10:16.159842613,ROOM_118,B2.60 2-bedskamer,2.60,29.514312
RTLS_03798,EUREKA-VPL-026,nurse,2025-03-19 15:09:57.879893319,2025-03-19 15:10:02.449064167,ROOM_104,B2.80 1-bedskamer,2.80,4.56917
RTLS_05316,Voedingspomp 3,equipment,2025-03-19 15:10:00.000000000,2025-03-19 15:10:26.000000000,UTIL_A,B2.63 Utility,2.63,26.0
RTLS_02640,EUREKA-VPL-020,nurse,2025-03-19 15:10:00.833333333,2025-03-19 15:11:24.481911527,ROOM_108,B2.66 2-bedskamer,2.66,83.648578
RTLS_03799,EUREKA-VPL-026,nurse,2025-03-19 15:10:02.449064167,2025-03-19 15:10:06.459320103,KITCHEN,B2.77 Keuken,2.77,4.010255
RTLS_05209,Voedingspomp 2,equipment,2025-03-19 15:10:05.000000000,2025-03-19 15:10:14.000000000,UTIL_B,B2.75 Utility,2.75,9.0
RTLS_03800,EUREKA-VPL-026,nurse,2025-03-19 15:10:06.459320103,2025-03-19 15:10:19.892410325,ROOM_115,B2.58 2-bedskamer,2.58,13.43309
RTLS_01244,EUREKA-VPL-010,nurse,2025-03-19 15:10:06.779116514,2025-03-19 15:10:37.099721796,BATHROOM,B2.57 Stortbad,2.57,30.320605
RTLS_00623,EUREKA-VPL-006,nurse,2025-03-19 15:10:10.794846285,2025-03-19 15:10:25.202099396,KITCHEN,B2.77 Keuken,2.77,14.407253
RTLS_02310,EUREKA-VPL-018,nurse,2025-03-19 15:10:15.071831647,2025-03-19 15:11:20.951848244,UTIL_B,B2.75 Utility,2.75,65.880016
RTLS_03563,EUREKA-VPL-025,nurse,2025-03-19 15:10:16.159842613,2025-03-19 15:11:48.825461125,ROOM_111,B2.81 2-bedskamer,2.81,92.665618
RTLS_01389,EUREKA-VPL-011,nurse,2025-03-19 15:10:17.123291789,2025-03-19 15:10:29.045170693,NS_A,B2.71 Open wacht,2.71,11.921878
RTLS_03801,EUREKA-VPL-026,nurse,2025-03-19 15:10:19.892410325,2025-03-19 15:10:24.512199891,ROOM_112,B2.83 2-bedskamer,2.83,4.619789
RTLS_04375,Spuitaandrijver,equipment,2025-03-19 15:10:20.000000000,2025-03-19 15:10:40.000000000,UTIL_B,B2.75 Utility,2.75,20.0
RTLS_03802,EUREKA-VPL-026,nurse,2025-03-19 15:10:24.512199891,2025-03-19 15:10:54.746959248,NS_A,B2.71 Open wacht,2.71,30.234759
RTLS_00624,EUREKA-VPL-006,nurse,2025-03-19 15:10:25.202099396,2025-03-19 15:11:02.796634080,STORE_C,B2.65 Berging,2.65,37.594534
RTLS_01390,EUREKA-VPL-011,nurse,2025-03-19 15:10:29.045170693,2025-03-19 15:10:52.976866181,KITCHEN,B2.77 Keuken,2.77,23.931695
RTLS_00790,EUREKA-VPL-007,nurse,2025-03-19 15:10:29.772272563,2025-03-19 15:10:39.731991854,ROOM_106,B2.62 2-bedskamer,2.62,9.959719
RTLS_01563,EUREKA-VPL-013,nurse,2025-03-19 15:10:35.961968733,2025-03-19 15:10:38.824946976,BATHROOM,B2.57 Stortbad,2.57,2.862978
RTLS_01245,EUREKA-VPL-010,nurse,2025-03-19 15:10:37.099721796,2025-03-19 15:10:50.339970414,STORE_B,B2.59 Berging,2.59,13.240248
RTLS_01564,EUREKA-VPL-013,nurse,2025-03-19 15:10:38.824946976,2025-03-19 15:10:48.162048282,ROOM_102,B2.76 1-bedskamer,2.76,9.337101
RTLS_00791,EUREKA-VPL-007,nurse,2025-03-19 15:10:39.731991854,2025-03-19 15:11:26.117923606,KITCHEN,B2.77 Keuken,2.77,46.385931
RTLS_01460,EUREKA-VPL-012,nurse,2025-03-19 15:10:44.172889096,2025-03-19 15:10:45.172889096,STORE_C,B2.65 Berging,2.65,1.0
RTLS_01461,EUREKA-VPL-012,nurse,2025-03-19 15:10:45.172889096,2025-03-19 15:12:36.577260853,PREP_B,B2.71.02 Voorbereiding,2.71.02,111.404371
RTLS_01565,EUREKA-VPL-013,nurse,2025-03-19 15:10:48.162048282,2025-03-19 15:11:07.002873853,NS_A,B2.71 Open wacht,2.71,18.840825
RTLS_01246,EUREKA-VPL-010,nurse,2025-03-19 15:10:50.339970414,2025-03-19 15:11:40.385742389,UTIL_B,B2.75 Utility,2.75,50.045771
RTLS_04485,Bladderscan,equipment,2025-03-19 15:10:52.000000000,2025-03-19 15:11:03.000000000,UTIL_A,B2.63 Utility,2.63,11.0
RTLS_01391,EUREKA-VPL-011,nurse,2025-03-19 15:10:52.976866181,2025-03-19 15:14:58.412114336,ROOM_114,B2.85 2-bedskamer,2.85,245.435248
RTLS_03803,EUREKA-VPL-026,nurse,2025-03-19 15:10:54.746959248,2025-03-19 15:15:59.428308213,STORE_A,B2.53 Berging,2.53,304.681348
RTLS_00625,EUREKA-VPL-006,nurse,2025-03-19 15:11:02.796634080,2025-03-19 15:17:25.910116471,NS_A,B2.71 Open wacht,2.71,383.113482
RTLS_04798,Toiletstoel 1,equipment,2025-03-19 15:11:04.000000000,2025-03-19 15:11:26.000000000,UTIL_A,B2.63 Utility,2.63,22.0
RTLS_01566,EUREKA-VPL-013,nurse,2025-03-19 15:11:07.002873853,2025-03-19 15:11:19.479711749,KITCHEN,B2.77 Keuken,2.77,12.476837
RTLS_03163,EUREKA-VPL-023,nurse,2025-03-19 15:11:12.525225006,2025-03-19 15:11:34.325547377,ROOM_118,B2.60 2-bedskamer,2.60,21.800322
RTLS_05210,Voedingspomp 2,equipment,2025-03-19 15:11:18.000000000,2025-03-19 15:11:51.000000000,UTIL_B,B2.75 Utility,2.75,33.0
RTLS_01567,EUREKA-VPL-013,nurse,2025-03-19 15:11:19.479711749,2025-03-19 15:21:45.305487749,PREP_B,B2.71.02 Voorbereiding,2.71.02,625.825776
RTLS_02311,EUREKA-VPL-018,nurse,2025-03-19 15:11:20.951848244,2025-03-19 15:23:30.713885994,BATH_B,B2.55 Badkamer,2.55,729.762037
RTLS_02641,EUREKA-VPL-020,nurse,2025-03-19 15:11:24.481911527,2025-03-19 15:11:42.596914662,ROOM_114,B2.85 2-bedskamer,2.85,18.115003
RTLS_04690,Glucosemeter 2,equipment,2025-03-19 15:11:26.000000000,2025-03-19 15:11:47.000000000,NS_B,B2.71.01 Dienstplaats,2.71.01,21.0
RTLS_00792,EUREKA-VPL-007,nurse,2025-03-19 15:11:26.117923606,2025-03-19 15:11:45.629644078,ROOM_112,B2.83 2-bedskamer,2.83,19.51172
RTLS_05525,Voedingspomp 5,equipment,2025-03-19 15:11:27.000000000,2025-03-19 15:11:59.000000000,UTIL_A,B2.63 Utility,2.63,32.0
RTLS_04906,Toiletstoel 2,equipment,2025-03-19 15:11:28.000000000,2025-03-19 15:11:48.000000000,UTIL_B,B2.75 Utility,2.75,20.0
RTLS_03164,EUREKA-VPL-023,nurse,2025-03-19 15:11:34.325547377,2025-03-19 15:11:58.682786245,BATH_B,B2.55 Badkamer,2.55,24.357238
RTLS_00129,EUREKA-VPL-001,nurse,2025-03-19 15:11:34.409508674,2025-03-19 15:11:49.953435796,ROOM_108,B2.66 2-bedskamer,2.66,15.543927
RTLS_03346,EUREKA-VPL-024,nurse,2025-03-19 15:11:37.000061566,2025-03-19 15:12:07.862781880,ROOM_107,B2.64 2-bedskamer,2.64,30.86272
RTLS_01247,EUREKA-VPL-010,nurse,2025-03-19 15:11:40.385742389,2025-03-19 15:15:33.575825847,ROOM_112,B2.83 2-bedskamer,2.83,233.190083
RTLS_02642,EUREKA-VPL-020,nurse,2025-03-19 15:11:42.596914662,2025-03-19 15:15:25.997513737,PREP_A,B2.71.02 Voorbereiding,2.71.02,223.400599
RTLS_00793,EUREKA-VPL-007,nurse,2025-03-19 15:11:45.629644078,2025-03-19 15:13:35.037309701,ROOM_102,B2.76 1-bedskamer,2.76,109.407665
RTLS_03564,EUREKA-VPL-025,nurse,2025-03-19 15:11:48.825461125,2025-03-19 15:11:59.284140189,ROOM_117,B2.54 2-bedskamer,2.54,10.458679
RTLS_00130,EUREKA-VPL-001,nurse,2025-03-19 15:11:49.953435796,2025-03-19 15:12:09.977367227,STORAGE,B2.61 Opslag,2.61,20.023931
RTLS_03165,EUREKA-VPL-023,nurse,2025-03-19 15:11:58.682786245,2025-03-19 15:12:24.006724648,ROOM_101,B2.74 1-bedskamer,2.74,25.323938
RTLS_03565,EUREKA-VPL-025,nurse,2025-03-19 15:11:59.284140189,2025-03-19 15:14:32.104634362,NS_A,B2.71 Open wacht,2.71,152.820494
RTLS_03347,EUREKA-VPL-024,nurse,2025-03-19 15:12:07.862781880,2025-03-19 15:12:10.573843911,STORE_A,B2.53 Berging,2.53,2.711062
RTLS_00131,EUREKA-VPL-001,nurse,2025-03-19 15:12:09.977367227,2025-03-19 15:13:29.277284294,BATH_B,B2.55 Badkamer,2.55,79.299917
RTLS_03348,EUREKA-VPL-024,nurse,2025-03-19 15:12:10.573843911,2025-03-19 15:14:18.229546012,ROOM_112,B2.83 2-bedskamer,2.83,127.655702
RTLS_05317,Voedingspomp 3,equipment,2025-03-19 15:12:14.000000000,2025-03-19 15:12:32.000000000,UTIL_A,B2.63 Utility,2.63,18.0
RTLS_00292,EUREKA-VPL-003,nurse,2025-03-19 15:12:18.855734501,2025-03-19 15:12:50.586807079,STORE_A,B2.53 Berging,2.53,31.731072
RTLS_03166,EUREKA-VPL-023,nurse,2025-03-19 15:12:24.006724648,2025-03-19 15:13:25.135460872,KITCHEN,B2.77 Keuken,2.77,61.128736
RTLS_02515,EUREKA-VPL-019,nurse,2025-03-19 15:12:24.941143832,2025-03-19 15:13:12.273913725,ROOM_115,B2.58 2-bedskamer,2.58,47.332769
RTLS_02977,EUREKA-VPL-022,nurse,2025-03-19 15:12:28.107576016,2025-03-19 15:12:43.152101493,KITCHEN,B2.77 Keuken,2.77,15.044525
RTLS_03966,Infuuspomp 1,equipment,2025-03-19 15:12:32.000000000,2025-03-19 15:12:45.000000000,UTIL_A,B2.63 Utility,2.63,13.0
RTLS_05112,Voedingspomp 1,equipment,2025-03-19 15:12:33.000000000,2025-03-19 15:12:48.000000000,UTIL_A,B2.63 Utility,2.63,15.0
RTLS_01462,EUREKA-VPL-012,nurse,2025-03-19 15:12:36.577260853,2025-03-19 15:15:23.392153184,NS_B,B2.71.01 Dienstplaats,2.71.01,166.814892
RTLS_01061,EUREKA-VPL-009,nurse,2025-03-19 15:12:41.598368421,2025-03-19 15:12:42.601481724,NS_A,B2.71 Open wacht,2.71,1.003113
RTLS_01062,EUREKA-VPL-009,nurse,2025-03-19 15:12:42.601481724,2025-03-19 15:16:32.094416909,UTIL_B,B2.75 Utility,2.75,229.492935
RTLS_04069,Infuuspomp 2,equipment,2025-03-19 15:12:43.000000000,2025-03-19 15:12:48.000000000,UTIL_A,B2.63 Utility,2.63,5.0
RTLS_02978,EUREKA-VPL-022,nurse,2025-03-19 15:12:43.152101493,2025-03-19 15:12:45.002351085,NS_B,B2.71.01 Dienstplaats,2.71.01,1.850249
RTLS_02979,EUREKA-VPL-022,nurse,2025-03-19 15:12:45.002351085,2025-03-19 15:17:28.502115885,STORE_A,B2.53 Berging,2.53,283.499764
RTLS_02162,EUREKA-VPL-017,nurse,2025-03-19 15:12:46.208413445,2025-03-19 15:13:12.424338271,ROOM_104,B2.80 1-bedskamer,2.80,26.215924
RTLS_04590,Glucosemeter 1,equipment,2025-03-19 15:12:49.000000000,2025-03-19 15:13:03.000000000,NS_A,B2.71 Open wacht,2.71,14.0
RTLS_00293,EUREKA-VPL-003,nurse,2025-03-19 15:12:50.586807079,2025-03-19 15:15:17.646359199,ROOM_111,B2.81 2-bedskamer,2.81,147.059552
RTLS_05005,Toiletstoel 3,equipment,2025-03-19 15:13:06.000000000,2025-03-19 15:13:28.000000000,STORAGE,B2.61 Opslag,2.61,22.0
RTLS_02516,EUREKA-VPL-019,nurse,2025-03-19 15:13:12.273913725,2025-03-19 15:13:27.831864636,ROOM_101,B2.74 1-bedskamer,2.74,15.55795
RTLS_02163,EUREKA-VPL-017,nurse,2025-03-19 15:13:12.424338271,2025-03-19 15:14:09.419233519,KITCHEN,B2.77 Keuken,2.77,56.994895
RTLS_03167,EUREKA-VPL-023,nurse,2025-03-19 15:13:25.135460872,2025-03-19 15:13:57.359305058,ROOM_111,B2.81 2-bedskamer,2.81,32.223844
RTLS_04691,Glucosemeter 2,equipment,2025-03-19 15:13:26.000000000,2025-03-19 15:14:01.000000000,NS_B,B2.71.01 Dienstplaats,2.71.01,35.0
RTLS_02517,EUREKA-VPL-019,nurse,2025-03-19 15:13:27.831864636,2025-03-19 15:13:39.212809331,BATHROOM,B2.57 Stortbad,2.57,11.380944
RTLS_00132,EUREKA-VPL-001,nurse,2025-03-19 15:13:29.277284294,2025-03-19 15:18:25.400512668,ROOM_109,B2.68 2-bedskamer,2.68,296.123228
RTLS_00794,EUREKA-VPL-007,nurse,2025-03-19 15:13:35.037309701,2025-03-19 15:18:39.228395685,UTIL_A,B2.63 Utility,2.63,304.191085
RTLS_02518,EUREKA-VPL-019,nurse,2025-03-19 15:13:39.212809331,2025-03-19 15:13:56.849171572,ROOM_107,B2.64 2-bedskamer,2.64,17.636362
RTLS_02519,EUREKA-VPL-019,nurse,2025-03-19 15:13:56.849171572,2025-03-19 15:14:09.024572190,NS_A,B2.71 Open wacht,2.71,12.1754
RTLS_03168,EUREKA-VPL-023,nurse,2025-03-19 15:13:57.359305058,2025-03-19 15:14:01.464698551,STORE_C,B2.65 Berging,2.65,4.105393
RTLS_05526,Voedingspomp 5,equipment,2025-03-19 15:13:58.000000000,2025-03-19 15:14:31.000000000,UTIL_A,B2.63 Utility,2.63,33.0
RTLS_03169,EUREKA-VPL-023,nurse,2025-03-19 15:14:01.464698551,2025-03-19 15:14:03.149737211,ROOM_101,B2.74 1-bedskamer,2.74,1.685038
RTLS_03170,EUREKA-VPL-023,nurse,2025-03-19 15:14:03.149737211,2025-03-19 15:14:04.149737211,ROOM_115,B2.58 2-bedskamer,2.58,1.0
RTLS_03171,EUREKA-VPL-023,nurse,2025-03-19 15:14:04.149737211,2025-03-19 15:14:39.083046632,ROOM_112,B2.83 2-bedskamer,2.83,34.933309
RTLS_02520,EUREKA-VPL-019,nurse,2025-03-19 15:14:09.024572190,2025-03-19 15:18:35.248000609,PREP_B,B2.71.02 Voorbereiding,2.71.02,266.223428
RTLS_02164,EUREKA-VPL-017,nurse,2025-03-19 15:14:09.419233519,2025-03-19 15:14:19.421056665,ROOM_110,B2.79 2-bedskamer,2.79,10.001823
RTLS_05113,Voedingspomp 1,equipment,2025-03-19 15:14:13.000000000,2025-03-19 15:14:38.000000000,UTIL_A,B2.63 Utility,2.63,25.0
RTLS_03349,EUREKA-VPL-024,nurse,2025-03-19 15:14:18.229546012,2025-03-19 15:20:32.107335057,NS_B,B2.71.01 Dienstplaats,2.71.01,373.877789
RTLS_02165,EUREKA-VPL-017,nurse,2025-03-19 15:14:19.421056665,2025-03-19 15:14:47.998996185,ROOM_118,B2.60 2-bedskamer,2.60,28.577939
RTLS_00474,EUREKA-VPL-005,nurse,2025-03-19 15:14:28.811889039,2025-03-19 15:14:45.664637883,ROOM_104,B2.80 1-bedskamer,2.80,16.852748
RTLS_03566,EUREKA-VPL-025,nurse,2025-03-19 15:14:32.104634362,2025-03-19 15:15:38.916775786,ROOM_112,B2.83 2-bedskamer,2.83,66.812141
RTLS_04275,Infuuspomp 4,equipment,2025-03-19 15:14:38.000000000,2025-03-19 15:14:49.000000000,UTIL_B,B2.75 Utility,2.75,11.0
RTLS_03172,EUREKA-VPL-023,nurse,2025-03-19 15:14:39.083046632,2025-03-19 15:14:45.866117221,ROOM_106,B2.62 2-bedskamer,2.62,6.78307
RTLS_01737,EUREKA-VPL-014,nurse,2025-03-19 15:14:43.414149066,2025-03-19 15:14:45.574524050,ROOM_109,B2.68 2-bedskamer,2.68,2.160374
RTLS_05006,Toiletstoel 3,equipment,2025-03-19 15:14:44.000000000,2025-03-19 15:15:13.000000000,STORAGE,B2.61 Opslag,2.61,29.0
RTLS_01738,EUREKA-VPL-014,nurse,2025-03-19 15:14:45.574524050,2025-03-19 15:15:58.102444582,ROOM_117,B2.54 2-bedskamer,2.54,72.52792
RTLS_00475,EUREKA-VPL-005,nurse,2025-03-19 15:14:45.664637883,2025-03-19 15:15:03.282866489,ROOM_110,B2.79 2-bedskamer,2.79,17.618228
RTLS_03173,EUREKA-VPL-023,nurse,2025-03-19 15:14:45.866117221,2025-03-19 15:14:58.564298985,ROOM_108,B2.66 2-bedskamer,2.66,12.698181
RTLS_02166,EUREKA-VPL-017,nurse,2025-03-19 15:14:47.998996185,2025-03-19 15:20:26.999121560,PREP_A,B2.71.02 Voorbereiding,2.71.02,339.000125
RTLS_04168,Infuuspomp 3,equipment,2025-03-19 15:14:48.000000000,2025-03-19 15:15:13.000000000,UTIL_B,B2.75 Utility,2.75,25.0
RTLS_05421,Voedingspomp 4,equipment,2025-03-19 15:14:50.000000000,2025-03-19 15:14:59.000000000,UTIL_B,B2.75 Utility,2.75,9.0
RTLS_04376,Spuitaandrijver,equipment,2025-03-19 15:14:50.000000000,2025-03-19 15:15:21.000000000,UTIL_B,B2.75 Utility,2.75,31.0
RTLS_03967,Infuuspomp 1,equipment,2025-03-19 15:14:57.000000000,2025-03-19 15:15:20.000000000,UTIL_A,B2.63 Utility,2.63,23.0
RTLS_01392,EUREKA-VPL-011,nurse,2025-03-19 15:14:58.412114336,2025-03-19 15:15:41.911624894,ROOM_115,B2.58 2-bedskamer,2.58,43.49951
RTLS_03174,EUREKA-VPL-023,nurse,2025-03-19 15:14:58.564298985,2025-03-19 15:15:01.626910005,BATH_B,B2.55 Badkamer,2.55,3.062611
RTLS_03175,EUREKA-VPL-023,nurse,2025-03-19 15:15:01.626910005,2025-03-19 15:15:07.977805906,STORAGE,B2.61 Opslag,2.61,6.350895
RTLS_04070,Infuuspomp 2,equipment,2025-03-19 15:15:02.000000000,2025-03-19 15:15:11.000000000,UTIL_A,B2.63 Utility,2.63,9.0
RTLS_00476,EUREKA-VPL-005,nurse,2025-03-19 15:15:03.282866489,2025-03-19 15:15:31.955281190,ROOM_111,B2.81 2-bedskamer,2.81,28.672414
RTLS_03176,EUREKA-VPL-023,nurse,2025-03-19 15:15:07.977805906,2025-03-19 15:27:42.256636648,PREP_B,B2.71.02 Voorbereiding,2.71.02,754.27883
RTLS_00294,EUREKA-VPL-003,nurse,2025-03-19 15:15:17.646359199,2025-03-19 15:15:30.998543144,ROOM_113,B2.84 1-bedskamer,2.84,13.352183
RTLS_02776,EUREKA-VPL-021,nurse,2025-03-19 15:15:22.607370330,2025-03-19 15:17:17.895552843,KITCHEN,B2.77 Keuken,2.77,115.288182
RTLS_01463,EUREKA-VPL-012,nurse,2025-03-19 15:15:23.392153184,2025-03-19 15:15:47.120552906,KITCHEN,B2.77 Keuken,2.77,23.728399
RTLS_02643,EUREKA-VPL-020,nurse,2025-03-19 15:15:25.997513737,2025-03-19 15:15:32.101730751,ROOM_108,B2.66 2-bedskamer,2.66,6.104217
RTLS_00295,EUREKA-VPL-003,nurse,2025-03-19 15:15:30.998543144,2025-03-19 15:16:24.307202185,KITCHEN,B2.77 Keuken,2.77,53.308659
RTLS_00477,EUREKA-VPL-005,nurse,2025-03-19 15:15:31.955281190,2025-03-19 15:15:45.771750474,KITCHEN,B2.77 Keuken,2.77,13.816469
RTLS_02644,EUREKA-VPL-020,nurse,2025-03-19 15:15:32.101730751,2025-03-19 15:15:40.653967732,ROOM_102,B2.76 1-bedskamer,2.76,8.552236
RTLS_01248,EUREKA-VPL-010,nurse,2025-03-19 15:15:33.575825847,2025-03-19 15:15:39.961813831,KITCHEN,B2.77 Keuken,2.77,6.385987
RTLS_05211,Voedingspomp 2,equipment,2025-03-19 15:15:36.000000000,2025-03-19 15:16:00.000000000,UTIL_B,B2.75 Utility,2.75,24.0
RTLS_03567,EUREKA-VPL-025,nurse,2025-03-19 15:15:38.916775786,2025-03-19 15:15:59.137831744,ROOM_101,B2.74 1-bedskamer,2.74,20.221055
RTLS_01249,EUREKA-VPL-010,nurse,2025-03-19 15:15:39.961813831,2025-03-19 15:16:14.078634135,ROOM_104,B2.80 1-bedskamer,2.80,34.11682
RTLS_02645,EUREKA-VPL-020,nurse,2025-03-19 15:15:40.653967732,2025-03-19 15:15:53.633734873,NS_B,B2.71.01 Dienstplaats,2.71.01,12.979767
RTLS_01393,EUREKA-VPL-011,nurse,2025-03-19 15:15:41.911624894,2025-03-19 15:16:02.070561947,KITCHEN,B2.77 Keuken,2.77,20.158937
RTLS_00478,EUREKA-VPL-005,nurse,2025-03-19 15:15:45.771750474,2025-03-19 15:16:32.821689717,ROOM_116,B2.56 2-bedskamer,2.56,47.049939
RTLS_01464,EUREKA-VPL-012,nurse,2025-03-19 15:15:47.120552906,2025-03-19 15:22:42.703712539,ROOM_111,B2.81 2-bedskamer,2.81,415.583159
RTLS_04486,Bladderscan,equipment,2025-03-19 15:15:48.000000000,2025-03-19 15:16:07.000000000,UTIL_A,B2.63 Utility,2.63,19.0
RTLS_02646,EUREKA-VPL-020,nurse,2025-03-19 15:15:53.633734873,2025-03-19 15:16:10.459094208,KITCHEN,B2.77 Keuken,2.77,16.825359
RTLS_01864,EUREKA-VPL-015,nurse,2025-03-19 15:15:56.324259961,2025-03-19 15:16:33.133961705,KITCHEN,B2.77 Keuken,2.77,36.809701
RTLS_01739,EUREKA-VPL-014,nurse,2025-03-19 15:15:58.102444582,2025-03-19 15:21:28.339638957,ROOM_116,B2.56 2-bedskamer,2.56,330.237194
RTLS_03568,EUREKA-VPL-025,nurse,2025-03-19 15:15:59.137831744,2025-03-19 15:17:03.874030278,ROOM_116,B2.56 2-bedskamer,2.56,64.736198
RTLS_03804,EUREKA-VPL-026,nurse,2025-03-19 15:15:59.428308213,2025-03-19 15:20:42.346703677,NS_A,B2.71 Open wacht,2.71,282.918395
RTLS_01394,EUREKA-VPL-011,nurse,2025-03-19 15:16:02.070561947,2025-03-19 15:16:15.368324469,NS_A,B2.71 Open wacht,2.71,13.297762
RTLS_02647,EUREKA-VPL-020,nurse,2025-03-19 15:16:10.459094208,2025-03-19 15:19:14.838320272,ROOM_112,B2.83 2-bedskamer,2.83,184.379226
RTLS_01250,EUREKA-VPL-010,nurse,2025-03-19 15:16:14.078634135,2025-03-19 15:16:23.997181181,ROOM_112,B2.83 2-bedskamer,2.83,9.918547
RTLS_01395,EUREKA-VPL-011,nurse,2025-03-19 15:16:15.368324469,2025-03-19 15:16:46.192712122,STORE_A,B2.53 Berging,2.53,30.824387
RTLS_04692,Glucosemeter 2,equipment,2025-03-19 15:16:23.000000000,2025-03-19 15:16:40.000000000,NS_B,B2.71.01 Dienstplaats,2.71.01,17.0
RTLS_01251,EUREKA-VPL-010,nurse,2025-03-19 15:16:23.997181181,2025-03-19 15:23:39.997650847,STORE_C,B2.65 Berging,2.65,436.000469
RTLS_00296,EUREKA-VPL-003,nurse,2025-03-19 15:16:24.307202185,2025-03-19 15:16:37.862825918,ROOM_115,B2.58 2-bedskamer,2.58,13.555623
RTLS_01063,EUREKA-VPL-009,nurse,2025-03-19 15:16:32.094416909,2025-03-19 15:17:21.484631245,ROOM_115,B2.58 2-bedskamer,2.58,49.390214
RTLS_00479,EUREKA-VPL-005,nurse,2025-03-19 15:16:32.821689717,2025-03-19 15:16:41.584231373,KITCHEN,B2.77 Keuken,2.77,8.762541
RTLS_01865,EUREKA-VPL-015,nurse,2025-03-19 15:16:33.133961705,2025-03-19 15:16:47.571848866,ROOM_118,B2.60 2-bedskamer,2.60,14.437887
RTLS_00297,EUREKA-VPL-003,nurse,2025-03-19 15:16:37.862825918,2025-03-19 15:16:55.348164756,ROOM_109,B2.68 2-bedskamer,2.68,17.485338
RTLS_00480,EUREKA-VPL-005,nurse,2025-03-19 15:16:41.584231373,2025-03-19 15:17:11.846429285,STORAGE,B2.61 Opslag,2.61,30.262197
RTLS_01866,EUREKA-VPL-015,nurse,2025-03-19 15:16:47.571848866,2025-03-19 15:16:48.889562279,PREP_B,B2.71.02 Voorbereiding,2.71.02,1.317713
RTLS_05527,Voedingspomp 5,equipment,2025-03-19 15:16:48.000000000,2025-03-19 15:17:23.000000000,UTIL_A,B2.63 Utility,2.63,35.0
RTLS_01867,EUREKA-VPL-015,nurse,2025-03-19 15:16:48.889562279,2025-03-19 15:19:22.188258505,ROOM_118,B2.60 2-bedskamer,2.60,153.298696
RTLS_04276,Infuuspomp 4,equipment,2025-03-19 15:16:53.000000000,2025-03-19 15:17:27.000000000,UTIL_B,B2.75 Utility,2.75,34.0
RTLS_05422,Voedingspomp 4,equipment,2025-03-19 15:16:55.000000000,2025-03-19 15:17:30.000000000,UTIL_B,B2.75 Utility,2.75,35.0
RTLS_00298,EUREKA-VPL-003,nurse,2025-03-19 15:16:55.348164756,2025-03-19 15:18:31.381477278,ROOM_117,B2.54 2-bedskamer,2.54,96.033312
RTLS_03569,EUREKA-VPL-025,nurse,2025-03-19 15:17:03.874030278,2025-03-19 15:17:14.976057916,ROOM_118,B2.60 2-bedskamer,2.60,11.102027
RTLS_05007,Toiletstoel 3,equipment,2025-03-19 15:17:04.000000000,2025-03-19 15:17:10.000000000,STORAGE,B2.61 Opslag,2.61,6.0
RTLS_00481,EUREKA-VPL-005,nurse,2025-03-19 15:17:11.846429285,2025-03-19 15:18:03.366121999,NS_B,B2.71.01 Dienstplaats,2.71.01,51.519692
RTLS_03570,EUREKA-VPL-025,nurse,2025-03-19 15:17:14.976057916,2025-03-19 15:17:32.698347786,ROOM_113,B2.84 1-bedskamer,2.84,17.722289
RTLS_02777,EUREKA-VPL-021,nurse,2025-03-19 15:17:17.895552843,2025-03-19 15:17:49.167918804,ROOM_109,B2.68 2-bedskamer,2.68,31.272365
RTLS_04377,Spuitaandrijver,equipment,2025-03-19 15:17:21.000000000,2025-03-19 15:17:37.000000000,UTIL_B,B2.75 Utility,2.75,16.0
RTLS_04071,Infuuspomp 2,equipment,2025-03-19 15:17:21.000000000,2025-03-19 15:17:29.000000000,UTIL_A,B2.63 Utility,2.63,8.0
RTLS_01064,EUREKA-VPL-009,nurse,2025-03-19 15:17:21.484631245,2025-03-19 15:18:53.163713371,ROOM_111,B2.81 2-bedskamer,2.81,91.679082
RTLS_00626,EUREKA-VPL-006,nurse,2025-03-19 15:17:25.910116471,2025-03-19 15:23:14.195100516,PREP_B,B2.71.02 Voorbereiding,2.71.02,348.284984
RTLS_02980,EUREKA-VPL-022,nurse,2025-03-19 15:17:28.502115885,2025-03-19 15:21:52.450172850,NS_A,B2.71 Open wacht,2.71,263.948056
RTLS_03571,EUREKA-VPL-025,nurse,2025-03-19 15:17:32.698347786,2025-03-19 15:17:50.867066501,ROOM_108,B2.66 2-bedskamer,2.66,18.168718
RTLS_02778,EUREKA-VPL-021,nurse,2025-03-19 15:17:49.167918804,2025-03-19 15:18:56.655085892,STORAGE,B2.61 Opslag,2.61,67.487167
RTLS_03572,EUREKA-VPL-025,nurse,2025-03-19 15:17:50.867066501,2025-03-19 15:17:59.105196780,ROOM_101,B2.74 1-bedskamer,2.74,8.23813
RTLS_02006,EUREKA-VPL-016,nurse,2025-03-19 15:17:52.423859396,2025-03-19 15:28:24.317894396,PREP_A,B2.71.02 Voorbereiding,2.71.02,631.894035
RTLS_03573,EUREKA-VPL-025,nurse,2025-03-19 15:17:59.105196780,2025-03-19 15:18:05.117133442,PREP_B,B2.71.02 Voorbereiding,2.71.02,6.011936
RTLS_00482,EUREKA-VPL-005,nurse,2025-03-19 15:18:03.366121999,2025-03-19 15:18:10.319666327,ROOM_110,B2.79 2-bedskamer,2.79,6.953544
RTLS_03574,EUREKA-VPL-025,nurse,2025-03-19 15:18:05.117133442,2025-03-19 15:20:37.229051811,ROOM_105,B2.82 1-bedskamer,2.82,152.111918
RTLS_00483,EUREKA-VPL-005,nurse,2025-03-19 15:18:10.319666327,2025-03-19 15:18:19.671184293,ROOM_111,B2.81 2-bedskamer,2.81,9.351517
RTLS_00484,EUREKA-VPL-005,nurse,2025-03-19 15:18:19.671184293,2025-03-19 15:21:16.587550742,ROOM_108,B2.66 2-bedskamer,2.66,176.916366
RTLS_04799,Toiletstoel 1,equipment,2025-03-19 15:18:21.000000000,2025-03-19 15:18:37.000000000,UTIL_A,B2.63 Utility,2.63,16.0
RTLS_00133,EUREKA-VPL-001,nurse,2025-03-19 15:18:25.400512668,2025-03-19 15:19:11.698861870,ROOM_104,B2.80 1-bedskamer,2.80,46.298349
RTLS_05528,Voedingspomp 5,equipment,2025-03-19 15:18:28.000000000,2025-03-19 15:18:40.000000000,UTIL_A,B2.63 Utility,2.63,12.0
RTLS_00299,EUREKA-VPL-003,nurse,2025-03-19 15:18:31.381477278,2025-03-19 15:18:39.815510067,KITCHEN,B2.77 Keuken,2.77,8.434032
RTLS_02521,EUREKA-VPL-019,nurse,2025-03-19 15:18:35.248000609,2025-03-19 15:18:55.183261439,ROOM_112,B2.83 2-bedskamer,2.83,19.93526
RTLS_00795,EUREKA-VPL-007,nurse,2025-03-19 15:18:39.228395685,2025-03-19 15:20:25.622030544,ROOM_112,B2.83 2-bedskamer,2.83,106.393634
RTLS_03968,Infuuspomp 1,equipment,2025-03-19 15:18:52.000000000,2025-03-19 15:19:17.000000000,UTIL_A,B2.63 Utility,2.63,25.0
RTLS_01065,EUREKA-VPL-009,nurse,2025-03-19 15:18:53.163713371,2025-03-19 15:21:07.720739828,STORE_B,B2.59 Berging,2.59,134.557026
RTLS_04907,Toiletstoel 2,equipment,2025-03-19 15:18:55.000000000,2025-03-19 15:19:07.000000000,UTIL_B,B2.75 Utility,2.75,12.0
RTLS_02522,EUREKA-VPL-019,nurse,2025-03-19 15:18:55.183261439,2025-03-19 15:19:54.100032940,STORE_A,B2.53 Berging,2.53,58.916771
RTLS_02779,EUREKA-VPL-021,nurse,2025-03-19 15:18:56.655085892,2025-03-19 15:19:06.469062693,ROOM_102,B2.76 1-bedskamer,2.76,9.813976
RTLS_04277,Infuuspomp 4,equipment,2025-03-19 15:19:03.000000000,2025-03-19 15:19:12.000000000,UTIL_B,B2.75 Utility,2.75,9.0
RTLS_02780,EUREKA-VPL-021,nurse,2025-03-19 15:19:06.469062693,2025-03-19 15:19:51.117362177,ROOM_109,B2.68 2-bedskamer,2.68,44.648299
RTLS_00134,EUREKA-VPL-001,nurse,2025-03-19 15:19:11.698861870,2025-03-19 15:20:21.965882185,NS_B,B2.71.01 Dienstplaats,2.71.01,70.26702
RTLS_02648,EUREKA-VPL-020,nurse,2025-03-19 15:19:14.838320272,2025-03-19 15:21:01.530899545,ROOM_108,B2.66 2-bedskamer,2.66,106.692579
RTLS_01868,EUREKA-VPL-015,nurse,2025-03-19 15:19:22.188258505,2025-03-19 15:19:29.158700969,NS_A,B2.71 Open wacht,2.71,6.970442
RTLS_01869,EUREKA-VPL-015,nurse,2025-03-19 15:19:29.158700969,2025-03-19 15:20:29.338540444,STORE_B,B2.59 Berging,2.59,60.179839
RTLS_02781,EUREKA-VPL-021,nurse,2025-03-19 15:19:51.117362177,2025-03-19 15:20:11.506727822,ROOM_110,B2.79 2-bedskamer,2.79,20.389365
RTLS_04591,Glucosemeter 1,equipment,2025-03-19 15:19:54.000000000,2025-03-19 15:20:25.000000000,NS_A,B2.71 Open wacht,2.71,31.0
RTLS_02523,EUREKA-VPL-019,nurse,2025-03-19 15:19:54.100032940,2025-03-19 15:22:47.898999331,UTIL_B,B2.75 Utility,2.75,173.798966
RTLS_05318,Voedingspomp 3,equipment,2025-03-19 15:20:02.000000000,2025-03-19 15:20:36.000000000,UTIL_A,B2.63 Utility,2.63,34.0
RTLS_02782,EUREKA-VPL-021,nurse,2025-03-19 15:20:11.506727822,2025-03-19 15:20:14.636605827,ROOM_112,B2.83 2-bedskamer,2.83,3.129878
RTLS_02783,EUREKA-VPL-021,nurse,2025-03-19 15:20:14.636605827,2025-03-19 15:20:19.488616149,ROOM_106,B2.62 2-bedskamer,2.62,4.85201
RTLS_00922,EUREKA-VPL-008,nurse,2025-03-19 15:20:18.590036007,2025-03-19 15:20:27.268529616,ROOM_117,B2.54 2-bedskamer,2.54,8.678493
RTLS_02784,EUREKA-VPL-021,nurse,2025-03-19 15:20:19.488616149,2025-03-19 15:21:02.082613355,BATHROOM,B2.57 Stortbad,2.57,42.593997
RTLS_00135,EUREKA-VPL-001,nurse,2025-03-19 15:20:21.965882185,2025-03-19 15:20:26.608402083,ROOM_111,B2.81 2-bedskamer,2.81,4.642519
RTLS_04693,Glucosemeter 2,equipment,2025-03-19 15:20:22.000000000,2025-03-19 15:20:35.000000000,NS_B,B2.71.01 Dienstplaats,2.71.01,13.0
RTLS_00796,EUREKA-VPL-007,nurse,2025-03-19 15:20:25.622030544,2025-03-19 15:20:42.137304037,KITCHEN,B2.77 Keuken,2.77,16.515273
RTLS_00136,EUREKA-VPL-001,nurse,2025-03-19 15:20:26.608402083,2025-03-19 15:20:45.519172134,ROOM_113,B2.84 1-bedskamer,2.84,18.91077
RTLS_02167,EUREKA-VPL-017,nurse,2025-03-19 15:20:26.999121560,2025-03-19 15:20:30.216169498,ROOM_103,B2.78 1-bedskamer,2.78,3.217047
RTLS_00923,EUREKA-VPL-008,nurse,2025-03-19 15:20:27.268529616,2025-03-19 15:20:37.594090888,ROOM_106,B2.62 2-bedskamer,2.62,10.325561
RTLS_01870,EUREKA-VPL-015,nurse,2025-03-19 15:20:29.338540444,2025-03-19 15:20:30.884126898,STORAGE,B2.61 Opslag,2.61,1.5455860000000001
RTLS_05114,Voedingspomp 1,equipment,2025-03-19 15:20:30.000000000,2025-03-19 15:20:46.000000000,UTIL_A,B2.63 Utility,2.63,16.0
RTLS_02168,EUREKA-VPL-017,nurse,2025-03-19 15:20:30.216169498,2025-03-19 15:21:08.464260926,ROOM_118,B2.60 2-bedskamer,2.60,38.248091
RTLS_01871,EUREKA-VPL-015,nurse,2025-03-19 15:20:30.884126898,2025-03-19 15:20:40.238912579,ROOM_116,B2.56 2-bedskamer,2.56,9.354785
RTLS_03350,EUREKA-VPL-024,nurse,2025-03-19 15:20:32.107335057,2025-03-19 15:22:47.129570675,ROOM_109,B2.68 2-bedskamer,2.68,135.022235
RTLS_03575,EUREKA-VPL-025,nurse,2025-03-19 15:20:37.229051811,2025-03-19 15:20:59.219608460,ROOM_102,B2.76 1-bedskamer,2.76,21.990556
RTLS_00924,EUREKA-VPL-008,nurse,2025-03-19 15:20:37.594090888,2025-03-19 15:20:42.951524057,ROOM_108,B2.66 2-bedskamer,2.66,5.357433
RTLS_01872,EUREKA-VPL-015,nurse,2025-03-19 15:20:40.238912579,2025-03-19 15:48:06.230186087,UTIL_B,B2.75 Utility,2.75,1645.991273
RTLS_00797,EUREKA-VPL-007,nurse,2025-03-19 15:20:42.137304037,2025-03-19 15:21:00.259095036,STORE_C,B2.65 Berging,2.65,18.12179
RTLS_03805,EUREKA-VPL-026,nurse,2025-03-19 15:20:42.346703677,2025-03-19 15:23:56.287088779,ROOM_111,B2.81 2-bedskamer,2.81,193.940385
RTLS_00925,EUREKA-VPL-008,nurse,2025-03-19 15:20:42.951524057,2025-03-19 15:20:49.240417516,NS_B,B2.71.01 Dienstplaats,2.71.01,6.288893
RTLS_00137,EUREKA-VPL-001,nurse,2025-03-19 15:20:45.519172134,2025-03-19 15:22:56.676212876,ROOM_111,B2.81 2-bedskamer,2.81,131.15704
RTLS_00926,EUREKA-VPL-008,nurse,2025-03-19 15:20:49.240417516,2025-03-19 15:21:40.292694381,ROOM_117,B2.54 2-bedskamer,2.54,51.052276
RTLS_03576,EUREKA-VPL-025,nurse,2025-03-19 15:20:59.219608460,2025-03-19 15:21:20.849528039,ROOM_105,B2.82 1-bedskamer,2.82,21.629919
RTLS_00798,EUREKA-VPL-007,nurse,2025-03-19 15:21:00.259095036,2025-03-19 15:21:11.414636244,ROOM_103,B2.78 1-bedskamer,2.78,11.155541
RTLS_02649,EUREKA-VPL-020,nurse,2025-03-19 15:21:01.530899545,2025-03-19 15:21:11.780367122,ROOM_103,B2.78 1-bedskamer,2.78,10.249467
RTLS_02785,EUREKA-VPL-021,nurse,2025-03-19 15:21:02.082613355,2025-03-19 15:27:39.392855392,STORE_A,B2.53 Berging,2.53,397.310242
RTLS_01066,EUREKA-VPL-009,nurse,2025-03-19 15:21:07.720739828,2025-03-19 15:25:48.599509240,ROOM_111,B2.81 2-bedskamer,2.81,280.878769
RTLS_00237,EUREKA-VPL-002,nurse,2025-03-19 15:21:07.910175180,2025-03-19 15:21:15.994676944,BATH_B,B2.55 Badkamer,2.55,8.084501
RTLS_02169,EUREKA-VPL-017,nurse,2025-03-19 15:21:08.464260926,2025-03-19 15:21:13.448561643,NS_A,B2.71 Open wacht,2.71,4.9843
RTLS_00799,EUREKA-VPL-007,nurse,2025-03-19 15:21:11.414636244,2025-03-19 15:21:14.108131415,STORE_B,B2.59 Berging,2.59,2.693495
RTLS_02650,EUREKA-VPL-020,nurse,2025-03-19 15:21:11.780367122,2025-03-19 15:21:32.626546701,ROOM_113,B2.84 1-bedskamer,2.84,20.846179
RTLS_02170,EUREKA-VPL-017,nurse,2025-03-19 15:21:13.448561643,2025-03-19 15:23:07.943691859,ROOM_107,B2.64 2-bedskamer,2.64,114.49513
RTLS_00800,EUREKA-VPL-007,nurse,2025-03-19 15:21:14.108131415,2025-03-19 15:22:03.740242654,KITCHEN,B2.77 Keuken,2.77,49.632111
RTLS_00238,EUREKA-VPL-002,nurse,2025-03-19 15:21:15.994676944,2025-03-19 15:21:21.962410262,NS_B,B2.71.01 Dienstplaats,2.71.01,5.967733
RTLS_00485,EUREKA-VPL-005,nurse,2025-03-19 15:21:16.587550742,2025-03-19 15:23:51.529973907,ROOM_107,B2.64 2-bedskamer,2.64,154.942423
RTLS_03577,EUREKA-VPL-025,nurse,2025-03-19 15:21:20.849528039,2025-03-19 15:21:23.572409868,ROOM_118,B2.60 2-bedskamer,2.60,2.722881
RTLS_00239,EUREKA-VPL-002,nurse,2025-03-19 15:21:21.962410262,2025-03-19 15:21:29.407805201,KITCHEN,B2.77 Keuken,2.77,7.445394
RTLS_03578,EUREKA-VPL-025,nurse,2025-03-19 15:21:23.572409868,2025-03-19 15:23:27.051152787,ROOM_117,B2.54 2-bedskamer,2.54,123.478742
RTLS_01740,EUREKA-VPL-014,nurse,2025-03-19 15:21:28.339638957,2025-03-19 15:21:33.601499332,KITCHEN,B2.77 Keuken,2.77,5.26186
RTLS_00240,EUREKA-VPL-002,nurse,2025-03-19 15:21:29.407805201,2025-03-19 15:21:56.078605249,ROOM_109,B2.68 2-bedskamer,2.68,26.6708
RTLS_02651,EUREKA-VPL-020,nurse,2025-03-19 15:21:32.626546701,2025-03-19 15:23:00.076168491,KITCHEN,B2.77 Keuken,2.77,87.449621
RTLS_01741,EUREKA-VPL-014,nurse,2025-03-19 15:21:33.601499332,2025-03-19 15:22:27.843331197,ROOM_103,B2.78 1-bedskamer,2.78,54.241831
RTLS_00927,EUREKA-VPL-008,nurse,2025-03-19 15:21:40.292694381,2025-03-19 15:22:38.752483530,ROOM_102,B2.76 1-bedskamer,2.76,58.459789
RTLS_05115,Voedingspomp 1,equipment,2025-03-19 15:21:44.000000000,2025-03-19 15:22:16.000000000,UTIL_A,B2.63 Utility,2.63,32.0
RTLS_04169,Infuuspomp 3,equipment,2025-03-19 15:21:44.000000000,2025-03-19 15:22:14.000000000,UTIL_B,B2.75 Utility,2.75,30.0
RTLS_01568,EUREKA-VPL-013,nurse,2025-03-19 15:21:45.305487749,2025-03-19 15:22:20.128698132,KITCHEN,B2.77 Keuken,2.77,34.82321
RTLS_05423,Voedingspomp 4,equipment,2025-03-19 15:21:49.000000000,2025-03-19 15:21:56.000000000,UTIL_B,B2.75 Utility,2.75,7.0
RTLS_05008,Toiletstoel 3,equipment,2025-03-19 15:21:49.000000000,2025-03-19 15:22:08.000000000,STORAGE,B2.61 Opslag,2.61,19.0
RTLS_02981,EUREKA-VPL-022,nurse,2025-03-19 15:21:52.450172850,2025-03-19 15:21:57.729942228,ROOM_104,B2.80 1-bedskamer,2.80,5.279769
RTLS_00241,EUREKA-VPL-002,nurse,2025-03-19 15:21:56.078605249,2025-03-19 15:22:04.428320278,ROOM_101,B2.74 1-bedskamer,2.74,8.349715
RTLS_04487,Bladderscan,equipment,2025-03-19 15:21:57.000000000,2025-03-19 15:22:11.000000000,UTIL_A,B2.63 Utility,2.63,14.0
RTLS_02982,EUREKA-VPL-022,nurse,2025-03-19 15:21:57.729942228,2025-03-19 15:22:41.750891940,ROOM_109,B2.68 2-bedskamer,2.68,44.020949
RTLS_00801,EUREKA-VPL-007,nurse,2025-03-19 15:22:03.740242654,2025-03-19 15:22:06.196154805,ROOM_114,B2.85 2-bedskamer,2.85,2.455912
RTLS_00242,EUREKA-VPL-002,nurse,2025-03-19 15:22:04.428320278,2025-03-19 15:23:15.402255206,ROOM_107,B2.64 2-bedskamer,2.64,70.973934
RTLS_00802,EUREKA-VPL-007,nurse,2025-03-19 15:22:06.196154805,2025-03-19 15:22:32.452448695,NS_A,B2.71 Open wacht,2.71,26.256293
RTLS_01569,EUREKA-VPL-013,nurse,2025-03-19 15:22:20.128698132,2025-03-19 15:23:29.008148534,ROOM_115,B2.58 2-bedskamer,2.58,68.87945
RTLS_01742,EUREKA-VPL-014,nurse,2025-03-19 15:22:27.843331197,2025-03-19 15:23:47.176502696,ROOM_117,B2.54 2-bedskamer,2.54,79.333171
RTLS_00803,EUREKA-VPL-007,nurse,2025-03-19 15:22:32.452448695,2025-03-19 15:23:08.692004431,ROOM_105,B2.82 1-bedskamer,2.82,36.239555
RTLS_04378,Spuitaandrijver,equipment,2025-03-19 15:22:34.000000000,2025-03-19 15:23:01.000000000,UTIL_B,B2.75 Utility,2.75,27.0
RTLS_00928,EUREKA-VPL-008,nurse,2025-03-19 15:22:38.752483530,2025-03-19 15:31:05.077637286,ROOM_113,B2.84 1-bedskamer,2.84,506.325153
RTLS_04800,Toiletstoel 1,equipment,2025-03-19 15:22:40.000000000,2025-03-19 15:22:47.000000000,UTIL_A,B2.63 Utility,2.63,7.0
RTLS_02983,EUREKA-VPL-022,nurse,2025-03-19 15:22:41.750891940,2025-03-19 15:23:18.484683678,PREP_B,B2.71.02 Voorbereiding,2.71.02,36.733791
RTLS_01465,EUREKA-VPL-012,nurse,2025-03-19 15:22:42.703712539,2025-03-19 15:23:09.865797201,ROOM_107,B2.64 2-bedskamer,2.64,27.162084
RTLS_03351,EUREKA-VPL-024,nurse,2025-03-19 15:22:47.129570675,2025-03-19 15:22:51.713745239,ROOM_101,B2.74 1-bedskamer,2.74,4.584174
RTLS_02524,EUREKA-VPL-019,nurse,2025-03-19 15:22:47.898999331,2025-03-19 15:26:55.910221553,ROOM_103,B2.78 1-bedskamer,2.78,248.011222
RTLS_03352,EUREKA-VPL-024,nurse,2025-03-19 15:22:51.713745239,2025-03-19 15:25:19.758186622,ROOM_112,B2.83 2-bedskamer,2.83,148.044441
RTLS_05212,Voedingspomp 2,equipment,2025-03-19 15:22:54.000000000,2025-03-19 15:23:02.000000000,UTIL_B,B2.75 Utility,2.75,8.0
RTLS_00138,EUREKA-VPL-001,nurse,2025-03-19 15:22:56.676212876,2025-03-19 15:29:10.650407034,UTIL_A,B2.63 Utility,2.63,373.974194
RTLS_02652,EUREKA-VPL-020,nurse,2025-03-19 15:23:00.076168491,2025-03-19 15:24:31.876950735,NS_B,B2.71.01 Dienstplaats,2.71.01,91.800782
RTLS_02171,EUREKA-VPL-017,nurse,2025-03-19 15:23:07.943691859,2025-03-19 15:23:14.897629590,KITCHEN,B2.77 Keuken,2.77,6.953937
RTLS_00804,EUREKA-VPL-007,nurse,2025-03-19 15:23:08.692004431,2025-03-19 15:23:41.633436160,ROOM_112,B2.83 2-bedskamer,2.83,32.941431
RTLS_01466,EUREKA-VPL-012,nurse,2025-03-19 15:23:09.865797201,2025-03-19 15:23:24.447908459,ROOM_113,B2.84 1-bedskamer,2.84,14.582111
RTLS_00627,EUREKA-VPL-006,nurse,2025-03-19 15:23:14.195100516,2025-03-19 15:24:51.729500333,ROOM_117,B2.54 2-bedskamer,2.54,97.534399
RTLS_02172,EUREKA-VPL-017,nurse,2025-03-19 15:23:14.897629590,2025-03-19 15:27:18.347603865,ROOM_115,B2.58 2-bedskamer,2.58,243.449974
RTLS_00243,EUREKA-VPL-002,nurse,2025-03-19 15:23:15.402255206,2025-03-19 15:23:35.165394088,ROOM_112,B2.83 2-bedskamer,2.83,19.763138
RTLS_02984,EUREKA-VPL-022,nurse,2025-03-19 15:23:18.484683678,2025-03-19 15:23:41.458636820,NS_A,B2.71 Open wacht,2.71,22.973953
RTLS_04278,Infuuspomp 4,equipment,2025-03-19 15:23:27.000000000,2025-03-19 15:23:51.000000000,UTIL_B,B2.75 Utility,2.75,24.0
RTLS_03579,EUREKA-VPL-025,nurse,2025-03-19 15:23:27.051152787,2025-03-19 15:23:50.770200241,ROOM_115,B2.58 2-bedskamer,2.58,23.719047
RTLS_01570,EUREKA-VPL-013,nurse,2025-03-19 15:23:29.008148534,2025-03-19 15:23:30.582547995,ROOM_113,B2.84 1-bedskamer,2.84,1.574399
RTLS_01571,EUREKA-VPL-013,nurse,2025-03-19 15:23:30.582547995,2025-03-19 15:23:34.365516729,ROOM_109,B2.68 2-bedskamer,2.68,3.782968
RTLS_02312,EUREKA-VPL-018,nurse,2025-03-19 15:23:30.713885994,2025-03-19 15:25:16.310532768,ROOM_102,B2.76 1-bedskamer,2.76,105.596646
RTLS_04072,Infuuspomp 2,equipment,2025-03-19 15:23:34.000000000,2025-03-19 15:23:55.000000000,UTIL_A,B2.63 Utility,2.63,21.0
RTLS_01572,EUREKA-VPL-013,nurse,2025-03-19 15:23:34.365516729,2025-03-19 15:24:06.783016128,PREP_B,B2.71.02 Voorbereiding,2.71.02,32.417499
RTLS_05529,Voedingspomp 5,equipment,2025-03-19 15:23:35.000000000,2025-03-19 15:23:57.000000000,UTIL_A,B2.63 Utility,2.63,22.0
RTLS_00244,EUREKA-VPL-002,nurse,2025-03-19 15:23:35.165394088,2025-03-19 15:24:29.259548192,ROOM_117,B2.54 2-bedskamer,2.54,54.094154
RTLS_01252,EUREKA-VPL-010,nurse,2025-03-19 15:23:39.997650847,2025-03-19 15:23:44.331987986,KITCHEN,B2.77 Keuken,2.77,4.334337
RTLS_04592,Glucosemeter 1,equipment,2025-03-19 15:23:40.000000000,2025-03-19 15:23:49.000000000,NS_A,B2.71 Open wacht,2.71,9.0
RTLS_02985,EUREKA-VPL-022,nurse,2025-03-19 15:23:41.458636820,2025-03-19 15:24:48.203241903,ROOM_110,B2.79 2-bedskamer,2.79,66.744605
RTLS_00805,EUREKA-VPL-007,nurse,2025-03-19 15:23:41.633436160,2025-03-19 15:27:24.771699619,UTIL_A,B2.63 Utility,2.63,223.138263
RTLS_01253,EUREKA-VPL-010,nurse,2025-03-19 15:23:44.331987986,2025-03-19 15:23:59.569187535,NS_B,B2.71.01 Dienstplaats,2.71.01,15.237199
RTLS_01743,EUREKA-VPL-014,nurse,2025-03-19 15:23:47.176502696,2025-03-19 15:24:05.323000065,ROOM_105,B2.82 1-bedskamer,2.82,18.146497
RTLS_03580,EUREKA-VPL-025,nurse,2025-03-19 15:23:50.770200241,2025-03-19 15:23:52.787344529,NS_B,B2.71.01 Dienstplaats,2.71.01,2.017144
RTLS_00486,EUREKA-VPL-005,nurse,2025-03-19 15:23:51.529973907,2025-03-19 15:24:13.570973852,KITCHEN,B2.77 Keuken,2.77,22.040999
RTLS_03581,EUREKA-VPL-025,nurse,2025-03-19 15:23:52.787344529,2025-03-19 15:23:56.009925317,KITCHEN,B2.77 Keuken,2.77,3.22258
RTLS_03582,EUREKA-VPL-025,nurse,2025-03-19 15:23:56.009925317,2025-03-19 15:24:08.692186982,NS_B,B2.71.01 Dienstplaats,2.71.01,12.682261
RTLS_03806,EUREKA-VPL-026,nurse,2025-03-19 15:23:56.287088779,2025-03-19 15:24:36.477151146,KITCHEN,B2.77 Keuken,2.77,40.190062
RTLS_01254,EUREKA-VPL-010,nurse,2025-03-19 15:23:59.569187535,2025-03-19 15:31:11.655349935,NS_B,B2.71.01 Dienstplaats,2.71.01,432.086162
RTLS_01744,EUREKA-VPL-014,nurse,2025-03-19 15:24:05.323000065,2025-03-19 15:24:31.103390288,KITCHEN,B2.77 Keuken,2.77,25.78039
RTLS_01573,EUREKA-VPL-013,nurse,2025-03-19 15:24:06.783016128,2025-03-19 15:24:15.193653428,NS_A,B2.71 Open wacht,2.71,8.410637
RTLS_03583,EUREKA-VPL-025,nurse,2025-03-19 15:24:08.692186982,2025-03-19 15:24:28.752291307,STORE_B,B2.59 Berging,2.59,20.060104
RTLS_00487,EUREKA-VPL-005,nurse,2025-03-19 15:24:13.570973852,2025-03-19 15:28:59.295015118,ROOM_106,B2.62 2-bedskamer,2.62,285.724041
RTLS_01574,EUREKA-VPL-013,nurse,2025-03-19 15:24:15.193653428,2025-03-19 15:24:23.839603031,ROOM_118,B2.60 2-bedskamer,2.60,8.645949
RTLS_04488,Bladderscan,equipment,2025-03-19 15:24:21.000000000,2025-03-19 15:24:47.000000000,UTIL_A,B2.63 Utility,2.63,26.0
RTLS_01575,EUREKA-VPL-013,nurse,2025-03-19 15:24:23.839603031,2025-03-19 15:25:02.758629869,KITCHEN,B2.77 Keuken,2.77,38.919026
RTLS_03584,EUREKA-VPL-025,nurse,2025-03-19 15:24:28.752291307,2025-03-19 15:24:30.293598198,STORAGE,B2.61 Opslag,2.61,1.541306
RTLS_00245,EUREKA-VPL-002,nurse,2025-03-19 15:24:29.259548192,2025-03-19 15:24:33.328172837,NS_B,B2.71.01 Dienstplaats,2.71.01,4.068624
RTLS_03585,EUREKA-VPL-025,nurse,2025-03-19 15:24:30.293598198,2025-03-19 15:50:21.435073336,NS_A,B2.71 Open wacht,2.71,1551.141475
RTLS_01745,EUREKA-VPL-014,nurse,2025-03-19 15:24:31.103390288,2025-03-19 15:24:46.143852564,ROOM_102,B2.76 1-bedskamer,2.76,15.040462
RTLS_02653,EUREKA-VPL-020,nurse,2025-03-19 15:24:31.876950735,2025-03-19 15:24:41.556275010,ROOM_104,B2.80 1-bedskamer,2.80,9.679324
RTLS_00246,EUREKA-VPL-002,nurse,2025-03-19 15:24:33.328172837,2025-03-19 15:25:05.814106229,ROOM_101,B2.74 1-bedskamer,2.74,32.485933
RTLS_05116,Voedingspomp 1,equipment,2025-03-19 15:24:35.000000000,2025-03-19 15:24:59.000000000,UTIL_A,B2.63 Utility,2.63,24.0
RTLS_03807,EUREKA-VPL-026,nurse,2025-03-19 15:24:36.477151146,2025-03-19 15:25:12.460459515,ROOM_107,B2.64 2-bedskamer,2.64,35.983308
RTLS_02654,EUREKA-VPL-020,nurse,2025-03-19 15:24:41.556275010,2025-03-19 15:26:11.254737449,ROOM_110,B2.79 2-bedskamer,2.79,89.698462
RTLS_04801,Toiletstoel 1,equipment,2025-03-19 15:24:45.000000000,2025-03-19 15:25:15.000000000,UTIL_A,B2.63 Utility,2.63,30.0
RTLS_01746,EUREKA-VPL-014,nurse,2025-03-19 15:24:46.143852564,2025-03-19 15:26:20.333171853,KITCHEN,B2.77 Keuken,2.77,94.189319
RTLS_02986,EUREKA-VPL-022,nurse,2025-03-19 15:24:48.203241903,2025-03-19 15:26:43.797052924,ROOM_104,B2.80 1-bedskamer,2.80,115.593811
RTLS_00628,EUREKA-VPL-006,nurse,2025-03-19 15:24:51.729500333,2025-03-19 15:24:59.094728799,ROOM_118,B2.60 2-bedskamer,2.60,7.365228
RTLS_04279,Infuuspomp 4,equipment,2025-03-19 15:24:59.000000000,2025-03-19 15:25:16.000000000,UTIL_B,B2.75 Utility,2.75,17.0
RTLS_00629,EUREKA-VPL-006,nurse,2025-03-19 15:24:59.094728799,2025-03-19 15:25:46.777044108,ROOM_111,B2.81 2-bedskamer,2.81,47.682315
RTLS_01576,EUREKA-VPL-013,nurse,2025-03-19 15:25:02.758629869,2025-03-19 15:26:00.716726338,ROOM_103,B2.78 1-bedskamer,2.78,57.958096
RTLS_05009,Toiletstoel 3,equipment,2025-03-19 15:25:03.000000000,2025-03-19 15:25:39.000000000,STORAGE,B2.61 Opslag,2.61,36.0
RTLS_03808,EUREKA-VPL-026,nurse,2025-03-19 15:25:12.460459515,2025-03-19 15:25:26.392536104,STORE_B,B2.59 Berging,2.59,13.932076
RTLS_02313,EUREKA-VPL-018,nurse,2025-03-19 15:25:16.310532768,2025-03-19 15:25:22.839198285,ROOM_116,B2.56 2-bedskamer,2.56,6.528665
RTLS_03353,EUREKA-VPL-024,nurse,2025-03-19 15:25:19.758186622,2025-03-19 15:26:00.249738102,NS_A,B2.71 Open wacht,2.71,40.491551
RTLS_02314,EUREKA-VPL-018,nurse,2025-03-19 15:25:22.839198285,2025-03-19 15:25:33.567456204,ROOM_103,B2.78 1-bedskamer,2.78,10.728257
RTLS_03809,EUREKA-VPL-026,nurse,2025-03-19 15:25:26.392536104,2025-03-19 15:26:07.640091205,STORAGE,B2.61 Opslag,2.61,41.247555
RTLS_02315,EUREKA-VPL-018,nurse,2025-03-19 15:25:33.567456204,2025-03-19 15:25:55.820666164,ROOM_102,B2.76 1-bedskamer,2.76,22.253209
RTLS_04694,Glucosemeter 2,equipment,2025-03-19 15:25:40.000000000,2025-03-19 15:26:17.000000000,NS_B,B2.71.01 Dienstplaats,2.71.01,37.0
RTLS_04908,Toiletstoel 2,equipment,2025-03-19 15:25:41.000000000,2025-03-19 15:26:02.000000000,UTIL_B,B2.75 Utility,2.75,21.0
RTLS_05424,Voedingspomp 4,equipment,2025-03-19 15:25:44.000000000,2025-03-19 15:26:08.000000000,UTIL_B,B2.75 Utility,2.75,24.0
RTLS_00630,EUREKA-VPL-006,nurse,2025-03-19 15:25:46.777044108,2025-03-19 15:25:52.292286389,NS_B,B2.71.01 Dienstplaats,2.71.01,5.515242
RTLS_01067,EUREKA-VPL-009,nurse,2025-03-19 15:25:48.599509240,2025-03-19 15:33:27.039790458,STORAGE,B2.61 Opslag,2.61,458.440281
RTLS_04379,Spuitaandrijver,equipment,2025-03-19 15:25:50.000000000,2025-03-19 15:25:58.000000000,UTIL_B,B2.75 Utility,2.75,8.0
RTLS_00631,EUREKA-VPL-006,nurse,2025-03-19 15:25:52.292286389,2025-03-19 15:25:54.300462900,ROOM_107,B2.64 2-bedskamer,2.64,2.008176
RTLS_00632,EUREKA-VPL-006,nurse,2025-03-19 15:25:54.300462900,2025-03-19 15:26:15.071293644,KITCHEN,B2.77 Keuken,2.77,20.77083
RTLS_02316,EUREKA-VPL-018,nurse,2025-03-19 15:25:55.820666164,2025-03-19 15:26:45.158089182,ROOM_104,B2.80 1-bedskamer,2.80,49.337423
RTLS_03354,EUREKA-VPL-024,nurse,2025-03-19 15:26:00.249738102,2025-03-19 15:29:07.236941798,PREP_A,B2.71.02 Voorbereiding,2.71.02,186.987203
RTLS_01577,EUREKA-VPL-013,nurse,2025-03-19 15:26:00.716726338,2025-03-19 15:29:03.593851845,STORE_A,B2.53 Berging,2.53,182.877125
RTLS_03810,EUREKA-VPL-026,nurse,2025-03-19 15:26:07.640091205,2025-03-19 15:26:57.654371510,ROOM_115,B2.58 2-bedskamer,2.58,50.01428
RTLS_05117,Voedingspomp 1,equipment,2025-03-19 15:26:10.000000000,2025-03-19 15:26:17.000000000,UTIL_A,B2.63 Utility,2.63,7.0
RTLS_02655,EUREKA-VPL-020,nurse,2025-03-19 15:26:11.254737449,2025-03-19 15:29:36.208545797,ROOM_113,B2.84 1-bedskamer,2.84,204.953808
RTLS_00633,EUREKA-VPL-006,nurse,2025-03-19 15:26:15.071293644,2025-03-19 15:26:58.378838657,NS_A,B2.71 Open wacht,2.71,43.307545
RTLS_03969,Infuuspomp 1,equipment,2025-03-19 15:26:19.000000000,2025-03-19 15:26:42.000000000,UTIL_A,B2.63 Utility,2.63,23.0
RTLS_01747,EUREKA-VPL-014,nurse,2025-03-19 15:26:20.333171853,2025-03-19 15:27:25.911791284,NS_B,B2.71.01 Dienstplaats,2.71.01,65.578619
RTLS_04593,Glucosemeter 1,equipment,2025-03-19 15:26:22.000000000,2025-03-19 15:26:48.000000000,NS_A,B2.71 Open wacht,2.71,26.0
RTLS_04170,Infuuspomp 3,equipment,2025-03-19 15:26:31.000000000,2025-03-19 15:27:00.000000000,UTIL_B,B2.75 Utility,2.75,29.0
RTLS_05319,Voedingspomp 3,equipment,2025-03-19 15:26:37.000000000,2025-03-19 15:26:42.000000000,UTIL_A,B2.63 Utility,2.63,5.0
RTLS_02987,EUREKA-VPL-022,nurse,2025-03-19 15:26:43.797052924,2025-03-19 15:27:55.337497624,NS_B,B2.71.01 Dienstplaats,2.71.01,71.540444
RTLS_02317,EUREKA-VPL-018,nurse,2025-03-19 15:26:45.158089182,2025-03-19 15:26:50.240061191,NS_B,B2.71.01 Dienstplaats,2.71.01,5.081972
RTLS_02318,EUREKA-VPL-018,nurse,2025-03-19 15:26:50.240061191,2025-03-19 15:26:59.305016585,ROOM_106,B2.62 2-bedskamer,2.62,9.064955
RTLS_02525,EUREKA-VPL-019,nurse,2025-03-19 15:26:55.910221553,2025-03-19 15:27:01.711940761,NS_A,B2.71 Open wacht,2.71,5.801719
RTLS_03811,EUREKA-VPL-026,nurse,2025-03-19 15:26:57.654371510,2025-03-19 15:27:19.739348591,NS_A,B2.71 Open wacht,2.71,22.084977
RTLS_00634,EUREKA-VPL-006,nurse,2025-03-19 15:26:58.378838657,2025-03-19 15:27:01.501687905,ROOM_115,B2.58 2-bedskamer,2.58,3.122849
RTLS_02319,EUREKA-VPL-018,nurse,2025-03-19 15:26:59.305016585,2025-03-19 15:27:01.845505379,ROOM_114,B2.85 2-bedskamer,2.85,2.540488
RTLS_00635,EUREKA-VPL-006,nurse,2025-03-19 15:27:01.501687905,2025-03-19 15:27:37.255294157,KITCHEN,B2.77 Keuken,2.77,35.753606
RTLS_02526,EUREKA-VPL-019,nurse,2025-03-19 15:27:01.711940761,2025-03-19 15:27:59.202727589,ROOM_106,B2.62 2-bedskamer,2.62,57.490786
RTLS_02320,EUREKA-VPL-018,nurse,2025-03-19 15:27:01.845505379,2025-03-19 15:29:38.451150454,ROOM_113,B2.84 1-bedskamer,2.84,156.605645
RTLS_05425,Voedingspomp 4,equipment,2025-03-19 15:27:02.000000000,2025-03-19 15:27:31.000000000,UTIL_B,B2.75 Utility,2.75,29.0
RTLS_05010,Toiletstoel 3,equipment,2025-03-19 15:27:05.000000000,2025-03-19 15:27:11.000000000,STORAGE,B2.61 Opslag,2.61,6.0
RTLS_02173,EUREKA-VPL-017,nurse,2025-03-19 15:27:18.347603865,2025-03-19 15:27:40.371350198,KITCHEN,B2.77 Keuken,2.77,22.023746
RTLS_03812,EUREKA-VPL-026,nurse,2025-03-19 15:27:19.739348591,2025-03-19 15:27:40.641312816,NS_B,B2.71.01 Dienstplaats,2.71.01,20.901964
RTLS_00806,EUREKA-VPL-007,nurse,2025-03-19 15:27:24.771699619,2025-03-19 15:27:30.338335932,KITCHEN,B2.77 Keuken,2.77,5.566636
RTLS_01748,EUREKA-VPL-014,nurse,2025-03-19 15:27:25.911791284,2025-03-19 15:27:35.853951870,ROOM_114,B2.85 2-bedskamer,2.85,9.94216
RTLS_00807,EUREKA-VPL-007,nurse,2025-03-19 15:27:30.338335932,2025-03-19 15:27:41.184354126,ROOM_102,B2.76 1-bedskamer,2.76,10.846018
RTLS_01749,EUREKA-VPL-014,nurse,2025-03-19 15:27:35.853951870,2025-03-19 15:27:45.276905329,UTIL_B,B2.75 Utility,2.75,9.422953
RTLS_04280,Infuuspomp 4,equipment,2025-03-19 15:27:36.000000000,2025-03-19 15:27:50.000000000,UTIL_B,B2.75 Utility,2.75,14.0
RTLS_00636,EUREKA-VPL-006,nurse,2025-03-19 15:27:37.255294157,2025-03-19 15:28:16.903043125,ROOM_103,B2.78 1-bedskamer,2.78,39.647748
RTLS_02786,EUREKA-VPL-021,nurse,2025-03-19 15:27:39.392855392,2025-03-19 15:29:37.803407959,ROOM_109,B2.68 2-bedskamer,2.68,118.410552
RTLS_02174,EUREKA-VPL-017,nurse,2025-03-19 15:27:40.371350198,2025-03-19 15:27:54.820142219,ROOM_108,B2.66 2-bedskamer,2.66,14.448792
RTLS_03813,EUREKA-VPL-026,nurse,2025-03-19 15:27:40.641312816,2025-03-19 15:27:45.587657302,KITCHEN,B2.77 Keuken,2.77,4.946344
RTLS_00808,EUREKA-VPL-007,nurse,2025-03-19 15:27:41.184354126,2025-03-19 15:30:06.547055214,NS_A,B2.71 Open wacht,2.71,145.362701
RTLS_03177,EUREKA-VPL-023,nurse,2025-03-19 15:27:42.256636648,2025-03-19 15:28:15.233899115,ROOM_108,B2.66 2-bedskamer,2.66,32.977262
RTLS_01750,EUREKA-VPL-014,nurse,2025-03-19 15:27:45.276905329,2025-03-19 15:27:54.359451318,ROOM_102,B2.76 1-bedskamer,2.76,9.082545
RTLS_03814,EUREKA-VPL-026,nurse,2025-03-19 15:27:45.587657302,2025-03-19 15:30:51.331908943,NS_B,B2.71.01 Dienstplaats,2.71.01,185.744251
RTLS_01751,EUREKA-VPL-014,nurse,2025-03-19 15:27:54.359451318,2025-03-19 15:34:10.255064489,UTIL_B,B2.75 Utility,2.75,375.895613
RTLS_02175,EUREKA-VPL-017,nurse,2025-03-19 15:27:54.820142219,2025-03-19 15:34:19.856113619,PREP_A,B2.71.02 Voorbereiding,2.71.02,385.035971
RTLS_02988,EUREKA-VPL-022,nurse,2025-03-19 15:27:55.337497624,2025-03-19 15:28:02.326721236,ROOM_111,B2.81 2-bedskamer,2.81,6.989223
RTLS_02527,EUREKA-VPL-019,nurse,2025-03-19 15:27:59.202727589,2025-03-19 15:28:30.876138782,ROOM_101,B2.74 1-bedskamer,2.74,31.673411
RTLS_02989,EUREKA-VPL-022,nurse,2025-03-19 15:28:02.326721236,2025-03-19 15:28:20.781321803,ROOM_106,B2.62 2-bedskamer,2.62,18.4546
RTLS_03178,EUREKA-VPL-023,nurse,2025-03-19 15:28:15.233899115,2025-03-19 15:31:29.583494851,STORE_B,B2.59 Berging,2.59,194.349595
RTLS_04802,Toiletstoel 1,equipment,2025-03-19 15:28:16.000000000,2025-03-19 15:28:24.000000000,UTIL_A,B2.63 Utility,2.63,8.0
RTLS_00637,EUREKA-VPL-006,nurse,2025-03-19 15:28:16.903043125,2025-03-19 15:29:31.838703171,ROOM_116,B2.56 2-bedskamer,2.56,74.93566
RTLS_02990,EUREKA-VPL-022,nurse,2025-03-19 15:28:20.781321803,2025-03-19 15:28:29.184655628,ROOM_108,B2.66 2-bedskamer,2.66,8.403333
RTLS_02007,EUREKA-VPL-016,nurse,2025-03-19 15:28:24.317894396,2025-03-19 15:28:31.151196322,ROOM_101,B2.74 1-bedskamer,2.74,6.833301
RTLS_02991,EUREKA-VPL-022,nurse,2025-03-19 15:28:29.184655628,2025-03-19 15:28:31.714838691,ROOM_113,B2.84 1-bedskamer,2.84,2.530183
RTLS_02528,EUREKA-VPL-019,nurse,2025-03-19 15:28:30.876138782,2025-03-19 15:28:40.145129208,ROOM_105,B2.82 1-bedskamer,2.82,9.26899
RTLS_02008,EUREKA-VPL-016,nurse,2025-03-19 15:28:31.151196322,2025-03-19 15:30:09.834679221,NS_B,B2.71.01 Dienstplaats,2.71.01,98.683482
RTLS_02992,EUREKA-VPL-022,nurse,2025-03-19 15:28:31.714838691,2025-03-19 15:28:34.338135668,ROOM_101,B2.74 1-bedskamer,2.74,2.623296
RTLS_02993,EUREKA-VPL-022,nurse,2025-03-19 15:28:34.338135668,2025-03-19 15:28:53.656566611,ROOM_108,B2.66 2-bedskamer,2.66,19.31843
RTLS_02529,EUREKA-VPL-019,nurse,2025-03-19 15:28:40.145129208,2025-03-19 15:28:57.671262086,ROOM_113,B2.84 1-bedskamer,2.84,17.526132
RTLS_02994,EUREKA-VPL-022,nurse,2025-03-19 15:28:53.656566611,2025-03-19 15:28:56.790511041,ROOM_106,B2.62 2-bedskamer,2.62,3.133944
RTLS_02995,EUREKA-VPL-022,nurse,2025-03-19 15:28:56.790511041,2025-03-19 15:29:13.824840675,UTIL_A,B2.63 Utility,2.63,17.034329
RTLS_02530,EUREKA-VPL-019,nurse,2025-03-19 15:28:57.671262086,2025-03-19 15:29:00.277834537,ROOM_111,B2.81 2-bedskamer,2.81,2.606572
RTLS_00488,EUREKA-VPL-005,nurse,2025-03-19 15:28:59.295015118,2025-03-19 15:29:00.734924287,ROOM_108,B2.66 2-bedskamer,2.66,1.439909
RTLS_02531,EUREKA-VPL-019,nurse,2025-03-19 15:29:00.277834537,2025-03-19 15:29:05.945565974,KITCHEN,B2.77 Keuken,2.77,5.667731
RTLS_00489,EUREKA-VPL-005,nurse,2025-03-19 15:29:00.734924287,2025-03-19 15:29:12.190045957,ROOM_113,B2.84 1-bedskamer,2.84,11.455121
RTLS_01578,EUREKA-VPL-013,nurse,2025-03-19 15:29:03.593851845,2025-03-19 15:29:31.405934406,ROOM_105,B2.82 1-bedskamer,2.82,27.812082
RTLS_02532,EUREKA-VPL-019,nurse,2025-03-19 15:29:05.945565974,2025-03-19 15:30:05.078776104,ROOM_112,B2.83 2-bedskamer,2.83,59.13321
RTLS_03355,EUREKA-VPL-024,nurse,2025-03-19 15:29:07.236941798,2025-03-19 15:34:54.630015173,NS_A,B2.71 Open wacht,2.71,347.393073
RTLS_00139,EUREKA-VPL-001,nurse,2025-03-19 15:29:10.650407034,2025-03-19 15:29:36.782834679,BATH_B,B2.55 Badkamer,2.55,26.132427
RTLS_02996,EUREKA-VPL-022,nurse,2025-03-19 15:29:13.824840675,2025-03-19 15:32:36.656279791,ROOM_108,B2.66 2-bedskamer,2.66,202.831439
RTLS_04073,Infuuspomp 2,equipment,2025-03-19 15:29:15.000000000,2025-03-19 15:29:52.000000000,UTIL_A,B2.63 Utility,2.63,37.0
RTLS_05530,Voedingspomp 5,equipment,2025-03-19 15:29:24.000000000,2025-03-19 15:29:42.000000000,UTIL_A,B2.63 Utility,2.63,18.0
RTLS_01579,EUREKA-VPL-013,nurse,2025-03-19 15:29:31.405934406,2025-03-19 15:33:54.852031354,NS_A,B2.71 Open wacht,2.71,263.446096
RTLS_00638,EUREKA-VPL-006,nurse,2025-03-19 15:29:31.838703171,2025-03-19 15:30:58.280534463,ROOM_103,B2.78 1-bedskamer,2.78,86.441831
RTLS_02656,EUREKA-VPL-020,nurse,2025-03-19 15:29:36.208545797,2025-03-19 15:29:52.035542266,ROOM_108,B2.66 2-bedskamer,2.66,15.826996
RTLS_00140,EUREKA-VPL-001,nurse,2025-03-19 15:29:36.782834679,2025-03-19 15:31:40.803034911,KITCHEN,B2.77 Keuken,2.77,124.0202
RTLS_02787,EUREKA-VPL-021,nurse,2025-03-19 15:29:37.803407959,2025-03-19 15:31:09.481071023,ROOM_101,B2.74 1-bedskamer,2.74,91.677663
RTLS_02321,EUREKA-VPL-018,nurse,2025-03-19 15:29:38.451150454,2025-03-19 15:30:09.629023432,ROOM_111,B2.81 2-bedskamer,2.81,31.177872
RTLS_04489,Bladderscan,equipment,2025-03-19 15:29:45.000000000,2025-03-19 15:30:12.000000000,UTIL_A,B2.63 Utility,2.63,27.0
RTLS_04281,Infuuspomp 4,equipment,2025-03-19 15:29:52.000000000,2025-03-19 15:30:19.000000000,UTIL_B,B2.75 Utility,2.75,27.0
RTLS_03970,Infuuspomp 1,equipment,2025-03-19 15:29:55.000000000,2025-03-19 15:30:28.000000000,UTIL_A,B2.63 Utility,2.63,33.0
RTLS_02533,EUREKA-VPL-019,nurse,2025-03-19 15:30:05.078776104,2025-03-19 15:30:50.983437533,KITCHEN,B2.77 Keuken,2.77,45.904661
RTLS_00809,EUREKA-VPL-007,nurse,2025-03-19 15:30:06.547055214,2025-03-19 15:30:59.908743723,PREP_A,B2.71.02 Voorbereiding,2.71.02,53.361688
RTLS_05213,Voedingspomp 2,equipment,2025-03-19 15:30:09.000000000,2025-03-19 15:30:37.000000000,UTIL_B,B2.75 Utility,2.75,28.0
RTLS_04171,Infuuspomp 3,equipment,2025-03-19 15:30:09.000000000,2025-03-19 15:30:33.000000000,UTIL_B,B2.75 Utility,2.75,24.0
RTLS_02322,EUREKA-VPL-018,nurse,2025-03-19 15:30:09.629023432,2025-03-19 15:30:16.822551065,ROOM_106,B2.62 2-bedskamer,2.62,7.193527
RTLS_02009,EUREKA-VPL-016,nurse,2025-03-19 15:30:09.834679221,2025-03-19 15:30:15.346107938,ROOM_111,B2.81 2-bedskamer,2.81,5.511428
RTLS_04380,Spuitaandrijver,equipment,2025-03-19 15:30:12.000000000,2025-03-19 15:30:38.000000000,UTIL_B,B2.75 Utility,2.75,26.0
RTLS_02010,EUREKA-VPL-016,nurse,2025-03-19 15:30:15.346107938,2025-03-19 15:30:48.038810945,UTIL_A,B2.63 Utility,2.63,32.692703
RTLS_05320,Voedingspomp 3,equipment,2025-03-19 15:30:20.000000000,2025-03-19 15:30:26.000000000,UTIL_A,B2.63 Utility,2.63,6.0
RTLS_04909,Toiletstoel 2,equipment,2025-03-19 15:30:22.000000000,2025-03-19 15:30:35.000000000,UTIL_B,B2.75 Utility,2.75,13.0
RTLS_05531,Voedingspomp 5,equipment,2025-03-19 15:30:33.000000000,2025-03-19 15:30:58.000000000,UTIL_A,B2.63 Utility,2.63,25.0
RTLS_02011,EUREKA-VPL-016,nurse,2025-03-19 15:30:48.038810945,2025-03-19 15:43:18.879320516,NS_A,B2.71 Open wacht,2.71,750.840509
RTLS_02534,EUREKA-VPL-019,nurse,2025-03-19 15:30:50.983437533,2025-03-19 15:30:52.838701422,ROOM_102,B2.76 1-bedskamer,2.76,1.8552629999999999
RTLS_03815,EUREKA-VPL-026,nurse,2025-03-19 15:30:51.331908943,2025-03-19 15:33:28.836633905,ROOM_117,B2.54 2-bedskamer,2.54,157.504724
RTLS_02535,EUREKA-VPL-019,nurse,2025-03-19 15:30:52.838701422,2025-03-19 15:30:57.206158477,UTIL_A,B2.63 Utility,2.63,4.367457
RTLS_02536,EUREKA-VPL-019,nurse,2025-03-19 15:30:57.206158477,2025-03-19 15:30:58.206158477,UTIL_A,B2.63 Utility,2.63,1.0
RTLS_02537,EUREKA-VPL-019,nurse,2025-03-19 15:30:58.206158477,2025-03-19 15:30:59.206158477,PREP_A,B2.71.02 Voorbereiding,2.71.02,1.0
RTLS_00639,EUREKA-VPL-006,nurse,2025-03-19 15:30:58.280534463,2025-03-19 15:31:01.800278901,ROOM_115,B2.58 2-bedskamer,2.58,3.519744
RTLS_02538,EUREKA-VPL-019,nurse,2025-03-19 15:30:59.206158477,2025-03-19 15:32:18.348351805,NS_B,B2.71.01 Dienstplaats,2.71.01,79.142193
RTLS_00640,EUREKA-VPL-006,nurse,2025-03-19 15:31:01.800278901,2025-03-19 15:31:12.047153813,KITCHEN,B2.77 Keuken,2.77,10.246874
RTLS_00929,EUREKA-VPL-008,nurse,2025-03-19 15:31:05.077637286,2025-03-19 15:31:06.077637286,STORE_B,B2.59 Berging,2.59,1.0
RTLS_00930,EUREKA-VPL-008,nurse,2025-03-19 15:31:06.077637286,2025-03-19 15:31:58.726816912,STORE_C,B2.65 Berging,2.65,52.649179
RTLS_02788,EUREKA-VPL-021,nurse,2025-03-19 15:31:09.481071023,2025-03-19 15:33:40.642675550,ROOM_106,B2.62 2-bedskamer,2.62,151.161604
RTLS_04803,Toiletstoel 1,equipment,2025-03-19 15:31:11.000000000,2025-03-19 15:31:27.000000000,UTIL_A,B2.63 Utility,2.63,16.0
RTLS_01255,EUREKA-VPL-010,nurse,2025-03-19 15:31:11.655349935,2025-03-19 15:31:12.655349935,KITCHEN,B2.77 Keuken,2.77,1.0
RTLS_00641,EUREKA-VPL-006,nurse,2025-03-19 15:31:12.047153813,2025-03-19 15:31:17.449586004,ROOM_103,B2.78 1-bedskamer,2.78,5.402432
RTLS_01256,EUREKA-VPL-010,nurse,2025-03-19 15:31:12.655349935,2025-03-19 15:37:51.273346088,NS_B,B2.71.01 Dienstplaats,2.71.01,398.617996
RTLS_00642,EUREKA-VPL-006,nurse,2025-03-19 15:31:17.449586004,2025-03-19 15:31:32.448711608,ROOM_109,B2.68 2-bedskamer,2.68,14.999125
RTLS_00643,EUREKA-VPL-006,nurse,2025-03-19 15:31:32.448711608,2025-03-19 15:31:34.577547918,STORAGE,B2.61 Opslag,2.61,2.128836
RTLS_00644,EUREKA-VPL-006,nurse,2025-03-19 15:31:34.577547918,2025-03-19 15:31:41.295962619,NS_A,B2.71 Open wacht,2.71,6.718414
RTLS_00141,EUREKA-VPL-001,nurse,2025-03-19 15:31:40.803034911,2025-03-19 15:31:48.157822093,STORE_C,B2.65 Berging,2.65,7.354787
RTLS_00645,EUREKA-VPL-006,nurse,2025-03-19 15:31:41.295962619,2025-03-19 15:32:20.963246960,ROOM_115,B2.58 2-bedskamer,2.58,39.667284
RTLS_00142,EUREKA-VPL-001,nurse,2025-03-19 15:31:48.157822093,2025-03-19 15:32:19.146007709,BATH_B,B2.55 Badkamer,2.55,30.988185
RTLS_05011,Toiletstoel 3,equipment,2025-03-19 15:31:57.000000000,2025-03-19 15:32:15.000000000,STORAGE,B2.61 Opslag,2.61,18.0
RTLS_00931,EUREKA-VPL-008,nurse,2025-03-19 15:31:58.726816912,2025-03-19 15:39:11.600717052,ROOM_116,B2.56 2-bedskamer,2.56,432.8739
RTLS_02539,EUREKA-VPL-019,nurse,2025-03-19 15:32:18.348351805,2025-03-19 15:33:11.019785858,KITCHEN,B2.77 Keuken,2.77,52.671434
RTLS_00143,EUREKA-VPL-001,nurse,2025-03-19 15:32:19.146007709,2025-03-19 15:32:28.954342361,ROOM_111,B2.81 2-bedskamer,2.81,9.808334
RTLS_00646,EUREKA-VPL-006,nurse,2025-03-19 15:32:20.963246960,2025-03-19 15:34:59.374085322,NS_B,B2.71.01 Dienstplaats,2.71.01,158.410838
RTLS_00144,EUREKA-VPL-001,nurse,2025-03-19 15:32:28.954342361,2025-03-19 15:34:37.172762363,ROOM_101,B2.74 1-bedskamer,2.74,128.21842
RTLS_02997,EUREKA-VPL-022,nurse,2025-03-19 15:32:36.656279791,2025-03-19 15:32:44.526623904,ROOM_115,B2.58 2-bedskamer,2.58,7.870344
RTLS_02998,EUREKA-VPL-022,nurse,2025-03-19 15:32:44.526623904,2025-03-19 15:33:08.927522356,KITCHEN,B2.77 Keuken,2.77,24.400898
RTLS_05426,Voedingspomp 4,equipment,2025-03-19 15:32:50.000000000,2025-03-19 15:32:55.000000000,UTIL_B,B2.75 Utility,2.75,5.0
RTLS_04695,Glucosemeter 2,equipment,2025-03-19 15:32:51.000000000,2025-03-19 15:33:13.000000000,NS_B,B2.71.01 Dienstplaats,2.71.01,22.0
RTLS_04594,Glucosemeter 1,equipment,2025-03-19 15:32:55.000000000,2025-03-19 15:33:20.000000000,NS_A,B2.71 Open wacht,2.71,25.0
RTLS_04490,Bladderscan,equipment,2025-03-19 15:33:07.000000000,2025-03-19 15:33:29.000000000,UTIL_A,B2.63 Utility,2.63,22.0
RTLS_05118,Voedingspomp 1,equipment,2025-03-19 15:33:08.000000000,2025-03-19 15:33:35.000000000,UTIL_A,B2.63 Utility,2.63,27.0
RTLS_02999,EUREKA-VPL-022,nurse,2025-03-19 15:33:08.927522356,2025-03-19 15:33:28.970035391,NS_A,B2.71 Open wacht,2.71,20.042513
RTLS_02540,EUREKA-VPL-019,nurse,2025-03-19 15:33:11.019785858,2025-03-19 15:40:29.832571494,STORE_B,B2.59 Berging,2.59,438.812785
RTLS_05321,Voedingspomp 3,equipment,2025-03-19 15:33:17.000000000,2025-03-19 15:33:50.000000000,UTIL_A,B2.63 Utility,2.63,33.0
RTLS_01068,EUREKA-VPL-009,nurse,2025-03-19 15:33:27.039790458,2025-03-19 15:33:48.413145944,KITCHEN,B2.77 Keuken,2.77,21.373355
RTLS_03816,EUREKA-VPL-026,nurse,2025-03-19 15:33:28.836633905,2025-03-19 15:33:36.109119999,ROOM_107,B2.64 2-bedskamer,2.64,7.272486
RTLS_03000,EUREKA-VPL-022,nurse,2025-03-19 15:33:28.970035391,2025-03-19 15:36:55.800635755,ROOM_107,B2.64 2-bedskamer,2.64,206.8306
RTLS_03817,EUREKA-VPL-026,nurse,2025-03-19 15:33:36.109119999,2025-03-19 15:33:39.618794354,NS_B,B2.71.01 Dienstplaats,2.71.01,3.509674
RTLS_03818,EUREKA-VPL-026,nurse,2025-03-19 15:33:39.618794354,2025-03-19 15:34:12.091216041,ROOM_109,B2.68 2-bedskamer,2.68,32.472421
RTLS_02789,EUREKA-VPL-021,nurse,2025-03-19 15:33:40.642675550,2025-03-19 15:33:41.642675550,ROOM_110,B2.79 2-bedskamer,2.79,1.0
RTLS_02790,EUREKA-VPL-021,nurse,2025-03-19 15:33:41.642675550,2025-03-19 15:33:57.697342668,ROOM_114,B2.85 2-bedskamer,2.85,16.054667
RTLS_01069,EUREKA-VPL-009,nurse,2025-03-19 15:33:48.413145944,2025-03-19 15:37:39.274415987,UTIL_A,B2.63 Utility,2.63,230.86127
RTLS_01580,EUREKA-VPL-013,nurse,2025-03-19 15:33:54.852031354,2025-03-19 15:34:31.826503691,ROOM_115,B2.58 2-bedskamer,2.58,36.974472
RTLS_01752,EUREKA-VPL-014,nurse,2025-03-19 15:34:10.255064489,2025-03-19 15:41:12.912774034,PREP_A,B2.71.02 Voorbereiding,2.71.02,422.657709
RTLS_03819,EUREKA-VPL-026,nurse,2025-03-19 15:34:12.091216041,2025-03-19 15:35:54.798829872,ROOM_118,B2.60 2-bedskamer,2.60,102.707613
RTLS_03971,Infuuspomp 1,equipment,2025-03-19 15:34:14.000000000,2025-03-19 15:34:38.000000000,UTIL_A,B2.63 Utility,2.63,24.0
RTLS_04282,Infuuspomp 4,equipment,2025-03-19 15:34:19.000000000,2025-03-19 15:34:55.000000000,UTIL_B,B2.75 Utility,2.75,36.0
RTLS_02176,EUREKA-VPL-017,nurse,2025-03-19 15:34:19.856113619,2025-03-19 15:35:23.101718106,NS_A,B2.71 Open wacht,2.71,63.245604
RTLS_05119,Voedingspomp 1,equipment,2025-03-19 15:34:27.000000000,2025-03-19 15:34:35.000000000,UTIL_A,B2.63 Utility,2.63,8.0
RTLS_00145,EUREKA-VPL-001,nurse,2025-03-19 15:34:37.172762363,2025-03-19 15:36:27.078998465,NS_B,B2.71.01 Dienstplaats,2.71.01,109.906236
RTLS_03356,EUREKA-VPL-024,nurse,2025-03-19 15:34:54.630015173,2025-03-19 15:34:57.579314200,ROOM_116,B2.56 2-bedskamer,2.56,2.949299
RTLS_04696,Glucosemeter 2,equipment,2025-03-19 15:34:55.000000000,2025-03-19 15:35:28.000000000,NS_B,B2.71.01 Dienstplaats,2.71.01,33.0
RTLS_03357,EUREKA-VPL-024,nurse,2025-03-19 15:34:57.579314200,2025-03-19 15:35:55.020264112,ROOM_108,B2.66 2-bedskamer,2.66,57.440949
RTLS_00647,EUREKA-VPL-006,nurse,2025-03-19 15:34:59.374085322,2025-03-19 15:59:59.999999322,UTIL_B,B2.75 Utility,2.75,1500.625914
RTLS_04074,Infuuspomp 2,equipment,2025-03-19 15:35:02.000000000,2025-03-19 15:35:22.000000000,UTIL_A,B2.63 Utility,2.63,20.0
RTLS_05532,Voedingspomp 5,equipment,2025-03-19 15:35:13.000000000,2025-03-19 15:35:34.000000000,UTIL_A,B2.63 Utility,2.63,21.0
RTLS_02177,EUREKA-VPL-017,nurse,2025-03-19 15:35:23.101718106,2025-03-19 15:36:20.122982376,ROOM_112,B2.83 2-bedskamer,2.83,57.021264
RTLS_05214,Voedingspomp 2,equipment,2025-03-19 15:35:44.000000000,2025-03-19 15:36:03.000000000,UTIL_B,B2.75 Utility,2.75,19.0
RTLS_04283,Infuuspomp 4,equipment,2025-03-19 15:35:48.000000000,2025-03-19 15:36:18.000000000,UTIL_B,B2.75 Utility,2.75,30.0
RTLS_03820,EUREKA-VPL-026,nurse,2025-03-19 15:35:54.798829872,2025-03-19 15:36:06.987103995,ROOM_111,B2.81 2-bedskamer,2.81,12.188274
RTLS_03358,EUREKA-VPL-024,nurse,2025-03-19 15:35:55.020264112,2025-03-19 15:40:07.626357003,KITCHEN,B2.77 Keuken,2.77,252.606092
RTLS_03821,EUREKA-VPL-026,nurse,2025-03-19 15:36:06.987103995,2025-03-19 15:36:08.713487018,ROOM_105,B2.82 1-bedskamer,2.82,1.726383
RTLS_03822,EUREKA-VPL-026,nurse,2025-03-19 15:36:08.713487018,2025-03-19 15:36:13.131294015,PREP_B,B2.71.02 Voorbereiding,2.71.02,4.417806
RTLS_03823,EUREKA-VPL-026,nurse,2025-03-19 15:36:13.131294015,2025-03-19 15:37:26.371123887,KITCHEN,B2.77 Keuken,2.77,73.239829
RTLS_02178,EUREKA-VPL-017,nurse,2025-03-19 15:36:20.122982376,2025-03-19 15:36:29.327813498,KITCHEN,B2.77 Keuken,2.77,9.204831
RTLS_03972,Infuuspomp 1,equipment,2025-03-19 15:36:22.000000000,2025-03-19 15:36:43.000000000,UTIL_A,B2.63 Utility,2.63,21.0
RTLS_00146,EUREKA-VPL-001,nurse,2025-03-19 15:36:27.078998465,2025-03-19 15:39:03.630835672,STORE_A,B2.53 Berging,2.53,156.551837
RTLS_02179,EUREKA-VPL-017,nurse,2025-03-19 15:36:29.327813498,2025-03-19 15:36:32.607733754,ROOM_111,B2.81 2-bedskamer,2.81,3.27992
RTLS_02180,EUREKA-VPL-017,nurse,2025-03-19 15:36:32.607733754,2025-03-19 15:37:12.581111461,STORAGE,B2.61 Opslag,2.61,39.973377
RTLS_04381,Spuitaandrijver,equipment,2025-03-19 15:36:36.000000000,2025-03-19 15:36:41.000000000,UTIL_B,B2.75 Utility,2.75,5.0
RTLS_03001,EUREKA-VPL-022,nurse,2025-03-19 15:36:55.800635755,2025-03-19 15:38:22.056232372,STORE_A,B2.53 Berging,2.53,86.255596
RTLS_04804,Toiletstoel 1,equipment,2025-03-19 15:37:06.000000000,2025-03-19 15:37:13.000000000,UTIL_A,B2.63 Utility,2.63,7.0
RTLS_02181,EUREKA-VPL-017,nurse,2025-03-19 15:37:12.581111461,2025-03-19 15:40:07.363790981,ROOM_104,B2.80 1-bedskamer,2.80,174.782679
RTLS_05322,Voedingspomp 3,equipment,2025-03-19 15:37:16.000000000,2025-03-19 15:37:26.000000000,UTIL_A,B2.63 Utility,2.63,10.0
RTLS_03824,EUREKA-VPL-026,nurse,2025-03-19 15:37:26.371123887,2025-03-19 15:38:19.652989672,ROOM_104,B2.80 1-bedskamer,2.80,53.281865
RTLS_04172,Infuuspomp 3,equipment,2025-03-19 15:37:31.000000000,2025-03-19 15:37:38.000000000,UTIL_B,B2.75 Utility,2.75,7.0
RTLS_04910,Toiletstoel 2,equipment,2025-03-19 15:37:35.000000000,2025-03-19 15:37:57.000000000,UTIL_B,B2.75 Utility,2.75,22.0
RTLS_04382,Spuitaandrijver,equipment,2025-03-19 15:37:38.000000000,2025-03-19 15:37:55.000000000,UTIL_B,B2.75 Utility,2.75,17.0
RTLS_01070,EUREKA-VPL-009,nurse,2025-03-19 15:37:39.274415987,2025-03-19 15:38:07.060141017,STORE_B,B2.59 Berging,2.59,27.785725
RTLS_01257,EUREKA-VPL-010,nurse,2025-03-19 15:37:51.273346088,2025-03-19 15:37:57.652406263,STORE_A,B2.53 Berging,2.53,6.37906
RTLS_05427,Voedingspomp 4,equipment,2025-03-19 15:37:54.000000000,2025-03-19 15:38:06.000000000,UTIL_B,B2.75 Utility,2.75,12.0
RTLS_01258,EUREKA-VPL-010,nurse,2025-03-19 15:37:57.652406263,2025-03-19 15:38:13.992385944,ROOM_102,B2.76 1-bedskamer,2.76,16.339979
RTLS_04075,Infuuspomp 2,equipment,2025-03-19 15:37:59.000000000,2025-03-19 15:38:28.000000000,UTIL_A,B2.63 Utility,2.63,29.0
RTLS_04697,Glucosemeter 2,equipment,2025-03-19 15:38:01.000000000,2025-03-19 15:38:36.000000000,NS_B,B2.71.01 Dienstplaats,2.71.01,35.0
RTLS_01071,EUREKA-VPL-009,nurse,2025-03-19 15:38:07.060141017,2025-03-19 15:38:25.358612150,ROOM_116,B2.56 2-bedskamer,2.56,18.298471
RTLS_04805,Toiletstoel 1,equipment,2025-03-19 15:38:13.000000000,2025-03-19 15:38:41.000000000,UTIL_A,B2.63 Utility,2.63,28.0
RTLS_01259,EUREKA-VPL-010,nurse,2025-03-19 15:38:13.992385944,2025-03-19 15:38:34.545067072,ROOM_110,B2.79 2-bedskamer,2.79,20.552681
RTLS_03825,EUREKA-VPL-026,nurse,2025-03-19 15:38:19.652989672,2025-03-19 15:38:24.881553274,ROOM_113,B2.84 1-bedskamer,2.84,5.228563
RTLS_03002,EUREKA-VPL-022,nurse,2025-03-19 15:38:22.056232372,2025-03-19 15:42:52.562536602,ROOM_110,B2.79 2-bedskamer,2.79,270.506304
RTLS_03826,EUREKA-VPL-026,nurse,2025-03-19 15:38:24.881553274,2025-03-19 15:42:55.525588050,UTIL_A,B2.63 Utility,2.63,270.644034
RTLS_01072,EUREKA-VPL-009,nurse,2025-03-19 15:38:25.358612150,2025-03-19 15:38:27.275118598,ROOM_107,B2.64 2-bedskamer,2.64,1.916506
RTLS_01073,EUREKA-VPL-009,nurse,2025-03-19 15:38:27.275118598,2025-03-19 15:39:32.721300656,ROOM_102,B2.76 1-bedskamer,2.76,65.446182
RTLS_05012,Toiletstoel 3,equipment,2025-03-19 15:38:28.000000000,2025-03-19 15:38:34.000000000,STORAGE,B2.61 Opslag,2.61,6.0
RTLS_01260,EUREKA-VPL-010,nurse,2025-03-19 15:38:34.545067072,2025-03-19 15:42:35.874587418,ROOM_114,B2.85 2-bedskamer,2.85,241.32952
RTLS_05120,Voedingspomp 1,equipment,2025-03-19 15:38:43.000000000,2025-03-19 15:39:10.000000000,UTIL_A,B2.63 Utility,2.63,27.0
RTLS_05533,Voedingspomp 5,equipment,2025-03-19 15:38:55.000000000,2025-03-19 15:39:29.000000000,UTIL_A,B2.63 Utility,2.63,34.0
RTLS_04595,Glucosemeter 1,equipment,2025-03-19 15:39:02.000000000,2025-03-19 15:39:10.000000000,NS_A,B2.71 Open wacht,2.71,8.0
RTLS_00932,EUREKA-VPL-008,nurse,2025-03-19 15:39:11.600717052,2025-03-19 15:39:18.686197681,KITCHEN,B2.77 Keuken,2.77,7.0854800000000004
RTLS_01074,EUREKA-VPL-009,nurse,2025-03-19 15:39:32.721300656,2025-03-19 15:39:55.171131387,ROOM_112,B2.83 2-bedskamer,2.83,22.44983
RTLS_01075,EUREKA-VPL-009,nurse,2025-03-19 15:39:55.171131387,2025-03-19 15:41:50.753515102,ROOM_108,B2.66 2-bedskamer,2.66,115.582383
RTLS_02182,EUREKA-VPL-017,nurse,2025-03-19 15:40:07.363790981,2025-03-19 15:40:43.433124052,ROOM_108,B2.66 2-bedskamer,2.66,36.069333
RTLS_03359,EUREKA-VPL-024,nurse,2025-03-19 15:40:07.626357003,2025-03-19 15:40:22.712140191,BATH_B,B2.55 Badkamer,2.55,15.085783
RTLS_03360,EUREKA-VPL-024,nurse,2025-03-19 15:40:22.712140191,2025-03-19 15:41:43.357838799,STORAGE,B2.61 Opslag,2.61,80.645698
RTLS_03973,Infuuspomp 1,equipment,2025-03-19 15:40:24.000000000,2025-03-19 15:40:33.000000000,UTIL_A,B2.63 Utility,2.63,9.0
RTLS_04806,Toiletstoel 1,equipment,2025-03-19 15:40:28.000000000,2025-03-19 15:40:46.000000000,UTIL_A,B2.63 Utility,2.63,18.0
RTLS_02541,EUREKA-VPL-019,nurse,2025-03-19 15:40:29.832571494,2025-03-19 15:46:20.882799894,PREP_A,B2.71.02 Voorbereiding,2.71.02,351.050228
RTLS_04491,Bladderscan,equipment,2025-03-19 15:40:33.000000000,2025-03-19 15:40:58.000000000,UTIL_A,B2.63 Utility,2.63,25.0
RTLS_02183,EUREKA-VPL-017,nurse,2025-03-19 15:40:43.433124052,2025-03-19 15:40:49.979888001,ROOM_105,B2.82 1-bedskamer,2.82,6.546763
RTLS_02184,EUREKA-VPL-017,nurse,2025-03-19 15:40:49.979888001,2025-03-19 15:41:15.204188620,ROOM_111,B2.81 2-bedskamer,2.81,25.2243
RTLS_04173,Infuuspomp 3,equipment,2025-03-19 15:40:51.000000000,2025-03-19 15:40:56.000000000,UTIL_B,B2.75 Utility,2.75,5.0
RTLS_01753,EUREKA-VPL-014,nurse,2025-03-19 15:41:12.912774034,2025-03-19 15:41:29.001272297,ROOM_104,B2.80 1-bedskamer,2.80,16.088498
RTLS_02185,EUREKA-VPL-017,nurse,2025-03-19 15:41:15.204188620,2025-03-19 15:41:26.601658447,STORE_C,B2.65 Berging,2.65,11.397469
RTLS_02186,EUREKA-VPL-017,nurse,2025-03-19 15:41:26.601658447,2025-03-19 15:42:14.395587587,ROOM_106,B2.62 2-bedskamer,2.62,47.793929
RTLS_01754,EUREKA-VPL-014,nurse,2025-03-19 15:41:29.001272297,2025-03-19 15:41:35.713513443,KITCHEN,B2.77 Keuken,2.77,6.712241
RTLS_01755,EUREKA-VPL-014,nurse,2025-03-19 15:41:35.713513443,2025-03-19 15:41:50.377011807,NS_B,B2.71.01 Dienstplaats,2.71.01,14.663498
RTLS_05215,Voedingspomp 2,equipment,2025-03-19 15:41:37.000000000,2025-03-19 15:41:48.000000000,UTIL_B,B2.75 Utility,2.75,11.0
RTLS_03361,EUREKA-VPL-024,nurse,2025-03-19 15:41:43.357838799,2025-03-19 15:44:32.979844963,BATH_B,B2.55 Badkamer,2.55,169.622006
RTLS_01756,EUREKA-VPL-014,nurse,2025-03-19 15:41:50.377011807,2025-03-19 15:42:00.806936291,ROOM_111,B2.81 2-bedskamer,2.81,10.429924
RTLS_01757,EUREKA-VPL-014,nurse,2025-03-19 15:42:00.806936291,2025-03-19 15:44:58.016548072,ROOM_107,B2.64 2-bedskamer,2.64,177.209611
RTLS_04698,Glucosemeter 2,equipment,2025-03-19 15:42:05.000000000,2025-03-19 15:42:27.000000000,NS_B,B2.71.01 Dienstplaats,2.71.01,22.0
RTLS_05013,Toiletstoel 3,equipment,2025-03-19 15:42:13.000000000,2025-03-19 15:42:22.000000000,STORAGE,B2.61 Opslag,2.61,9.0
RTLS_02187,EUREKA-VPL-017,nurse,2025-03-19 15:42:14.395587587,2025-03-19 15:42:31.440898164,KITCHEN,B2.77 Keuken,2.77,17.04531
RTLS_02188,EUREKA-VPL-017,nurse,2025-03-19 15:42:31.440898164,2025-03-19 15:44:26.471804908,ROOM_111,B2.81 2-bedskamer,2.81,115.030906
RTLS_04383,Spuitaandrijver,equipment,2025-03-19 15:42:32.000000000,2025-03-19 15:42:37.000000000,UTIL_B,B2.75 Utility,2.75,5.0
RTLS_01261,EUREKA-VPL-010,nurse,2025-03-19 15:42:35.874587418,2025-03-19 15:43:25.286161250,KITCHEN,B2.77 Keuken,2.77,49.411573
RTLS_04911,Toiletstoel 2,equipment,2025-03-19 15:42:38.000000000,2025-03-19 15:42:58.000000000,UTIL_B,B2.75 Utility,2.75,20.0
RTLS_04076,Infuuspomp 2,equipment,2025-03-19 15:42:42.000000000,2025-03-19 15:43:11.000000000,UTIL_A,B2.63 Utility,2.63,29.0
RTLS_03974,Infuuspomp 1,equipment,2025-03-19 15:42:48.000000000,2025-03-19 15:43:16.000000000,UTIL_A,B2.63 Utility,2.63,28.0
RTLS_05121,Voedingspomp 1,equipment,2025-03-19 15:42:50.000000000,2025-03-19 15:43:23.000000000,UTIL_A,B2.63 Utility,2.63,33.0
RTLS_03003,EUREKA-VPL-022,nurse,2025-03-19 15:42:52.562536602,2025-03-19 15:43:21.471394407,NS_B,B2.71.01 Dienstplaats,2.71.01,28.908857
RTLS_03827,EUREKA-VPL-026,nurse,2025-03-19 15:42:55.525588050,2025-03-19 15:44:01.715626684,ROOM_111,B2.81 2-bedskamer,2.81,66.190038
RTLS_05323,Voedingspomp 3,equipment,2025-03-19 15:43:06.000000000,2025-03-19 15:43:36.000000000,UTIL_A,B2.63 Utility,2.63,30.0
RTLS_04284,Infuuspomp 4,equipment,2025-03-19 15:43:14.000000000,2025-03-19 15:43:35.000000000,UTIL_B,B2.75 Utility,2.75,21.0
RTLS_02012,EUREKA-VPL-016,nurse,2025-03-19 15:43:18.879320516,2025-03-19 15:44:08.572990947,STORE_B,B2.59 Berging,2.59,49.69367
RTLS_03004,EUREKA-VPL-022,nurse,2025-03-19 15:43:21.471394407,2025-03-19 15:44:01.982033974,KITCHEN,B2.77 Keuken,2.77,40.510639
RTLS_04596,Glucosemeter 1,equipment,2025-03-19 15:43:23.000000000,2025-03-19 15:43:56.000000000,NS_A,B2.71 Open wacht,2.71,33.0
RTLS_01262,EUREKA-VPL-010,nurse,2025-03-19 15:43:25.286161250,2025-03-19 15:43:31.698188146,PREP_B,B2.71.02 Voorbereiding,2.71.02,6.412026
RTLS_05014,Toiletstoel 3,equipment,2025-03-19 15:43:28.000000000,2025-03-19 15:43:48.000000000,STORAGE,B2.61 Opslag,2.61,20.0
RTLS_01263,EUREKA-VPL-010,nurse,2025-03-19 15:43:31.698188146,2025-03-19 15:43:32.698188146,ROOM_106,B2.62 2-bedskamer,2.62,1.0
RTLS_01264,EUREKA-VPL-010,nurse,2025-03-19 15:43:32.698188146,2025-03-19 15:43:41.833287469,NS_A,B2.71 Open wacht,2.71,9.135099
RTLS_01265,EUREKA-VPL-010,nurse,2025-03-19 15:43:41.833287469,2025-03-19 15:50:19.315107565,ROOM_106,B2.62 2-bedskamer,2.62,397.48182
RTLS_05428,Voedingspomp 4,equipment,2025-03-19 15:43:51.000000000,2025-03-19 15:44:08.000000000,UTIL_B,B2.75 Utility,2.75,17.0
RTLS_03828,EUREKA-VPL-026,nurse,2025-03-19 15:44:01.715626684,2025-03-19 15:44:26.466968735,ROOM_114,B2.85 2-bedskamer,2.85,24.751342
RTLS_03005,EUREKA-VPL-022,nurse,2025-03-19 15:44:01.982033974,2025-03-19 15:44:05.926239910,ROOM_112,B2.83 2-bedskamer,2.83,3.944205
RTLS_03006,EUREKA-VPL-022,nurse,2025-03-19 15:44:05.926239910,2025-03-19 15:44:35.645198008,ROOM_104,B2.80 1-bedskamer,2.80,29.718958
RTLS_02013,EUREKA-VPL-016,nurse,2025-03-19 15:44:08.572990947,2025-03-19 15:45:27.405283288,ROOM_113,B2.84 1-bedskamer,2.84,78.832292
RTLS_04077,Infuuspomp 2,equipment,2025-03-19 15:44:10.000000000,2025-03-19 15:44:20.000000000,UTIL_A,B2.63 Utility,2.63,10.0
RTLS_04912,Toiletstoel 2,equipment,2025-03-19 15:44:23.000000000,2025-03-19 15:44:53.000000000,UTIL_B,B2.75 Utility,2.75,30.0
RTLS_03829,EUREKA-VPL-026,nurse,2025-03-19 15:44:26.466968735,2025-03-19 15:44:42.778329436,ROOM_106,B2.62 2-bedskamer,2.62,16.31136
RTLS_02189,EUREKA-VPL-017,nurse,2025-03-19 15:44:26.471804908,2025-03-19 15:53:17.965963328,PREP_A,B2.71.02 Voorbereiding,2.71.02,531.494158
RTLS_03362,EUREKA-VPL-024,nurse,2025-03-19 15:44:32.979844963,2025-03-19 15:44:37.925474875,BATHROOM,B2.57 Stortbad,2.57,4.945629
RTLS_03007,EUREKA-VPL-022,nurse,2025-03-19 15:44:35.645198008,2025-03-19 15:44:36.807355077,ROOM_105,B2.82 1-bedskamer,2.82,1.162157
RTLS_04384,Spuitaandrijver,equipment,2025-03-19 15:44:36.000000000,2025-03-19 15:44:54.000000000,UTIL_B,B2.75 Utility,2.75,18.0
RTLS_03008,EUREKA-VPL-022,nurse,2025-03-19 15:44:36.807355077,2025-03-19 15:44:49.625163649,KITCHEN,B2.77 Keuken,2.77,12.817808
RTLS_03363,EUREKA-VPL-024,nurse,2025-03-19 15:44:37.925474875,2025-03-19 15:45:01.070350596,ROOM_111,B2.81 2-bedskamer,2.81,23.144875
RTLS_05216,Voedingspomp 2,equipment,2025-03-19 15:44:39.000000000,2025-03-19 15:45:15.000000000,UTIL_B,B2.75 Utility,2.75,36.0
RTLS_03830,EUREKA-VPL-026,nurse,2025-03-19 15:44:42.778329436,2025-03-19 15:50:12.744249745,NS_B,B2.71.01 Dienstplaats,2.71.01,329.96592
RTLS_01758,EUREKA-VPL-014,nurse,2025-03-19 15:44:58.016548072,2025-03-19 15:45:03.921544286,ROOM_115,B2.58 2-bedskamer,2.58,5.904996
RTLS_03364,EUREKA-VPL-024,nurse,2025-03-19 15:45:01.070350596,2025-03-19 15:45:20.669990131,ROOM_103,B2.78 1-bedskamer,2.78,19.599639
RTLS_01759,EUREKA-VPL-014,nurse,2025-03-19 15:45:03.921544286,2025-03-19 15:45:42.205484021,ROOM_109,B2.68 2-bedskamer,2.68,38.283939
RTLS_03975,Infuuspomp 1,equipment,2025-03-19 15:45:18.000000000,2025-03-19 15:45:27.000000000,UTIL_A,B2.63 Utility,2.63,9.0
RTLS_03365,EUREKA-VPL-024,nurse,2025-03-19 15:45:20.669990131,2025-03-19 15:46:46.585802475,ROOM_105,B2.82 1-bedskamer,2.82,85.915812
RTLS_04174,Infuuspomp 3,equipment,2025-03-19 15:45:21.000000000,2025-03-19 15:45:51.000000000,UTIL_B,B2.75 Utility,2.75,30.0
RTLS_02014,EUREKA-VPL-016,nurse,2025-03-19 15:45:27.405283288,2025-03-19 15:45:44.282029420,ROOM_111,B2.81 2-bedskamer,2.81,16.876746
RTLS_05534,Voedingspomp 5,equipment,2025-03-19 15:45:38.000000000,2025-03-19 15:45:48.000000000,UTIL_A,B2.63 Utility,2.63,10.0
RTLS_01760,EUREKA-VPL-014,nurse,2025-03-19 15:45:42.205484021,2025-03-19 15:59:59.999999021,ROOM_107,B2.64 2-bedskamer,2.64,857.794515
RTLS_02015,EUREKA-VPL-016,nurse,2025-03-19 15:45:44.282029420,2025-03-19 15:46:05.431975736,ROOM_115,B2.58 2-bedskamer,2.58,21.149946
RTLS_04078,Infuuspomp 2,equipment,2025-03-19 15:46:02.000000000,2025-03-19 15:46:29.000000000,UTIL_A,B2.63 Utility,2.63,27.0
RTLS_02016,EUREKA-VPL-016,nurse,2025-03-19 15:46:05.431975736,2025-03-19 15:46:27.616493325,ROOM_109,B2.68 2-bedskamer,2.68,22.184517
RTLS_04807,Toiletstoel 1,equipment,2025-03-19 15:46:11.000000000,2025-03-19 15:46:32.000000000,UTIL_A,B2.63 Utility,2.63,21.0
RTLS_04699,Glucosemeter 2,equipment,2025-03-19 15:46:12.000000000,2025-03-19 15:46:32.000000000,NS_B,B2.71.01 Dienstplaats,2.71.01,20.0
RTLS_05429,Voedingspomp 4,equipment,2025-03-19 15:46:19.000000000,2025-03-19 15:46:40.000000000,UTIL_B,B2.75 Utility,2.75,21.0
RTLS_02542,EUREKA-VPL-019,nurse,2025-03-19 15:46:20.882799894,2025-03-19 15:48:41.726685125,ROOM_112,B2.83 2-bedskamer,2.83,140.843885
RTLS_02017,EUREKA-VPL-016,nurse,2025-03-19 15:46:27.616493325,2025-03-19 15:46:46.598713714,ROOM_117,B2.54 2-bedskamer,2.54,18.98222
RTLS_03976,Infuuspomp 1,equipment,2025-03-19 15:46:40.000000000,2025-03-19 15:46:45.000000000,UTIL_A,B2.63 Utility,2.63,5.0
RTLS_03366,EUREKA-VPL-024,nurse,2025-03-19 15:46:46.585802475,2025-03-19 15:54:42.634320674,STORAGE,B2.61 Opslag,2.61,476.048518
RTLS_05535,Voedingspomp 5,equipment,2025-03-19 15:46:53.000000000,2025-03-19 15:47:03.000000000,UTIL_A,B2.63 Utility,2.63,10.0
RTLS_04175,Infuuspomp 3,equipment,2025-03-19 15:46:56.000000000,2025-03-19 15:47:19.000000000,UTIL_B,B2.75 Utility,2.75,23.0
RTLS_04597,Glucosemeter 1,equipment,2025-03-19 15:47:22.000000000,2025-03-19 15:47:56.000000000,NS_A,B2.71 Open wacht,2.71,34.0
RTLS_04385,Spuitaandrijver,equipment,2025-03-19 15:47:36.000000000,2025-03-19 15:48:04.000000000,UTIL_B,B2.75 Utility,2.75,28.0
RTLS_04913,Toiletstoel 2,equipment,2025-03-19 15:47:55.000000000,2025-03-19 15:48:07.000000000,UTIL_B,B2.75 Utility,2.75,12.0
RTLS_05217,Voedingspomp 2,equipment,2025-03-19 15:47:56.000000000,2025-03-19 15:48:24.000000000,UTIL_B,B2.75 Utility,2.75,28.0
RTLS_04492,Bladderscan,equipment,2025-03-19 15:48:03.000000000,2025-03-19 15:48:22.000000000,UTIL_A,B2.63 Utility,2.63,19.0
RTLS_04808,Toiletstoel 1,equipment,2025-03-19 15:48:11.000000000,2025-03-19 15:48:39.000000000,UTIL_A,B2.63 Utility,2.63,28.0
RTLS_05536,Voedingspomp 5,equipment,2025-03-19 15:48:12.000000000,2025-03-19 15:48:40.000000000,UTIL_A,B2.63 Utility,2.63,28.0
RTLS_04700,Glucosemeter 2,equipment,2025-03-19 15:48:28.000000000,2025-03-19 15:48:51.000000000,NS_B,B2.71.01 Dienstplaats,2.71.01,23.0
RTLS_05122,Voedingspomp 1,equipment,2025-03-19 15:48:36.000000000,2025-03-19 15:49:01.000000000,UTIL_A,B2.63 Utility,2.63,25.0
RTLS_02543,EUREKA-VPL-019,nurse,2025-03-19 15:48:41.726685125,2025-03-19 15:49:59.577826382,NS_A,B2.71 Open wacht,2.71,77.851141
RTLS_05324,Voedingspomp 3,equipment,2025-03-19 15:48:50.000000000,2025-03-19 15:49:21.000000000,UTIL_A,B2.63 Utility,2.63,31.0
RTLS_04285,Infuuspomp 4,equipment,2025-03-19 15:49:06.000000000,2025-03-19 15:49:25.000000000,UTIL_B,B2.75 Utility,2.75,19.0
RTLS_04386,Spuitaandrijver,equipment,2025-03-19 15:49:07.000000000,2025-03-19 15:49:41.000000000,UTIL_B,B2.75 Utility,2.75,34.0
RTLS_04493,Bladderscan,equipment,2025-03-19 15:49:30.000000000,2025-03-19 15:50:00.000000000,UTIL_A,B2.63 Utility,2.63,30.0
RTLS_05015,Toiletstoel 3,equipment,2025-03-19 15:49:34.000000000,2025-03-19 15:49:44.000000000,STORAGE,B2.61 Opslag,2.61,10.0
RTLS_04598,Glucosemeter 1,equipment,2025-03-19 15:49:35.000000000,2025-03-19 15:50:12.000000000,NS_A,B2.71 Open wacht,2.71,37.0
RTLS_04809,Toiletstoel 1,equipment,2025-03-19 15:49:48.000000000,2025-03-19 15:50:00.000000000,UTIL_A,B2.63 Utility,2.63,12.0
RTLS_02544,EUREKA-VPL-019,nurse,2025-03-19 15:49:59.577826382,2025-03-19 15:52:20.763462586,NS_A,B2.71 Open wacht,2.71,141.185636
RTLS_03831,EUREKA-VPL-026,nurse,2025-03-19 15:50:12.744249745,2025-03-19 15:50:33.083363681,UTIL_B,B2.75 Utility,2.75,20.339113
RTLS_01266,EUREKA-VPL-010,nurse,2025-03-19 15:50:19.315107565,2025-03-19 15:51:05.869811966,STORAGE,B2.61 Opslag,2.61,46.554704
RTLS_05430,Voedingspomp 4,equipment,2025-03-19 15:50:28.000000000,2025-03-19 15:50:44.000000000,UTIL_B,B2.75 Utility,2.75,16.0
RTLS_03977,Infuuspomp 1,equipment,2025-03-19 15:50:30.000000000,2025-03-19 15:50:51.000000000,UTIL_A,B2.63 Utility,2.63,21.0
RTLS_04079,Infuuspomp 2,equipment,2025-03-19 15:50:47.000000000,2025-03-19 15:51:02.000000000,UTIL_A,B2.63 Utility,2.63,15.0
RTLS_04176,Infuuspomp 3,equipment,2025-03-19 15:50:56.000000000,2025-03-19 15:51:26.000000000,UTIL_B,B2.75 Utility,2.75,30.0
RTLS_01267,EUREKA-VPL-010,nurse,2025-03-19 15:51:05.869811966,2025-03-19 15:51:08.418715516,ROOM_115,B2.58 2-bedskamer,2.58,2.548903
RTLS_01268,EUREKA-VPL-010,nurse,2025-03-19 15:51:08.418715516,2025-03-19 15:51:17.560310457,BATH_B,B2.55 Badkamer,2.55,9.141594
RTLS_04810,Toiletstoel 1,equipment,2025-03-19 15:51:34.000000000,2025-03-19 15:51:55.000000000,UTIL_A,B2.63 Utility,2.63,21.0
RTLS_04387,Spuitaandrijver,equipment,2025-03-19 15:51:39.000000000,2025-03-19 15:51:58.000000000,UTIL_B,B2.75 Utility,2.75,19.0
RTLS_05123,Voedingspomp 1,equipment,2025-03-19 15:51:47.000000000,2025-03-19 15:52:14.000000000,UTIL_A,B2.63 Utility,2.63,27.0
RTLS_02545,EUREKA-VPL-019,nurse,2025-03-19 15:52:20.763462586,2025-03-19 15:54:59.304954351,ROOM_114,B2.85 2-bedskamer,2.85,158.541491
RTLS_04701,Glucosemeter 2,equipment,2025-03-19 15:52:23.000000000,2025-03-19 15:52:55.000000000,NS_B,B2.71.01 Dienstplaats,2.71.01,32.0
RTLS_05537,Voedingspomp 5,equipment,2025-03-19 15:53:39.000000000,2025-03-19 15:53:59.000000000,UTIL_A,B2.63 Utility,2.63,20.0
RTLS_04177,Infuuspomp 3,equipment,2025-03-19 15:53:44.000000000,2025-03-19 15:53:54.000000000,UTIL_B,B2.75 Utility,2.75,10.0
RTLS_04494,Bladderscan,equipment,2025-03-19 15:53:55.000000000,2025-03-19 15:54:01.000000000,UTIL_A,B2.63 Utility,2.63,6.0
RTLS_04080,Infuuspomp 2,equipment,2025-03-19 15:53:56.000000000,2025-03-19 15:54:21.000000000,UTIL_A,B2.63 Utility,2.63,25.0
RTLS_04914,Toiletstoel 2,equipment,2025-03-19 15:54:12.000000000,2025-03-19 15:54:23.000000000,UTIL_B,B2.75 Utility,2.75,11.0
RTLS_04286,Infuuspomp 4,equipment,2025-03-19 15:54:14.000000000,2025-03-19 15:54:48.000000000,UTIL_B,B2.75 Utility,2.75,34.0
RTLS_03367,EUREKA-VPL-024,nurse,2025-03-19 15:54:42.634320674,2025-03-19 15:55:07.187055388,ROOM_103,B2.78 1-bedskamer,2.78,24.552734
RTLS_05325,Voedingspomp 3,equipment,2025-03-19 15:54:53.000000000,2025-03-19 15:55:18.000000000,UTIL_A,B2.63 Utility,2.63,25.0
RTLS_02546,EUREKA-VPL-019,nurse,2025-03-19 15:54:59.304954351,2025-03-19 15:55:12.585937614,KITCHEN,B2.77 Keuken,2.77,13.280982999999999
RTLS_03368,EUREKA-VPL-024,nurse,2025-03-19 15:55:07.187055388,2025-03-19 15:56:15.469991825,ROOM_101,B2.74 1-bedskamer,2.74,68.282936
RTLS_02547,EUREKA-VPL-019,nurse,2025-03-19 15:55:12.585937614,2025-03-19 15:55:15.963037147,ROOM_118,B2.60 2-bedskamer,2.60,3.377099
RTLS_02548,EUREKA-VPL-019,nurse,2025-03-19 15:55:15.963037147,2025-03-19 15:58:44.819319798,ROOM_102,B2.76 1-bedskamer,2.76,208.856282
RTLS_04178,Infuuspomp 3,equipment,2025-03-19 15:55:22.000000000,2025-03-19 15:55:40.000000000,UTIL_B,B2.75 Utility,2.75,18.0
RTLS_05218,Voedingspomp 2,equipment,2025-03-19 15:55:28.000000000,2025-03-19 15:55:52.000000000,UTIL_B,B2.75 Utility,2.75,24.0
RTLS_04495,Bladderscan,equipment,2025-03-19 15:55:46.000000000,2025-03-19 15:56:01.000000000,UTIL_A,B2.63 Utility,2.63,15.0
RTLS_03978,Infuuspomp 1,equipment,2025-03-19 15:55:52.000000000,2025-03-19 15:56:15.000000000,UTIL_A,B2.63 Utility,2.63,23.0
RTLS_05016,Toiletstoel 3,equipment,2025-03-19 15:56:13.000000000,2025-03-19 15:56:35.000000000,STORAGE,B2.61 Opslag,2.61,22.0
RTLS_03369,EUREKA-VPL-024,nurse,2025-03-19 15:56:15.469991825,2025-03-19 15:56:28.912371208,NS_A,B2.71 Open wacht,2.71,13.442379
RTLS_04599,Glucosemeter 1,equipment,2025-03-19 15:56:18.000000000,2025-03-19 15:56:43.000000000,NS_A,B2.71 Open wacht,2.71,25.0
RTLS_03370,EUREKA-VPL-024,nurse,2025-03-19 15:56:28.912371208,2025-03-19 15:57:52.171712767,ROOM_114,B2.85 2-bedskamer,2.85,83.259341
RTLS_04702,Glucosemeter 2,equipment,2025-03-19 15:56:57.000000000,2025-03-19 15:57:33.000000000,NS_B,B2.71.01 Dienstplaats,2.71.01,36.0
RTLS_04811,Toiletstoel 1,equipment,2025-03-19 15:57:23.000000000,2025-03-19 15:57:49.000000000,UTIL_A,B2.63 Utility,2.63,26.0
RTLS_05431,Voedingspomp 4,equipment,2025-03-19 15:57:28.000000000,2025-03-19 15:57:54.000000000,UTIL_B,B2.75 Utility,2.75,26.0
RTLS_04496,Bladderscan,equipment,2025-03-19 15:58:07.000000000,2025-03-19 15:58:34.000000000,UTIL_A,B2.63 Utility,2.63,27.0
RTLS_05219,Voedingspomp 2,equipment,2025-03-19 15:58:41.000000000,2025-03-19 15:59:14.000000000,UTIL_B,B2.75 Utility,2.75,33.0
RTLS_02549,EUREKA-VPL-019,nurse,2025-03-19 15:58:44.819319798,2025-03-19 15:59:03.306041648,ROOM_118,B2.60 2-bedskamer,2.60,18.486721
RTLS_05538,Voedingspomp 5,equipment,2025-03-19 15:58:47.000000000,2025-03-19 15:59:18.000000000,UTIL_A,B2.63 Utility,2.63,31.0
RTLS_05124,Voedingspomp 1,equipment,2025-03-19 15:58:56.000000000,2025-03-19 15:59:02.000000000,UTIL_A,B2.63 Utility,2.63,6.0
RTLS_02550,EUREKA-VPL-019,nurse,2025-03-19 15:59:03.306041648,2025-03-19 15:59:44.378520869,KITCHEN,B2.77 Keuken,2.77,41.072479
RTLS_04287,Infuuspomp 4,equipment,2025-03-19 15:59:11.000000000,2025-03-19 15:59:35.000000000,UTIL_B,B2.75 Utility,2.75,24.0
RTLS_04388,Spuitaandrijver,equipment,2025-03-19 15:59:25.000000000,2025-03-19 15:59:51.000000000,UTIL_B,B2.75 Utility,2.75,26.0
RTLS_04812,Toiletstoel 1,equipment,2025-03-19 15:59:35.000000000,2025-03-19 15:59:51.000000000,UTIL_A,B2.63 Utility,2.63,16.0
