rtls_interval_id,asset_id,asset_type,start_time,end_time,location_id,location_name,location_code,duration_sec
RTLS_00001,EUREKA-VPL-001,nurse,2025-03-19 08:00:00.000000000,2025-03-19 08:00:08.766999941,NS_A,B2.71 Open wacht,2.71,8.766999
RTLS_00147,EUREKA-VPL-002,nurse,2025-03-19 08:00:00.000000000,2025-03-19 08:03:08.404111751,NS_A,B2.71 Open wacht,2.71,188.404111
RTLS_00247,EUREKA-VPL-003,nurse,2025-03-19 08:00:00.000000000,2025-03-19 08:12:45.408752344,NS_B,B2.71.01 Dienstplaats,2.71.01,765.408752
RTLS_00300,EUREKA-VPL-004,nurse,2025-03-19 08:00:00.000000000,2025-03-19 08:00:42.473066277,NS_B,B2.71.01 Dienstplaats,2.71.01,42.473066
RTLS_00381,EUREKA-VPL-005,nurse,2025-03-19 08:00:00.000000000,2025-03-19 08:00:01.000000000,NS_A,B2.71 Open wacht,2.71,1.0
RTLS_00490,EUREKA-VPL-006,nurse,2025-03-19 08:00:00.000000000,2025-03-19 08:00:30.096046817,NS_B,B2.71.01 Dienstplaats,2.71.01,30.096046
RTLS_00648,EUREKA-VPL-007,nurse,2025-03-19 08:00:00.000000000,2025-03-19 08:05:34.189178184,NS_B,B2.71.01 Dienstplaats,2.71.01,334.189178
RTLS_00810,EUREKA-VPL-008,nurse,2025-03-19 08:00:00.000000000,2025-03-19 08:03:18.666795045,NS_B,B2.71.01 Dienstplaats,2.71.01,198.666795
RTLS_00933,EUREKA-VPL-009,nurse,2025-03-19 08:00:00.000000000,2025-03-19 08:00:01.888037556,NS_B,B2.71.01 Dienstplaats,2.71.01,1.888037
RTLS_01076,EUREKA-VPL-010,nurse,2025-03-19 08:00:00.000000000,2025-03-19 08:02:51.909301772,NS_B,B2.71.01 Dienstplaats,2.71.01,171.909301
RTLS_01269,EUREKA-VPL-011,nurse,2025-03-19 08:00:00.000000000,2025-03-19 08:00:58.516415239,NS_B,B2.71.01 Dienstplaats,2.71.01,58.516415
RTLS_01396,EUREKA-VPL-012,nurse,2025-03-19 08:00:00.000000000,2025-03-19 08:06:17.996972733,NS_A,B2.71 Open wacht,2.71,377.996972
RTLS_01467,EUREKA-VPL-013,nurse,2025-03-19 08:00:00.000000000,2025-03-19 08:00:28.067925608,NS_A,B2.71 Open wacht,2.71,28.067925
RTLS_01581,EUREKA-VPL-014,nurse,2025-03-19 08:00:00.000000000,2025-03-19 08:05:44.155156541,NS_B,B2.71.01 Dienstplaats,2.71.01,344.155156
RTLS_01761,EUREKA-VPL-015,nurse,2025-03-19 08:00:00.000000000,2025-03-19 08:12:00.000000000,NS_A,B2.71 Open wacht,2.71,720.0
RTLS_00382,EUREKA-VPL-005,nurse,2025-03-19 08:00:01.000000000,2025-03-19 08:00:21.446980195,PREP_A,B2.71.02 Voorbereiding,2.71.02,20.44698
RTLS_00934,EUREKA-VPL-009,nurse,2025-03-19 08:00:01.888037556,2025-03-19 08:00:20.151354167,ROOM_103,B2.78 1-bedskamer,2.78,18.263316
RTLS_00002,EUREKA-VPL-001,nurse,2025-03-19 08:00:08.766999941,2025-03-19 08:00:09.766999941,STORE_C,B2.65 Berging,2.65,1.0
RTLS_00003,EUREKA-VPL-001,nurse,2025-03-19 08:00:09.766999941,2025-03-19 08:09:29.734303834,PREP_B,B2.71.02 Voorbereiding,2.71.02,559.967303
RTLS_02225,Infuuspomp 4,equipment,2025-03-19 08:00:20.000000000,2025-03-19 08:00:38.000000000,UTIL_B,B2.75 Utility,2.75,18.0
RTLS_00935,EUREKA-VPL-009,nurse,2025-03-19 08:00:20.151354167,2025-03-19 08:00:31.665852311,ROOM_105,B2.82 1-bedskamer,2.82,11.514498
RTLS_00383,EUREKA-VPL-005,nurse,2025-03-19 08:00:21.446980195,2025-03-19 08:00:37.366247536,ROOM_106,B2.62 2-bedskamer,2.62,15.919267
RTLS_01468,EUREKA-VPL-013,nurse,2025-03-19 08:00:28.067925608,2025-03-19 08:00:39.295607603,KITCHEN,B2.77 Keuken,2.77,11.227681
RTLS_00491,EUREKA-VPL-006,nurse,2025-03-19 08:00:30.096046817,2025-03-19 08:01:02.315806493,ROOM_107,B2.64 2-bedskamer,2.64,32.219759
RTLS_00936,EUREKA-VPL-009,nurse,2025-03-19 08:00:31.665852311,2025-03-19 08:01:36.092920228,UTIL_B,B2.75 Utility,2.75,64.427067
RTLS_00384,EUREKA-VPL-005,nurse,2025-03-19 08:00:37.366247536,2025-03-19 08:01:12.485094102,PREP_B,B2.71.02 Voorbereiding,2.71.02,35.118846
RTLS_01469,EUREKA-VPL-013,nurse,2025-03-19 08:00:39.295607603,2025-03-19 08:01:46.802209085,ROOM_107,B2.64 2-bedskamer,2.64,67.506601
RTLS_02003,Infuuspomp 2,equipment,2025-03-19 08:00:40.000000000,2025-03-19 08:01:06.000000000,UTIL_A,B2.63 Utility,2.63,26.0
RTLS_00301,EUREKA-VPL-004,nurse,2025-03-19 08:00:42.473066277,2025-03-19 08:00:48.198926377,ROOM_107,B2.64 2-bedskamer,2.64,5.72586
RTLS_03377,Voedingspomp 4,equipment,2025-03-19 08:00:48.000000000,2025-03-19 08:01:04.000000000,UTIL_B,B2.75 Utility,2.75,16.0
RTLS_00302,EUREKA-VPL-004,nurse,2025-03-19 08:00:48.198926377,2025-03-19 08:00:54.921303002,KITCHEN,B2.77 Keuken,2.77,6.722376
RTLS_00303,EUREKA-VPL-004,nurse,2025-03-19 08:00:54.921303002,2025-03-19 08:01:13.019494919,ROOM_104,B2.80 1-bedskamer,2.80,18.098191
RTLS_01270,EUREKA-VPL-011,nurse,2025-03-19 08:00:58.516415239,2025-03-19 08:10:01.919711613,PREP_A,B2.71.02 Voorbereiding,2.71.02,543.403296
RTLS_01901,Infuuspomp 1,equipment,2025-03-19 08:01:01.000000000,2025-03-19 08:01:25.000000000,UTIL_A,B2.63 Utility,2.63,24.0
RTLS_00492,EUREKA-VPL-006,nurse,2025-03-19 08:01:02.315806493,2025-03-19 08:01:38.861163596,ROOM_110,B2.79 2-bedskamer,2.79,36.545357
RTLS_00385,EUREKA-VPL-005,nurse,2025-03-19 08:01:12.485094102,2025-03-19 08:01:55.648714680,ROOM_108,B2.66 2-bedskamer,2.66,43.16362
RTLS_00304,EUREKA-VPL-004,nurse,2025-03-19 08:01:13.019494919,2025-03-19 08:02:13.448287714,NS_A,B2.71 Open wacht,2.71,60.428792
RTLS_00937,EUREKA-VPL-009,nurse,2025-03-19 08:01:36.092920228,2025-03-19 08:03:46.873209174,PREP_B,B2.71.02 Voorbereiding,2.71.02,130.780288
RTLS_00493,EUREKA-VPL-006,nurse,2025-03-19 08:01:38.861163596,2025-03-19 08:01:50.021838107,ROOM_102,B2.76 1-bedskamer,2.76,11.160674
RTLS_01470,EUREKA-VPL-013,nurse,2025-03-19 08:01:46.802209085,2025-03-19 08:02:55.964083307,ROOM_108,B2.66 2-bedskamer,2.66,69.161874
RTLS_00494,EUREKA-VPL-006,nurse,2025-03-19 08:01:50.021838107,2025-03-19 08:02:19.046304328,ROOM_106,B2.62 2-bedskamer,2.62,29.024466
RTLS_03164,Voedingspomp 2,equipment,2025-03-19 08:01:51.000000000,2025-03-19 08:02:04.000000000,UTIL_B,B2.75 Utility,2.75,13.0
RTLS_00386,EUREKA-VPL-005,nurse,2025-03-19 08:01:55.648714680,2025-03-19 08:02:29.125173692,UTIL_A,B2.63 Utility,2.63,33.476459
RTLS_02846,Toiletstoel 2,equipment,2025-03-19 08:02:09.000000000,2025-03-19 08:02:23.000000000,UTIL_B,B2.75 Utility,2.75,14.0
RTLS_00305,EUREKA-VPL-004,nurse,2025-03-19 08:02:13.448287714,2025-03-19 08:07:59.248981573,PREP_A,B2.71.02 Voorbereiding,2.71.02,345.800693
RTLS_00495,EUREKA-VPL-006,nurse,2025-03-19 08:02:19.046304328,2025-03-19 08:13:07.975122140,PREP_B,B2.71.02 Voorbereiding,2.71.02,648.928817
RTLS_00387,EUREKA-VPL-005,nurse,2025-03-19 08:02:29.125173692,2025-03-19 08:18:59.669227212,BATHROOM,B2.57 Stortbad,2.57,990.544053
RTLS_02952,Toiletstoel 3,equipment,2025-03-19 08:02:36.000000000,2025-03-19 08:02:54.000000000,STORAGE,B2.61 Opslag,2.61,18.0
RTLS_02226,Infuuspomp 4,equipment,2025-03-19 08:02:40.000000000,2025-03-19 08:03:03.000000000,UTIL_B,B2.75 Utility,2.75,23.0
RTLS_01077,EUREKA-VPL-010,nurse,2025-03-19 08:02:51.909301772,2025-03-19 08:06:09.216042021,PREP_B,B2.71.02 Voorbereiding,2.71.02,197.30674
RTLS_01471,EUREKA-VPL-013,nurse,2025-03-19 08:02:55.964083307,2025-03-19 08:03:03.791517680,KITCHEN,B2.77 Keuken,2.77,7.827434
RTLS_01472,EUREKA-VPL-013,nurse,2025-03-19 08:03:03.791517680,2025-03-19 08:03:21.730095618,ROOM_108,B2.66 2-bedskamer,2.66,17.938577
RTLS_00148,EUREKA-VPL-002,nurse,2025-03-19 08:03:08.404111751,2025-03-19 08:03:50.277848546,ROOM_108,B2.66 2-bedskamer,2.66,41.873736
RTLS_00811,EUREKA-VPL-008,nurse,2025-03-19 08:03:18.666795045,2025-03-19 08:03:31.381011159,ROOM_110,B2.79 2-bedskamer,2.79,12.714216
RTLS_01473,EUREKA-VPL-013,nurse,2025-03-19 08:03:21.730095618,2025-03-19 08:03:24.506637058,PREP_B,B2.71.02 Voorbereiding,2.71.02,2.776541
RTLS_01474,EUREKA-VPL-013,nurse,2025-03-19 08:03:24.506637058,2025-03-19 08:04:14.390887762,ROOM_110,B2.79 2-bedskamer,2.79,49.88425
RTLS_00812,EUREKA-VPL-008,nurse,2025-03-19 08:03:31.381011159,2025-03-19 08:04:17.447219447,ROOM_103,B2.78 1-bedskamer,2.78,46.066208
RTLS_00938,EUREKA-VPL-009,nurse,2025-03-19 08:03:46.873209174,2025-03-19 08:06:33.990275842,STORAGE,B2.61 Opslag,2.61,167.117066
RTLS_00149,EUREKA-VPL-002,nurse,2025-03-19 08:03:50.277848546,2025-03-19 08:11:40.046759775,STORAGE,B2.61 Opslag,2.61,469.768911
RTLS_03165,Voedingspomp 2,equipment,2025-03-19 08:03:56.000000000,2025-03-19 08:04:31.000000000,UTIL_B,B2.75 Utility,2.75,35.0
RTLS_02953,Toiletstoel 3,equipment,2025-03-19 08:04:11.000000000,2025-03-19 08:04:24.000000000,STORAGE,B2.61 Opslag,2.61,13.0
RTLS_01475,EUREKA-VPL-013,nurse,2025-03-19 08:04:14.390887762,2025-03-19 08:07:06.530166555,ROOM_109,B2.68 2-bedskamer,2.68,172.139278
RTLS_00813,EUREKA-VPL-008,nurse,2025-03-19 08:04:17.447219447,2025-03-19 08:05:08.651616130,ROOM_110,B2.79 2-bedskamer,2.79,51.204396
RTLS_02741,Toiletstoel 1,equipment,2025-03-19 08:04:43.000000000,2025-03-19 08:05:00.000000000,UTIL_A,B2.63 Utility,2.63,17.0
RTLS_02631,Glucosemeter 2,equipment,2025-03-19 08:04:59.000000000,2025-03-19 08:05:24.000000000,NS_B,B2.71.01 Dienstplaats,2.71.01,25.0
RTLS_00814,EUREKA-VPL-008,nurse,2025-03-19 08:05:08.651616130,2025-03-19 08:05:09.651616130,KITCHEN,B2.77 Keuken,2.77,1.0
RTLS_00815,EUREKA-VPL-008,nurse,2025-03-19 08:05:09.651616130,2025-03-19 08:05:10.651616130,NS_A,B2.71 Open wacht,2.71,1.0
RTLS_00816,EUREKA-VPL-008,nurse,2025-03-19 08:05:10.651616130,2025-03-19 08:05:25.198990817,KITCHEN,B2.77 Keuken,2.77,14.547374
RTLS_02004,Infuuspomp 2,equipment,2025-03-19 08:05:25.000000000,2025-03-19 08:05:52.000000000,UTIL_A,B2.63 Utility,2.63,27.0
RTLS_00817,EUREKA-VPL-008,nurse,2025-03-19 08:05:25.198990817,2025-03-19 08:05:33.122934285,NS_A,B2.71 Open wacht,2.71,7.9239429999999995
RTLS_00818,EUREKA-VPL-008,nurse,2025-03-19 08:05:33.122934285,2025-03-19 08:05:34.122934285,STORE_A,B2.53 Berging,2.53,1.0
RTLS_00819,EUREKA-VPL-008,nurse,2025-03-19 08:05:34.122934285,2025-03-19 08:05:39.339172465,KITCHEN,B2.77 Keuken,2.77,5.216238
RTLS_00649,EUREKA-VPL-007,nurse,2025-03-19 08:05:34.189178184,2025-03-19 08:05:43.162588213,ROOM_104,B2.80 1-bedskamer,2.80,8.97341
RTLS_00820,EUREKA-VPL-008,nurse,2025-03-19 08:05:39.339172465,2025-03-19 08:05:50.180257388,PREP_A,B2.71.02 Voorbereiding,2.71.02,10.841084
RTLS_00650,EUREKA-VPL-007,nurse,2025-03-19 08:05:43.162588213,2025-03-19 08:08:23.388786687,ROOM_107,B2.64 2-bedskamer,2.64,160.226198
RTLS_01582,EUREKA-VPL-014,nurse,2025-03-19 08:05:44.155156541,2025-03-19 08:06:18.474948982,ROOM_108,B2.66 2-bedskamer,2.66,34.319792
RTLS_00821,EUREKA-VPL-008,nurse,2025-03-19 08:05:50.180257388,2025-03-19 08:05:52.331703447,ROOM_108,B2.66 2-bedskamer,2.66,2.151446
RTLS_00822,EUREKA-VPL-008,nurse,2025-03-19 08:05:52.331703447,2025-03-19 08:10:19.520564358,BATHROOM,B2.57 Stortbad,2.57,267.18886
RTLS_02424,Bladderscan,equipment,2025-03-19 08:06:03.000000000,2025-03-19 08:06:37.000000000,UTIL_A,B2.63 Utility,2.63,34.0
RTLS_01078,EUREKA-VPL-010,nurse,2025-03-19 08:06:09.216042021,2025-03-19 08:06:16.460942199,ROOM_105,B2.82 1-bedskamer,2.82,7.2449
RTLS_01079,EUREKA-VPL-010,nurse,2025-03-19 08:06:16.460942199,2025-03-19 08:09:39.713830476,NS_A,B2.71 Open wacht,2.71,203.252888
RTLS_01397,EUREKA-VPL-012,nurse,2025-03-19 08:06:17.996972733,2025-03-19 08:11:13.988570678,ROOM_105,B2.82 1-bedskamer,2.82,295.991597
RTLS_01883,Medicatiekar groen,equipment,2025-03-19 08:06:17.996972733,2025-03-19 08:11:13.988570678,ROOM_105,B2.82 1-bedskamer,2.82,295.991597
RTLS_01583,EUREKA-VPL-014,nurse,2025-03-19 08:06:18.474948982,2025-03-19 08:06:55.514336538,ROOM_104,B2.80 1-bedskamer,2.80,37.039387
RTLS_00939,EUREKA-VPL-009,nurse,2025-03-19 08:06:33.990275842,2025-03-19 08:08:13.857954764,ROOM_101,B2.74 1-bedskamer,2.74,99.867678
RTLS_03273,Voedingspomp 3,equipment,2025-03-19 08:06:36.000000000,2025-03-19 08:07:00.000000000,UTIL_A,B2.63 Utility,2.63,24.0
RTLS_01584,EUREKA-VPL-014,nurse,2025-03-19 08:06:55.514336538,2025-03-19 08:07:11.051498278,NS_A,B2.71 Open wacht,2.71,15.537161
RTLS_02847,Toiletstoel 2,equipment,2025-03-19 08:07:00.000000000,2025-03-19 08:07:06.000000000,UTIL_B,B2.75 Utility,2.75,6.0
RTLS_01476,EUREKA-VPL-013,nurse,2025-03-19 08:07:06.530166555,2025-03-19 08:33:33.265083055,PREP_B,B2.71.02 Voorbereiding,2.71.02,1586.734916
RTLS_01585,EUREKA-VPL-014,nurse,2025-03-19 08:07:11.051498278,2025-03-19 08:08:50.177575928,PREP_B,B2.71.02 Voorbereiding,2.71.02,99.126077
RTLS_02227,Infuuspomp 4,equipment,2025-03-19 08:07:15.000000000,2025-03-19 08:07:35.000000000,UTIL_B,B2.75 Utility,2.75,20.0
RTLS_03378,Voedingspomp 4,equipment,2025-03-19 08:07:15.000000000,2025-03-19 08:07:29.000000000,UTIL_B,B2.75 Utility,2.75,14.0
RTLS_02118,Infuuspomp 3,equipment,2025-03-19 08:07:27.000000000,2025-03-19 08:07:48.000000000,UTIL_B,B2.75 Utility,2.75,21.0
RTLS_01902,Infuuspomp 1,equipment,2025-03-19 08:07:47.000000000,2025-03-19 08:08:20.000000000,UTIL_A,B2.63 Utility,2.63,33.0
RTLS_00306,EUREKA-VPL-004,nurse,2025-03-19 08:07:59.248981573,2025-03-19 08:08:05.546312282,NS_A,B2.71 Open wacht,2.71,6.29733
RTLS_00307,EUREKA-VPL-004,nurse,2025-03-19 08:08:05.546312282,2025-03-19 08:08:11.342078005,ROOM_104,B2.80 1-bedskamer,2.80,5.795765
RTLS_00308,EUREKA-VPL-004,nurse,2025-03-19 08:08:11.342078005,2025-03-19 08:08:32.971922575,ROOM_103,B2.78 1-bedskamer,2.78,21.629844
RTLS_00940,EUREKA-VPL-009,nurse,2025-03-19 08:08:13.857954764,2025-03-19 08:10:49.516395180,ROOM_102,B2.76 1-bedskamer,2.76,155.65844
RTLS_02328,Spuitaandrijver,equipment,2025-03-19 08:08:14.000000000,2025-03-19 08:08:20.000000000,UTIL_B,B2.75 Utility,2.75,6.0
RTLS_02954,Toiletstoel 3,equipment,2025-03-19 08:08:15.000000000,2025-03-19 08:08:34.000000000,STORAGE,B2.61 Opslag,2.61,19.0
RTLS_03482,Voedingspomp 5,equipment,2025-03-19 08:08:18.000000000,2025-03-19 08:08:52.000000000,UTIL_A,B2.63 Utility,2.63,34.0
RTLS_00651,EUREKA-VPL-007,nurse,2025-03-19 08:08:23.388786687,2025-03-19 08:08:24.972666750,ROOM_106,B2.62 2-bedskamer,2.62,1.58388
RTLS_02524,Glucosemeter 1,equipment,2025-03-19 08:08:24.000000000,2025-03-19 08:08:43.000000000,NS_A,B2.71 Open wacht,2.71,19.0
RTLS_00652,EUREKA-VPL-007,nurse,2025-03-19 08:08:24.972666750,2025-03-19 08:08:25.972666750,BATHROOM,B2.57 Stortbad,2.57,1.0
RTLS_00653,EUREKA-VPL-007,nurse,2025-03-19 08:08:25.972666750,2025-03-19 08:08:53.876072604,NS_B,B2.71.01 Dienstplaats,2.71.01,27.903405
RTLS_03062,Voedingspomp 1,equipment,2025-03-19 08:08:32.000000000,2025-03-19 08:08:45.000000000,UTIL_A,B2.63 Utility,2.63,13.0
RTLS_00309,EUREKA-VPL-004,nurse,2025-03-19 08:08:32.971922575,2025-03-19 08:08:33.971922575,ROOM_104,B2.80 1-bedskamer,2.80,1.0
RTLS_00310,EUREKA-VPL-004,nurse,2025-03-19 08:08:33.971922575,2025-03-19 08:08:44.899039024,NS_A,B2.71 Open wacht,2.71,10.927116
RTLS_02005,Infuuspomp 2,equipment,2025-03-19 08:08:41.000000000,2025-03-19 08:08:54.000000000,UTIL_A,B2.63 Utility,2.63,13.0
RTLS_01586,EUREKA-VPL-014,nurse,2025-03-19 08:08:50.177575928,2025-03-19 08:09:16.962855887,NS_B,B2.71.01 Dienstplaats,2.71.01,26.785279
RTLS_00654,EUREKA-VPL-007,nurse,2025-03-19 08:08:53.876072604,2025-03-19 08:09:13.339666352,ROOM_106,B2.62 2-bedskamer,2.62,19.463593
RTLS_02848,Toiletstoel 2,equipment,2025-03-19 08:08:54.000000000,2025-03-19 08:09:17.000000000,UTIL_B,B2.75 Utility,2.75,23.0
RTLS_00655,EUREKA-VPL-007,nurse,2025-03-19 08:09:13.339666352,2025-03-19 08:12:09.558992207,NS_A,B2.71 Open wacht,2.71,176.219325
RTLS_01587,EUREKA-VPL-014,nurse,2025-03-19 08:09:16.962855887,2025-03-19 08:09:24.861475275,UTIL_A,B2.63 Utility,2.63,7.898619
RTLS_01588,EUREKA-VPL-014,nurse,2025-03-19 08:09:24.861475275,2025-03-19 08:09:33.305803178,ROOM_107,B2.64 2-bedskamer,2.64,8.444327
RTLS_00004,EUREKA-VPL-001,nurse,2025-03-19 08:09:29.734303834,2025-03-19 08:10:56.340934744,ROOM_108,B2.66 2-bedskamer,2.66,86.60663
RTLS_01589,EUREKA-VPL-014,nurse,2025-03-19 08:09:33.305803178,2025-03-19 08:19:00.810964928,NS_B,B2.71.01 Dienstplaats,2.71.01,567.505161
RTLS_01080,EUREKA-VPL-010,nurse,2025-03-19 08:09:39.713830476,2025-03-19 08:16:51.183283190,PREP_B,B2.71.02 Voorbereiding,2.71.02,431.469452
RTLS_02329,Spuitaandrijver,equipment,2025-03-19 08:09:49.000000000,2025-03-19 08:10:21.000000000,UTIL_B,B2.75 Utility,2.75,32.0
RTLS_02955,Toiletstoel 3,equipment,2025-03-19 08:09:56.000000000,2025-03-19 08:10:32.000000000,STORAGE,B2.61 Opslag,2.61,36.0
RTLS_01271,EUREKA-VPL-011,nurse,2025-03-19 08:10:01.919711613,2025-03-19 08:10:06.283879554,KITCHEN,B2.77 Keuken,2.77,4.364167
RTLS_01272,EUREKA-VPL-011,nurse,2025-03-19 08:10:06.283879554,2025-03-19 08:10:16.699046241,ROOM_105,B2.82 1-bedskamer,2.82,10.415166
RTLS_03166,Voedingspomp 2,equipment,2025-03-19 08:10:09.000000000,2025-03-19 08:10:31.000000000,UTIL_B,B2.75 Utility,2.75,22.0
RTLS_01273,EUREKA-VPL-011,nurse,2025-03-19 08:10:16.699046241,2025-03-19 08:21:09.349240811,ROOM_102,B2.76 1-bedskamer,2.76,652.650194
RTLS_01882,Medicatiekar geel,equipment,2025-03-19 08:10:16.699046241,2025-03-19 08:21:09.349240811,ROOM_102,B2.76 1-bedskamer,2.76,652.650194
RTLS_02742,Toiletstoel 1,equipment,2025-03-19 08:10:18.000000000,2025-03-19 08:10:27.000000000,UTIL_A,B2.63 Utility,2.63,9.0
RTLS_00823,EUREKA-VPL-008,nurse,2025-03-19 08:10:19.520564358,2025-03-19 08:10:43.173741426,ROOM_102,B2.76 1-bedskamer,2.76,23.653177
RTLS_02632,Glucosemeter 2,equipment,2025-03-19 08:10:38.000000000,2025-03-19 08:11:15.000000000,NS_B,B2.71.01 Dienstplaats,2.71.01,37.0
RTLS_02119,Infuuspomp 3,equipment,2025-03-19 08:10:43.000000000,2025-03-19 08:11:18.000000000,UTIL_B,B2.75 Utility,2.75,35.0
RTLS_00824,EUREKA-VPL-008,nurse,2025-03-19 08:10:43.173741426,2025-03-19 08:10:52.640036247,ROOM_109,B2.68 2-bedskamer,2.68,9.466294
RTLS_00941,EUREKA-VPL-009,nurse,2025-03-19 08:10:49.516395180,2025-03-19 08:10:56.750246068,ROOM_101,B2.74 1-bedskamer,2.74,7.23385
RTLS_00825,EUREKA-VPL-008,nurse,2025-03-19 08:10:52.640036247,2025-03-19 08:11:00.572117077,ROOM_105,B2.82 1-bedskamer,2.82,7.93208
RTLS_02425,Bladderscan,equipment,2025-03-19 08:10:56.000000000,2025-03-19 08:11:22.000000000,UTIL_A,B2.63 Utility,2.63,26.0
RTLS_00005,EUREKA-VPL-001,nurse,2025-03-19 08:10:56.340934744,2025-03-19 08:12:11.296034579,ROOM_109,B2.68 2-bedskamer,2.68,74.955099
RTLS_00942,EUREKA-VPL-009,nurse,2025-03-19 08:10:56.750246068,2025-03-19 08:11:18.130987594,KITCHEN,B2.77 Keuken,2.77,21.380741
RTLS_01398,EUREKA-VPL-012,nurse,2025-03-19 08:11:13.988570678,2025-03-19 08:12:27.970686562,ROOM_102,B2.76 1-bedskamer,2.76,73.982115
RTLS_01884,Medicatiekar groen,equipment,2025-03-19 08:11:13.988570678,2025-03-19 08:12:27.970686562,ROOM_102,B2.76 1-bedskamer,2.76,73.982115
RTLS_00943,EUREKA-VPL-009,nurse,2025-03-19 08:11:18.130987594,2025-03-19 08:11:21.130128306,ROOM_106,B2.62 2-bedskamer,2.62,2.99914
RTLS_00944,EUREKA-VPL-009,nurse,2025-03-19 08:11:21.130128306,2025-03-19 08:11:29.446422401,ROOM_107,B2.64 2-bedskamer,2.64,8.316294
RTLS_00945,EUREKA-VPL-009,nurse,2025-03-19 08:11:29.446422401,2025-03-19 08:11:57.472325687,ROOM_106,B2.62 2-bedskamer,2.62,28.025903
RTLS_02330,Spuitaandrijver,equipment,2025-03-19 08:11:36.000000000,2025-03-19 08:12:12.000000000,UTIL_B,B2.75 Utility,2.75,36.0
RTLS_00150,EUREKA-VPL-002,nurse,2025-03-19 08:11:40.046759775,2025-03-19 08:12:14.657685390,ROOM_107,B2.64 2-bedskamer,2.64,34.610925
RTLS_00946,EUREKA-VPL-009,nurse,2025-03-19 08:11:57.472325687,2025-03-19 08:25:25.508058650,PREP_B,B2.71.02 Voorbereiding,2.71.02,808.035732
RTLS_01762,EUREKA-VPL-015,nurse,2025-03-19 08:12:00.000000000,2025-03-19 08:15:38.494024902,KITCHEN,B2.77 Keuken,2.77,218.494024
RTLS_00656,EUREKA-VPL-007,nurse,2025-03-19 08:12:09.558992207,2025-03-19 08:13:16.216980972,KITCHEN,B2.77 Keuken,2.77,66.657988
RTLS_03483,Voedingspomp 5,equipment,2025-03-19 08:12:11.000000000,2025-03-19 08:12:18.000000000,UTIL_A,B2.63 Utility,2.63,7.0
RTLS_00006,EUREKA-VPL-001,nurse,2025-03-19 08:12:11.296034579,2025-03-19 08:15:12.701118927,STORE_A,B2.53 Berging,2.53,181.405084
RTLS_00151,EUREKA-VPL-002,nurse,2025-03-19 08:12:14.657685390,2025-03-19 08:12:21.923194734,ROOM_103,B2.78 1-bedskamer,2.78,7.265509
RTLS_00152,EUREKA-VPL-002,nurse,2025-03-19 08:12:21.923194734,2025-03-19 08:12:42.029893609,ROOM_104,B2.80 1-bedskamer,2.80,20.106698
RTLS_01399,EUREKA-VPL-012,nurse,2025-03-19 08:12:27.970686562,2025-03-19 08:12:43.369250338,NS_B,B2.71.01 Dienstplaats,2.71.01,15.398563
RTLS_00153,EUREKA-VPL-002,nurse,2025-03-19 08:12:42.029893609,2025-03-19 08:13:24.808678007,ROOM_102,B2.76 1-bedskamer,2.76,42.778784
RTLS_01400,EUREKA-VPL-012,nurse,2025-03-19 08:12:43.369250338,2025-03-19 08:12:47.660845059,KITCHEN,B2.77 Keuken,2.77,4.291594
RTLS_00248,EUREKA-VPL-003,nurse,2025-03-19 08:12:45.408752344,2025-03-19 08:15:01.699301549,STORAGE,B2.61 Opslag,2.61,136.290549
RTLS_01401,EUREKA-VPL-012,nurse,2025-03-19 08:12:47.660845059,2025-03-19 08:12:53.405540685,ROOM_104,B2.80 1-bedskamer,2.80,5.744695
RTLS_01402,EUREKA-VPL-012,nurse,2025-03-19 08:12:53.405540685,2025-03-19 08:13:05.221180379,KITCHEN,B2.77 Keuken,2.77,11.815639000000001
RTLS_01403,EUREKA-VPL-012,nurse,2025-03-19 08:13:05.221180379,2025-03-19 08:13:15.335432263,STORE_A,B2.53 Berging,2.53,10.114251
RTLS_02525,Glucosemeter 1,equipment,2025-03-19 08:13:06.000000000,2025-03-19 08:13:42.000000000,NS_A,B2.71 Open wacht,2.71,36.0
RTLS_00496,EUREKA-VPL-006,nurse,2025-03-19 08:13:07.975122140,2025-03-19 08:13:22.769912440,ROOM_109,B2.68 2-bedskamer,2.68,14.79479
RTLS_02956,Toiletstoel 3,equipment,2025-03-19 08:13:10.000000000,2025-03-19 08:13:31.000000000,STORAGE,B2.61 Opslag,2.61,21.0
RTLS_01404,EUREKA-VPL-012,nurse,2025-03-19 08:13:15.335432263,2025-03-19 08:15:37.775901794,NS_A,B2.71 Open wacht,2.71,142.440469
RTLS_00657,EUREKA-VPL-007,nurse,2025-03-19 08:13:16.216980972,2025-03-19 08:24:57.162735722,STORE_B,B2.59 Berging,2.59,700.945754
RTLS_00497,EUREKA-VPL-006,nurse,2025-03-19 08:13:22.769912440,2025-03-19 08:13:26.376188646,KITCHEN,B2.77 Keuken,2.77,3.6062760000000003
RTLS_00154,EUREKA-VPL-002,nurse,2025-03-19 08:13:24.808678007,2025-03-19 08:15:07.592347774,ROOM_106,B2.62 2-bedskamer,2.62,102.783669
RTLS_03063,Voedingspomp 1,equipment,2025-03-19 08:13:26.000000000,2025-03-19 08:13:55.000000000,UTIL_A,B2.63 Utility,2.63,29.0
RTLS_00498,EUREKA-VPL-006,nurse,2025-03-19 08:13:26.376188646,2025-03-19 08:13:38.655912663,NS_A,B2.71 Open wacht,2.71,12.279724
RTLS_02849,Toiletstoel 2,equipment,2025-03-19 08:13:32.000000000,2025-03-19 08:13:58.000000000,UTIL_B,B2.75 Utility,2.75,26.0
RTLS_00499,EUREKA-VPL-006,nurse,2025-03-19 08:13:38.655912663,2025-03-19 08:13:54.848053371,STORE_B,B2.59 Berging,2.59,16.19214
RTLS_03484,Voedingspomp 5,equipment,2025-03-19 08:13:43.000000000,2025-03-19 08:13:58.000000000,UTIL_A,B2.63 Utility,2.63,15.0
RTLS_00500,EUREKA-VPL-006,nurse,2025-03-19 08:13:54.848053371,2025-03-19 08:13:56.492525923,ROOM_107,B2.64 2-bedskamer,2.64,1.644472
RTLS_00501,EUREKA-VPL-006,nurse,2025-03-19 08:13:56.492525923,2025-03-19 08:14:02.493161804,ROOM_103,B2.78 1-bedskamer,2.78,6.000635
RTLS_00502,EUREKA-VPL-006,nurse,2025-03-19 08:14:02.493161804,2025-03-19 08:14:03.493161804,STORAGE,B2.61 Opslag,2.61,1.0
RTLS_00503,EUREKA-VPL-006,nurse,2025-03-19 08:14:03.493161804,2025-03-19 08:14:48.396065128,ROOM_106,B2.62 2-bedskamer,2.62,44.902903
RTLS_03379,Voedingspomp 4,equipment,2025-03-19 08:14:15.000000000,2025-03-19 08:14:29.000000000,UTIL_B,B2.75 Utility,2.75,14.0
RTLS_03274,Voedingspomp 3,equipment,2025-03-19 08:14:28.000000000,2025-03-19 08:14:53.000000000,UTIL_A,B2.63 Utility,2.63,25.0
RTLS_02006,Infuuspomp 2,equipment,2025-03-19 08:14:40.000000000,2025-03-19 08:15:08.000000000,UTIL_A,B2.63 Utility,2.63,28.0
RTLS_00504,EUREKA-VPL-006,nurse,2025-03-19 08:14:48.396065128,2025-03-19 08:19:57.828696584,NS_B,B2.71.01 Dienstplaats,2.71.01,309.432631
RTLS_02743,Toiletstoel 1,equipment,2025-03-19 08:14:51.000000000,2025-03-19 08:15:24.000000000,UTIL_A,B2.63 Utility,2.63,33.0
RTLS_01903,Infuuspomp 1,equipment,2025-03-19 08:14:56.000000000,2025-03-19 08:15:14.000000000,UTIL_A,B2.63 Utility,2.63,18.0
RTLS_02526,Glucosemeter 1,equipment,2025-03-19 08:14:56.000000000,2025-03-19 08:15:07.000000000,NS_A,B2.71 Open wacht,2.71,11.0
RTLS_02228,Infuuspomp 4,equipment,2025-03-19 08:15:00.000000000,2025-03-19 08:15:22.000000000,UTIL_B,B2.75 Utility,2.75,22.0
RTLS_00249,EUREKA-VPL-003,nurse,2025-03-19 08:15:01.699301549,2025-03-19 08:15:03.791817277,STORE_A,B2.53 Berging,2.53,2.092515
RTLS_00250,EUREKA-VPL-003,nurse,2025-03-19 08:15:03.791817277,2025-03-19 08:19:01.457696733,NS_B,B2.71.01 Dienstplaats,2.71.01,237.665879
RTLS_00155,EUREKA-VPL-002,nurse,2025-03-19 08:15:07.592347774,2025-03-19 08:31:53.506496024,NS_A,B2.71 Open wacht,2.71,1005.914148
RTLS_00007,EUREKA-VPL-001,nurse,2025-03-19 08:15:12.701118927,2025-03-19 08:15:19.043670744,ROOM_109,B2.68 2-bedskamer,2.68,6.342551
RTLS_00008,EUREKA-VPL-001,nurse,2025-03-19 08:15:19.043670744,2025-03-19 08:15:42.144011579,ROOM_108,B2.66 2-bedskamer,2.66,23.10034
RTLS_02850,Toiletstoel 2,equipment,2025-03-19 08:15:33.000000000,2025-03-19 08:16:06.000000000,UTIL_B,B2.75 Utility,2.75,33.0
RTLS_01763,EUREKA-VPL-015,nurse,2025-03-19 08:15:38.494024902,2025-03-19 08:15:52.617457971,ROOM_105,B2.82 1-bedskamer,2.82,14.123433
RTLS_00009,EUREKA-VPL-001,nurse,2025-03-19 08:15:42.144011579,2025-03-19 08:15:49.871762921,UTIL_A,B2.63 Utility,2.63,7.727751
RTLS_00010,EUREKA-VPL-001,nurse,2025-03-19 08:15:49.871762921,2025-03-19 08:16:17.573046208,NS_B,B2.71.01 Dienstplaats,2.71.01,27.701283
RTLS_03167,Voedingspomp 2,equipment,2025-03-19 08:15:50.000000000,2025-03-19 08:16:03.000000000,UTIL_B,B2.75 Utility,2.75,13.0
RTLS_01764,EUREKA-VPL-015,nurse,2025-03-19 08:15:52.617457971,2025-03-19 08:19:08.833431172,ROOM_107,B2.64 2-bedskamer,2.64,196.215973
RTLS_01887,Medicatiekar groen,equipment,2025-03-19 08:15:52.617457971,2025-03-19 08:19:08.833431172,ROOM_107,B2.64 2-bedskamer,2.64,196.215973
RTLS_02426,Bladderscan,equipment,2025-03-19 08:16:02.000000000,2025-03-19 08:16:20.000000000,UTIL_A,B2.63 Utility,2.63,18.0
RTLS_00011,EUREKA-VPL-001,nurse,2025-03-19 08:16:17.573046208,2025-03-19 08:16:59.273711563,ROOM_106,B2.62 2-bedskamer,2.62,41.700665
RTLS_02120,Infuuspomp 3,equipment,2025-03-19 08:16:35.000000000,2025-03-19 08:17:09.000000000,UTIL_B,B2.75 Utility,2.75,34.0
RTLS_01081,EUREKA-VPL-010,nurse,2025-03-19 08:16:51.183283190,2025-03-19 08:17:48.091664653,NS_B,B2.71.01 Dienstplaats,2.71.01,56.908381
RTLS_00012,EUREKA-VPL-001,nurse,2025-03-19 08:16:59.273711563,2025-03-19 08:17:45.037138467,ROOM_102,B2.76 1-bedskamer,2.76,45.763426
RTLS_02007,Infuuspomp 2,equipment,2025-03-19 08:17:03.000000000,2025-03-19 08:17:15.000000000,UTIL_A,B2.63 Utility,2.63,12.0
RTLS_03168,Voedingspomp 2,equipment,2025-03-19 08:17:21.000000000,2025-03-19 08:17:53.000000000,UTIL_B,B2.75 Utility,2.75,32.0
RTLS_02957,Toiletstoel 3,equipment,2025-03-19 08:17:28.000000000,2025-03-19 08:17:48.000000000,STORAGE,B2.61 Opslag,2.61,20.0
RTLS_00013,EUREKA-VPL-001,nurse,2025-03-19 08:17:45.037138467,2025-03-19 08:18:01.468387310,STORAGE,B2.61 Opslag,2.61,16.431248
RTLS_01082,EUREKA-VPL-010,nurse,2025-03-19 08:17:48.091664653,2025-03-19 08:24:27.866664916,ROOM_109,B2.68 2-bedskamer,2.68,399.775
RTLS_02633,Glucosemeter 2,equipment,2025-03-19 08:17:49.000000000,2025-03-19 08:18:06.000000000,NS_B,B2.71.01 Dienstplaats,2.71.01,17.0
RTLS_03485,Voedingspomp 5,equipment,2025-03-19 08:17:54.000000000,2025-03-19 08:18:16.000000000,UTIL_A,B2.63 Utility,2.63,22.0
RTLS_00014,EUREKA-VPL-001,nurse,2025-03-19 08:18:01.468387310,2025-03-19 08:20:04.973090513,ROOM_104,B2.80 1-bedskamer,2.80,123.504703
RTLS_03064,Voedingspomp 1,equipment,2025-03-19 08:18:04.000000000,2025-03-19 08:18:32.000000000,UTIL_A,B2.63 Utility,2.63,28.0
RTLS_03380,Voedingspomp 4,equipment,2025-03-19 08:18:05.000000000,2025-03-19 08:18:39.000000000,UTIL_B,B2.75 Utility,2.75,34.0
RTLS_02331,Spuitaandrijver,equipment,2025-03-19 08:18:07.000000000,2025-03-19 08:18:33.000000000,UTIL_B,B2.75 Utility,2.75,26.0
RTLS_01904,Infuuspomp 1,equipment,2025-03-19 08:18:37.000000000,2025-03-19 08:19:14.000000000,UTIL_A,B2.63 Utility,2.63,37.0
RTLS_02229,Infuuspomp 4,equipment,2025-03-19 08:18:57.000000000,2025-03-19 08:19:04.000000000,UTIL_B,B2.75 Utility,2.75,7.0
RTLS_00388,EUREKA-VPL-005,nurse,2025-03-19 08:18:59.669227212,2025-03-19 08:19:05.282606342,NS_A,B2.71 Open wacht,2.71,5.613379
RTLS_01590,EUREKA-VPL-014,nurse,2025-03-19 08:19:00.810964928,2025-03-19 08:20:29.992379361,ROOM_101,B2.74 1-bedskamer,2.74,89.181414
RTLS_00251,EUREKA-VPL-003,nurse,2025-03-19 08:19:01.457696733,2025-03-19 08:19:03.436857857,STORE_A,B2.53 Berging,2.53,1.979161
RTLS_00252,EUREKA-VPL-003,nurse,2025-03-19 08:19:03.436857857,2025-03-19 09:00:00.000000000,STORE_A,B2.53 Berging,2.53,2456.563142
RTLS_00389,EUREKA-VPL-005,nurse,2025-03-19 08:19:05.282606342,2025-03-19 08:19:32.336548164,PREP_A,B2.71.02 Voorbereiding,2.71.02,27.053941
RTLS_01765,EUREKA-VPL-015,nurse,2025-03-19 08:19:08.833431172,2025-03-19 08:19:16.356414549,ROOM_109,B2.68 2-bedskamer,2.68,7.522983
RTLS_01766,EUREKA-VPL-015,nurse,2025-03-19 08:19:16.356414549,2025-03-19 08:19:25.716046171,ROOM_102,B2.76 1-bedskamer,2.76,9.359631
RTLS_02744,Toiletstoel 1,equipment,2025-03-19 08:19:20.000000000,2025-03-19 08:19:25.000000000,UTIL_A,B2.63 Utility,2.63,5.0
RTLS_01767,EUREKA-VPL-015,nurse,2025-03-19 08:19:25.716046171,2025-03-19 08:32:14.024084125,NS_A,B2.71 Open wacht,2.71,768.308037
RTLS_00390,EUREKA-VPL-005,nurse,2025-03-19 08:19:32.336548164,2025-03-19 08:22:28.629426379,NS_A,B2.71 Open wacht,2.71,176.292878
RTLS_02121,Infuuspomp 3,equipment,2025-03-19 08:19:34.000000000,2025-03-19 08:20:06.000000000,UTIL_B,B2.75 Utility,2.75,32.0
RTLS_00505,EUREKA-VPL-006,nurse,2025-03-19 08:19:57.828696584,2025-03-19 08:20:01.331541739,ROOM_107,B2.64 2-bedskamer,2.64,3.5028449999999998
RTLS_00506,EUREKA-VPL-006,nurse,2025-03-19 08:20:01.331541739,2025-03-19 08:41:10.480918262,PREP_B,B2.71.02 Voorbereiding,2.71.02,1269.149376
RTLS_00015,EUREKA-VPL-001,nurse,2025-03-19 08:20:04.973090513,2025-03-19 08:20:26.063251663,ROOM_108,B2.66 2-bedskamer,2.66,21.090161
RTLS_02851,Toiletstoel 2,equipment,2025-03-19 08:20:11.000000000,2025-03-19 08:20:21.000000000,UTIL_B,B2.75 Utility,2.75,10.0
RTLS_03275,Voedingspomp 3,equipment,2025-03-19 08:20:12.000000000,2025-03-19 08:20:33.000000000,UTIL_A,B2.63 Utility,2.63,21.0
RTLS_00016,EUREKA-VPL-001,nurse,2025-03-19 08:20:26.063251663,2025-03-19 08:21:11.293805204,KITCHEN,B2.77 Keuken,2.77,45.230553
RTLS_01591,EUREKA-VPL-014,nurse,2025-03-19 08:20:29.992379361,2025-03-19 08:23:07.355743795,ROOM_105,B2.82 1-bedskamer,2.82,157.363364
RTLS_03381,Voedingspomp 4,equipment,2025-03-19 08:21:07.000000000,2025-03-19 08:21:43.000000000,UTIL_B,B2.75 Utility,2.75,36.0
RTLS_03486,Voedingspomp 5,equipment,2025-03-19 08:21:08.000000000,2025-03-19 08:21:24.000000000,UTIL_A,B2.63 Utility,2.63,16.0
RTLS_01274,EUREKA-VPL-011,nurse,2025-03-19 08:21:09.349240811,2025-03-19 08:21:26.126127639,KITCHEN,B2.77 Keuken,2.77,16.776886
RTLS_00017,EUREKA-VPL-001,nurse,2025-03-19 08:21:11.293805204,2025-03-19 08:21:15.983491785,ROOM_105,B2.82 1-bedskamer,2.82,4.689686
RTLS_00018,EUREKA-VPL-001,nurse,2025-03-19 08:21:15.983491785,2025-03-19 08:22:09.673494561,ROOM_108,B2.66 2-bedskamer,2.66,53.690002
RTLS_01275,EUREKA-VPL-011,nurse,2025-03-19 08:21:26.126127639,2025-03-19 08:21:27.455758402,STORE_C,B2.65 Berging,2.65,1.3296299999999999
RTLS_01276,EUREKA-VPL-011,nurse,2025-03-19 08:21:27.455758402,2025-03-19 08:23:19.199697283,KITCHEN,B2.77 Keuken,2.77,111.743938
RTLS_02527,Glucosemeter 1,equipment,2025-03-19 08:21:32.000000000,2025-03-19 08:21:54.000000000,NS_A,B2.71 Open wacht,2.71,22.0
RTLS_02745,Toiletstoel 1,equipment,2025-03-19 08:21:47.000000000,2025-03-19 08:21:53.000000000,UTIL_A,B2.63 Utility,2.63,6.0
RTLS_02230,Infuuspomp 4,equipment,2025-03-19 08:21:50.000000000,2025-03-19 08:22:24.000000000,UTIL_B,B2.75 Utility,2.75,34.0
RTLS_02008,Infuuspomp 2,equipment,2025-03-19 08:22:01.000000000,2025-03-19 08:22:33.000000000,UTIL_A,B2.63 Utility,2.63,32.0
RTLS_00019,EUREKA-VPL-001,nurse,2025-03-19 08:22:09.673494561,2025-03-19 08:22:44.174368664,ROOM_109,B2.68 2-bedskamer,2.68,34.500874
RTLS_00391,EUREKA-VPL-005,nurse,2025-03-19 08:22:28.629426379,2025-03-19 08:42:36.785979338,UTIL_B,B2.75 Utility,2.75,1208.156552
RTLS_03382,Voedingspomp 4,equipment,2025-03-19 08:22:50.000000000,2025-03-19 08:23:03.000000000,UTIL_B,B2.75 Utility,2.75,13.0
RTLS_02528,Glucosemeter 1,equipment,2025-03-19 08:22:55.000000000,2025-03-19 08:23:23.000000000,NS_A,B2.71 Open wacht,2.71,28.0
RTLS_02332,Spuitaandrijver,equipment,2025-03-19 08:22:59.000000000,2025-03-19 08:23:06.000000000,UTIL_B,B2.75 Utility,2.75,7.0
RTLS_02122,Infuuspomp 3,equipment,2025-03-19 08:23:06.000000000,2025-03-19 08:23:26.000000000,UTIL_B,B2.75 Utility,2.75,20.0
RTLS_01592,EUREKA-VPL-014,nurse,2025-03-19 08:23:07.355743795,2025-03-19 08:23:17.417886798,KITCHEN,B2.77 Keuken,2.77,10.062143
RTLS_02427,Bladderscan,equipment,2025-03-19 08:23:09.000000000,2025-03-19 08:23:27.000000000,UTIL_A,B2.63 Utility,2.63,18.0
RTLS_02852,Toiletstoel 2,equipment,2025-03-19 08:23:16.000000000,2025-03-19 08:23:28.000000000,UTIL_B,B2.75 Utility,2.75,12.0
RTLS_01593,EUREKA-VPL-014,nurse,2025-03-19 08:23:17.417886798,2025-03-19 08:23:35.365265412,ROOM_106,B2.62 2-bedskamer,2.62,17.947378
RTLS_01277,EUREKA-VPL-011,nurse,2025-03-19 08:23:19.199697283,2025-03-19 08:23:53.204794620,ROOM_103,B2.78 1-bedskamer,2.78,34.005097
RTLS_01594,EUREKA-VPL-014,nurse,2025-03-19 08:23:35.365265412,2025-03-19 08:23:54.057321025,ROOM_107,B2.64 2-bedskamer,2.64,18.692055
RTLS_01278,EUREKA-VPL-011,nurse,2025-03-19 08:23:53.204794620,2025-03-19 08:37:25.752996494,NS_B,B2.71.01 Dienstplaats,2.71.01,812.548201
RTLS_01595,EUREKA-VPL-014,nurse,2025-03-19 08:23:54.057321025,2025-03-19 08:23:58.121549449,ROOM_106,B2.62 2-bedskamer,2.62,4.064228
RTLS_01596,EUREKA-VPL-014,nurse,2025-03-19 08:23:58.121549449,2025-03-19 08:24:10.659489601,KITCHEN,B2.77 Keuken,2.77,12.53794
RTLS_03487,Voedingspomp 5,equipment,2025-03-19 08:24:08.000000000,2025-03-19 08:24:30.000000000,UTIL_A,B2.63 Utility,2.63,22.0
RTLS_01597,EUREKA-VPL-014,nurse,2025-03-19 08:24:10.659489601,2025-03-19 08:25:08.074102241,ROOM_108,B2.66 2-bedskamer,2.66,57.414612
RTLS_02634,Glucosemeter 2,equipment,2025-03-19 08:24:11.000000000,2025-03-19 08:24:19.000000000,NS_B,B2.71.01 Dienstplaats,2.71.01,8.0
RTLS_02958,Toiletstoel 3,equipment,2025-03-19 08:24:18.000000000,2025-03-19 08:24:47.000000000,STORAGE,B2.61 Opslag,2.61,29.0
RTLS_01083,EUREKA-VPL-010,nurse,2025-03-19 08:24:27.866664916,2025-03-19 08:24:28.866664916,UTIL_B,B2.75 Utility,2.75,1.0
RTLS_01084,EUREKA-VPL-010,nurse,2025-03-19 08:24:28.866664916,2025-03-19 08:24:56.293185033,NS_B,B2.71.01 Dienstplaats,2.71.01,27.42652
RTLS_02009,Infuuspomp 2,equipment,2025-03-19 08:24:44.000000000,2025-03-19 08:24:56.000000000,UTIL_A,B2.63 Utility,2.63,12.0
RTLS_03276,Voedingspomp 3,equipment,2025-03-19 08:24:54.000000000,2025-03-19 08:25:08.000000000,UTIL_A,B2.63 Utility,2.63,14.0
RTLS_01085,EUREKA-VPL-010,nurse,2025-03-19 08:24:56.293185033,2025-03-19 08:25:13.959662484,STORAGE,B2.61 Opslag,2.61,17.666477
RTLS_00658,EUREKA-VPL-007,nurse,2025-03-19 08:24:57.162735722,2025-03-19 08:24:59.757115727,NS_A,B2.71 Open wacht,2.71,2.59438
RTLS_00659,EUREKA-VPL-007,nurse,2025-03-19 08:24:59.757115727,2025-03-19 08:31:30.785375327,BATHROOM,B2.57 Stortbad,2.57,391.028259
RTLS_01905,Infuuspomp 1,equipment,2025-03-19 08:25:08.000000000,2025-03-19 08:25:43.000000000,UTIL_A,B2.63 Utility,2.63,35.0
RTLS_02529,Glucosemeter 1,equipment,2025-03-19 08:25:08.000000000,2025-03-19 08:25:38.000000000,NS_A,B2.71 Open wacht,2.71,30.0
RTLS_01598,EUREKA-VPL-014,nurse,2025-03-19 08:25:08.074102241,2025-03-19 08:34:27.744359879,NS_A,B2.71 Open wacht,2.71,559.670257
RTLS_03169,Voedingspomp 2,equipment,2025-03-19 08:25:11.000000000,2025-03-19 08:25:17.000000000,UTIL_B,B2.75 Utility,2.75,6.0
RTLS_01086,EUREKA-VPL-010,nurse,2025-03-19 08:25:13.959662484,2025-03-19 08:26:10.403907612,KITCHEN,B2.77 Keuken,2.77,56.444245
RTLS_00947,EUREKA-VPL-009,nurse,2025-03-19 08:25:25.508058650,2025-03-19 08:28:29.837494339,NS_A,B2.71 Open wacht,2.71,184.329435
RTLS_03065,Voedingspomp 1,equipment,2025-03-19 08:25:29.000000000,2025-03-19 08:25:54.000000000,UTIL_A,B2.63 Utility,2.63,25.0
RTLS_02746,Toiletstoel 1,equipment,2025-03-19 08:26:04.000000000,2025-03-19 08:26:21.000000000,UTIL_A,B2.63 Utility,2.63,17.0
RTLS_01087,EUREKA-VPL-010,nurse,2025-03-19 08:26:10.403907612,2025-03-19 08:33:25.317355897,STORE_C,B2.65 Berging,2.65,434.913448
RTLS_02231,Infuuspomp 4,equipment,2025-03-19 08:26:16.000000000,2025-03-19 08:26:51.000000000,UTIL_B,B2.75 Utility,2.75,35.0
RTLS_03170,Voedingspomp 2,equipment,2025-03-19 08:26:27.000000000,2025-03-19 08:26:50.000000000,UTIL_B,B2.75 Utility,2.75,23.0
RTLS_02333,Spuitaandrijver,equipment,2025-03-19 08:26:43.000000000,2025-03-19 08:27:14.000000000,UTIL_B,B2.75 Utility,2.75,31.0
RTLS_02853,Toiletstoel 2,equipment,2025-03-19 08:27:20.000000000,2025-03-19 08:27:40.000000000,UTIL_B,B2.75 Utility,2.75,20.0
RTLS_03383,Voedingspomp 4,equipment,2025-03-19 08:27:51.000000000,2025-03-19 08:28:15.000000000,UTIL_B,B2.75 Utility,2.75,24.0
RTLS_03171,Voedingspomp 2,equipment,2025-03-19 08:27:57.000000000,2025-03-19 08:28:25.000000000,UTIL_B,B2.75 Utility,2.75,28.0
RTLS_02747,Toiletstoel 1,equipment,2025-03-19 08:28:04.000000000,2025-03-19 08:28:31.000000000,UTIL_A,B2.63 Utility,2.63,27.0
RTLS_00948,EUREKA-VPL-009,nurse,2025-03-19 08:28:29.837494339,2025-03-19 08:29:07.092735037,KITCHEN,B2.77 Keuken,2.77,37.25524
RTLS_00949,EUREKA-VPL-009,nurse,2025-03-19 08:29:07.092735037,2025-03-19 08:33:02.585214627,ROOM_109,B2.68 2-bedskamer,2.68,235.492479
RTLS_03277,Voedingspomp 3,equipment,2025-03-19 08:29:27.000000000,2025-03-19 08:30:02.000000000,UTIL_A,B2.63 Utility,2.63,35.0
RTLS_02428,Bladderscan,equipment,2025-03-19 08:29:39.000000000,2025-03-19 08:30:03.000000000,UTIL_A,B2.63 Utility,2.63,24.0
RTLS_03488,Voedingspomp 5,equipment,2025-03-19 08:30:00.000000000,2025-03-19 08:30:06.000000000,UTIL_A,B2.63 Utility,2.63,6.0
RTLS_02123,Infuuspomp 3,equipment,2025-03-19 08:30:02.000000000,2025-03-19 08:30:18.000000000,UTIL_B,B2.75 Utility,2.75,16.0
RTLS_01906,Infuuspomp 1,equipment,2025-03-19 08:30:25.000000000,2025-03-19 08:31:00.000000000,UTIL_A,B2.63 Utility,2.63,35.0
RTLS_02748,Toiletstoel 1,equipment,2025-03-19 08:30:32.000000000,2025-03-19 08:30:48.000000000,UTIL_A,B2.63 Utility,2.63,16.0
RTLS_02635,Glucosemeter 2,equipment,2025-03-19 08:30:54.000000000,2025-03-19 08:31:11.000000000,NS_B,B2.71.01 Dienstplaats,2.71.01,17.0
RTLS_02010,Infuuspomp 2,equipment,2025-03-19 08:31:11.000000000,2025-03-19 08:31:38.000000000,UTIL_A,B2.63 Utility,2.63,27.0
RTLS_02232,Infuuspomp 4,equipment,2025-03-19 08:31:15.000000000,2025-03-19 08:31:38.000000000,UTIL_B,B2.75 Utility,2.75,23.0
RTLS_02854,Toiletstoel 2,equipment,2025-03-19 08:31:24.000000000,2025-03-19 08:31:44.000000000,UTIL_B,B2.75 Utility,2.75,20.0
RTLS_02959,Toiletstoel 3,equipment,2025-03-19 08:31:26.000000000,2025-03-19 08:31:43.000000000,STORAGE,B2.61 Opslag,2.61,17.0
RTLS_00660,EUREKA-VPL-007,nurse,2025-03-19 08:31:30.785375327,2025-03-19 08:31:52.146864232,ROOM_109,B2.68 2-bedskamer,2.68,21.361488
RTLS_02530,Glucosemeter 1,equipment,2025-03-19 08:31:49.000000000,2025-03-19 08:32:21.000000000,NS_A,B2.71 Open wacht,2.71,32.0
RTLS_00661,EUREKA-VPL-007,nurse,2025-03-19 08:31:52.146864232,2025-03-19 08:32:18.344669313,STORAGE,B2.61 Opslag,2.61,26.197805
RTLS_00156,EUREKA-VPL-002,nurse,2025-03-19 08:31:53.506496024,2025-03-19 08:32:01.555832462,KITCHEN,B2.77 Keuken,2.77,8.049336
RTLS_00157,EUREKA-VPL-002,nurse,2025-03-19 08:32:01.555832462,2025-03-19 08:40:32.565700493,UTIL_A,B2.63 Utility,2.63,511.009868
RTLS_01768,EUREKA-VPL-015,nurse,2025-03-19 08:32:14.024084125,2025-03-19 08:32:17.757042989,ROOM_106,B2.62 2-bedskamer,2.62,3.732958
RTLS_01769,EUREKA-VPL-015,nurse,2025-03-19 08:32:17.757042989,2025-03-19 08:32:22.116600234,KITCHEN,B2.77 Keuken,2.77,4.359557
RTLS_00662,EUREKA-VPL-007,nurse,2025-03-19 08:32:18.344669313,2025-03-19 08:32:58.601271156,KITCHEN,B2.77 Keuken,2.77,40.256601
RTLS_03066,Voedingspomp 1,equipment,2025-03-19 08:32:21.000000000,2025-03-19 08:32:52.000000000,UTIL_A,B2.63 Utility,2.63,31.0
RTLS_01770,EUREKA-VPL-015,nurse,2025-03-19 08:32:22.116600234,2025-03-19 08:34:17.911632746,STORE_C,B2.65 Berging,2.65,115.795032
RTLS_02124,Infuuspomp 3,equipment,2025-03-19 08:32:48.000000000,2025-03-19 08:33:23.000000000,UTIL_B,B2.75 Utility,2.75,35.0
RTLS_00663,EUREKA-VPL-007,nurse,2025-03-19 08:32:58.601271156,2025-03-19 08:33:07.454700332,ROOM_104,B2.80 1-bedskamer,2.80,8.853429
RTLS_00950,EUREKA-VPL-009,nurse,2025-03-19 08:33:02.585214627,2025-03-19 08:33:08.792741150,KITCHEN,B2.77 Keuken,2.77,6.207526
RTLS_00664,EUREKA-VPL-007,nurse,2025-03-19 08:33:07.454700332,2025-03-19 08:33:23.145395530,BATHROOM,B2.57 Stortbad,2.57,15.690695
RTLS_00951,EUREKA-VPL-009,nurse,2025-03-19 08:33:08.792741150,2025-03-19 08:33:47.972721643,UTIL_A,B2.63 Utility,2.63,39.17998
RTLS_03278,Voedingspomp 3,equipment,2025-03-19 08:33:23.000000000,2025-03-19 08:33:32.000000000,UTIL_A,B2.63 Utility,2.63,9.0
RTLS_00665,EUREKA-VPL-007,nurse,2025-03-19 08:33:23.145395530,2025-03-19 08:33:29.924130516,STORE_C,B2.65 Berging,2.65,6.778734
RTLS_01088,EUREKA-VPL-010,nurse,2025-03-19 08:33:25.317355897,2025-03-19 08:39:33.321042973,NS_B,B2.71.01 Dienstplaats,2.71.01,368.003687
RTLS_00666,EUREKA-VPL-007,nurse,2025-03-19 08:33:29.924130516,2025-03-19 08:33:50.080017527,ROOM_110,B2.79 2-bedskamer,2.79,20.155887
RTLS_01477,EUREKA-VPL-013,nurse,2025-03-19 08:33:33.265083055,2025-03-19 08:35:31.032591210,ROOM_106,B2.62 2-bedskamer,2.62,117.767508
RTLS_00667,EUREKA-VPL-007,nurse,2025-03-19 08:33:50.080017527,2025-03-19 08:34:20.339832952,ROOM_109,B2.68 2-bedskamer,2.68,30.259815
RTLS_02334,Spuitaandrijver,equipment,2025-03-19 08:34:08.000000000,2025-03-19 08:34:27.000000000,UTIL_B,B2.75 Utility,2.75,19.0
RTLS_03489,Voedingspomp 5,equipment,2025-03-19 08:34:08.000000000,2025-03-19 08:34:34.000000000,UTIL_A,B2.63 Utility,2.63,26.0
RTLS_01771,EUREKA-VPL-015,nurse,2025-03-19 08:34:17.911632746,2025-03-19 08:34:26.941758149,NS_B,B2.71.01 Dienstplaats,2.71.01,9.030125
RTLS_02960,Toiletstoel 3,equipment,2025-03-19 08:34:19.000000000,2025-03-19 08:34:38.000000000,STORAGE,B2.61 Opslag,2.61,19.0
RTLS_00668,EUREKA-VPL-007,nurse,2025-03-19 08:34:20.339832952,2025-03-19 08:34:28.104993248,ROOM_110,B2.79 2-bedskamer,2.79,7.76516
RTLS_01772,EUREKA-VPL-015,nurse,2025-03-19 08:34:26.941758149,2025-03-19 08:35:25.738916370,ROOM_106,B2.62 2-bedskamer,2.62,58.797158
RTLS_01599,EUREKA-VPL-014,nurse,2025-03-19 08:34:27.744359879,2025-03-19 08:45:09.953828667,UTIL_B,B2.75 Utility,2.75,642.209468
RTLS_03384,Voedingspomp 4,equipment,2025-03-19 08:35:11.000000000,2025-03-19 08:35:47.000000000,UTIL_B,B2.75 Utility,2.75,36.0
RTLS_02233,Infuuspomp 4,equipment,2025-03-19 08:35:21.000000000,2025-03-19 08:35:44.000000000,UTIL_B,B2.75 Utility,2.75,23.0
RTLS_01773,EUREKA-VPL-015,nurse,2025-03-19 08:35:25.738916370,2025-03-19 08:35:53.277436159,ROOM_105,B2.82 1-bedskamer,2.82,27.538519
RTLS_02429,Bladderscan,equipment,2025-03-19 08:35:29.000000000,2025-03-19 08:35:59.000000000,UTIL_A,B2.63 Utility,2.63,30.0
RTLS_01478,EUREKA-VPL-013,nurse,2025-03-19 08:35:31.032591210,2025-03-19 08:36:25.281242854,ROOM_110,B2.79 2-bedskamer,2.79,54.248651
RTLS_03172,Voedingspomp 2,equipment,2025-03-19 08:35:35.000000000,2025-03-19 08:35:49.000000000,UTIL_B,B2.75 Utility,2.75,14.0
RTLS_01774,EUREKA-VPL-015,nurse,2025-03-19 08:35:53.277436159,2025-03-19 08:36:00.345584959,ROOM_110,B2.79 2-bedskamer,2.79,7.068148
RTLS_01775,EUREKA-VPL-015,nurse,2025-03-19 08:36:00.345584959,2025-03-19 08:36:08.928128063,ROOM_107,B2.64 2-bedskamer,2.64,8.582543
RTLS_02531,Glucosemeter 1,equipment,2025-03-19 08:36:18.000000000,2025-03-19 08:36:31.000000000,NS_A,B2.71 Open wacht,2.71,13.0
RTLS_01479,EUREKA-VPL-013,nurse,2025-03-19 08:36:25.281242854,2025-03-19 08:36:26.281242854,PREP_A,B2.71.02 Voorbereiding,2.71.02,1.0
RTLS_01480,EUREKA-VPL-013,nurse,2025-03-19 08:36:26.281242854,2025-03-19 08:45:13.467572598,NS_B,B2.71.01 Dienstplaats,2.71.01,527.186329
RTLS_01907,Infuuspomp 1,equipment,2025-03-19 08:36:40.000000000,2025-03-19 08:37:09.000000000,UTIL_A,B2.63 Utility,2.63,29.0
RTLS_02234,Infuuspomp 4,equipment,2025-03-19 08:37:00.000000000,2025-03-19 08:37:06.000000000,UTIL_B,B2.75 Utility,2.75,6.0
RTLS_02636,Glucosemeter 2,equipment,2025-03-19 08:37:07.000000000,2025-03-19 08:37:44.000000000,NS_B,B2.71.01 Dienstplaats,2.71.01,37.0
RTLS_01279,EUREKA-VPL-011,nurse,2025-03-19 08:37:25.752996494,2025-03-19 08:47:06.144569208,PREP_A,B2.71.02 Voorbereiding,2.71.02,580.391572
RTLS_02749,Toiletstoel 1,equipment,2025-03-19 08:38:16.000000000,2025-03-19 08:38:23.000000000,UTIL_A,B2.63 Utility,2.63,7.0
RTLS_03279,Voedingspomp 3,equipment,2025-03-19 08:38:23.000000000,2025-03-19 08:38:53.000000000,UTIL_A,B2.63 Utility,2.63,30.0
RTLS_02011,Infuuspomp 2,equipment,2025-03-19 08:38:31.000000000,2025-03-19 08:39:01.000000000,UTIL_A,B2.63 Utility,2.63,30.0
RTLS_03173,Voedingspomp 2,equipment,2025-03-19 08:38:37.000000000,2025-03-19 08:39:10.000000000,UTIL_B,B2.75 Utility,2.75,33.0
RTLS_02855,Toiletstoel 2,equipment,2025-03-19 08:38:39.000000000,2025-03-19 08:39:15.000000000,UTIL_B,B2.75 Utility,2.75,36.0
RTLS_03067,Voedingspomp 1,equipment,2025-03-19 08:39:09.000000000,2025-03-19 08:39:42.000000000,UTIL_A,B2.63 Utility,2.63,33.0
RTLS_01908,Infuuspomp 1,equipment,2025-03-19 08:39:10.000000000,2025-03-19 08:39:33.000000000,UTIL_A,B2.63 Utility,2.63,23.0
RTLS_02961,Toiletstoel 3,equipment,2025-03-19 08:39:14.000000000,2025-03-19 08:39:30.000000000,STORAGE,B2.61 Opslag,2.61,16.0
RTLS_01089,EUREKA-VPL-010,nurse,2025-03-19 08:39:33.321042973,2025-03-19 08:39:39.821980091,ROOM_102,B2.76 1-bedskamer,2.76,6.500937
RTLS_01090,EUREKA-VPL-010,nurse,2025-03-19 08:39:39.821980091,2025-03-19 08:40:26.154774302,ROOM_105,B2.82 1-bedskamer,2.82,46.332794
RTLS_03490,Voedingspomp 5,equipment,2025-03-19 08:39:55.000000000,2025-03-19 08:40:18.000000000,UTIL_A,B2.63 Utility,2.63,23.0
RTLS_01091,EUREKA-VPL-010,nurse,2025-03-19 08:40:26.154774302,2025-03-19 08:40:28.046537004,ROOM_101,B2.74 1-bedskamer,2.74,1.891762
RTLS_01092,EUREKA-VPL-010,nurse,2025-03-19 08:40:28.046537004,2025-03-19 08:46:58.697691004,ROOM_104,B2.80 1-bedskamer,2.80,390.651154
RTLS_00158,EUREKA-VPL-002,nurse,2025-03-19 08:40:32.565700493,2025-03-19 09:00:00.000000000,PREP_A,B2.71.02 Voorbereiding,2.71.02,1167.434299
RTLS_02125,Infuuspomp 3,equipment,2025-03-19 08:40:41.000000000,2025-03-19 08:40:56.000000000,UTIL_B,B2.75 Utility,2.75,15.0
RTLS_02750,Toiletstoel 1,equipment,2025-03-19 08:40:52.000000000,2025-03-19 08:41:07.000000000,UTIL_A,B2.63 Utility,2.63,15.0
RTLS_02335,Spuitaandrijver,equipment,2025-03-19 08:40:55.000000000,2025-03-19 08:41:25.000000000,UTIL_B,B2.75 Utility,2.75,30.0
RTLS_02235,Infuuspomp 4,equipment,2025-03-19 08:41:07.000000000,2025-03-19 08:41:31.000000000,UTIL_B,B2.75 Utility,2.75,24.0
RTLS_03385,Voedingspomp 4,equipment,2025-03-19 08:41:10.000000000,2025-03-19 08:41:36.000000000,UTIL_B,B2.75 Utility,2.75,26.0
RTLS_00507,EUREKA-VPL-006,nurse,2025-03-19 08:41:10.480918262,2025-03-19 08:55:17.620229011,UTIL_B,B2.75 Utility,2.75,847.13931
RTLS_02430,Bladderscan,equipment,2025-03-19 08:41:45.000000000,2025-03-19 08:42:08.000000000,UTIL_A,B2.63 Utility,2.63,23.0
RTLS_03068,Voedingspomp 1,equipment,2025-03-19 08:42:02.000000000,2025-03-19 08:42:07.000000000,UTIL_A,B2.63 Utility,2.63,5.0
RTLS_03174,Voedingspomp 2,equipment,2025-03-19 08:42:23.000000000,2025-03-19 08:42:35.000000000,UTIL_B,B2.75 Utility,2.75,12.0
RTLS_00392,EUREKA-VPL-005,nurse,2025-03-19 08:42:36.785979338,2025-03-19 08:42:46.920526636,NS_B,B2.71.01 Dienstplaats,2.71.01,10.134547
RTLS_02336,Spuitaandrijver,equipment,2025-03-19 08:42:38.000000000,2025-03-19 08:43:03.000000000,UTIL_B,B2.75 Utility,2.75,25.0
RTLS_00393,EUREKA-VPL-005,nurse,2025-03-19 08:42:46.920526636,2025-03-19 08:43:02.700949721,ROOM_106,B2.62 2-bedskamer,2.62,15.780423
RTLS_00394,EUREKA-VPL-005,nurse,2025-03-19 08:43:02.700949721,2025-03-19 08:43:38.621959815,BATHROOM,B2.57 Stortbad,2.57,35.92101
RTLS_02532,Glucosemeter 1,equipment,2025-03-19 08:43:16.000000000,2025-03-19 08:43:39.000000000,NS_A,B2.71 Open wacht,2.71,23.0
RTLS_02637,Glucosemeter 2,equipment,2025-03-19 08:43:17.000000000,2025-03-19 08:43:52.000000000,NS_B,B2.71.01 Dienstplaats,2.71.01,35.0
RTLS_02856,Toiletstoel 2,equipment,2025-03-19 08:43:22.000000000,2025-03-19 08:43:58.000000000,UTIL_B,B2.75 Utility,2.75,36.0
RTLS_02962,Toiletstoel 3,equipment,2025-03-19 08:43:25.000000000,2025-03-19 08:43:34.000000000,STORAGE,B2.61 Opslag,2.61,9.0
RTLS_02126,Infuuspomp 3,equipment,2025-03-19 08:43:49.000000000,2025-03-19 08:44:01.000000000,UTIL_B,B2.75 Utility,2.75,12.0
RTLS_03175,Voedingspomp 2,equipment,2025-03-19 08:43:58.000000000,2025-03-19 08:44:30.000000000,UTIL_B,B2.75 Utility,2.75,32.0
RTLS_03069,Voedingspomp 1,equipment,2025-03-19 08:43:58.000000000,2025-03-19 08:44:11.000000000,UTIL_A,B2.63 Utility,2.63,13.0
RTLS_03386,Voedingspomp 4,equipment,2025-03-19 08:44:33.000000000,2025-03-19 08:45:04.000000000,UTIL_B,B2.75 Utility,2.75,31.0
RTLS_03491,Voedingspomp 5,equipment,2025-03-19 08:44:39.000000000,2025-03-19 08:45:06.000000000,UTIL_A,B2.63 Utility,2.63,27.0
RTLS_02638,Glucosemeter 2,equipment,2025-03-19 08:44:46.000000000,2025-03-19 08:44:56.000000000,NS_B,B2.71.01 Dienstplaats,2.71.01,10.0
RTLS_02127,Infuuspomp 3,equipment,2025-03-19 08:45:00.000000000,2025-03-19 08:45:23.000000000,UTIL_B,B2.75 Utility,2.75,23.0
RTLS_01600,EUREKA-VPL-014,nurse,2025-03-19 08:45:09.953828667,2025-03-19 08:45:24.958589468,UTIL_A,B2.63 Utility,2.63,15.00476
RTLS_01481,EUREKA-VPL-013,nurse,2025-03-19 08:45:13.467572598,2025-03-19 08:59:59.999999598,PREP_B,B2.71.02 Voorbereiding,2.71.02,886.532427
RTLS_01909,Infuuspomp 1,equipment,2025-03-19 08:45:17.000000000,2025-03-19 08:45:47.000000000,UTIL_A,B2.63 Utility,2.63,30.0
RTLS_02751,Toiletstoel 1,equipment,2025-03-19 08:45:22.000000000,2025-03-19 08:45:35.000000000,UTIL_A,B2.63 Utility,2.63,13.0
RTLS_01601,EUREKA-VPL-014,nurse,2025-03-19 08:45:24.958589468,2025-03-19 08:47:21.883337407,ROOM_105,B2.82 1-bedskamer,2.82,116.924747
RTLS_02236,Infuuspomp 4,equipment,2025-03-19 08:46:02.000000000,2025-03-19 08:46:21.000000000,UTIL_B,B2.75 Utility,2.75,19.0
RTLS_03280,Voedingspomp 3,equipment,2025-03-19 08:46:09.000000000,2025-03-19 08:46:31.000000000,UTIL_A,B2.63 Utility,2.63,22.0
RTLS_02012,Infuuspomp 2,equipment,2025-03-19 08:46:15.000000000,2025-03-19 08:46:26.000000000,UTIL_A,B2.63 Utility,2.63,11.0
RTLS_01093,EUREKA-VPL-010,nurse,2025-03-19 08:46:58.697691004,2025-03-19 08:48:00.309517760,ROOM_107,B2.64 2-bedskamer,2.64,61.611826
RTLS_02431,Bladderscan,equipment,2025-03-19 08:47:06.000000000,2025-03-19 08:47:27.000000000,UTIL_A,B2.63 Utility,2.63,21.0
RTLS_01280,EUREKA-VPL-011,nurse,2025-03-19 08:47:06.144569208,2025-03-19 08:47:12.511432118,NS_A,B2.71 Open wacht,2.71,6.366862
RTLS_01281,EUREKA-VPL-011,nurse,2025-03-19 08:47:12.511432118,2025-03-19 08:54:53.004572318,UTIL_B,B2.75 Utility,2.75,460.49314
RTLS_01602,EUREKA-VPL-014,nurse,2025-03-19 08:47:21.883337407,2025-03-19 08:47:28.432676394,ROOM_106,B2.62 2-bedskamer,2.62,6.549338
RTLS_01603,EUREKA-VPL-014,nurse,2025-03-19 08:47:28.432676394,2025-03-19 08:48:16.128168959,ROOM_103,B2.78 1-bedskamer,2.78,47.695492
RTLS_02128,Infuuspomp 3,equipment,2025-03-19 08:47:55.000000000,2025-03-19 08:48:28.000000000,UTIL_B,B2.75 Utility,2.75,33.0
RTLS_01094,EUREKA-VPL-010,nurse,2025-03-19 08:48:00.309517760,2025-03-19 08:52:40.443622136,PREP_A,B2.71.02 Voorbereiding,2.71.02,280.134104
RTLS_02337,Spuitaandrijver,equipment,2025-03-19 08:48:01.000000000,2025-03-19 08:48:23.000000000,UTIL_B,B2.75 Utility,2.75,22.0
RTLS_01604,EUREKA-VPL-014,nurse,2025-03-19 08:48:16.128168959,2025-03-19 08:48:18.442558236,KITCHEN,B2.77 Keuken,2.77,2.314389
RTLS_02963,Toiletstoel 3,equipment,2025-03-19 08:48:19.000000000,2025-03-19 08:48:47.000000000,STORAGE,B2.61 Opslag,2.61,28.0
RTLS_03492,Voedingspomp 5,equipment,2025-03-19 08:48:28.000000000,2025-03-19 08:48:51.000000000,UTIL_A,B2.63 Utility,2.63,23.0
RTLS_02533,Glucosemeter 1,equipment,2025-03-19 08:48:45.000000000,2025-03-19 08:48:54.000000000,NS_A,B2.71 Open wacht,2.71,9.0
RTLS_02013,Infuuspomp 2,equipment,2025-03-19 08:49:05.000000000,2025-03-19 08:49:17.000000000,UTIL_A,B2.63 Utility,2.63,12.0
RTLS_02237,Infuuspomp 4,equipment,2025-03-19 08:49:09.000000000,2025-03-19 08:49:37.000000000,UTIL_B,B2.75 Utility,2.75,28.0
RTLS_03070,Voedingspomp 1,equipment,2025-03-19 08:49:39.000000000,2025-03-19 08:50:00.000000000,UTIL_A,B2.63 Utility,2.63,21.0
RTLS_02639,Glucosemeter 2,equipment,2025-03-19 08:49:58.000000000,2025-03-19 08:50:20.000000000,NS_B,B2.71.01 Dienstplaats,2.71.01,22.0
RTLS_03387,Voedingspomp 4,equipment,2025-03-19 08:50:13.000000000,2025-03-19 08:50:18.000000000,UTIL_B,B2.75 Utility,2.75,5.0
RTLS_02857,Toiletstoel 2,equipment,2025-03-19 08:50:17.000000000,2025-03-19 08:50:49.000000000,UTIL_B,B2.75 Utility,2.75,32.0
RTLS_02129,Infuuspomp 3,equipment,2025-03-19 08:50:26.000000000,2025-03-19 08:50:51.000000000,UTIL_B,B2.75 Utility,2.75,25.0
RTLS_02014,Infuuspomp 2,equipment,2025-03-19 08:50:29.000000000,2025-03-19 08:50:59.000000000,UTIL_A,B2.63 Utility,2.63,30.0
RTLS_02432,Bladderscan,equipment,2025-03-19 08:50:33.000000000,2025-03-19 08:51:01.000000000,UTIL_A,B2.63 Utility,2.63,28.0
RTLS_03176,Voedingspomp 2,equipment,2025-03-19 08:51:33.000000000,2025-03-19 08:51:40.000000000,UTIL_B,B2.75 Utility,2.75,7.0
RTLS_03493,Voedingspomp 5,equipment,2025-03-19 08:51:49.000000000,2025-03-19 08:52:08.000000000,UTIL_A,B2.63 Utility,2.63,19.0
RTLS_02640,Glucosemeter 2,equipment,2025-03-19 08:51:58.000000000,2025-03-19 08:52:26.000000000,NS_B,B2.71.01 Dienstplaats,2.71.01,28.0
RTLS_03281,Voedingspomp 3,equipment,2025-03-19 08:52:38.000000000,2025-03-19 08:52:51.000000000,UTIL_A,B2.63 Utility,2.63,13.0
RTLS_01095,EUREKA-VPL-010,nurse,2025-03-19 08:52:40.443622136,2025-03-19 08:52:53.808359177,NS_A,B2.71 Open wacht,2.71,13.364737
RTLS_01096,EUREKA-VPL-010,nurse,2025-03-19 08:52:53.808359177,2025-03-19 08:52:59.866833486,ROOM_105,B2.82 1-bedskamer,2.82,6.058474
RTLS_02752,Toiletstoel 1,equipment,2025-03-19 08:52:55.000000000,2025-03-19 08:53:00.000000000,UTIL_A,B2.63 Utility,2.63,5.0
RTLS_01097,EUREKA-VPL-010,nurse,2025-03-19 08:52:59.866833486,2025-03-19 08:54:38.102530666,ROOM_109,B2.68 2-bedskamer,2.68,98.235697
RTLS_01910,Infuuspomp 1,equipment,2025-03-19 08:53:02.000000000,2025-03-19 08:53:17.000000000,UTIL_A,B2.63 Utility,2.63,15.0
RTLS_02858,Toiletstoel 2,equipment,2025-03-19 08:53:09.000000000,2025-03-19 08:53:28.000000000,UTIL_B,B2.75 Utility,2.75,19.0
RTLS_02964,Toiletstoel 3,equipment,2025-03-19 08:53:09.000000000,2025-03-19 08:53:42.000000000,STORAGE,B2.61 Opslag,2.61,33.0
RTLS_02641,Glucosemeter 2,equipment,2025-03-19 08:53:39.000000000,2025-03-19 08:54:16.000000000,NS_B,B2.71.01 Dienstplaats,2.71.01,37.0
RTLS_03494,Voedingspomp 5,equipment,2025-03-19 08:53:48.000000000,2025-03-19 08:54:04.000000000,UTIL_A,B2.63 Utility,2.63,16.0
RTLS_02534,Glucosemeter 1,equipment,2025-03-19 08:53:55.000000000,2025-03-19 08:54:19.000000000,NS_A,B2.71 Open wacht,2.71,24.0
RTLS_03071,Voedingspomp 1,equipment,2025-03-19 08:53:58.000000000,2025-03-19 08:54:03.000000000,UTIL_A,B2.63 Utility,2.63,5.0
RTLS_02338,Spuitaandrijver,equipment,2025-03-19 08:54:24.000000000,2025-03-19 08:54:58.000000000,UTIL_B,B2.75 Utility,2.75,34.0
RTLS_02238,Infuuspomp 4,equipment,2025-03-19 08:54:30.000000000,2025-03-19 08:54:36.000000000,UTIL_B,B2.75 Utility,2.75,6.0
RTLS_01098,EUREKA-VPL-010,nurse,2025-03-19 08:54:38.102530666,2025-03-19 08:55:18.310393848,ROOM_107,B2.64 2-bedskamer,2.64,40.207863
RTLS_01282,EUREKA-VPL-011,nurse,2025-03-19 08:54:53.004572318,2025-03-19 08:58:43.251142568,PREP_A,B2.71.02 Voorbereiding,2.71.02,230.24657
RTLS_02130,Infuuspomp 3,equipment,2025-03-19 08:55:05.000000000,2025-03-19 08:55:30.000000000,UTIL_B,B2.75 Utility,2.75,25.0
RTLS_00508,EUREKA-VPL-006,nurse,2025-03-19 08:55:17.620229011,2025-03-19 08:55:33.238983924,KITCHEN,B2.77 Keuken,2.77,15.618754
RTLS_01099,EUREKA-VPL-010,nurse,2025-03-19 08:55:18.310393848,2025-03-19 08:56:06.027484817,ROOM_103,B2.78 1-bedskamer,2.78,47.71709
RTLS_00509,EUREKA-VPL-006,nurse,2025-03-19 08:55:33.238983924,2025-03-19 09:00:00.000000000,ROOM_105,B2.82 1-bedskamer,2.82,266.761016
RTLS_01874,Medicatiekar groen,equipment,2025-03-19 08:55:33.238983924,2025-03-19 09:00:00.000000000,ROOM_105,B2.82 1-bedskamer,2.82,266.761016
RTLS_03495,Voedingspomp 5,equipment,2025-03-19 08:55:51.000000000,2025-03-19 08:56:03.000000000,UTIL_A,B2.63 Utility,2.63,12.0
RTLS_01100,EUREKA-VPL-010,nurse,2025-03-19 08:56:06.027484817,2025-03-19 08:59:59.999999817,PREP_A,B2.71.02 Voorbereiding,2.71.02,233.972515
RTLS_01911,Infuuspomp 1,equipment,2025-03-19 08:56:08.000000000,2025-03-19 08:56:44.000000000,UTIL_A,B2.63 Utility,2.63,36.0
RTLS_02642,Glucosemeter 2,equipment,2025-03-19 08:56:09.000000000,2025-03-19 08:56:28.000000000,NS_B,B2.71.01 Dienstplaats,2.71.01,19.0
RTLS_02015,Infuuspomp 2,equipment,2025-03-19 08:56:15.000000000,2025-03-19 08:56:22.000000000,UTIL_A,B2.63 Utility,2.63,7.0
RTLS_03282,Voedingspomp 3,equipment,2025-03-19 08:56:31.000000000,2025-03-19 08:56:49.000000000,UTIL_A,B2.63 Utility,2.63,18.0
RTLS_02859,Toiletstoel 2,equipment,2025-03-19 08:56:39.000000000,2025-03-19 08:56:47.000000000,UTIL_B,B2.75 Utility,2.75,8.0
RTLS_03388,Voedingspomp 4,equipment,2025-03-19 08:56:43.000000000,2025-03-19 08:56:59.000000000,UTIL_B,B2.75 Utility,2.75,16.0
RTLS_02131,Infuuspomp 3,equipment,2025-03-19 08:57:05.000000000,2025-03-19 08:57:25.000000000,UTIL_B,B2.75 Utility,2.75,20.0
RTLS_02535,Glucosemeter 1,equipment,2025-03-19 08:57:06.000000000,2025-03-19 08:57:36.000000000,NS_A,B2.71 Open wacht,2.71,30.0
RTLS_02433,Bladderscan,equipment,2025-03-19 08:57:45.000000000,2025-03-19 08:58:13.000000000,UTIL_A,B2.63 Utility,2.63,28.0
RTLS_03177,Voedingspomp 2,equipment,2025-03-19 08:57:53.000000000,2025-03-19 08:58:03.000000000,UTIL_B,B2.75 Utility,2.75,10.0
RTLS_02860,Toiletstoel 2,equipment,2025-03-19 08:58:07.000000000,2025-03-19 08:58:32.000000000,UTIL_B,B2.75 Utility,2.75,25.0
RTLS_02239,Infuuspomp 4,equipment,2025-03-19 08:58:28.000000000,2025-03-19 08:58:56.000000000,UTIL_B,B2.75 Utility,2.75,28.0
RTLS_02016,Infuuspomp 2,equipment,2025-03-19 08:58:31.000000000,2025-03-19 08:58:42.000000000,UTIL_A,B2.63 Utility,2.63,11.0
RTLS_01283,EUREKA-VPL-011,nurse,2025-03-19 08:58:43.251142568,2025-03-19 08:58:46.624017856,NS_A,B2.71 Open wacht,2.71,3.372875
RTLS_01284,EUREKA-VPL-011,nurse,2025-03-19 08:58:46.624017856,2025-03-19 09:00:00.000000000,ROOM_110,B2.79 2-bedskamer,2.79,73.375982
RTLS_02536,Glucosemeter 1,equipment,2025-03-19 08:59:19.000000000,2025-03-19 08:59:47.000000000,NS_A,B2.71 Open wacht,2.71,28.0
RTLS_03072,Voedingspomp 1,equipment,2025-03-19 08:59:28.000000000,2025-03-19 08:59:45.000000000,UTIL_A,B2.63 Utility,2.63,17.0
RTLS_02339,Spuitaandrijver,equipment,2025-03-19 08:59:29.000000000,2025-03-19 08:59:44.000000000,UTIL_B,B2.75 Utility,2.75,15.0
RTLS_03496,Voedingspomp 5,equipment,2025-03-19 08:59:42.000000000,2025-03-19 09:00:03.000000000,UTIL_A,B2.63 Utility,2.63,21.0
RTLS_03178,Voedingspomp 2,equipment,2025-03-19 08:59:48.000000000,2025-03-19 09:00:05.000000000,UTIL_B,B2.75 Utility,2.75,17.0
RTLS_03283,Voedingspomp 3,equipment,2025-03-19 08:59:52.000000000,2025-03-19 09:00:20.000000000,UTIL_A,B2.63 Utility,2.63,28.0
RTLS_00020,EUREKA-VPL-001,nurse,2025-03-19 09:00:00.000000000,2025-03-19 09:00:29.276194059,ROOM_110,B2.79 2-bedskamer,2.79,29.276194
RTLS_00159,EUREKA-VPL-002,nurse,2025-03-19 09:00:00.000000000,2025-03-19 09:03:50.149566006,UTIL_B,B2.75 Utility,2.75,230.149566
RTLS_00253,EUREKA-VPL-003,nurse,2025-03-19 09:00:00.000000000,2025-03-19 09:14:10.117974560,PREP_B,B2.71.02 Voorbereiding,2.71.02,850.117974
RTLS_00311,EUREKA-VPL-004,nurse,2025-03-19 09:00:00.000000000,2025-03-19 09:00:04.901285291,ROOM_103,B2.78 1-bedskamer,2.78,4.901285
RTLS_00395,EUREKA-VPL-005,nurse,2025-03-19 09:00:00.000000000,2025-03-19 09:12:51.428571428,STORE_B,B2.59 Berging,2.59,771.428571
RTLS_00510,EUREKA-VPL-006,nurse,2025-03-19 09:00:00.000000000,2025-03-19 09:08:34.285714285,UTIL_B,B2.75 Utility,2.75,514.285714
RTLS_00669,EUREKA-VPL-007,nurse,2025-03-19 09:00:00.000000000,2025-03-19 09:00:06.513117973,ROOM_108,B2.66 2-bedskamer,2.66,6.513117
RTLS_00826,EUREKA-VPL-008,nurse,2025-03-19 09:00:00.000000000,2025-03-19 09:00:28.380166944,ROOM_110,B2.79 2-bedskamer,2.79,28.380166
RTLS_00952,EUREKA-VPL-009,nurse,2025-03-19 09:00:00.000000000,2025-03-19 09:00:07.882888025,ROOM_102,B2.76 1-bedskamer,2.76,7.882888
RTLS_01101,EUREKA-VPL-010,nurse,2025-03-19 09:00:00.000000000,2025-03-19 09:00:43.852066200,KITCHEN,B2.77 Keuken,2.77,43.852066
RTLS_01285,EUREKA-VPL-011,nurse,2025-03-19 09:00:00.000000000,2025-03-19 09:00:16.883400035,ROOM_103,B2.78 1-bedskamer,2.78,16.8834
RTLS_01405,EUREKA-VPL-012,nurse,2025-03-19 09:00:00.000000000,2025-03-19 09:00:54.234785517,ROOM_106,B2.62 2-bedskamer,2.62,54.234785
RTLS_01482,EUREKA-VPL-013,nurse,2025-03-19 09:00:00.000000000,2025-03-19 09:12:00.000000000,PREP_B,B2.71.02 Voorbereiding,2.71.02,720.0
RTLS_01605,EUREKA-VPL-014,nurse,2025-03-19 09:00:00.000000000,2025-03-19 09:00:06.466647867,ROOM_102,B2.76 1-bedskamer,2.76,6.466647
RTLS_01776,EUREKA-VPL-015,nurse,2025-03-19 09:00:00.000000000,2025-03-19 09:00:34.114438734,KITCHEN,B2.77 Keuken,2.77,34.114438
RTLS_00312,EUREKA-VPL-004,nurse,2025-03-19 09:00:04.901285291,2025-03-19 09:00:09.948451621,ROOM_109,B2.68 2-bedskamer,2.68,5.047166
RTLS_01606,EUREKA-VPL-014,nurse,2025-03-19 09:00:06.466647867,2025-03-19 09:00:11.542601272,KITCHEN,B2.77 Keuken,2.77,5.075953
RTLS_00670,EUREKA-VPL-007,nurse,2025-03-19 09:00:06.513117973,2025-03-19 09:00:11.909197868,KITCHEN,B2.77 Keuken,2.77,5.396079
RTLS_00953,EUREKA-VPL-009,nurse,2025-03-19 09:00:07.882888025,2025-03-19 09:00:11.300683428,ROOM_103,B2.78 1-bedskamer,2.78,3.417795
RTLS_00313,EUREKA-VPL-004,nurse,2025-03-19 09:00:09.948451621,2025-03-19 09:00:36.891132009,ROOM_107,B2.64 2-bedskamer,2.64,26.94268
RTLS_00954,EUREKA-VPL-009,nurse,2025-03-19 09:00:11.300683428,2025-03-19 09:01:01.244863804,ROOM_104,B2.80 1-bedskamer,2.80,49.94418
RTLS_01607,EUREKA-VPL-014,nurse,2025-03-19 09:00:11.542601272,2025-03-19 09:05:23.793396652,ROOM_102,B2.76 1-bedskamer,2.76,312.250795
RTLS_01885,Medicatiekar groen,equipment,2025-03-19 09:00:11.542601272,2025-03-19 09:05:23.793396652,ROOM_102,B2.76 1-bedskamer,2.76,312.250795
RTLS_00671,EUREKA-VPL-007,nurse,2025-03-19 09:00:11.909197868,2025-03-19 09:00:14.505109808,ROOM_107,B2.64 2-bedskamer,2.64,2.595911
RTLS_02753,Toiletstoel 1,equipment,2025-03-19 09:00:12.000000000,2025-03-19 09:00:34.000000000,UTIL_A,B2.63 Utility,2.63,22.0
RTLS_00672,EUREKA-VPL-007,nurse,2025-03-19 09:00:14.505109808,2025-03-19 09:00:32.644534826,ROOM_103,B2.78 1-bedskamer,2.78,18.139425
RTLS_01286,EUREKA-VPL-011,nurse,2025-03-19 09:00:16.883400035,2025-03-19 09:00:30.830459575,KITCHEN,B2.77 Keuken,2.77,13.947059
RTLS_00827,EUREKA-VPL-008,nurse,2025-03-19 09:00:28.380166944,2025-03-19 09:00:29.380166944,STORE_A,B2.53 Berging,2.53,1.0
RTLS_00021,EUREKA-VPL-001,nurse,2025-03-19 09:00:29.276194059,2025-03-19 09:02:02.077107921,UTIL_B,B2.75 Utility,2.75,92.800913
RTLS_00828,EUREKA-VPL-008,nurse,2025-03-19 09:00:29.380166944,2025-03-19 09:00:36.187970689,ROOM_102,B2.76 1-bedskamer,2.76,6.807803
RTLS_01287,EUREKA-VPL-011,nurse,2025-03-19 09:00:30.830459575,2025-03-19 09:01:40.384543704,UTIL_B,B2.75 Utility,2.75,69.554084
RTLS_00673,EUREKA-VPL-007,nurse,2025-03-19 09:00:32.644534826,2025-03-19 09:01:21.090993355,STORE_B,B2.59 Berging,2.59,48.446458
RTLS_01777,EUREKA-VPL-015,nurse,2025-03-19 09:00:34.114438734,2025-03-19 09:00:42.228391801,ROOM_109,B2.68 2-bedskamer,2.68,8.113953
RTLS_00829,EUREKA-VPL-008,nurse,2025-03-19 09:00:36.187970689,2025-03-19 09:00:43.372613880,ROOM_105,B2.82 1-bedskamer,2.82,7.184643
RTLS_00314,EUREKA-VPL-004,nurse,2025-03-19 09:00:36.891132009,2025-03-19 09:01:31.009206815,ROOM_103,B2.78 1-bedskamer,2.78,54.118074
RTLS_01778,EUREKA-VPL-015,nurse,2025-03-19 09:00:42.228391801,2025-03-19 09:02:59.737870482,ROOM_110,B2.79 2-bedskamer,2.79,137.509478
RTLS_01888,Medicatiekar geel,equipment,2025-03-19 09:00:42.228391801,2025-03-19 09:02:59.737870482,ROOM_110,B2.79 2-bedskamer,2.79,137.509478
RTLS_00830,EUREKA-VPL-008,nurse,2025-03-19 09:00:43.372613880,2025-03-19 09:01:10.244019945,ROOM_106,B2.62 2-bedskamer,2.62,26.871406
RTLS_01102,EUREKA-VPL-010,nurse,2025-03-19 09:00:43.852066200,2025-03-19 09:08:08.370557825,UTIL_B,B2.75 Utility,2.75,444.518491
RTLS_01406,EUREKA-VPL-012,nurse,2025-03-19 09:00:54.234785517,2025-03-19 09:06:57.132356105,NS_A,B2.71 Open wacht,2.71,362.89757
RTLS_03389,Voedingspomp 4,equipment,2025-03-19 09:01:00.000000000,2025-03-19 09:01:21.000000000,UTIL_B,B2.75 Utility,2.75,21.0
RTLS_00955,EUREKA-VPL-009,nurse,2025-03-19 09:01:01.244863804,2025-03-19 09:01:11.506844246,ROOM_101,B2.74 1-bedskamer,2.74,10.26198
RTLS_00831,EUREKA-VPL-008,nurse,2025-03-19 09:01:10.244019945,2025-03-19 09:01:12.874905473,KITCHEN,B2.77 Keuken,2.77,2.630885
RTLS_00956,EUREKA-VPL-009,nurse,2025-03-19 09:01:11.506844246,2025-03-19 09:01:20.108587157,ROOM_108,B2.66 2-bedskamer,2.66,8.601742
RTLS_00832,EUREKA-VPL-008,nurse,2025-03-19 09:01:12.874905473,2025-03-19 09:02:43.584897192,UTIL_B,B2.75 Utility,2.75,90.709991
RTLS_02965,Toiletstoel 3,equipment,2025-03-19 09:01:13.000000000,2025-03-19 09:01:47.000000000,STORAGE,B2.61 Opslag,2.61,34.0
RTLS_00957,EUREKA-VPL-009,nurse,2025-03-19 09:01:20.108587157,2025-03-19 09:01:43.052488210,ROOM_110,B2.79 2-bedskamer,2.79,22.943901
RTLS_00674,EUREKA-VPL-007,nurse,2025-03-19 09:01:21.090993355,2025-03-19 09:03:08.195368042,ROOM_109,B2.68 2-bedskamer,2.68,107.104374
RTLS_00315,EUREKA-VPL-004,nurse,2025-03-19 09:01:31.009206815,2025-03-19 09:02:07.841431914,ROOM_102,B2.76 1-bedskamer,2.76,36.832225
RTLS_02754,Toiletstoel 1,equipment,2025-03-19 09:01:39.000000000,2025-03-19 09:01:47.000000000,UTIL_A,B2.63 Utility,2.63,8.0
RTLS_01288,EUREKA-VPL-011,nurse,2025-03-19 09:01:40.384543704,2025-03-19 09:01:50.495257081,ROOM_108,B2.66 2-bedskamer,2.66,10.110713
RTLS_00958,EUREKA-VPL-009,nurse,2025-03-19 09:01:43.052488210,2025-03-19 09:01:48.731573203,ROOM_107,B2.64 2-bedskamer,2.64,5.679084
RTLS_00959,EUREKA-VPL-009,nurse,2025-03-19 09:01:48.731573203,2025-03-19 09:07:09.691169670,UTIL_B,B2.75 Utility,2.75,320.959596
RTLS_01289,EUREKA-VPL-011,nurse,2025-03-19 09:01:50.495257081,2025-03-19 09:01:51.495257081,PREP_B,B2.71.02 Voorbereiding,2.71.02,1.0
RTLS_01290,EUREKA-VPL-011,nurse,2025-03-19 09:01:51.495257081,2025-03-19 09:16:23.621442581,STORE_C,B2.65 Berging,2.65,872.126185
RTLS_00022,EUREKA-VPL-001,nurse,2025-03-19 09:02:02.077107921,2025-03-19 09:02:39.488711390,ROOM_108,B2.66 2-bedskamer,2.66,37.411603
RTLS_00316,EUREKA-VPL-004,nurse,2025-03-19 09:02:07.841431914,2025-03-19 09:03:00.341918532,KITCHEN,B2.77 Keuken,2.77,52.500486
RTLS_02861,Toiletstoel 2,equipment,2025-03-19 09:02:11.000000000,2025-03-19 09:02:43.000000000,UTIL_B,B2.75 Utility,2.75,32.0
RTLS_02017,Infuuspomp 2,equipment,2025-03-19 09:02:14.000000000,2025-03-19 09:02:34.000000000,UTIL_A,B2.63 Utility,2.63,20.0
RTLS_02132,Infuuspomp 3,equipment,2025-03-19 09:02:27.000000000,2025-03-19 09:02:43.000000000,UTIL_B,B2.75 Utility,2.75,16.0
RTLS_00023,EUREKA-VPL-001,nurse,2025-03-19 09:02:39.488711390,2025-03-19 09:03:00.342950618,STORE_A,B2.53 Berging,2.53,20.854239
RTLS_00833,EUREKA-VPL-008,nurse,2025-03-19 09:02:43.584897192,2025-03-19 09:03:00.089208311,ROOM_109,B2.68 2-bedskamer,2.68,16.504311
RTLS_02643,Glucosemeter 2,equipment,2025-03-19 09:02:49.000000000,2025-03-19 09:03:10.000000000,NS_B,B2.71.01 Dienstplaats,2.71.01,21.0
RTLS_01779,EUREKA-VPL-015,nurse,2025-03-19 09:02:59.737870482,2025-03-19 09:03:03.044107064,ROOM_101,B2.74 1-bedskamer,2.74,3.306236
RTLS_00834,EUREKA-VPL-008,nurse,2025-03-19 09:03:00.089208311,2025-03-19 09:03:10.866691010,ROOM_104,B2.80 1-bedskamer,2.80,10.777482
RTLS_00317,EUREKA-VPL-004,nurse,2025-03-19 09:03:00.341918532,2025-03-19 09:03:01.357188086,ROOM_105,B2.82 1-bedskamer,2.82,1.015269
RTLS_00024,EUREKA-VPL-001,nurse,2025-03-19 09:03:00.342950618,2025-03-19 09:03:17.112796042,ROOM_103,B2.78 1-bedskamer,2.78,16.769845
RTLS_00318,EUREKA-VPL-004,nurse,2025-03-19 09:03:01.357188086,2025-03-19 09:03:10.449339502,NS_A,B2.71 Open wacht,2.71,9.092151
RTLS_01780,EUREKA-VPL-015,nurse,2025-03-19 09:03:03.044107064,2025-03-19 09:14:49.950706501,ROOM_109,B2.68 2-bedskamer,2.68,706.906599
RTLS_00675,EUREKA-VPL-007,nurse,2025-03-19 09:03:08.195368042,2025-03-19 09:04:01.093605194,BATHROOM,B2.57 Stortbad,2.57,52.898237
RTLS_00319,EUREKA-VPL-004,nurse,2025-03-19 09:03:10.449339502,2025-03-19 09:11:37.519063557,PREP_A,B2.71.02 Voorbereiding,2.71.02,507.069724
RTLS_00835,EUREKA-VPL-008,nurse,2025-03-19 09:03:10.866691010,2025-03-19 09:03:20.841330181,ROOM_109,B2.68 2-bedskamer,2.68,9.974639
RTLS_02966,Toiletstoel 3,equipment,2025-03-19 09:03:14.000000000,2025-03-19 09:03:48.000000000,STORAGE,B2.61 Opslag,2.61,34.0
RTLS_00025,EUREKA-VPL-001,nurse,2025-03-19 09:03:17.112796042,2025-03-19 09:03:24.352667432,ROOM_102,B2.76 1-bedskamer,2.76,7.239871
RTLS_02755,Toiletstoel 1,equipment,2025-03-19 09:03:18.000000000,2025-03-19 09:03:32.000000000,UTIL_A,B2.63 Utility,2.63,14.0
RTLS_00836,EUREKA-VPL-008,nurse,2025-03-19 09:03:20.841330181,2025-03-19 09:03:37.712800374,ROOM_103,B2.78 1-bedskamer,2.78,16.87147
RTLS_00026,EUREKA-VPL-001,nurse,2025-03-19 09:03:24.352667432,2025-03-19 09:03:26.968991326,NS_A,B2.71 Open wacht,2.71,2.616323
RTLS_00027,EUREKA-VPL-001,nurse,2025-03-19 09:03:26.968991326,2025-03-19 09:04:08.912771266,KITCHEN,B2.77 Keuken,2.77,41.943779
RTLS_00837,EUREKA-VPL-008,nurse,2025-03-19 09:03:37.712800374,2025-03-19 09:03:46.440660338,ROOM_102,B2.76 1-bedskamer,2.76,8.727859
RTLS_00838,EUREKA-VPL-008,nurse,2025-03-19 09:03:46.440660338,2025-03-19 09:04:35.875875392,ROOM_106,B2.62 2-bedskamer,2.62,49.435215
RTLS_03179,Voedingspomp 2,equipment,2025-03-19 09:03:50.000000000,2025-03-19 09:04:23.000000000,UTIL_B,B2.75 Utility,2.75,33.0
RTLS_00160,EUREKA-VPL-002,nurse,2025-03-19 09:03:50.149566006,2025-03-19 09:03:51.149566006,STORE_C,B2.65 Berging,2.65,1.0
RTLS_00161,EUREKA-VPL-002,nurse,2025-03-19 09:03:51.149566006,2025-03-19 09:04:03.489562889,KITCHEN,B2.77 Keuken,2.77,12.339996
RTLS_00676,EUREKA-VPL-007,nurse,2025-03-19 09:04:01.093605194,2025-03-19 09:07:48.781015852,UTIL_B,B2.75 Utility,2.75,227.68741
RTLS_00162,EUREKA-VPL-002,nurse,2025-03-19 09:04:03.489562889,2025-03-19 09:04:06.030106546,ROOM_105,B2.82 1-bedskamer,2.82,2.540543
RTLS_00163,EUREKA-VPL-002,nurse,2025-03-19 09:04:06.030106546,2025-03-19 09:04:08.574198956,ROOM_103,B2.78 1-bedskamer,2.78,2.544092
RTLS_00164,EUREKA-VPL-002,nurse,2025-03-19 09:04:08.574198956,2025-03-19 09:06:30.323652418,NS_B,B2.71.01 Dienstplaats,2.71.01,141.749453
RTLS_00028,EUREKA-VPL-001,nurse,2025-03-19 09:04:08.912771266,2025-03-19 09:08:44.627528164,NS_B,B2.71.01 Dienstplaats,2.71.01,275.714756
RTLS_01912,Infuuspomp 1,equipment,2025-03-19 09:04:11.000000000,2025-03-19 09:04:21.000000000,UTIL_A,B2.63 Utility,2.63,10.0
RTLS_02434,Bladderscan,equipment,2025-03-19 09:04:14.000000000,2025-03-19 09:04:46.000000000,UTIL_A,B2.63 Utility,2.63,32.0
RTLS_00839,EUREKA-VPL-008,nurse,2025-03-19 09:04:35.875875392,2025-03-19 09:04:48.616205271,KITCHEN,B2.77 Keuken,2.77,12.740329
RTLS_00840,EUREKA-VPL-008,nurse,2025-03-19 09:04:48.616205271,2025-03-19 09:05:04.650182743,ROOM_103,B2.78 1-bedskamer,2.78,16.033977
RTLS_02240,Infuuspomp 4,equipment,2025-03-19 09:05:02.000000000,2025-03-19 09:05:16.000000000,UTIL_B,B2.75 Utility,2.75,14.0
RTLS_00841,EUREKA-VPL-008,nurse,2025-03-19 09:05:04.650182743,2025-03-19 09:05:33.431207438,ROOM_108,B2.66 2-bedskamer,2.66,28.781024
RTLS_02018,Infuuspomp 2,equipment,2025-03-19 09:05:20.000000000,2025-03-19 09:05:55.000000000,UTIL_A,B2.63 Utility,2.63,35.0
RTLS_01608,EUREKA-VPL-014,nurse,2025-03-19 09:05:23.793396652,2025-03-19 09:05:35.859031004,KITCHEN,B2.77 Keuken,2.77,12.065634
RTLS_01609,EUREKA-VPL-014,nurse,2025-03-19 09:05:35.859031004,2025-03-19 09:06:06.495201522,NS_A,B2.71 Open wacht,2.71,30.63617
RTLS_03073,Voedingspomp 1,equipment,2025-03-19 09:05:41.000000000,2025-03-19 09:05:49.000000000,UTIL_A,B2.63 Utility,2.63,8.0
RTLS_01610,EUREKA-VPL-014,nurse,2025-03-19 09:06:06.495201522,2025-03-19 09:07:06.391582254,ROOM_108,B2.66 2-bedskamer,2.66,59.89638
RTLS_00165,EUREKA-VPL-002,nurse,2025-03-19 09:06:30.323652418,2025-03-19 09:06:31.357956418,STORE_C,B2.65 Berging,2.65,1.0343040000000001
RTLS_00166,EUREKA-VPL-002,nurse,2025-03-19 09:06:31.357956418,2025-03-19 09:13:46.090048407,PREP_B,B2.71.02 Voorbereiding,2.71.02,434.732091
RTLS_02756,Toiletstoel 1,equipment,2025-03-19 09:06:36.000000000,2025-03-19 09:07:02.000000000,UTIL_A,B2.63 Utility,2.63,26.0
RTLS_02967,Toiletstoel 3,equipment,2025-03-19 09:06:52.000000000,2025-03-19 09:07:11.000000000,STORAGE,B2.61 Opslag,2.61,19.0
RTLS_01407,EUREKA-VPL-012,nurse,2025-03-19 09:06:57.132356105,2025-03-19 09:29:41.218488819,PREP_A,B2.71.02 Voorbereiding,2.71.02,1364.086132
RTLS_02537,Glucosemeter 1,equipment,2025-03-19 09:07:04.000000000,2025-03-19 09:07:27.000000000,NS_A,B2.71 Open wacht,2.71,23.0
RTLS_03284,Voedingspomp 3,equipment,2025-03-19 09:07:06.000000000,2025-03-19 09:07:21.000000000,UTIL_A,B2.63 Utility,2.63,15.0
RTLS_01611,EUREKA-VPL-014,nurse,2025-03-19 09:07:06.391582254,2025-03-19 09:07:08.733201279,ROOM_101,B2.74 1-bedskamer,2.74,2.341619
RTLS_01612,EUREKA-VPL-014,nurse,2025-03-19 09:07:08.733201279,2025-03-19 09:08:30.528148517,ROOM_109,B2.68 2-bedskamer,2.68,81.794947
RTLS_00960,EUREKA-VPL-009,nurse,2025-03-19 09:07:09.691169670,2025-03-19 09:07:49.454777619,ROOM_105,B2.82 1-bedskamer,2.82,39.763607
RTLS_02340,Spuitaandrijver,equipment,2025-03-19 09:07:10.000000000,2025-03-19 09:07:46.000000000,UTIL_B,B2.75 Utility,2.75,36.0
RTLS_03497,Voedingspomp 5,equipment,2025-03-19 09:07:12.000000000,2025-03-19 09:07:17.000000000,UTIL_A,B2.63 Utility,2.63,5.0
RTLS_03390,Voedingspomp 4,equipment,2025-03-19 09:07:41.000000000,2025-03-19 09:07:54.000000000,UTIL_B,B2.75 Utility,2.75,13.0
RTLS_01913,Infuuspomp 1,equipment,2025-03-19 09:07:43.000000000,2025-03-19 09:08:19.000000000,UTIL_A,B2.63 Utility,2.63,36.0
RTLS_00677,EUREKA-VPL-007,nurse,2025-03-19 09:07:48.781015852,2025-03-19 09:07:51.255053595,ROOM_102,B2.76 1-bedskamer,2.76,2.474037
RTLS_00961,EUREKA-VPL-009,nurse,2025-03-19 09:07:49.454777619,2025-03-19 09:15:46.288568828,NS_B,B2.71.01 Dienstplaats,2.71.01,476.833791
RTLS_00678,EUREKA-VPL-007,nurse,2025-03-19 09:07:51.255053595,2025-03-19 09:07:57.906613263,KITCHEN,B2.77 Keuken,2.77,6.651559
RTLS_00679,EUREKA-VPL-007,nurse,2025-03-19 09:07:57.906613263,2025-03-19 09:08:01.246111427,ROOM_104,B2.80 1-bedskamer,2.80,3.339498
RTLS_00680,EUREKA-VPL-007,nurse,2025-03-19 09:08:01.246111427,2025-03-19 09:08:20.614470303,ROOM_108,B2.66 2-bedskamer,2.66,19.368358
RTLS_02862,Toiletstoel 2,equipment,2025-03-19 09:08:02.000000000,2025-03-19 09:08:09.000000000,UTIL_B,B2.75 Utility,2.75,7.0
RTLS_02435,Bladderscan,equipment,2025-03-19 09:08:04.000000000,2025-03-19 09:08:11.000000000,UTIL_A,B2.63 Utility,2.63,7.0
RTLS_01103,EUREKA-VPL-010,nurse,2025-03-19 09:08:08.370557825,2025-03-19 09:08:11.381477927,NS_A,B2.71 Open wacht,2.71,3.01092
RTLS_02019,Infuuspomp 2,equipment,2025-03-19 09:08:10.000000000,2025-03-19 09:08:33.000000000,UTIL_A,B2.63 Utility,2.63,23.0
RTLS_01104,EUREKA-VPL-010,nurse,2025-03-19 09:08:11.381477927,2025-03-19 09:08:48.674723327,ROOM_105,B2.82 1-bedskamer,2.82,37.293245
RTLS_00681,EUREKA-VPL-007,nurse,2025-03-19 09:08:20.614470303,2025-03-19 09:09:24.105053864,BATH_B,B2.55 Badkamer,2.55,63.490583
RTLS_01613,EUREKA-VPL-014,nurse,2025-03-19 09:08:30.528148517,2025-03-19 09:08:53.629163429,ROOM_105,B2.82 1-bedskamer,2.82,23.101014
RTLS_00511,EUREKA-VPL-006,nurse,2025-03-19 09:08:34.285714285,2025-03-19 09:08:46.707597241,ROOM_106,B2.62 2-bedskamer,2.62,12.421882
RTLS_03074,Voedingspomp 1,equipment,2025-03-19 09:08:38.000000000,2025-03-19 09:08:44.000000000,UTIL_A,B2.63 Utility,2.63,6.0
RTLS_00029,EUREKA-VPL-001,nurse,2025-03-19 09:08:44.627528164,2025-03-19 09:10:08.635648359,ROOM_103,B2.78 1-bedskamer,2.78,84.00812
RTLS_00512,EUREKA-VPL-006,nurse,2025-03-19 09:08:46.707597241,2025-03-19 09:08:56.551058898,KITCHEN,B2.77 Keuken,2.77,9.843461
RTLS_01105,EUREKA-VPL-010,nurse,2025-03-19 09:08:48.674723327,2025-03-19 09:10:37.237212690,ROOM_107,B2.64 2-bedskamer,2.64,108.562489
RTLS_01614,EUREKA-VPL-014,nurse,2025-03-19 09:08:53.629163429,2025-03-19 09:09:02.180581788,ROOM_102,B2.76 1-bedskamer,2.76,8.551418
RTLS_00513,EUREKA-VPL-006,nurse,2025-03-19 09:08:56.551058898,2025-03-19 09:09:03.651466200,ROOM_102,B2.76 1-bedskamer,2.76,7.100407
RTLS_02644,Glucosemeter 2,equipment,2025-03-19 09:08:59.000000000,2025-03-19 09:09:27.000000000,NS_B,B2.71.01 Dienstplaats,2.71.01,28.0
RTLS_02538,Glucosemeter 1,equipment,2025-03-19 09:08:59.000000000,2025-03-19 09:09:22.000000000,NS_A,B2.71 Open wacht,2.71,23.0
RTLS_01615,EUREKA-VPL-014,nurse,2025-03-19 09:09:02.180581788,2025-03-19 09:09:20.301436851,ROOM_108,B2.66 2-bedskamer,2.66,18.120855
RTLS_00514,EUREKA-VPL-006,nurse,2025-03-19 09:09:03.651466200,2025-03-19 09:10:52.149556814,NS_B,B2.71.01 Dienstplaats,2.71.01,108.49809
RTLS_03285,Voedingspomp 3,equipment,2025-03-19 09:09:05.000000000,2025-03-19 09:09:37.000000000,UTIL_A,B2.63 Utility,2.63,32.0
RTLS_01616,EUREKA-VPL-014,nurse,2025-03-19 09:09:20.301436851,2025-03-19 09:11:00.643271035,ROOM_105,B2.82 1-bedskamer,2.82,100.341834
RTLS_00682,EUREKA-VPL-007,nurse,2025-03-19 09:09:24.105053864,2025-03-19 09:13:17.908719504,ROOM_110,B2.79 2-bedskamer,2.79,233.803665
RTLS_01875,Medicatiekar geel,equipment,2025-03-19 09:09:24.105053864,2025-03-19 09:13:17.908719504,ROOM_110,B2.79 2-bedskamer,2.79,233.803665
RTLS_02133,Infuuspomp 3,equipment,2025-03-19 09:09:25.000000000,2025-03-19 09:09:47.000000000,UTIL_B,B2.75 Utility,2.75,22.0
RTLS_03180,Voedingspomp 2,equipment,2025-03-19 09:09:54.000000000,2025-03-19 09:10:03.000000000,UTIL_B,B2.75 Utility,2.75,9.0
RTLS_02757,Toiletstoel 1,equipment,2025-03-19 09:09:57.000000000,2025-03-19 09:10:25.000000000,UTIL_A,B2.63 Utility,2.63,28.0
RTLS_00030,EUREKA-VPL-001,nurse,2025-03-19 09:10:08.635648359,2025-03-19 09:10:12.677795052,ROOM_105,B2.82 1-bedskamer,2.82,4.042146
RTLS_00031,EUREKA-VPL-001,nurse,2025-03-19 09:10:12.677795052,2025-03-19 09:10:19.860441110,KITCHEN,B2.77 Keuken,2.77,7.182646
RTLS_00032,EUREKA-VPL-001,nurse,2025-03-19 09:10:19.860441110,2025-03-19 09:11:26.064147331,ROOM_102,B2.76 1-bedskamer,2.76,66.203706
RTLS_01914,Infuuspomp 1,equipment,2025-03-19 09:10:29.000000000,2025-03-19 09:10:59.000000000,UTIL_A,B2.63 Utility,2.63,30.0
RTLS_01106,EUREKA-VPL-010,nurse,2025-03-19 09:10:37.237212690,2025-03-19 09:10:48.682369921,ROOM_103,B2.78 1-bedskamer,2.78,11.445157
RTLS_02968,Toiletstoel 3,equipment,2025-03-19 09:10:47.000000000,2025-03-19 09:11:01.000000000,STORAGE,B2.61 Opslag,2.61,14.0
RTLS_01107,EUREKA-VPL-010,nurse,2025-03-19 09:10:48.682369921,2025-03-19 09:11:10.570367716,ROOM_109,B2.68 2-bedskamer,2.68,21.887997
RTLS_00515,EUREKA-VPL-006,nurse,2025-03-19 09:10:52.149556814,2025-03-19 09:11:01.139859490,ROOM_107,B2.64 2-bedskamer,2.64,8.990302
RTLS_01617,EUREKA-VPL-014,nurse,2025-03-19 09:11:00.643271035,2025-03-19 09:11:01.643271035,ROOM_108,B2.66 2-bedskamer,2.66,1.0
RTLS_00516,EUREKA-VPL-006,nurse,2025-03-19 09:11:01.139859490,2025-03-19 09:11:02.139859490,ROOM_108,B2.66 2-bedskamer,2.66,1.0
RTLS_01618,EUREKA-VPL-014,nurse,2025-03-19 09:11:01.643271035,2025-03-19 09:11:53.122559180,NS_A,B2.71 Open wacht,2.71,51.479288
RTLS_00517,EUREKA-VPL-006,nurse,2025-03-19 09:11:02.139859490,2025-03-19 09:11:04.028929359,ROOM_101,B2.74 1-bedskamer,2.74,1.889069
RTLS_00518,EUREKA-VPL-006,nurse,2025-03-19 09:11:04.028929359,2025-03-19 09:11:05.040574055,ROOM_105,B2.82 1-bedskamer,2.82,1.011644
RTLS_00519,EUREKA-VPL-006,nurse,2025-03-19 09:11:05.040574055,2025-03-19 09:16:14.373341303,PREP_A,B2.71.02 Voorbereiding,2.71.02,309.332767
RTLS_01108,EUREKA-VPL-010,nurse,2025-03-19 09:11:10.570367716,2025-03-19 09:11:43.750234399,ROOM_106,B2.62 2-bedskamer,2.62,33.179866
RTLS_02436,Bladderscan,equipment,2025-03-19 09:11:17.000000000,2025-03-19 09:11:46.000000000,UTIL_A,B2.63 Utility,2.63,29.0
RTLS_03391,Voedingspomp 4,equipment,2025-03-19 09:11:21.000000000,2025-03-19 09:11:27.000000000,UTIL_B,B2.75 Utility,2.75,6.0
RTLS_00033,EUREKA-VPL-001,nurse,2025-03-19 09:11:26.064147331,2025-03-19 09:16:06.162255158,STORE_A,B2.53 Berging,2.53,280.098107
RTLS_03075,Voedingspomp 1,equipment,2025-03-19 09:11:28.000000000,2025-03-19 09:12:03.000000000,UTIL_A,B2.63 Utility,2.63,35.0
RTLS_00320,EUREKA-VPL-004,nurse,2025-03-19 09:11:37.519063557,2025-03-19 09:14:21.255031002,NS_B,B2.71.01 Dienstplaats,2.71.01,163.735967
RTLS_01109,EUREKA-VPL-010,nurse,2025-03-19 09:11:43.750234399,2025-03-19 09:11:53.330034581,NS_A,B2.71 Open wacht,2.71,9.5798
RTLS_01619,EUREKA-VPL-014,nurse,2025-03-19 09:11:53.122559180,2025-03-19 09:12:09.198303382,ROOM_108,B2.66 2-bedskamer,2.66,16.075744
RTLS_01110,EUREKA-VPL-010,nurse,2025-03-19 09:11:53.330034581,2025-03-19 09:20:54.580653018,PREP_B,B2.71.02 Voorbereiding,2.71.02,541.250618
RTLS_01483,EUREKA-VPL-013,nurse,2025-03-19 09:12:00.000000000,2025-03-19 09:16:06.087159314,NS_B,B2.71.01 Dienstplaats,2.71.01,246.087159
RTLS_01620,EUREKA-VPL-014,nurse,2025-03-19 09:12:09.198303382,2025-03-19 09:21:07.188855963,NS_B,B2.71.01 Dienstplaats,2.71.01,537.990552
RTLS_02241,Infuuspomp 4,equipment,2025-03-19 09:12:18.000000000,2025-03-19 09:12:44.000000000,UTIL_B,B2.75 Utility,2.75,26.0
RTLS_02020,Infuuspomp 2,equipment,2025-03-19 09:12:19.000000000,2025-03-19 09:12:36.000000000,UTIL_A,B2.63 Utility,2.63,17.0
RTLS_01915,Infuuspomp 1,equipment,2025-03-19 09:12:34.000000000,2025-03-19 09:12:44.000000000,UTIL_A,B2.63 Utility,2.63,10.0
RTLS_00396,EUREKA-VPL-005,nurse,2025-03-19 09:12:51.428571428,2025-03-19 09:13:25.697560548,KITCHEN,B2.77 Keuken,2.77,34.268989
RTLS_02134,Infuuspomp 3,equipment,2025-03-19 09:13:03.000000000,2025-03-19 09:13:09.000000000,UTIL_B,B2.75 Utility,2.75,6.0
RTLS_02341,Spuitaandrijver,equipment,2025-03-19 09:13:12.000000000,2025-03-19 09:13:38.000000000,UTIL_B,B2.75 Utility,2.75,26.0
RTLS_02758,Toiletstoel 1,equipment,2025-03-19 09:13:13.000000000,2025-03-19 09:13:26.000000000,UTIL_A,B2.63 Utility,2.63,13.0
RTLS_00683,EUREKA-VPL-007,nurse,2025-03-19 09:13:17.908719504,2025-03-19 09:13:40.845103575,ROOM_107,B2.64 2-bedskamer,2.64,22.936384
RTLS_00397,EUREKA-VPL-005,nurse,2025-03-19 09:13:25.697560548,2025-03-19 09:13:50.710657602,ROOM_102,B2.76 1-bedskamer,2.76,25.013097
RTLS_00684,EUREKA-VPL-007,nurse,2025-03-19 09:13:40.845103575,2025-03-19 09:15:45.004436569,ROOM_104,B2.80 1-bedskamer,2.80,124.159332
RTLS_02539,Glucosemeter 1,equipment,2025-03-19 09:13:45.000000000,2025-03-19 09:14:08.000000000,NS_A,B2.71 Open wacht,2.71,23.0
RTLS_00167,EUREKA-VPL-002,nurse,2025-03-19 09:13:46.090048407,2025-03-19 09:14:34.126883856,KITCHEN,B2.77 Keuken,2.77,48.036835
RTLS_00398,EUREKA-VPL-005,nurse,2025-03-19 09:13:50.710657602,2025-03-19 09:26:25.971387238,NS_B,B2.71.01 Dienstplaats,2.71.01,755.260729
RTLS_03498,Voedingspomp 5,equipment,2025-03-19 09:14:09.000000000,2025-03-19 09:14:24.000000000,UTIL_A,B2.63 Utility,2.63,15.0
RTLS_00254,EUREKA-VPL-003,nurse,2025-03-19 09:14:10.117974560,2025-03-19 09:14:22.956402325,KITCHEN,B2.77 Keuken,2.77,12.838427
RTLS_00321,EUREKA-VPL-004,nurse,2025-03-19 09:14:21.255031002,2025-03-19 09:14:25.568267340,UTIL_B,B2.75 Utility,2.75,4.313236
RTLS_00255,EUREKA-VPL-003,nurse,2025-03-19 09:14:22.956402325,2025-03-19 09:14:36.534542800,ROOM_108,B2.66 2-bedskamer,2.66,13.57814
RTLS_00168,EUREKA-VPL-002,nurse,2025-03-19 09:14:34.126883856,2025-03-19 09:14:43.835021472,KITCHEN,B2.77 Keuken,2.77,9.708137
RTLS_02863,Toiletstoel 2,equipment,2025-03-19 09:14:36.000000000,2025-03-19 09:14:57.000000000,UTIL_B,B2.75 Utility,2.75,21.0
RTLS_00256,EUREKA-VPL-003,nurse,2025-03-19 09:14:36.534542800,2025-03-19 09:19:22.417478578,NS_B,B2.71.01 Dienstplaats,2.71.01,285.882935
RTLS_03392,Voedingspomp 4,equipment,2025-03-19 09:14:37.000000000,2025-03-19 09:14:44.000000000,UTIL_B,B2.75 Utility,2.75,7.0
RTLS_00169,EUREKA-VPL-002,nurse,2025-03-19 09:14:43.835021472,2025-03-19 09:19:02.851911974,NS_A,B2.71 Open wacht,2.71,259.01689
RTLS_03181,Voedingspomp 2,equipment,2025-03-19 09:14:48.000000000,2025-03-19 09:15:21.000000000,UTIL_B,B2.75 Utility,2.75,33.0
RTLS_01781,EUREKA-VPL-015,nurse,2025-03-19 09:14:49.950706501,2025-03-19 09:28:22.965494401,PREP_A,B2.71.02 Voorbereiding,2.71.02,813.014787
RTLS_02135,Infuuspomp 3,equipment,2025-03-19 09:15:06.000000000,2025-03-19 09:15:26.000000000,UTIL_B,B2.75 Utility,2.75,20.0
RTLS_02342,Spuitaandrijver,equipment,2025-03-19 09:15:09.000000000,2025-03-19 09:15:27.000000000,UTIL_B,B2.75 Utility,2.75,18.0
RTLS_00685,EUREKA-VPL-007,nurse,2025-03-19 09:15:45.004436569,2025-03-19 09:15:48.288393798,ROOM_106,B2.62 2-bedskamer,2.62,3.283957
RTLS_00962,EUREKA-VPL-009,nurse,2025-03-19 09:15:46.288568828,2025-03-19 09:15:53.952657216,BATH_B,B2.55 Badkamer,2.55,7.664088
RTLS_00686,EUREKA-VPL-007,nurse,2025-03-19 09:15:48.288393798,2025-03-19 09:16:04.193878229,ROOM_104,B2.80 1-bedskamer,2.80,15.905484
RTLS_00963,EUREKA-VPL-009,nurse,2025-03-19 09:15:53.952657216,2025-03-19 09:16:42.864607913,ROOM_102,B2.76 1-bedskamer,2.76,48.91195
RTLS_00687,EUREKA-VPL-007,nurse,2025-03-19 09:16:04.193878229,2025-03-19 09:16:30.719810326,KITCHEN,B2.77 Keuken,2.77,26.525932
RTLS_02759,Toiletstoel 1,equipment,2025-03-19 09:16:06.000000000,2025-03-19 09:16:21.000000000,UTIL_A,B2.63 Utility,2.63,15.0
RTLS_01484,EUREKA-VPL-013,nurse,2025-03-19 09:16:06.087159314,2025-03-19 09:16:23.785175618,ROOM_103,B2.78 1-bedskamer,2.78,17.698016
RTLS_00034,EUREKA-VPL-001,nurse,2025-03-19 09:16:06.162255158,2025-03-19 09:16:15.837429713,ROOM_104,B2.80 1-bedskamer,2.80,9.675174
RTLS_03286,Voedingspomp 3,equipment,2025-03-19 09:16:09.000000000,2025-03-19 09:16:44.000000000,UTIL_A,B2.63 Utility,2.63,35.0
RTLS_03076,Voedingspomp 1,equipment,2025-03-19 09:16:10.000000000,2025-03-19 09:16:29.000000000,UTIL_A,B2.63 Utility,2.63,19.0
RTLS_00520,EUREKA-VPL-006,nurse,2025-03-19 09:16:14.373341303,2025-03-19 09:16:48.529666966,KITCHEN,B2.77 Keuken,2.77,34.156325
RTLS_00035,EUREKA-VPL-001,nurse,2025-03-19 09:16:15.837429713,2025-03-19 09:16:30.248545844,ROOM_101,B2.74 1-bedskamer,2.74,14.411116
RTLS_01291,EUREKA-VPL-011,nurse,2025-03-19 09:16:23.621442581,2025-03-19 09:16:48.892673616,ROOM_101,B2.74 1-bedskamer,2.74,25.271231
RTLS_01485,EUREKA-VPL-013,nurse,2025-03-19 09:16:23.785175618,2025-03-19 09:16:30.160018164,ROOM_104,B2.80 1-bedskamer,2.80,6.374842
RTLS_02242,Infuuspomp 4,equipment,2025-03-19 09:16:30.000000000,2025-03-19 09:16:55.000000000,UTIL_B,B2.75 Utility,2.75,25.0
RTLS_01486,EUREKA-VPL-013,nurse,2025-03-19 09:16:30.160018164,2025-03-19 09:16:46.766777829,ROOM_107,B2.64 2-bedskamer,2.64,16.606759
RTLS_00036,EUREKA-VPL-001,nurse,2025-03-19 09:16:30.248545844,2025-03-19 09:16:34.776727697,ROOM_108,B2.66 2-bedskamer,2.66,4.528181
RTLS_00688,EUREKA-VPL-007,nurse,2025-03-19 09:16:30.719810326,2025-03-19 09:16:48.204551201,STORAGE,B2.61 Opslag,2.61,17.48474
RTLS_00037,EUREKA-VPL-001,nurse,2025-03-19 09:16:34.776727697,2025-03-19 09:16:47.498796011,ROOM_105,B2.82 1-bedskamer,2.82,12.722068
RTLS_02645,Glucosemeter 2,equipment,2025-03-19 09:16:39.000000000,2025-03-19 09:16:59.000000000,NS_B,B2.71.01 Dienstplaats,2.71.01,20.0
RTLS_00964,EUREKA-VPL-009,nurse,2025-03-19 09:16:42.864607913,2025-03-19 09:16:59.278714943,KITCHEN,B2.77 Keuken,2.77,16.414107
RTLS_01487,EUREKA-VPL-013,nurse,2025-03-19 09:16:46.766777829,2025-03-19 09:17:31.519670244,STORAGE,B2.61 Opslag,2.61,44.752892
RTLS_02540,Glucosemeter 1,equipment,2025-03-19 09:16:47.000000000,2025-03-19 09:17:12.000000000,NS_A,B2.71 Open wacht,2.71,25.0
RTLS_00038,EUREKA-VPL-001,nurse,2025-03-19 09:16:47.498796011,2025-03-19 09:19:20.643968935,NS_A,B2.71 Open wacht,2.71,153.145172
RTLS_00689,EUREKA-VPL-007,nurse,2025-03-19 09:16:48.204551201,2025-03-19 09:17:11.547511655,ROOM_103,B2.78 1-bedskamer,2.78,23.34296
RTLS_00521,EUREKA-VPL-006,nurse,2025-03-19 09:16:48.529666966,2025-03-19 09:16:55.870224450,KITCHEN,B2.77 Keuken,2.77,7.340557
RTLS_01292,EUREKA-VPL-011,nurse,2025-03-19 09:16:48.892673616,2025-03-19 09:16:51.769154705,BATHROOM,B2.57 Stortbad,2.57,2.876481
RTLS_01293,EUREKA-VPL-011,nurse,2025-03-19 09:16:51.769154705,2025-03-19 09:17:10.539272751,KITCHEN,B2.77 Keuken,2.77,18.770118
RTLS_00522,EUREKA-VPL-006,nurse,2025-03-19 09:16:55.870224450,2025-03-19 09:17:06.792805616,ROOM_101,B2.74 1-bedskamer,2.74,10.922581
RTLS_00965,EUREKA-VPL-009,nurse,2025-03-19 09:16:59.278714943,2025-03-19 09:17:44.111191495,ROOM_103,B2.78 1-bedskamer,2.78,44.832476
RTLS_00523,EUREKA-VPL-006,nurse,2025-03-19 09:17:06.792805616,2025-03-19 09:17:17.880570412,STORE_A,B2.53 Berging,2.53,11.087764
RTLS_01294,EUREKA-VPL-011,nurse,2025-03-19 09:17:10.539272751,2025-03-19 09:17:16.677366207,NS_B,B2.71.01 Dienstplaats,2.71.01,6.138093
RTLS_01295,EUREKA-VPL-011,nurse,2025-03-19 09:17:16.677366207,2025-03-19 09:18:32.516731473,KITCHEN,B2.77 Keuken,2.77,75.839365
RTLS_00524,EUREKA-VPL-006,nurse,2025-03-19 09:17:17.880570412,2025-03-19 09:17:23.981186929,PREP_B,B2.71.02 Voorbereiding,2.71.02,6.100616
RTLS_00525,EUREKA-VPL-006,nurse,2025-03-19 09:17:23.981186929,2025-03-19 09:18:27.652403497,STORAGE,B2.61 Opslag,2.61,63.671216
RTLS_01488,EUREKA-VPL-013,nurse,2025-03-19 09:17:31.519670244,2025-03-19 09:31:41.013113244,UTIL_A,B2.63 Utility,2.63,849.493443
RTLS_02343,Spuitaandrijver,equipment,2025-03-19 09:17:36.000000000,2025-03-19 09:17:57.000000000,UTIL_B,B2.75 Utility,2.75,21.0
RTLS_02969,Toiletstoel 3,equipment,2025-03-19 09:17:44.000000000,2025-03-19 09:18:10.000000000,STORAGE,B2.61 Opslag,2.61,26.0
RTLS_00966,EUREKA-VPL-009,nurse,2025-03-19 09:17:44.111191495,2025-03-19 09:17:49.371511895,ROOM_101,B2.74 1-bedskamer,2.74,5.26032
RTLS_00967,EUREKA-VPL-009,nurse,2025-03-19 09:17:49.371511895,2025-03-19 09:19:19.623775678,ROOM_105,B2.82 1-bedskamer,2.82,90.252263
RTLS_01880,Medicatiekar geel,equipment,2025-03-19 09:17:49.371511895,2025-03-19 09:19:19.623775678,ROOM_105,B2.82 1-bedskamer,2.82,90.252263
RTLS_02437,Bladderscan,equipment,2025-03-19 09:18:04.000000000,2025-03-19 09:18:25.000000000,UTIL_A,B2.63 Utility,2.63,21.0
RTLS_00526,EUREKA-VPL-006,nurse,2025-03-19 09:18:27.652403497,2025-03-19 09:18:53.407921086,ROOM_107,B2.64 2-bedskamer,2.64,25.755517
RTLS_01296,EUREKA-VPL-011,nurse,2025-03-19 09:18:32.516731473,2025-03-19 09:28:14.653872081,PREP_B,B2.71.02 Voorbereiding,2.71.02,582.13714
RTLS_01916,Infuuspomp 1,equipment,2025-03-19 09:18:50.000000000,2025-03-19 09:19:15.000000000,UTIL_A,B2.63 Utility,2.63,25.0
RTLS_00527,EUREKA-VPL-006,nurse,2025-03-19 09:18:53.407921086,2025-03-19 09:19:53.143696914,ROOM_103,B2.78 1-bedskamer,2.78,59.735775
RTLS_02136,Infuuspomp 3,equipment,2025-03-19 09:18:57.000000000,2025-03-19 09:19:30.000000000,UTIL_B,B2.75 Utility,2.75,33.0
RTLS_02021,Infuuspomp 2,equipment,2025-03-19 09:18:58.000000000,2025-03-19 09:19:35.000000000,UTIL_A,B2.63 Utility,2.63,37.0
RTLS_00170,EUREKA-VPL-002,nurse,2025-03-19 09:19:02.851911974,2025-03-19 09:56:21.139526930,PREP_A,B2.71.02 Voorbereiding,2.71.02,2238.287614
RTLS_03077,Voedingspomp 1,equipment,2025-03-19 09:19:09.000000000,2025-03-19 09:19:22.000000000,UTIL_A,B2.63 Utility,2.63,13.0
RTLS_03287,Voedingspomp 3,equipment,2025-03-19 09:19:16.000000000,2025-03-19 09:19:44.000000000,UTIL_A,B2.63 Utility,2.63,28.0
RTLS_00968,EUREKA-VPL-009,nurse,2025-03-19 09:19:19.623775678,2025-03-19 09:19:49.326912275,ROOM_104,B2.80 1-bedskamer,2.80,29.703136
RTLS_00257,EUREKA-VPL-003,nurse,2025-03-19 09:19:22.417478578,2025-03-19 09:22:05.880446800,NS_A,B2.71 Open wacht,2.71,163.462968
RTLS_03393,Voedingspomp 4,equipment,2025-03-19 09:19:28.000000000,2025-03-19 09:20:02.000000000,UTIL_B,B2.75 Utility,2.75,34.0
RTLS_02864,Toiletstoel 2,equipment,2025-03-19 09:19:35.000000000,2025-03-19 09:20:11.000000000,UTIL_B,B2.75 Utility,2.75,36.0
RTLS_02541,Glucosemeter 1,equipment,2025-03-19 09:19:48.000000000,2025-03-19 09:20:11.000000000,NS_A,B2.71 Open wacht,2.71,23.0
RTLS_00969,EUREKA-VPL-009,nurse,2025-03-19 09:19:49.326912275,2025-03-19 09:19:53.355275443,ROOM_110,B2.79 2-bedskamer,2.79,4.028363
RTLS_00528,EUREKA-VPL-006,nurse,2025-03-19 09:19:53.143696914,2025-03-19 09:21:27.389326657,KITCHEN,B2.77 Keuken,2.77,94.245629
RTLS_00970,EUREKA-VPL-009,nurse,2025-03-19 09:19:53.355275443,2025-03-19 09:20:04.475066715,KITCHEN,B2.77 Keuken,2.77,11.119791
RTLS_03499,Voedingspomp 5,equipment,2025-03-19 09:20:05.000000000,2025-03-19 09:20:32.000000000,UTIL_A,B2.63 Utility,2.63,27.0
RTLS_02022,Infuuspomp 2,equipment,2025-03-19 09:20:27.000000000,2025-03-19 09:20:47.000000000,UTIL_A,B2.63 Utility,2.63,20.0
RTLS_03182,Voedingspomp 2,equipment,2025-03-19 09:20:37.000000000,2025-03-19 09:20:49.000000000,UTIL_B,B2.75 Utility,2.75,12.0
RTLS_01111,EUREKA-VPL-010,nurse,2025-03-19 09:20:54.580653018,2025-03-19 09:25:46.505880879,NS_B,B2.71.01 Dienstplaats,2.71.01,291.925227
RTLS_01621,EUREKA-VPL-014,nurse,2025-03-19 09:21:07.188855963,2025-03-19 09:21:49.431148024,STORE_A,B2.53 Berging,2.53,42.242292
RTLS_00529,EUREKA-VPL-006,nurse,2025-03-19 09:21:27.389326657,2025-03-19 09:45:58.607612439,NS_B,B2.71.01 Dienstplaats,2.71.01,1471.218285
RTLS_01622,EUREKA-VPL-014,nurse,2025-03-19 09:21:49.431148024,2025-03-19 09:22:24.674428128,NS_B,B2.71.01 Dienstplaats,2.71.01,35.24328
RTLS_00258,EUREKA-VPL-003,nurse,2025-03-19 09:22:05.880446800,2025-03-19 09:49:51.914173924,UTIL_B,B2.75 Utility,2.75,1666.033727
RTLS_01623,EUREKA-VPL-014,nurse,2025-03-19 09:22:24.674428128,2025-03-19 09:22:47.324952433,ROOM_106,B2.62 2-bedskamer,2.62,22.650524
RTLS_02023,Infuuspomp 2,equipment,2025-03-19 09:22:25.000000000,2025-03-19 09:22:44.000000000,UTIL_A,B2.63 Utility,2.63,19.0
RTLS_03183,Voedingspomp 2,equipment,2025-03-19 09:22:30.000000000,2025-03-19 09:22:49.000000000,UTIL_B,B2.75 Utility,2.75,19.0
RTLS_01624,EUREKA-VPL-014,nurse,2025-03-19 09:22:47.324952433,2025-03-19 09:23:02.857203121,ROOM_104,B2.80 1-bedskamer,2.80,15.53225
RTLS_02760,Toiletstoel 1,equipment,2025-03-19 09:22:48.000000000,2025-03-19 09:23:01.000000000,UTIL_A,B2.63 Utility,2.63,13.0
RTLS_01625,EUREKA-VPL-014,nurse,2025-03-19 09:23:02.857203121,2025-03-19 09:23:20.094143472,ROOM_110,B2.79 2-bedskamer,2.79,17.23694
RTLS_01626,EUREKA-VPL-014,nurse,2025-03-19 09:23:20.094143472,2025-03-19 09:23:54.538577185,ROOM_105,B2.82 1-bedskamer,2.82,34.444433
RTLS_02243,Infuuspomp 4,equipment,2025-03-19 09:23:36.000000000,2025-03-19 09:23:48.000000000,UTIL_B,B2.75 Utility,2.75,12.0
RTLS_01917,Infuuspomp 1,equipment,2025-03-19 09:23:48.000000000,2025-03-19 09:24:21.000000000,UTIL_A,B2.63 Utility,2.63,33.0
RTLS_01627,EUREKA-VPL-014,nurse,2025-03-19 09:23:54.538577185,2025-03-19 09:24:02.006860152,NS_B,B2.71.01 Dienstplaats,2.71.01,7.468282
RTLS_03394,Voedingspomp 4,equipment,2025-03-19 09:23:59.000000000,2025-03-19 09:24:34.000000000,UTIL_B,B2.75 Utility,2.75,35.0
RTLS_01628,EUREKA-VPL-014,nurse,2025-03-19 09:24:02.006860152,2025-03-19 09:24:10.247619506,ROOM_109,B2.68 2-bedskamer,2.68,8.240759
RTLS_02344,Spuitaandrijver,equipment,2025-03-19 09:24:19.000000000,2025-03-19 09:24:31.000000000,UTIL_B,B2.75 Utility,2.75,12.0
RTLS_02646,Glucosemeter 2,equipment,2025-03-19 09:24:23.000000000,2025-03-19 09:24:45.000000000,NS_B,B2.71.01 Dienstplaats,2.71.01,22.0
RTLS_02438,Bladderscan,equipment,2025-03-19 09:24:28.000000000,2025-03-19 09:24:35.000000000,UTIL_A,B2.63 Utility,2.63,7.0
RTLS_03078,Voedingspomp 1,equipment,2025-03-19 09:24:40.000000000,2025-03-19 09:25:17.000000000,UTIL_A,B2.63 Utility,2.63,37.0
RTLS_02542,Glucosemeter 1,equipment,2025-03-19 09:25:00.000000000,2025-03-19 09:25:26.000000000,NS_A,B2.71 Open wacht,2.71,26.0
RTLS_02865,Toiletstoel 2,equipment,2025-03-19 09:25:18.000000000,2025-03-19 09:25:23.000000000,UTIL_B,B2.75 Utility,2.75,5.0
RTLS_03288,Voedingspomp 3,equipment,2025-03-19 09:25:22.000000000,2025-03-19 09:25:53.000000000,UTIL_A,B2.63 Utility,2.63,31.0
RTLS_02970,Toiletstoel 3,equipment,2025-03-19 09:25:29.000000000,2025-03-19 09:26:05.000000000,STORAGE,B2.61 Opslag,2.61,36.0
RTLS_02137,Infuuspomp 3,equipment,2025-03-19 09:25:36.000000000,2025-03-19 09:25:46.000000000,UTIL_B,B2.75 Utility,2.75,10.0
RTLS_02244,Infuuspomp 4,equipment,2025-03-19 09:25:38.000000000,2025-03-19 09:25:57.000000000,UTIL_B,B2.75 Utility,2.75,19.0
RTLS_02761,Toiletstoel 1,equipment,2025-03-19 09:25:41.000000000,2025-03-19 09:26:17.000000000,UTIL_A,B2.63 Utility,2.63,36.0
RTLS_01112,EUREKA-VPL-010,nurse,2025-03-19 09:25:46.505880879,2025-03-19 09:25:48.274852607,ROOM_104,B2.80 1-bedskamer,2.80,1.768971
RTLS_01113,EUREKA-VPL-010,nurse,2025-03-19 09:25:48.274852607,2025-03-19 09:31:45.052292081,NS_B,B2.71.01 Dienstplaats,2.71.01,356.777439
RTLS_00399,EUREKA-VPL-005,nurse,2025-03-19 09:26:25.971387238,2025-03-19 09:26:30.798635654,ROOM_102,B2.76 1-bedskamer,2.76,4.827248
RTLS_00400,EUREKA-VPL-005,nurse,2025-03-19 09:26:30.798635654,2025-03-19 09:28:05.238764414,ROOM_104,B2.80 1-bedskamer,2.80,94.440128
RTLS_03184,Voedingspomp 2,equipment,2025-03-19 09:26:49.000000000,2025-03-19 09:27:05.000000000,UTIL_B,B2.75 Utility,2.75,16.0
RTLS_01918,Infuuspomp 1,equipment,2025-03-19 09:27:14.000000000,2025-03-19 09:27:35.000000000,UTIL_A,B2.63 Utility,2.63,21.0
RTLS_02245,Infuuspomp 4,equipment,2025-03-19 09:27:20.000000000,2025-03-19 09:27:52.000000000,UTIL_B,B2.75 Utility,2.75,32.0
RTLS_02866,Toiletstoel 2,equipment,2025-03-19 09:27:24.000000000,2025-03-19 09:27:43.000000000,UTIL_B,B2.75 Utility,2.75,19.0
RTLS_02024,Infuuspomp 2,equipment,2025-03-19 09:27:42.000000000,2025-03-19 09:28:00.000000000,UTIL_A,B2.63 Utility,2.63,18.0
RTLS_03500,Voedingspomp 5,equipment,2025-03-19 09:27:53.000000000,2025-03-19 09:28:01.000000000,UTIL_A,B2.63 Utility,2.63,8.0
RTLS_00401,EUREKA-VPL-005,nurse,2025-03-19 09:28:05.238764414,2025-03-19 09:28:32.277791896,KITCHEN,B2.77 Keuken,2.77,27.039027
RTLS_01297,EUREKA-VPL-011,nurse,2025-03-19 09:28:14.653872081,2025-03-19 09:29:08.801269260,NS_A,B2.71 Open wacht,2.71,54.147397
RTLS_01782,EUREKA-VPL-015,nurse,2025-03-19 09:28:22.965494401,2025-03-19 09:28:29.763570491,STORE_A,B2.53 Berging,2.53,6.798076
RTLS_01783,EUREKA-VPL-015,nurse,2025-03-19 09:28:29.763570491,2025-03-19 09:36:30.203275558,STORE_C,B2.65 Berging,2.65,480.439705
RTLS_00402,EUREKA-VPL-005,nurse,2025-03-19 09:28:32.277791896,2025-03-19 09:30:48.968186337,ROOM_110,B2.79 2-bedskamer,2.79,136.690394
RTLS_01873,Medicatiekar geel,equipment,2025-03-19 09:28:32.277791896,2025-03-19 09:30:48.968186337,ROOM_110,B2.79 2-bedskamer,2.79,136.690394
RTLS_03185,Voedingspomp 2,equipment,2025-03-19 09:28:39.000000000,2025-03-19 09:28:47.000000000,UTIL_B,B2.75 Utility,2.75,8.0
RTLS_02867,Toiletstoel 2,equipment,2025-03-19 09:28:47.000000000,2025-03-19 09:28:57.000000000,UTIL_B,B2.75 Utility,2.75,10.0
RTLS_01298,EUREKA-VPL-011,nurse,2025-03-19 09:29:08.801269260,2025-03-19 09:29:15.798491383,ROOM_108,B2.66 2-bedskamer,2.66,6.997222
RTLS_01299,EUREKA-VPL-011,nurse,2025-03-19 09:29:15.798491383,2025-03-19 09:29:48.796900629,ROOM_107,B2.64 2-bedskamer,2.64,32.998409
RTLS_01408,EUREKA-VPL-012,nurse,2025-03-19 09:29:41.218488819,2025-03-19 09:33:34.288548353,NS_B,B2.71.01 Dienstplaats,2.71.01,233.070059
RTLS_02971,Toiletstoel 3,equipment,2025-03-19 09:29:44.000000000,2025-03-19 09:30:12.000000000,STORAGE,B2.61 Opslag,2.61,28.0
RTLS_02439,Bladderscan,equipment,2025-03-19 09:29:44.000000000,2025-03-19 09:30:11.000000000,UTIL_A,B2.63 Utility,2.63,27.0
RTLS_01300,EUREKA-VPL-011,nurse,2025-03-19 09:29:48.796900629,2025-03-19 09:30:26.061814731,KITCHEN,B2.77 Keuken,2.77,37.264914
RTLS_01301,EUREKA-VPL-011,nurse,2025-03-19 09:30:26.061814731,2025-03-19 09:33:33.826941823,ROOM_101,B2.74 1-bedskamer,2.74,187.765127
RTLS_02138,Infuuspomp 3,equipment,2025-03-19 09:30:34.000000000,2025-03-19 09:30:53.000000000,UTIL_B,B2.75 Utility,2.75,19.0
RTLS_00403,EUREKA-VPL-005,nurse,2025-03-19 09:30:48.968186337,2025-03-19 09:31:03.922936648,ROOM_104,B2.80 1-bedskamer,2.80,14.95475
RTLS_02025,Infuuspomp 2,equipment,2025-03-19 09:30:54.000000000,2025-03-19 09:31:09.000000000,UTIL_A,B2.63 Utility,2.63,15.0
RTLS_00404,EUREKA-VPL-005,nurse,2025-03-19 09:31:03.922936648,2025-03-19 09:31:04.922936648,KITCHEN,B2.77 Keuken,2.77,1.0
RTLS_00405,EUREKA-VPL-005,nurse,2025-03-19 09:31:04.922936648,2025-03-19 09:31:05.922936648,STORAGE,B2.61 Opslag,2.61,1.0
RTLS_00406,EUREKA-VPL-005,nurse,2025-03-19 09:31:05.922936648,2025-03-19 09:31:10.671451219,ROOM_105,B2.82 1-bedskamer,2.82,4.748514
RTLS_03079,Voedingspomp 1,equipment,2025-03-19 09:31:07.000000000,2025-03-19 09:31:36.000000000,UTIL_A,B2.63 Utility,2.63,29.0
RTLS_00407,EUREKA-VPL-005,nurse,2025-03-19 09:31:10.671451219,2025-03-19 09:31:19.680335398,ROOM_110,B2.79 2-bedskamer,2.79,9.008884
RTLS_00408,EUREKA-VPL-005,nurse,2025-03-19 09:31:19.680335398,2025-03-19 09:31:32.140502813,ROOM_104,B2.80 1-bedskamer,2.80,12.460167
RTLS_02762,Toiletstoel 1,equipment,2025-03-19 09:31:30.000000000,2025-03-19 09:31:41.000000000,UTIL_A,B2.63 Utility,2.63,11.0
RTLS_02647,Glucosemeter 2,equipment,2025-03-19 09:31:34.000000000,2025-03-19 09:32:03.000000000,NS_B,B2.71.01 Dienstplaats,2.71.01,29.0
RTLS_02543,Glucosemeter 1,equipment,2025-03-19 09:31:37.000000000,2025-03-19 09:32:11.000000000,NS_A,B2.71 Open wacht,2.71,34.0
RTLS_01489,EUREKA-VPL-013,nurse,2025-03-19 09:31:41.013113244,2025-03-19 09:32:20.228712984,NS_B,B2.71.01 Dienstplaats,2.71.01,39.215599
RTLS_01114,EUREKA-VPL-010,nurse,2025-03-19 09:31:45.052292081,2025-03-19 09:38:48.789218831,UTIL_A,B2.63 Utility,2.63,423.736926
RTLS_03395,Voedingspomp 4,equipment,2025-03-19 09:31:57.000000000,2025-03-19 09:32:03.000000000,UTIL_B,B2.75 Utility,2.75,6.0
RTLS_02345,Spuitaandrijver,equipment,2025-03-19 09:32:02.000000000,2025-03-19 09:32:11.000000000,UTIL_B,B2.75 Utility,2.75,9.0
RTLS_03289,Voedingspomp 3,equipment,2025-03-19 09:32:07.000000000,2025-03-19 09:32:43.000000000,UTIL_A,B2.63 Utility,2.63,36.0
RTLS_01490,EUREKA-VPL-013,nurse,2025-03-19 09:32:20.228712984,2025-03-19 09:37:08.330849735,STORE_C,B2.65 Berging,2.65,288.102136
RTLS_02139,Infuuspomp 3,equipment,2025-03-19 09:32:23.000000000,2025-03-19 09:32:49.000000000,UTIL_B,B2.75 Utility,2.75,26.0
RTLS_01919,Infuuspomp 1,equipment,2025-03-19 09:32:30.000000000,2025-03-19 09:32:59.000000000,UTIL_A,B2.63 Utility,2.63,29.0
RTLS_03186,Voedingspomp 2,equipment,2025-03-19 09:33:10.000000000,2025-03-19 09:33:46.000000000,UTIL_B,B2.75 Utility,2.75,36.0
RTLS_01409,EUREKA-VPL-012,nurse,2025-03-19 09:33:34.288548353,2025-03-19 09:33:45.947085843,KITCHEN,B2.77 Keuken,2.77,11.658537
RTLS_02346,Spuitaandrijver,equipment,2025-03-19 09:33:40.000000000,2025-03-19 09:34:17.000000000,UTIL_B,B2.75 Utility,2.75,37.0
RTLS_01410,EUREKA-VPL-012,nurse,2025-03-19 09:33:45.947085843,2025-03-19 09:34:16.133799798,ROOM_107,B2.64 2-bedskamer,2.64,30.186713
RTLS_02648,Glucosemeter 2,equipment,2025-03-19 09:33:46.000000000,2025-03-19 09:34:12.000000000,NS_B,B2.71.01 Dienstplaats,2.71.01,26.0
RTLS_02026,Infuuspomp 2,equipment,2025-03-19 09:33:59.000000000,2025-03-19 09:34:14.000000000,UTIL_A,B2.63 Utility,2.63,15.0
RTLS_01411,EUREKA-VPL-012,nurse,2025-03-19 09:34:16.133799798,2025-03-19 09:43:14.186603052,STORE_A,B2.53 Berging,2.53,538.052803
RTLS_02972,Toiletstoel 3,equipment,2025-03-19 09:34:24.000000000,2025-03-19 09:34:45.000000000,STORAGE,B2.61 Opslag,2.61,21.0
RTLS_02440,Bladderscan,equipment,2025-03-19 09:34:25.000000000,2025-03-19 09:34:53.000000000,UTIL_A,B2.63 Utility,2.63,28.0
RTLS_02868,Toiletstoel 2,equipment,2025-03-19 09:35:06.000000000,2025-03-19 09:35:15.000000000,UTIL_B,B2.75 Utility,2.75,9.0
RTLS_02246,Infuuspomp 4,equipment,2025-03-19 09:35:13.000000000,2025-03-19 09:35:37.000000000,UTIL_B,B2.75 Utility,2.75,24.0
RTLS_03501,Voedingspomp 5,equipment,2025-03-19 09:35:20.000000000,2025-03-19 09:35:27.000000000,UTIL_A,B2.63 Utility,2.63,7.0
RTLS_03080,Voedingspomp 1,equipment,2025-03-19 09:35:36.000000000,2025-03-19 09:35:44.000000000,UTIL_A,B2.63 Utility,2.63,8.0
RTLS_02347,Spuitaandrijver,equipment,2025-03-19 09:35:47.000000000,2025-03-19 09:36:16.000000000,UTIL_B,B2.75 Utility,2.75,29.0
RTLS_01920,Infuuspomp 1,equipment,2025-03-19 09:36:02.000000000,2025-03-19 09:36:27.000000000,UTIL_A,B2.63 Utility,2.63,25.0
RTLS_03396,Voedingspomp 4,equipment,2025-03-19 09:36:21.000000000,2025-03-19 09:36:43.000000000,UTIL_B,B2.75 Utility,2.75,22.0
RTLS_01784,EUREKA-VPL-015,nurse,2025-03-19 09:36:30.203275558,2025-03-19 09:39:02.759534185,ROOM_106,B2.62 2-bedskamer,2.62,152.556258
RTLS_03290,Voedingspomp 3,equipment,2025-03-19 09:36:45.000000000,2025-03-19 09:36:52.000000000,UTIL_A,B2.63 Utility,2.63,7.0
RTLS_01491,EUREKA-VPL-013,nurse,2025-03-19 09:37:08.330849735,2025-03-19 09:37:27.496644834,ROOM_109,B2.68 2-bedskamer,2.68,19.165795
RTLS_02869,Toiletstoel 2,equipment,2025-03-19 09:37:12.000000000,2025-03-19 09:37:33.000000000,UTIL_B,B2.75 Utility,2.75,21.0
RTLS_02140,Infuuspomp 3,equipment,2025-03-19 09:37:15.000000000,2025-03-19 09:37:22.000000000,UTIL_B,B2.75 Utility,2.75,7.0
RTLS_01492,EUREKA-VPL-013,nurse,2025-03-19 09:37:27.496644834,2025-03-19 09:38:14.372798375,ROOM_105,B2.82 1-bedskamer,2.82,46.876153
RTLS_02027,Infuuspomp 2,equipment,2025-03-19 09:37:34.000000000,2025-03-19 09:38:01.000000000,UTIL_A,B2.63 Utility,2.63,27.0
RTLS_02544,Glucosemeter 1,equipment,2025-03-19 09:38:14.000000000,2025-03-19 09:38:45.000000000,NS_A,B2.71 Open wacht,2.71,31.0
RTLS_01493,EUREKA-VPL-013,nurse,2025-03-19 09:38:14.372798375,2025-03-19 09:40:56.396312480,NS_B,B2.71.01 Dienstplaats,2.71.01,162.023514
RTLS_02763,Toiletstoel 1,equipment,2025-03-19 09:38:20.000000000,2025-03-19 09:38:31.000000000,UTIL_A,B2.63 Utility,2.63,11.0
RTLS_03187,Voedingspomp 2,equipment,2025-03-19 09:38:36.000000000,2025-03-19 09:38:55.000000000,UTIL_B,B2.75 Utility,2.75,19.0
RTLS_01115,EUREKA-VPL-010,nurse,2025-03-19 09:38:48.789218831,2025-03-19 09:44:35.483068194,NS_A,B2.71 Open wacht,2.71,346.693849
RTLS_02870,Toiletstoel 2,equipment,2025-03-19 09:38:59.000000000,2025-03-19 09:39:12.000000000,UTIL_B,B2.75 Utility,2.75,13.0
RTLS_03291,Voedingspomp 3,equipment,2025-03-19 09:38:59.000000000,2025-03-19 09:39:33.000000000,UTIL_A,B2.63 Utility,2.63,34.0
RTLS_02441,Bladderscan,equipment,2025-03-19 09:39:01.000000000,2025-03-19 09:39:23.000000000,UTIL_A,B2.63 Utility,2.63,22.0
RTLS_01785,EUREKA-VPL-015,nurse,2025-03-19 09:39:02.759534185,2025-03-19 09:39:05.598821072,NS_B,B2.71.01 Dienstplaats,2.71.01,2.839286
RTLS_01786,EUREKA-VPL-015,nurse,2025-03-19 09:39:05.598821072,2025-03-19 09:39:36.239018636,KITCHEN,B2.77 Keuken,2.77,30.640197
RTLS_02028,Infuuspomp 2,equipment,2025-03-19 09:39:29.000000000,2025-03-19 09:39:35.000000000,UTIL_A,B2.63 Utility,2.63,6.0
RTLS_01787,EUREKA-VPL-015,nurse,2025-03-19 09:39:36.239018636,2025-03-19 09:39:37.709580881,NS_A,B2.71 Open wacht,2.71,1.470562
RTLS_01788,EUREKA-VPL-015,nurse,2025-03-19 09:39:37.709580881,2025-03-19 09:44:52.556910931,BATH_B,B2.55 Badkamer,2.55,314.84733
RTLS_03397,Voedingspomp 4,equipment,2025-03-19 09:40:08.000000000,2025-03-19 09:40:40.000000000,UTIL_B,B2.75 Utility,2.75,32.0
RTLS_01921,Infuuspomp 1,equipment,2025-03-19 09:40:17.000000000,2025-03-19 09:40:39.000000000,UTIL_A,B2.63 Utility,2.63,22.0
RTLS_02764,Toiletstoel 1,equipment,2025-03-19 09:40:26.000000000,2025-03-19 09:40:45.000000000,UTIL_A,B2.63 Utility,2.63,19.0
RTLS_02973,Toiletstoel 3,equipment,2025-03-19 09:40:33.000000000,2025-03-19 09:41:00.000000000,STORAGE,B2.61 Opslag,2.61,27.0
RTLS_02649,Glucosemeter 2,equipment,2025-03-19 09:40:55.000000000,2025-03-19 09:41:04.000000000,NS_B,B2.71.01 Dienstplaats,2.71.01,9.0
RTLS_01494,EUREKA-VPL-013,nurse,2025-03-19 09:40:56.396312480,2025-03-19 09:42:50.894266392,ROOM_106,B2.62 2-bedskamer,2.62,114.497953
RTLS_02141,Infuuspomp 3,equipment,2025-03-19 09:41:20.000000000,2025-03-19 09:41:49.000000000,UTIL_B,B2.75 Utility,2.75,29.0
RTLS_03081,Voedingspomp 1,equipment,2025-03-19 09:41:25.000000000,2025-03-19 09:41:56.000000000,UTIL_A,B2.63 Utility,2.63,31.0
RTLS_03502,Voedingspomp 5,equipment,2025-03-19 09:42:10.000000000,2025-03-19 09:42:36.000000000,UTIL_A,B2.63 Utility,2.63,26.0
RTLS_02348,Spuitaandrijver,equipment,2025-03-19 09:42:13.000000000,2025-03-19 09:42:28.000000000,UTIL_B,B2.75 Utility,2.75,15.0
RTLS_01495,EUREKA-VPL-013,nurse,2025-03-19 09:42:50.894266392,2025-03-19 10:00:00.000000000,PREP_B,B2.71.02 Voorbereiding,2.71.02,1029.105733
RTLS_02247,Infuuspomp 4,equipment,2025-03-19 09:43:01.000000000,2025-03-19 09:43:08.000000000,UTIL_B,B2.75 Utility,2.75,7.0
RTLS_01412,EUREKA-VPL-012,nurse,2025-03-19 09:43:14.186603052,2025-03-19 10:00:00.000000000,UTIL_A,B2.63 Utility,2.63,1005.813396
RTLS_02349,Spuitaandrijver,equipment,2025-03-19 09:43:43.000000000,2025-03-19 09:43:58.000000000,UTIL_B,B2.75 Utility,2.75,15.0
RTLS_02029,Infuuspomp 2,equipment,2025-03-19 09:43:53.000000000,2025-03-19 09:44:20.000000000,UTIL_A,B2.63 Utility,2.63,27.0
RTLS_03398,Voedingspomp 4,equipment,2025-03-19 09:44:09.000000000,2025-03-19 09:44:15.000000000,UTIL_B,B2.75 Utility,2.75,6.0
RTLS_02442,Bladderscan,equipment,2025-03-19 09:44:16.000000000,2025-03-19 09:44:47.000000000,UTIL_A,B2.63 Utility,2.63,31.0
RTLS_01116,EUREKA-VPL-010,nurse,2025-03-19 09:44:35.483068194,2025-03-19 09:44:55.373509074,ROOM_108,B2.66 2-bedskamer,2.66,19.89044
RTLS_02142,Infuuspomp 3,equipment,2025-03-19 09:44:50.000000000,2025-03-19 09:45:06.000000000,UTIL_B,B2.75 Utility,2.75,16.0
RTLS_01789,EUREKA-VPL-015,nurse,2025-03-19 09:44:52.556910931,2025-03-19 09:46:20.192837201,ROOM_102,B2.76 1-bedskamer,2.76,87.635926
RTLS_01889,Medicatiekar geel,equipment,2025-03-19 09:44:52.556910931,2025-03-19 09:46:20.192837201,ROOM_102,B2.76 1-bedskamer,2.76,87.635926
RTLS_01117,EUREKA-VPL-010,nurse,2025-03-19 09:44:55.373509074,2025-03-19 09:48:14.877071854,ROOM_107,B2.64 2-bedskamer,2.64,199.503562
RTLS_01881,Medicatiekar groen,equipment,2025-03-19 09:44:55.373509074,2025-03-19 09:48:14.877071854,ROOM_107,B2.64 2-bedskamer,2.64,199.503562
RTLS_02350,Spuitaandrijver,equipment,2025-03-19 09:45:15.000000000,2025-03-19 09:45:42.000000000,UTIL_B,B2.75 Utility,2.75,27.0
RTLS_02545,Glucosemeter 1,equipment,2025-03-19 09:45:25.000000000,2025-03-19 09:45:38.000000000,NS_A,B2.71 Open wacht,2.71,13.0
RTLS_00530,EUREKA-VPL-006,nurse,2025-03-19 09:45:58.607612439,2025-03-19 09:46:12.408787463,ROOM_105,B2.82 1-bedskamer,2.82,13.801175
RTLS_03188,Voedingspomp 2,equipment,2025-03-19 09:46:00.000000000,2025-03-19 09:46:27.000000000,UTIL_B,B2.75 Utility,2.75,27.0
RTLS_03292,Voedingspomp 3,equipment,2025-03-19 09:46:03.000000000,2025-03-19 09:46:08.000000000,UTIL_A,B2.63 Utility,2.63,5.0
RTLS_03082,Voedingspomp 1,equipment,2025-03-19 09:46:11.000000000,2025-03-19 09:46:19.000000000,UTIL_A,B2.63 Utility,2.63,8.0
RTLS_02765,Toiletstoel 1,equipment,2025-03-19 09:46:13.000000000,2025-03-19 09:46:24.000000000,UTIL_A,B2.63 Utility,2.63,11.0
RTLS_02871,Toiletstoel 2,equipment,2025-03-19 09:46:19.000000000,2025-03-19 09:46:44.000000000,UTIL_B,B2.75 Utility,2.75,25.0
RTLS_01790,EUREKA-VPL-015,nurse,2025-03-19 09:46:20.192837201,2025-03-19 09:46:51.255013501,BATHROOM,B2.57 Stortbad,2.57,31.062176
RTLS_02143,Infuuspomp 3,equipment,2025-03-19 09:46:40.000000000,2025-03-19 09:46:51.000000000,UTIL_B,B2.75 Utility,2.75,11.0
RTLS_03503,Voedingspomp 5,equipment,2025-03-19 09:46:40.000000000,2025-03-19 09:46:58.000000000,UTIL_A,B2.63 Utility,2.63,18.0
RTLS_02030,Infuuspomp 2,equipment,2025-03-19 09:46:54.000000000,2025-03-19 09:47:05.000000000,UTIL_A,B2.63 Utility,2.63,11.0
RTLS_01922,Infuuspomp 1,equipment,2025-03-19 09:47:16.000000000,2025-03-19 09:47:33.000000000,UTIL_A,B2.63 Utility,2.63,17.0
RTLS_02443,Bladderscan,equipment,2025-03-19 09:47:17.000000000,2025-03-19 09:47:31.000000000,UTIL_A,B2.63 Utility,2.63,14.0
RTLS_02650,Glucosemeter 2,equipment,2025-03-19 09:47:31.000000000,2025-03-19 09:47:39.000000000,NS_B,B2.71.01 Dienstplaats,2.71.01,8.0
RTLS_02974,Toiletstoel 3,equipment,2025-03-19 09:47:57.000000000,2025-03-19 09:48:27.000000000,STORAGE,B2.61 Opslag,2.61,30.0
RTLS_02248,Infuuspomp 4,equipment,2025-03-19 09:48:12.000000000,2025-03-19 09:48:31.000000000,UTIL_B,B2.75 Utility,2.75,19.0
RTLS_01118,EUREKA-VPL-010,nurse,2025-03-19 09:48:14.877071854,2025-03-19 09:48:59.551745108,STORAGE,B2.61 Opslag,2.61,44.674673
RTLS_03504,Voedingspomp 5,equipment,2025-03-19 09:48:25.000000000,2025-03-19 09:48:56.000000000,UTIL_A,B2.63 Utility,2.63,31.0
RTLS_02546,Glucosemeter 1,equipment,2025-03-19 09:48:26.000000000,2025-03-19 09:48:48.000000000,NS_A,B2.71 Open wacht,2.71,22.0
RTLS_03399,Voedingspomp 4,equipment,2025-03-19 09:48:45.000000000,2025-03-19 09:48:56.000000000,UTIL_B,B2.75 Utility,2.75,11.0
RTLS_01119,EUREKA-VPL-010,nurse,2025-03-19 09:48:59.551745108,2025-03-19 09:49:26.192231563,BATH_B,B2.55 Badkamer,2.55,26.640486
RTLS_03293,Voedingspomp 3,equipment,2025-03-19 09:49:26.000000000,2025-03-19 09:49:39.000000000,UTIL_A,B2.63 Utility,2.63,13.0
RTLS_01120,EUREKA-VPL-010,nurse,2025-03-19 09:49:26.192231563,2025-03-19 09:54:43.096115563,NS_A,B2.71 Open wacht,2.71,316.903884
RTLS_00259,EUREKA-VPL-003,nurse,2025-03-19 09:49:51.914173924,2025-03-19 09:52:43.479880494,NS_B,B2.71.01 Dienstplaats,2.71.01,171.565706
RTLS_02444,Bladderscan,equipment,2025-03-19 09:51:09.000000000,2025-03-19 09:51:20.000000000,UTIL_A,B2.63 Utility,2.63,11.0
RTLS_02249,Infuuspomp 4,equipment,2025-03-19 09:51:12.000000000,2025-03-19 09:51:27.000000000,UTIL_B,B2.75 Utility,2.75,15.0
RTLS_03083,Voedingspomp 1,equipment,2025-03-19 09:51:56.000000000,2025-03-19 09:52:31.000000000,UTIL_A,B2.63 Utility,2.63,35.0
RTLS_02031,Infuuspomp 2,equipment,2025-03-19 09:52:06.000000000,2025-03-19 09:52:23.000000000,UTIL_A,B2.63 Utility,2.63,17.0
RTLS_03189,Voedingspomp 2,equipment,2025-03-19 09:52:06.000000000,2025-03-19 09:52:29.000000000,UTIL_B,B2.75 Utility,2.75,23.0
RTLS_03400,Voedingspomp 4,equipment,2025-03-19 09:52:09.000000000,2025-03-19 09:52:30.000000000,UTIL_B,B2.75 Utility,2.75,21.0
RTLS_02766,Toiletstoel 1,equipment,2025-03-19 09:52:17.000000000,2025-03-19 09:52:27.000000000,UTIL_A,B2.63 Utility,2.63,10.0
RTLS_02351,Spuitaandrijver,equipment,2025-03-19 09:52:30.000000000,2025-03-19 09:53:07.000000000,UTIL_B,B2.75 Utility,2.75,37.0
RTLS_03294,Voedingspomp 3,equipment,2025-03-19 09:52:38.000000000,2025-03-19 09:53:04.000000000,UTIL_A,B2.63 Utility,2.63,26.0
RTLS_02547,Glucosemeter 1,equipment,2025-03-19 09:52:45.000000000,2025-03-19 09:53:13.000000000,NS_A,B2.71 Open wacht,2.71,28.0
RTLS_01923,Infuuspomp 1,equipment,2025-03-19 09:52:52.000000000,2025-03-19 09:53:28.000000000,UTIL_A,B2.63 Utility,2.63,36.0
RTLS_02975,Toiletstoel 3,equipment,2025-03-19 09:53:27.000000000,2025-03-19 09:54:02.000000000,STORAGE,B2.61 Opslag,2.61,35.0
RTLS_02872,Toiletstoel 2,equipment,2025-03-19 09:54:02.000000000,2025-03-19 09:54:18.000000000,UTIL_B,B2.75 Utility,2.75,16.0
RTLS_02548,Glucosemeter 1,equipment,2025-03-19 09:54:06.000000000,2025-03-19 09:54:15.000000000,NS_A,B2.71 Open wacht,2.71,9.0
RTLS_02144,Infuuspomp 3,equipment,2025-03-19 09:54:16.000000000,2025-03-19 09:54:41.000000000,UTIL_B,B2.75 Utility,2.75,25.0
RTLS_02651,Glucosemeter 2,equipment,2025-03-19 09:54:20.000000000,2025-03-19 09:54:51.000000000,NS_B,B2.71.01 Dienstplaats,2.71.01,31.0
RTLS_02445,Bladderscan,equipment,2025-03-19 09:54:24.000000000,2025-03-19 09:54:40.000000000,UTIL_A,B2.63 Utility,2.63,16.0
RTLS_03505,Voedingspomp 5,equipment,2025-03-19 09:54:39.000000000,2025-03-19 09:55:14.000000000,UTIL_A,B2.63 Utility,2.63,35.0
RTLS_01121,EUREKA-VPL-010,nurse,2025-03-19 09:54:43.096115563,2025-03-19 09:54:58.624927048,ROOM_109,B2.68 2-bedskamer,2.68,15.528811
RTLS_03084,Voedingspomp 1,equipment,2025-03-19 09:54:51.000000000,2025-03-19 09:55:01.000000000,UTIL_A,B2.63 Utility,2.63,10.0
RTLS_01122,EUREKA-VPL-010,nurse,2025-03-19 09:54:58.624927048,2025-03-19 09:55:16.919332015,ROOM_110,B2.79 2-bedskamer,2.79,18.294404
RTLS_01123,EUREKA-VPL-010,nurse,2025-03-19 09:55:16.919332015,2025-03-19 09:55:27.710052045,ROOM_108,B2.66 2-bedskamer,2.66,10.79072
RTLS_01124,EUREKA-VPL-010,nurse,2025-03-19 09:55:27.710052045,2025-03-19 09:56:24.987629715,ROOM_101,B2.74 1-bedskamer,2.74,57.277577
RTLS_02976,Toiletstoel 3,equipment,2025-03-19 09:55:33.000000000,2025-03-19 09:56:03.000000000,STORAGE,B2.61 Opslag,2.61,30.0
RTLS_02250,Infuuspomp 4,equipment,2025-03-19 09:55:56.000000000,2025-03-19 09:56:22.000000000,UTIL_B,B2.75 Utility,2.75,26.0
RTLS_00171,EUREKA-VPL-002,nurse,2025-03-19 09:56:21.139526930,2025-03-19 09:57:40.791119065,ROOM_103,B2.78 1-bedskamer,2.78,79.651592
RTLS_01125,EUREKA-VPL-010,nurse,2025-03-19 09:56:24.987629715,2025-03-19 09:56:28.608172371,STORAGE,B2.61 Opslag,2.61,3.620542
RTLS_02145,Infuuspomp 3,equipment,2025-03-19 09:56:41.000000000,2025-03-19 09:57:01.000000000,UTIL_B,B2.75 Utility,2.75,20.0
RTLS_02652,Glucosemeter 2,equipment,2025-03-19 09:56:42.000000000,2025-03-19 09:57:10.000000000,NS_B,B2.71.01 Dienstplaats,2.71.01,28.0
RTLS_03295,Voedingspomp 3,equipment,2025-03-19 09:57:19.000000000,2025-03-19 09:57:39.000000000,UTIL_A,B2.63 Utility,2.63,20.0
RTLS_02446,Bladderscan,equipment,2025-03-19 09:57:36.000000000,2025-03-19 09:57:54.000000000,UTIL_A,B2.63 Utility,2.63,18.0
RTLS_02032,Infuuspomp 2,equipment,2025-03-19 09:58:09.000000000,2025-03-19 09:58:18.000000000,UTIL_A,B2.63 Utility,2.63,9.0
RTLS_03401,Voedingspomp 4,equipment,2025-03-19 09:58:11.000000000,2025-03-19 09:58:25.000000000,UTIL_B,B2.75 Utility,2.75,14.0
RTLS_02251,Infuuspomp 4,equipment,2025-03-19 09:58:18.000000000,2025-03-19 09:58:43.000000000,UTIL_B,B2.75 Utility,2.75,25.0
RTLS_03190,Voedingspomp 2,equipment,2025-03-19 09:58:26.000000000,2025-03-19 09:58:47.000000000,UTIL_B,B2.75 Utility,2.75,21.0
RTLS_02767,Toiletstoel 1,equipment,2025-03-19 09:58:32.000000000,2025-03-19 09:58:40.000000000,UTIL_A,B2.63 Utility,2.63,8.0
RTLS_02653,Glucosemeter 2,equipment,2025-03-19 09:58:47.000000000,2025-03-19 09:59:10.000000000,NS_B,B2.71.01 Dienstplaats,2.71.01,23.0
RTLS_02146,Infuuspomp 3,equipment,2025-03-19 09:59:08.000000000,2025-03-19 09:59:27.000000000,UTIL_B,B2.75 Utility,2.75,19.0
RTLS_02873,Toiletstoel 2,equipment,2025-03-19 09:59:16.000000000,2025-03-19 09:59:28.000000000,UTIL_B,B2.75 Utility,2.75,12.0
RTLS_02352,Spuitaandrijver,equipment,2025-03-19 09:59:19.000000000,2025-03-19 09:59:49.000000000,UTIL_B,B2.75 Utility,2.75,30.0
RTLS_01924,Infuuspomp 1,equipment,2025-03-19 09:59:25.000000000,2025-03-19 10:00:02.000000000,UTIL_A,B2.63 Utility,2.63,37.0
RTLS_02977,Toiletstoel 3,equipment,2025-03-19 09:59:31.000000000,2025-03-19 09:59:50.000000000,STORAGE,B2.61 Opslag,2.61,19.0
RTLS_02033,Infuuspomp 2,equipment,2025-03-19 09:59:56.000000000,2025-03-19 10:00:19.000000000,UTIL_A,B2.63 Utility,2.63,23.0
RTLS_00039,EUREKA-VPL-001,nurse,2025-03-19 10:00:00.000000000,2025-03-19 10:00:13.584094502,ROOM_107,B2.64 2-bedskamer,2.64,13.584094
RTLS_00172,EUREKA-VPL-002,nurse,2025-03-19 10:00:00.000000000,2025-03-19 10:00:14.167219464,ROOM_104,B2.80 1-bedskamer,2.80,14.167219
RTLS_00260,EUREKA-VPL-003,nurse,2025-03-19 10:00:00.000000000,2025-03-19 10:25:42.857142857,PREP_A,B2.71.02 Voorbereiding,2.71.02,1542.857142
RTLS_00322,EUREKA-VPL-004,nurse,2025-03-19 10:00:00.000000000,2025-03-19 10:00:05.170787704,BATHROOM,B2.57 Stortbad,2.57,5.170787
RTLS_00409,EUREKA-VPL-005,nurse,2025-03-19 10:00:00.000000000,2025-03-19 10:10:02.055608705,ROOM_101,B2.74 1-bedskamer,2.74,602.055608
RTLS_00531,EUREKA-VPL-006,nurse,2025-03-19 10:00:00.000000000,2025-03-19 10:00:01.896935139,ROOM_108,B2.66 2-bedskamer,2.66,1.896935
RTLS_00690,EUREKA-VPL-007,nurse,2025-03-19 10:00:00.000000000,2025-03-19 10:01:12.740459793,BATHROOM,B2.57 Stortbad,2.57,72.740459
RTLS_00842,EUREKA-VPL-008,nurse,2025-03-19 10:00:00.000000000,2025-03-19 10:04:23.797852079,NS_B,B2.71.01 Dienstplaats,2.71.01,263.797852
RTLS_00971,EUREKA-VPL-009,nurse,2025-03-19 10:00:00.000000000,2025-03-19 10:00:25.275504922,ROOM_104,B2.80 1-bedskamer,2.80,25.275504
RTLS_01126,EUREKA-VPL-010,nurse,2025-03-19 10:00:00.000000000,2025-03-19 10:00:17.565659945,KITCHEN,B2.77 Keuken,2.77,17.565659
RTLS_01302,EUREKA-VPL-011,nurse,2025-03-19 10:00:00.000000000,2025-03-19 10:00:07.317902022,KITCHEN,B2.77 Keuken,2.77,7.317902
RTLS_01413,EUREKA-VPL-012,nurse,2025-03-19 10:00:00.000000000,2025-03-19 10:00:15.887434174,ROOM_105,B2.82 1-bedskamer,2.82,15.887434
RTLS_01496,EUREKA-VPL-013,nurse,2025-03-19 10:00:00.000000000,2025-03-19 10:02:23.580714884,NS_A,B2.71 Open wacht,2.71,143.580714
RTLS_01629,EUREKA-VPL-014,nurse,2025-03-19 10:00:00.000000000,2025-03-19 10:03:09.789117659,ROOM_103,B2.78 1-bedskamer,2.78,189.789117
RTLS_01791,EUREKA-VPL-015,nurse,2025-03-19 10:00:00.000000000,2025-03-19 10:03:49.997713160,UTIL_B,B2.75 Utility,2.75,229.997713
RTLS_00532,EUREKA-VPL-006,nurse,2025-03-19 10:00:01.896935139,2025-03-19 10:06:24.331964965,NS_A,B2.71 Open wacht,2.71,382.435029
RTLS_02549,Glucosemeter 1,equipment,2025-03-19 10:00:05.000000000,2025-03-19 10:00:37.000000000,NS_A,B2.71 Open wacht,2.71,32.0
RTLS_00323,EUREKA-VPL-004,nurse,2025-03-19 10:00:05.170787704,2025-03-19 10:18:03.619551304,UTIL_A,B2.63 Utility,2.63,1078.448763
RTLS_01303,EUREKA-VPL-011,nurse,2025-03-19 10:00:07.317902022,2025-03-19 10:00:12.231987930,ROOM_102,B2.76 1-bedskamer,2.76,4.914085
RTLS_01304,EUREKA-VPL-011,nurse,2025-03-19 10:00:12.231987930,2025-03-19 10:00:25.465381518,ROOM_104,B2.80 1-bedskamer,2.80,13.233393
RTLS_00040,EUREKA-VPL-001,nurse,2025-03-19 10:00:13.584094502,2025-03-19 10:00:14.584094502,STORE_C,B2.65 Berging,2.65,1.0
RTLS_00173,EUREKA-VPL-002,nurse,2025-03-19 10:00:14.167219464,2025-03-19 10:00:31.160401082,ROOM_107,B2.64 2-bedskamer,2.64,16.993181
RTLS_00041,EUREKA-VPL-001,nurse,2025-03-19 10:00:14.584094502,2025-03-19 10:00:58.371038905,ROOM_101,B2.74 1-bedskamer,2.74,43.786944
RTLS_01414,EUREKA-VPL-012,nurse,2025-03-19 10:00:15.887434174,2025-03-19 10:01:17.195967209,KITCHEN,B2.77 Keuken,2.77,61.308533
RTLS_01127,EUREKA-VPL-010,nurse,2025-03-19 10:00:17.565659945,2025-03-19 10:00:55.088393930,ROOM_109,B2.68 2-bedskamer,2.68,37.522733
RTLS_00972,EUREKA-VPL-009,nurse,2025-03-19 10:00:25.275504922,2025-03-19 10:01:02.045713299,ROOM_109,B2.68 2-bedskamer,2.68,36.770208
RTLS_01305,EUREKA-VPL-011,nurse,2025-03-19 10:00:25.465381518,2025-03-19 10:00:35.005006339,ROOM_110,B2.79 2-bedskamer,2.79,9.539624
RTLS_00174,EUREKA-VPL-002,nurse,2025-03-19 10:00:31.160401082,2025-03-19 10:01:26.943769958,KITCHEN,B2.77 Keuken,2.77,55.783368
RTLS_01306,EUREKA-VPL-011,nurse,2025-03-19 10:00:35.005006339,2025-03-19 10:01:58.972232280,KITCHEN,B2.77 Keuken,2.77,83.967225
RTLS_03085,Voedingspomp 1,equipment,2025-03-19 10:00:48.000000000,2025-03-19 10:01:03.000000000,UTIL_A,B2.63 Utility,2.63,15.0
RTLS_01128,EUREKA-VPL-010,nurse,2025-03-19 10:00:55.088393930,2025-03-19 10:00:57.370319790,KITCHEN,B2.77 Keuken,2.77,2.281925
RTLS_01129,EUREKA-VPL-010,nurse,2025-03-19 10:00:57.370319790,2025-03-19 10:01:02.545842310,STORE_C,B2.65 Berging,2.65,5.175522
RTLS_03506,Voedingspomp 5,equipment,2025-03-19 10:00:58.000000000,2025-03-19 10:01:34.000000000,UTIL_A,B2.63 Utility,2.63,36.0
RTLS_00042,EUREKA-VPL-001,nurse,2025-03-19 10:00:58.371038905,2025-03-19 10:01:05.214015238,ROOM_106,B2.62 2-bedskamer,2.62,6.842976
RTLS_00973,EUREKA-VPL-009,nurse,2025-03-19 10:01:02.045713299,2025-03-19 10:03:04.768765924,NS_A,B2.71 Open wacht,2.71,122.723052
RTLS_01130,EUREKA-VPL-010,nurse,2025-03-19 10:01:02.545842310,2025-03-19 10:01:13.164072618,KITCHEN,B2.77 Keuken,2.77,10.61823
RTLS_00043,EUREKA-VPL-001,nurse,2025-03-19 10:01:05.214015238,2025-03-19 10:03:42.550834762,ROOM_103,B2.78 1-bedskamer,2.78,157.336819
RTLS_00691,EUREKA-VPL-007,nurse,2025-03-19 10:01:12.740459793,2025-03-19 10:01:52.055222001,ROOM_103,B2.78 1-bedskamer,2.78,39.314762
RTLS_01131,EUREKA-VPL-010,nurse,2025-03-19 10:01:13.164072618,2025-03-19 10:01:32.365083993,ROOM_110,B2.79 2-bedskamer,2.79,19.201011
RTLS_02147,Infuuspomp 3,equipment,2025-03-19 10:01:15.000000000,2025-03-19 10:01:40.000000000,UTIL_B,B2.75 Utility,2.75,25.0
RTLS_01415,EUREKA-VPL-012,nurse,2025-03-19 10:01:17.195967209,2025-03-19 10:01:44.364197516,ROOM_107,B2.64 2-bedskamer,2.64,27.16823
RTLS_03296,Voedingspomp 3,equipment,2025-03-19 10:01:24.000000000,2025-03-19 10:01:50.000000000,UTIL_A,B2.63 Utility,2.63,26.0
RTLS_00175,EUREKA-VPL-002,nurse,2025-03-19 10:01:26.943769958,2025-03-19 10:01:32.355439668,NS_B,B2.71.01 Dienstplaats,2.71.01,5.411669
RTLS_00176,EUREKA-VPL-002,nurse,2025-03-19 10:01:32.355439668,2025-03-19 10:02:07.203482114,PREP_A,B2.71.02 Voorbereiding,2.71.02,34.848042
RTLS_01132,EUREKA-VPL-010,nurse,2025-03-19 10:01:32.365083993,2025-03-19 10:01:38.277150217,ROOM_108,B2.66 2-bedskamer,2.66,5.912066
RTLS_01133,EUREKA-VPL-010,nurse,2025-03-19 10:01:38.277150217,2025-03-19 10:02:10.534011882,NS_A,B2.71 Open wacht,2.71,32.256861
RTLS_01416,EUREKA-VPL-012,nurse,2025-03-19 10:01:44.364197516,2025-03-19 10:01:53.876676154,ROOM_104,B2.80 1-bedskamer,2.80,9.512478
RTLS_03402,Voedingspomp 4,equipment,2025-03-19 10:01:48.000000000,2025-03-19 10:01:55.000000000,UTIL_B,B2.75 Utility,2.75,7.0
RTLS_00692,EUREKA-VPL-007,nurse,2025-03-19 10:01:52.055222001,2025-03-19 10:02:48.424767193,ROOM_101,B2.74 1-bedskamer,2.74,56.369545
RTLS_01417,EUREKA-VPL-012,nurse,2025-03-19 10:01:53.876676154,2025-03-19 10:02:19.355552816,ROOM_106,B2.62 2-bedskamer,2.62,25.478876
RTLS_01307,EUREKA-VPL-011,nurse,2025-03-19 10:01:58.972232280,2025-03-19 10:15:22.286332356,STORE_A,B2.53 Berging,2.53,803.3141
RTLS_02447,Bladderscan,equipment,2025-03-19 10:02:07.000000000,2025-03-19 10:02:34.000000000,UTIL_A,B2.63 Utility,2.63,27.0
RTLS_00177,EUREKA-VPL-002,nurse,2025-03-19 10:02:07.203482114,2025-03-19 10:02:22.313934425,KITCHEN,B2.77 Keuken,2.77,15.110452
RTLS_01134,EUREKA-VPL-010,nurse,2025-03-19 10:02:10.534011882,2025-03-19 10:03:20.113401174,STORE_B,B2.59 Berging,2.59,69.579389
RTLS_01418,EUREKA-VPL-012,nurse,2025-03-19 10:02:19.355552816,2025-03-19 10:02:42.962206866,ROOM_108,B2.66 2-bedskamer,2.66,23.606654
RTLS_00178,EUREKA-VPL-002,nurse,2025-03-19 10:02:22.313934425,2025-03-19 10:19:03.748739991,STORE_B,B2.59 Berging,2.59,1001.434805
RTLS_01497,EUREKA-VPL-013,nurse,2025-03-19 10:02:23.580714884,2025-03-19 10:03:09.142505307,KITCHEN,B2.77 Keuken,2.77,45.56179
RTLS_02768,Toiletstoel 1,equipment,2025-03-19 10:02:37.000000000,2025-03-19 10:03:03.000000000,UTIL_A,B2.63 Utility,2.63,26.0
RTLS_01419,EUREKA-VPL-012,nurse,2025-03-19 10:02:42.962206866,2025-03-19 10:02:57.054236023,ROOM_101,B2.74 1-bedskamer,2.74,14.092029
RTLS_00693,EUREKA-VPL-007,nurse,2025-03-19 10:02:48.424767193,2025-03-19 10:03:14.922254382,ROOM_105,B2.82 1-bedskamer,2.82,26.497487
RTLS_02874,Toiletstoel 2,equipment,2025-03-19 10:02:50.000000000,2025-03-19 10:03:00.000000000,UTIL_B,B2.75 Utility,2.75,10.0
RTLS_01420,EUREKA-VPL-012,nurse,2025-03-19 10:02:57.054236023,2025-03-19 10:03:12.227049401,KITCHEN,B2.77 Keuken,2.77,15.172813
RTLS_00974,EUREKA-VPL-009,nurse,2025-03-19 10:03:04.768765924,2025-03-19 10:03:07.389748750,ROOM_109,B2.68 2-bedskamer,2.68,2.620982
RTLS_00975,EUREKA-VPL-009,nurse,2025-03-19 10:03:07.389748750,2025-03-19 10:03:54.195728176,ROOM_107,B2.64 2-bedskamer,2.64,46.805979
RTLS_01498,EUREKA-VPL-013,nurse,2025-03-19 10:03:09.142505307,2025-03-19 10:10:03.381620645,PREP_A,B2.71.02 Voorbereiding,2.71.02,414.239115
RTLS_01630,EUREKA-VPL-014,nurse,2025-03-19 10:03:09.789117659,2025-03-19 10:04:06.219002148,ROOM_106,B2.62 2-bedskamer,2.62,56.429884
RTLS_01421,EUREKA-VPL-012,nurse,2025-03-19 10:03:12.227049401,2025-03-19 10:03:17.574025506,ROOM_105,B2.82 1-bedskamer,2.82,5.346976
RTLS_00694,EUREKA-VPL-007,nurse,2025-03-19 10:03:14.922254382,2025-03-19 10:05:26.876140498,ROOM_109,B2.68 2-bedskamer,2.68,131.953886
RTLS_01422,EUREKA-VPL-012,nurse,2025-03-19 10:03:17.574025506,2025-03-19 10:10:07.429445616,STORE_A,B2.53 Berging,2.53,409.85542
RTLS_01135,EUREKA-VPL-010,nurse,2025-03-19 10:03:20.113401174,2025-03-19 10:03:44.221379224,ROOM_108,B2.66 2-bedskamer,2.66,24.107978
RTLS_02550,Glucosemeter 1,equipment,2025-03-19 10:03:28.000000000,2025-03-19 10:03:43.000000000,NS_A,B2.71 Open wacht,2.71,15.0
RTLS_00044,EUREKA-VPL-001,nurse,2025-03-19 10:03:42.550834762,2025-03-19 10:03:57.493560598,ROOM_104,B2.80 1-bedskamer,2.80,14.942725
RTLS_01136,EUREKA-VPL-010,nurse,2025-03-19 10:03:44.221379224,2025-03-19 10:04:50.479448688,ROOM_103,B2.78 1-bedskamer,2.78,66.258069
RTLS_02034,Infuuspomp 2,equipment,2025-03-19 10:03:47.000000000,2025-03-19 10:04:16.000000000,UTIL_A,B2.63 Utility,2.63,29.0
RTLS_03191,Voedingspomp 2,equipment,2025-03-19 10:03:47.000000000,2025-03-19 10:04:12.000000000,UTIL_B,B2.75 Utility,2.75,25.0
RTLS_01792,EUREKA-VPL-015,nurse,2025-03-19 10:03:49.997713160,2025-03-19 10:04:58.242402991,NS_A,B2.71 Open wacht,2.71,68.244689
RTLS_00976,EUREKA-VPL-009,nurse,2025-03-19 10:03:54.195728176,2025-03-19 10:04:09.740165248,UTIL_A,B2.63 Utility,2.63,15.544437
RTLS_00045,EUREKA-VPL-001,nurse,2025-03-19 10:03:57.493560598,2025-03-19 10:04:04.068127643,ROOM_108,B2.66 2-bedskamer,2.66,6.574567
RTLS_00046,EUREKA-VPL-001,nurse,2025-03-19 10:04:04.068127643,2025-03-19 10:04:22.585414414,ROOM_101,B2.74 1-bedskamer,2.74,18.517286
RTLS_01631,EUREKA-VPL-014,nurse,2025-03-19 10:04:06.219002148,2025-03-19 10:04:26.598638612,ROOM_101,B2.74 1-bedskamer,2.74,20.379636
RTLS_00977,EUREKA-VPL-009,nurse,2025-03-19 10:04:09.740165248,2025-03-19 10:14:52.296725579,STORE_C,B2.65 Berging,2.65,642.55656
RTLS_00047,EUREKA-VPL-001,nurse,2025-03-19 10:04:22.585414414,2025-03-19 10:04:37.898802938,ROOM_102,B2.76 1-bedskamer,2.76,15.313388
RTLS_00843,EUREKA-VPL-008,nurse,2025-03-19 10:04:23.797852079,2025-03-19 10:08:16.710395486,ROOM_104,B2.80 1-bedskamer,2.80,232.912543
RTLS_01878,Medicatiekar geel,equipment,2025-03-19 10:04:23.797852079,2025-03-19 10:08:16.710395486,ROOM_104,B2.80 1-bedskamer,2.80,232.912543
RTLS_01632,EUREKA-VPL-014,nurse,2025-03-19 10:04:26.598638612,2025-03-19 10:04:46.084444082,ROOM_110,B2.79 2-bedskamer,2.79,19.485805
RTLS_00048,EUREKA-VPL-001,nurse,2025-03-19 10:04:37.898802938,2025-03-19 10:04:40.305274449,NS_B,B2.71.01 Dienstplaats,2.71.01,2.406471
RTLS_00049,EUREKA-VPL-001,nurse,2025-03-19 10:04:40.305274449,2025-03-19 10:04:50.821556158,KITCHEN,B2.77 Keuken,2.77,10.516281
RTLS_01633,EUREKA-VPL-014,nurse,2025-03-19 10:04:46.084444082,2025-03-19 10:05:25.509050690,STORE_B,B2.59 Berging,2.59,39.424606
RTLS_01925,Infuuspomp 1,equipment,2025-03-19 10:04:47.000000000,2025-03-19 10:05:01.000000000,UTIL_A,B2.63 Utility,2.63,14.0
RTLS_01137,EUREKA-VPL-010,nurse,2025-03-19 10:04:50.479448688,2025-03-19 10:08:01.589909269,ROOM_106,B2.62 2-bedskamer,2.62,191.11046
RTLS_00050,EUREKA-VPL-001,nurse,2025-03-19 10:04:50.821556158,2025-03-19 10:05:52.026453109,UTIL_B,B2.75 Utility,2.75,61.204896
RTLS_01793,EUREKA-VPL-015,nurse,2025-03-19 10:04:58.242402991,2025-03-19 10:06:25.323572140,KITCHEN,B2.77 Keuken,2.77,87.081169
RTLS_03403,Voedingspomp 4,equipment,2025-03-19 10:05:19.000000000,2025-03-19 10:05:43.000000000,UTIL_B,B2.75 Utility,2.75,24.0
RTLS_01634,EUREKA-VPL-014,nurse,2025-03-19 10:05:25.509050690,2025-03-19 10:05:48.846623064,KITCHEN,B2.77 Keuken,2.77,23.337572
RTLS_02448,Bladderscan,equipment,2025-03-19 10:05:26.000000000,2025-03-19 10:05:58.000000000,UTIL_A,B2.63 Utility,2.63,32.0
RTLS_00695,EUREKA-VPL-007,nurse,2025-03-19 10:05:26.876140498,2025-03-19 10:15:04.486233262,PREP_A,B2.71.02 Voorbereiding,2.71.02,577.610092
RTLS_02769,Toiletstoel 1,equipment,2025-03-19 10:05:40.000000000,2025-03-19 10:06:05.000000000,UTIL_A,B2.63 Utility,2.63,25.0
RTLS_02252,Infuuspomp 4,equipment,2025-03-19 10:05:46.000000000,2025-03-19 10:05:51.000000000,UTIL_B,B2.75 Utility,2.75,5.0
RTLS_01635,EUREKA-VPL-014,nurse,2025-03-19 10:05:48.846623064,2025-03-19 10:14:22.186629800,ROOM_101,B2.74 1-bedskamer,2.74,513.340006
RTLS_00051,EUREKA-VPL-001,nurse,2025-03-19 10:05:52.026453109,2025-03-19 10:07:27.172227656,UTIL_B,B2.75 Utility,2.75,95.145774
RTLS_02978,Toiletstoel 3,equipment,2025-03-19 10:05:55.000000000,2025-03-19 10:06:09.000000000,STORAGE,B2.61 Opslag,2.61,14.0
RTLS_02654,Glucosemeter 2,equipment,2025-03-19 10:06:12.000000000,2025-03-19 10:06:23.000000000,NS_B,B2.71.01 Dienstplaats,2.71.01,11.0
RTLS_02148,Infuuspomp 3,equipment,2025-03-19 10:06:19.000000000,2025-03-19 10:06:44.000000000,UTIL_B,B2.75 Utility,2.75,25.0
RTLS_00533,EUREKA-VPL-006,nurse,2025-03-19 10:06:24.331964965,2025-03-19 10:06:32.623931799,KITCHEN,B2.77 Keuken,2.77,8.291966
RTLS_01794,EUREKA-VPL-015,nurse,2025-03-19 10:06:25.323572140,2025-03-19 10:19:48.992678889,STORE_B,B2.59 Berging,2.59,803.669106
RTLS_00534,EUREKA-VPL-006,nurse,2025-03-19 10:06:32.623931799,2025-03-19 10:06:48.466840912,NS_A,B2.71 Open wacht,2.71,15.842909
RTLS_02353,Spuitaandrijver,equipment,2025-03-19 10:06:34.000000000,2025-03-19 10:07:04.000000000,UTIL_B,B2.75 Utility,2.75,30.0
RTLS_03086,Voedingspomp 1,equipment,2025-03-19 10:06:41.000000000,2025-03-19 10:07:09.000000000,UTIL_A,B2.63 Utility,2.63,28.0
RTLS_00535,EUREKA-VPL-006,nurse,2025-03-19 10:06:48.466840912,2025-03-19 10:11:42.790534051,ROOM_104,B2.80 1-bedskamer,2.80,294.323693
RTLS_03297,Voedingspomp 3,equipment,2025-03-19 10:07:15.000000000,2025-03-19 10:07:21.000000000,UTIL_A,B2.63 Utility,2.63,6.0
RTLS_00052,EUREKA-VPL-001,nurse,2025-03-19 10:07:27.172227656,2025-03-19 10:07:43.110868346,KITCHEN,B2.77 Keuken,2.77,15.93864
RTLS_00053,EUREKA-VPL-001,nurse,2025-03-19 10:07:43.110868346,2025-03-19 10:08:17.020060911,ROOM_107,B2.64 2-bedskamer,2.64,33.909192
RTLS_01138,EUREKA-VPL-010,nurse,2025-03-19 10:08:01.589909269,2025-03-19 10:08:51.032461428,ROOM_103,B2.78 1-bedskamer,2.78,49.442552
RTLS_00844,EUREKA-VPL-008,nurse,2025-03-19 10:08:16.710395486,2025-03-19 10:08:38.316304974,NS_A,B2.71 Open wacht,2.71,21.605909
RTLS_00054,EUREKA-VPL-001,nurse,2025-03-19 10:08:17.020060911,2025-03-19 10:11:08.360579198,ROOM_102,B2.76 1-bedskamer,2.76,171.340518
RTLS_02551,Glucosemeter 1,equipment,2025-03-19 10:08:19.000000000,2025-03-19 10:08:39.000000000,NS_A,B2.71 Open wacht,2.71,20.0
RTLS_03507,Voedingspomp 5,equipment,2025-03-19 10:08:21.000000000,2025-03-19 10:08:40.000000000,UTIL_A,B2.63 Utility,2.63,19.0
RTLS_02655,Glucosemeter 2,equipment,2025-03-19 10:08:23.000000000,2025-03-19 10:08:41.000000000,NS_B,B2.71.01 Dienstplaats,2.71.01,18.0
RTLS_02035,Infuuspomp 2,equipment,2025-03-19 10:08:29.000000000,2025-03-19 10:08:45.000000000,UTIL_A,B2.63 Utility,2.63,16.0
RTLS_00845,EUREKA-VPL-008,nurse,2025-03-19 10:08:38.316304974,2025-03-19 10:08:46.426802135,ROOM_102,B2.76 1-bedskamer,2.76,8.110497
RTLS_00846,EUREKA-VPL-008,nurse,2025-03-19 10:08:46.426802135,2025-03-19 10:09:19.309550763,ROOM_101,B2.74 1-bedskamer,2.74,32.882748
RTLS_01139,EUREKA-VPL-010,nurse,2025-03-19 10:08:51.032461428,2025-03-19 10:09:08.671247093,ROOM_101,B2.74 1-bedskamer,2.74,17.638785
RTLS_03298,Voedingspomp 3,equipment,2025-03-19 10:09:06.000000000,2025-03-19 10:09:22.000000000,UTIL_A,B2.63 Utility,2.63,16.0
RTLS_01140,EUREKA-VPL-010,nurse,2025-03-19 10:09:08.671247093,2025-03-19 10:12:31.794607591,STORE_A,B2.53 Berging,2.53,203.12336
RTLS_00847,EUREKA-VPL-008,nurse,2025-03-19 10:09:19.309550763,2025-03-19 10:09:32.916394040,NS_B,B2.71.01 Dienstplaats,2.71.01,13.606843
RTLS_02875,Toiletstoel 2,equipment,2025-03-19 10:09:25.000000000,2025-03-19 10:09:36.000000000,UTIL_B,B2.75 Utility,2.75,11.0
RTLS_00848,EUREKA-VPL-008,nurse,2025-03-19 10:09:32.916394040,2025-03-19 10:13:17.571312174,UTIL_A,B2.63 Utility,2.63,224.654918
RTLS_03087,Voedingspomp 1,equipment,2025-03-19 10:09:46.000000000,2025-03-19 10:09:52.000000000,UTIL_A,B2.63 Utility,2.63,6.0
RTLS_02449,Bladderscan,equipment,2025-03-19 10:10:01.000000000,2025-03-19 10:10:29.000000000,UTIL_A,B2.63 Utility,2.63,28.0
RTLS_00410,EUREKA-VPL-005,nurse,2025-03-19 10:10:02.055608705,2025-03-19 10:10:46.360029476,ROOM_108,B2.66 2-bedskamer,2.66,44.30442
RTLS_01499,EUREKA-VPL-013,nurse,2025-03-19 10:10:03.381620645,2025-03-19 10:10:10.080400603,ROOM_103,B2.78 1-bedskamer,2.78,6.698779
RTLS_03192,Voedingspomp 2,equipment,2025-03-19 10:10:05.000000000,2025-03-19 10:10:39.000000000,UTIL_B,B2.75 Utility,2.75,34.0
RTLS_01500,EUREKA-VPL-013,nurse,2025-03-19 10:10:10.080400603,2025-03-19 10:10:11.401929194,UTIL_B,B2.75 Utility,2.75,1.321528
RTLS_01501,EUREKA-VPL-013,nurse,2025-03-19 10:10:11.401929194,2025-03-19 10:10:48.286310160,STORE_C,B2.65 Berging,2.65,36.88438
RTLS_02149,Infuuspomp 3,equipment,2025-03-19 10:10:32.000000000,2025-03-19 10:10:46.000000000,UTIL_B,B2.75 Utility,2.75,14.0
RTLS_02552,Glucosemeter 1,equipment,2025-03-19 10:10:37.000000000,2025-03-19 10:10:58.000000000,NS_A,B2.71 Open wacht,2.71,21.0
RTLS_02036,Infuuspomp 2,equipment,2025-03-19 10:10:39.000000000,2025-03-19 10:10:49.000000000,UTIL_A,B2.63 Utility,2.63,10.0
RTLS_03404,Voedingspomp 4,equipment,2025-03-19 10:10:41.000000000,2025-03-19 10:10:55.000000000,UTIL_B,B2.75 Utility,2.75,14.0
RTLS_00411,EUREKA-VPL-005,nurse,2025-03-19 10:10:46.360029476,2025-03-19 10:11:10.962277810,KITCHEN,B2.77 Keuken,2.77,24.602248
RTLS_01502,EUREKA-VPL-013,nurse,2025-03-19 10:10:48.286310160,2025-03-19 10:25:33.800416860,STORE_A,B2.53 Berging,2.53,885.514106
RTLS_00055,EUREKA-VPL-001,nurse,2025-03-19 10:11:08.360579198,2025-03-19 10:13:05.606703445,KITCHEN,B2.77 Keuken,2.77,117.246124
RTLS_00412,EUREKA-VPL-005,nurse,2025-03-19 10:11:10.962277810,2025-03-19 10:11:34.537683096,ROOM_106,B2.62 2-bedskamer,2.62,23.575405
RTLS_02770,Toiletstoel 1,equipment,2025-03-19 10:11:32.000000000,2025-03-19 10:11:58.000000000,UTIL_A,B2.63 Utility,2.63,26.0
RTLS_00413,EUREKA-VPL-005,nurse,2025-03-19 10:11:34.537683096,2025-03-19 10:11:51.774404386,ROOM_110,B2.79 2-bedskamer,2.79,17.236721
RTLS_00536,EUREKA-VPL-006,nurse,2025-03-19 10:11:42.790534051,2025-03-19 10:12:50.858244695,KITCHEN,B2.77 Keuken,2.77,68.06771
RTLS_02876,Toiletstoel 2,equipment,2025-03-19 10:11:48.000000000,2025-03-19 10:12:08.000000000,UTIL_B,B2.75 Utility,2.75,20.0
RTLS_00414,EUREKA-VPL-005,nurse,2025-03-19 10:11:51.774404386,2025-03-19 10:12:54.115913643,KITCHEN,B2.77 Keuken,2.77,62.341509
RTLS_02656,Glucosemeter 2,equipment,2025-03-19 10:11:59.000000000,2025-03-19 10:12:05.000000000,NS_B,B2.71.01 Dienstplaats,2.71.01,6.0
RTLS_02450,Bladderscan,equipment,2025-03-19 10:12:05.000000000,2025-03-19 10:12:15.000000000,UTIL_A,B2.63 Utility,2.63,10.0
RTLS_03405,Voedingspomp 4,equipment,2025-03-19 10:12:09.000000000,2025-03-19 10:12:33.000000000,UTIL_B,B2.75 Utility,2.75,24.0
RTLS_02354,Spuitaandrijver,equipment,2025-03-19 10:12:16.000000000,2025-03-19 10:12:53.000000000,UTIL_B,B2.75 Utility,2.75,37.0
RTLS_01926,Infuuspomp 1,equipment,2025-03-19 10:12:30.000000000,2025-03-19 10:12:56.000000000,UTIL_A,B2.63 Utility,2.63,26.0
RTLS_01141,EUREKA-VPL-010,nurse,2025-03-19 10:12:31.794607591,2025-03-19 10:14:54.962252285,ROOM_103,B2.78 1-bedskamer,2.78,143.167644
RTLS_02253,Infuuspomp 4,equipment,2025-03-19 10:12:34.000000000,2025-03-19 10:12:59.000000000,UTIL_B,B2.75 Utility,2.75,25.0
RTLS_00537,EUREKA-VPL-006,nurse,2025-03-19 10:12:50.858244695,2025-03-19 10:13:03.989178632,ROOM_108,B2.66 2-bedskamer,2.66,13.130933
RTLS_00415,EUREKA-VPL-005,nurse,2025-03-19 10:12:54.115913643,2025-03-19 10:13:15.440260595,ROOM_105,B2.82 1-bedskamer,2.82,21.324346
RTLS_02979,Toiletstoel 3,equipment,2025-03-19 10:12:55.000000000,2025-03-19 10:13:16.000000000,STORAGE,B2.61 Opslag,2.61,21.0
RTLS_00538,EUREKA-VPL-006,nurse,2025-03-19 10:13:03.989178632,2025-03-19 10:13:11.909308735,KITCHEN,B2.77 Keuken,2.77,7.92013
RTLS_00056,EUREKA-VPL-001,nurse,2025-03-19 10:13:05.606703445,2025-03-19 10:13:24.218675814,NS_A,B2.71 Open wacht,2.71,18.611972
RTLS_03299,Voedingspomp 3,equipment,2025-03-19 10:13:07.000000000,2025-03-19 10:13:44.000000000,UTIL_A,B2.63 Utility,2.63,37.0
RTLS_00539,EUREKA-VPL-006,nurse,2025-03-19 10:13:11.909308735,2025-03-19 10:23:59.930237427,PREP_B,B2.71.02 Voorbereiding,2.71.02,648.020928
RTLS_00416,EUREKA-VPL-005,nurse,2025-03-19 10:13:15.440260595,2025-03-19 10:13:26.955473819,PREP_A,B2.71.02 Voorbereiding,2.71.02,11.515213
RTLS_02150,Infuuspomp 3,equipment,2025-03-19 10:13:16.000000000,2025-03-19 10:13:28.000000000,UTIL_B,B2.75 Utility,2.75,12.0
RTLS_00849,EUREKA-VPL-008,nurse,2025-03-19 10:13:17.571312174,2025-03-19 10:13:45.672007243,ROOM_110,B2.79 2-bedskamer,2.79,28.100695
RTLS_00057,EUREKA-VPL-001,nurse,2025-03-19 10:13:24.218675814,2025-03-19 10:14:58.347997713,PREP_A,B2.71.02 Voorbereiding,2.71.02,94.129321
RTLS_00417,EUREKA-VPL-005,nurse,2025-03-19 10:13:26.955473819,2025-03-19 10:21:42.155228531,NS_A,B2.71 Open wacht,2.71,495.199754
RTLS_03193,Voedingspomp 2,equipment,2025-03-19 10:13:27.000000000,2025-03-19 10:13:55.000000000,UTIL_B,B2.75 Utility,2.75,28.0
RTLS_00850,EUREKA-VPL-008,nurse,2025-03-19 10:13:45.672007243,2025-03-19 10:14:23.874868926,ROOM_103,B2.78 1-bedskamer,2.78,38.202861
RTLS_03508,Voedingspomp 5,equipment,2025-03-19 10:14:13.000000000,2025-03-19 10:14:26.000000000,UTIL_A,B2.63 Utility,2.63,13.0
RTLS_01636,EUREKA-VPL-014,nurse,2025-03-19 10:14:22.186629800,2025-03-19 10:15:47.203084377,ROOM_105,B2.82 1-bedskamer,2.82,85.016454
RTLS_01886,Medicatiekar groen,equipment,2025-03-19 10:14:22.186629800,2025-03-19 10:15:47.203084377,ROOM_105,B2.82 1-bedskamer,2.82,85.016454
RTLS_00851,EUREKA-VPL-008,nurse,2025-03-19 10:14:23.874868926,2025-03-19 10:14:35.548289641,STORE_C,B2.65 Berging,2.65,11.67342
RTLS_03088,Voedingspomp 1,equipment,2025-03-19 10:14:26.000000000,2025-03-19 10:14:44.000000000,UTIL_A,B2.63 Utility,2.63,18.0
RTLS_00852,EUREKA-VPL-008,nurse,2025-03-19 10:14:35.548289641,2025-03-19 10:15:21.519706928,ROOM_110,B2.79 2-bedskamer,2.79,45.971417
RTLS_00978,EUREKA-VPL-009,nurse,2025-03-19 10:14:52.296725579,2025-03-19 10:15:16.169728629,NS_B,B2.71.01 Dienstplaats,2.71.01,23.873003
RTLS_01142,EUREKA-VPL-010,nurse,2025-03-19 10:14:54.962252285,2025-03-19 10:16:37.135406458,ROOM_108,B2.66 2-bedskamer,2.66,102.173154
RTLS_03194,Voedingspomp 2,equipment,2025-03-19 10:14:57.000000000,2025-03-19 10:15:19.000000000,UTIL_B,B2.75 Utility,2.75,22.0
RTLS_00058,EUREKA-VPL-001,nurse,2025-03-19 10:14:58.347997713,2025-03-19 10:15:39.167033317,NS_A,B2.71 Open wacht,2.71,40.819035
RTLS_00696,EUREKA-VPL-007,nurse,2025-03-19 10:15:04.486233262,2025-03-19 10:16:59.329949472,ROOM_109,B2.68 2-bedskamer,2.68,114.843716
RTLS_01876,Medicatiekar geel,equipment,2025-03-19 10:15:04.486233262,2025-03-19 10:16:59.329949472,ROOM_109,B2.68 2-bedskamer,2.68,114.843716
RTLS_00979,EUREKA-VPL-009,nurse,2025-03-19 10:15:16.169728629,2025-03-19 10:15:23.164794258,ROOM_108,B2.66 2-bedskamer,2.66,6.995065
RTLS_00853,EUREKA-VPL-008,nurse,2025-03-19 10:15:21.519706928,2025-03-19 10:15:57.000406774,ROOM_108,B2.66 2-bedskamer,2.66,35.480699
RTLS_01308,EUREKA-VPL-011,nurse,2025-03-19 10:15:22.286332356,2025-03-19 10:16:24.770178248,NS_A,B2.71 Open wacht,2.71,62.483845
RTLS_01927,Infuuspomp 1,equipment,2025-03-19 10:15:23.000000000,2025-03-19 10:15:38.000000000,UTIL_A,B2.63 Utility,2.63,15.0
RTLS_00980,EUREKA-VPL-009,nurse,2025-03-19 10:15:23.164794258,2025-03-19 10:17:27.362152327,NS_A,B2.71 Open wacht,2.71,124.197358
RTLS_02771,Toiletstoel 1,equipment,2025-03-19 10:15:27.000000000,2025-03-19 10:15:57.000000000,UTIL_A,B2.63 Utility,2.63,30.0
RTLS_01637,EUREKA-VPL-014,nurse,2025-03-19 10:15:47.203084377,2025-03-19 10:15:56.046096576,KITCHEN,B2.77 Keuken,2.77,8.843012
RTLS_02877,Toiletstoel 2,equipment,2025-03-19 10:15:51.000000000,2025-03-19 10:16:06.000000000,UTIL_B,B2.75 Utility,2.75,15.0
RTLS_02355,Spuitaandrijver,equipment,2025-03-19 10:15:52.000000000,2025-03-19 10:16:10.000000000,UTIL_B,B2.75 Utility,2.75,18.0
RTLS_01638,EUREKA-VPL-014,nurse,2025-03-19 10:15:56.046096576,2025-03-19 10:16:28.243158054,NS_A,B2.71 Open wacht,2.71,32.197061
RTLS_00854,EUREKA-VPL-008,nurse,2025-03-19 10:15:57.000406774,2025-03-19 10:16:21.944236488,BATHROOM,B2.57 Stortbad,2.57,24.943829
RTLS_02657,Glucosemeter 2,equipment,2025-03-19 10:15:58.000000000,2025-03-19 10:16:11.000000000,NS_B,B2.71.01 Dienstplaats,2.71.01,13.0
RTLS_02254,Infuuspomp 4,equipment,2025-03-19 10:16:06.000000000,2025-03-19 10:16:35.000000000,UTIL_B,B2.75 Utility,2.75,29.0
RTLS_02451,Bladderscan,equipment,2025-03-19 10:16:07.000000000,2025-03-19 10:16:24.000000000,UTIL_A,B2.63 Utility,2.63,17.0
RTLS_00855,EUREKA-VPL-008,nurse,2025-03-19 10:16:21.944236488,2025-03-19 10:17:22.319218424,ROOM_101,B2.74 1-bedskamer,2.74,60.374981
RTLS_01309,EUREKA-VPL-011,nurse,2025-03-19 10:16:24.770178248,2025-03-19 10:24:20.093471799,ROOM_101,B2.74 1-bedskamer,2.74,475.323293
RTLS_02980,Toiletstoel 3,equipment,2025-03-19 10:16:26.000000000,2025-03-19 10:16:41.000000000,STORAGE,B2.61 Opslag,2.61,15.0
RTLS_01639,EUREKA-VPL-014,nurse,2025-03-19 10:16:28.243158054,2025-03-19 10:16:29.243158054,PREP_B,B2.71.02 Voorbereiding,2.71.02,1.0
RTLS_01640,EUREKA-VPL-014,nurse,2025-03-19 10:16:29.243158054,2025-03-19 10:16:42.320628285,KITCHEN,B2.77 Keuken,2.77,13.07747
RTLS_01143,EUREKA-VPL-010,nurse,2025-03-19 10:16:37.135406458,2025-03-19 10:16:46.430407616,ROOM_102,B2.76 1-bedskamer,2.76,9.295001
RTLS_01641,EUREKA-VPL-014,nurse,2025-03-19 10:16:42.320628285,2025-03-19 10:17:50.786595827,ROOM_101,B2.74 1-bedskamer,2.74,68.465967
RTLS_02037,Infuuspomp 2,equipment,2025-03-19 10:16:43.000000000,2025-03-19 10:16:55.000000000,UTIL_A,B2.63 Utility,2.63,12.0
RTLS_01144,EUREKA-VPL-010,nurse,2025-03-19 10:16:46.430407616,2025-03-19 10:17:16.743830763,ROOM_103,B2.78 1-bedskamer,2.78,30.313423
RTLS_00697,EUREKA-VPL-007,nurse,2025-03-19 10:16:59.329949472,2025-03-19 10:17:12.324271086,NS_B,B2.71.01 Dienstplaats,2.71.01,12.994321
RTLS_02151,Infuuspomp 3,equipment,2025-03-19 10:17:11.000000000,2025-03-19 10:17:30.000000000,UTIL_B,B2.75 Utility,2.75,19.0
RTLS_00698,EUREKA-VPL-007,nurse,2025-03-19 10:17:12.324271086,2025-03-19 10:19:08.262755093,ROOM_108,B2.66 2-bedskamer,2.66,115.938484
RTLS_01877,Medicatiekar groen,equipment,2025-03-19 10:17:12.324271086,2025-03-19 10:19:08.262755093,ROOM_108,B2.66 2-bedskamer,2.66,115.938484
RTLS_01145,EUREKA-VPL-010,nurse,2025-03-19 10:17:16.743830763,2025-03-19 10:17:56.237537542,NS_B,B2.71.01 Dienstplaats,2.71.01,39.493706
RTLS_02553,Glucosemeter 1,equipment,2025-03-19 10:17:18.000000000,2025-03-19 10:17:47.000000000,NS_A,B2.71 Open wacht,2.71,29.0
RTLS_00856,EUREKA-VPL-008,nurse,2025-03-19 10:17:22.319218424,2025-03-19 10:22:32.779467724,ROOM_106,B2.62 2-bedskamer,2.62,310.460249
RTLS_01879,Medicatiekar geel,equipment,2025-03-19 10:17:22.319218424,2025-03-19 10:22:32.779467724,ROOM_106,B2.62 2-bedskamer,2.62,310.460249
RTLS_00981,EUREKA-VPL-009,nurse,2025-03-19 10:17:27.362152327,2025-03-19 10:31:38.241434660,UTIL_A,B2.63 Utility,2.63,850.879282
RTLS_03406,Voedingspomp 4,equipment,2025-03-19 10:17:47.000000000,2025-03-19 10:17:54.000000000,UTIL_B,B2.75 Utility,2.75,7.0
RTLS_01642,EUREKA-VPL-014,nurse,2025-03-19 10:17:50.786595827,2025-03-19 10:17:55.393239037,ROOM_103,B2.78 1-bedskamer,2.78,4.606643
RTLS_02658,Glucosemeter 2,equipment,2025-03-19 10:17:51.000000000,2025-03-19 10:18:05.000000000,NS_B,B2.71.01 Dienstplaats,2.71.01,14.0
RTLS_01643,EUREKA-VPL-014,nurse,2025-03-19 10:17:55.393239037,2025-03-19 10:17:57.555121094,ROOM_101,B2.74 1-bedskamer,2.74,2.161882
RTLS_01146,EUREKA-VPL-010,nurse,2025-03-19 10:17:56.237537542,2025-03-19 10:17:57.729291712,UTIL_B,B2.75 Utility,2.75,1.491754
RTLS_01644,EUREKA-VPL-014,nurse,2025-03-19 10:17:57.555121094,2025-03-19 10:18:02.799703856,ROOM_103,B2.78 1-bedskamer,2.78,5.244582
RTLS_01147,EUREKA-VPL-010,nurse,2025-03-19 10:17:57.729291712,2025-03-19 10:18:12.472498254,ROOM_110,B2.79 2-bedskamer,2.79,14.743206
RTLS_01645,EUREKA-VPL-014,nurse,2025-03-19 10:18:02.799703856,2025-03-19 10:22:27.193027374,ROOM_110,B2.79 2-bedskamer,2.79,264.393323
RTLS_00324,EUREKA-VPL-004,nurse,2025-03-19 10:18:03.619551304,2025-03-19 10:23:13.246402774,NS_A,B2.71 Open wacht,2.71,309.626851
RTLS_01148,EUREKA-VPL-010,nurse,2025-03-19 10:18:12.472498254,2025-03-19 10:19:48.819689329,ROOM_108,B2.66 2-bedskamer,2.66,96.347191
RTLS_01928,Infuuspomp 1,equipment,2025-03-19 10:18:13.000000000,2025-03-19 10:18:45.000000000,UTIL_A,B2.63 Utility,2.63,32.0
RTLS_02659,Glucosemeter 2,equipment,2025-03-19 10:19:03.000000000,2025-03-19 10:19:38.000000000,NS_B,B2.71.01 Dienstplaats,2.71.01,35.0
RTLS_00179,EUREKA-VPL-002,nurse,2025-03-19 10:19:03.748739991,2025-03-19 10:21:53.729818999,ROOM_109,B2.68 2-bedskamer,2.68,169.981079
RTLS_00699,EUREKA-VPL-007,nurse,2025-03-19 10:19:08.262755093,2025-03-19 10:19:10.277802127,ROOM_110,B2.79 2-bedskamer,2.79,2.015047
RTLS_00700,EUREKA-VPL-007,nurse,2025-03-19 10:19:10.277802127,2025-03-19 10:19:35.371602045,ROOM_104,B2.80 1-bedskamer,2.80,25.093799
RTLS_02878,Toiletstoel 2,equipment,2025-03-19 10:19:19.000000000,2025-03-19 10:19:33.000000000,UTIL_B,B2.75 Utility,2.75,14.0
RTLS_00701,EUREKA-VPL-007,nurse,2025-03-19 10:19:35.371602045,2025-03-19 10:19:39.268053253,NS_A,B2.71 Open wacht,2.71,3.896451
RTLS_00702,EUREKA-VPL-007,nurse,2025-03-19 10:19:39.268053253,2025-03-19 10:19:53.415954418,STORE_B,B2.59 Berging,2.59,14.147901
RTLS_01149,EUREKA-VPL-010,nurse,2025-03-19 10:19:48.819689329,2025-03-19 10:20:38.975682258,ROOM_106,B2.62 2-bedskamer,2.62,50.155992
RTLS_01795,EUREKA-VPL-015,nurse,2025-03-19 10:19:48.992678889,2025-03-19 10:22:41.005534790,NS_A,B2.71 Open wacht,2.71,172.012855
RTLS_00703,EUREKA-VPL-007,nurse,2025-03-19 10:19:53.415954418,2025-03-19 10:20:20.174732073,ROOM_107,B2.64 2-bedskamer,2.64,26.758777
RTLS_01929,Infuuspomp 1,equipment,2025-03-19 10:20:12.000000000,2025-03-19 10:20:41.000000000,UTIL_A,B2.63 Utility,2.63,29.0
RTLS_02981,Toiletstoel 3,equipment,2025-03-19 10:20:20.000000000,2025-03-19 10:20:56.000000000,STORAGE,B2.61 Opslag,2.61,36.0
RTLS_00704,EUREKA-VPL-007,nurse,2025-03-19 10:20:20.174732073,2025-03-19 10:20:50.899524788,STORE_A,B2.53 Berging,2.53,30.724792
RTLS_02452,Bladderscan,equipment,2025-03-19 10:20:33.000000000,2025-03-19 10:20:43.000000000,UTIL_A,B2.63 Utility,2.63,10.0
RTLS_03300,Voedingspomp 3,equipment,2025-03-19 10:20:33.000000000,2025-03-19 10:20:59.000000000,UTIL_A,B2.63 Utility,2.63,26.0
RTLS_03509,Voedingspomp 5,equipment,2025-03-19 10:20:36.000000000,2025-03-19 10:21:01.000000000,UTIL_A,B2.63 Utility,2.63,25.0
RTLS_01150,EUREKA-VPL-010,nurse,2025-03-19 10:20:38.975682258,2025-03-19 10:21:22.357017195,ROOM_105,B2.82 1-bedskamer,2.82,43.381334
RTLS_00705,EUREKA-VPL-007,nurse,2025-03-19 10:20:50.899524788,2025-03-19 10:21:14.808382362,NS_B,B2.71.01 Dienstplaats,2.71.01,23.908857
RTLS_02038,Infuuspomp 2,equipment,2025-03-19 10:21:07.000000000,2025-03-19 10:21:38.000000000,UTIL_A,B2.63 Utility,2.63,31.0
RTLS_00706,EUREKA-VPL-007,nurse,2025-03-19 10:21:14.808382362,2025-03-19 10:21:32.205461002,UTIL_B,B2.75 Utility,2.75,17.397078
RTLS_03089,Voedingspomp 1,equipment,2025-03-19 10:21:18.000000000,2025-03-19 10:21:34.000000000,UTIL_A,B2.63 Utility,2.63,16.0
RTLS_01151,EUREKA-VPL-010,nurse,2025-03-19 10:21:22.357017195,2025-03-19 10:59:59.999999195,PREP_B,B2.71.02 Voorbereiding,2.71.02,2317.642982
RTLS_00707,EUREKA-VPL-007,nurse,2025-03-19 10:21:32.205461002,2025-03-19 10:21:35.567438575,KITCHEN,B2.77 Keuken,2.77,3.361977
RTLS_02255,Infuuspomp 4,equipment,2025-03-19 10:21:33.000000000,2025-03-19 10:22:03.000000000,UTIL_B,B2.75 Utility,2.75,30.0
RTLS_00708,EUREKA-VPL-007,nurse,2025-03-19 10:21:35.567438575,2025-03-19 10:21:36.567438575,UTIL_A,B2.63 Utility,2.63,1.0
RTLS_00709,EUREKA-VPL-007,nurse,2025-03-19 10:21:36.567438575,2025-03-19 10:50:27.550396203,BATH_B,B2.55 Badkamer,2.55,1730.982957
RTLS_02772,Toiletstoel 1,equipment,2025-03-19 10:21:41.000000000,2025-03-19 10:21:56.000000000,UTIL_A,B2.63 Utility,2.63,15.0
RTLS_00418,EUREKA-VPL-005,nurse,2025-03-19 10:21:42.155228531,2025-03-19 10:22:17.651404442,KITCHEN,B2.77 Keuken,2.77,35.496175
RTLS_00180,EUREKA-VPL-002,nurse,2025-03-19 10:21:53.729818999,2025-03-19 10:21:58.756909383,STORAGE,B2.61 Opslag,2.61,5.02709
RTLS_00181,EUREKA-VPL-002,nurse,2025-03-19 10:21:58.756909383,2025-03-19 10:22:03.129779849,UTIL_A,B2.63 Utility,2.63,4.37287
RTLS_03301,Voedingspomp 3,equipment,2025-03-19 10:22:03.000000000,2025-03-19 10:22:11.000000000,UTIL_A,B2.63 Utility,2.63,8.0
RTLS_00182,EUREKA-VPL-002,nurse,2025-03-19 10:22:03.129779849,2025-03-19 10:26:49.657339167,ROOM_108,B2.66 2-bedskamer,2.66,286.527559
RTLS_03407,Voedingspomp 4,equipment,2025-03-19 10:22:07.000000000,2025-03-19 10:22:15.000000000,UTIL_B,B2.75 Utility,2.75,8.0
RTLS_03195,Voedingspomp 2,equipment,2025-03-19 10:22:11.000000000,2025-03-19 10:22:37.000000000,UTIL_B,B2.75 Utility,2.75,26.0
RTLS_00419,EUREKA-VPL-005,nurse,2025-03-19 10:22:17.651404442,2025-03-19 10:22:19.500066681,PREP_B,B2.71.02 Voorbereiding,2.71.02,1.848662
RTLS_00420,EUREKA-VPL-005,nurse,2025-03-19 10:22:19.500066681,2025-03-19 10:23:01.734398994,ROOM_106,B2.62 2-bedskamer,2.62,42.234332
RTLS_02982,Toiletstoel 3,equipment,2025-03-19 10:22:27.000000000,2025-03-19 10:22:48.000000000,STORAGE,B2.61 Opslag,2.61,21.0
RTLS_01646,EUREKA-VPL-014,nurse,2025-03-19 10:22:27.193027374,2025-03-19 10:23:06.009517949,ROOM_104,B2.80 1-bedskamer,2.80,38.81649
RTLS_00857,EUREKA-VPL-008,nurse,2025-03-19 10:22:32.779467724,2025-03-19 10:23:36.066161164,ROOM_101,B2.74 1-bedskamer,2.74,63.286693
RTLS_01796,EUREKA-VPL-015,nurse,2025-03-19 10:22:41.005534790,2025-03-19 10:22:46.221243593,KITCHEN,B2.77 Keuken,2.77,5.215708
RTLS_01797,EUREKA-VPL-015,nurse,2025-03-19 10:22:46.221243593,2025-03-19 10:23:29.850305669,ROOM_101,B2.74 1-bedskamer,2.74,43.629062
RTLS_02152,Infuuspomp 3,equipment,2025-03-19 10:22:51.000000000,2025-03-19 10:22:57.000000000,UTIL_B,B2.75 Utility,2.75,6.0
RTLS_00421,EUREKA-VPL-005,nurse,2025-03-19 10:23:01.734398994,2025-03-19 10:23:05.101078647,ROOM_101,B2.74 1-bedskamer,2.74,3.366679
RTLS_02356,Spuitaandrijver,equipment,2025-03-19 10:23:05.000000000,2025-03-19 10:23:20.000000000,UTIL_B,B2.75 Utility,2.75,15.0
RTLS_00422,EUREKA-VPL-005,nurse,2025-03-19 10:23:05.101078647,2025-03-19 10:23:44.810703513,ROOM_108,B2.66 2-bedskamer,2.66,39.709624
RTLS_01647,EUREKA-VPL-014,nurse,2025-03-19 10:23:06.009517949,2025-03-19 10:23:12.346015065,KITCHEN,B2.77 Keuken,2.77,6.336497
RTLS_01648,EUREKA-VPL-014,nurse,2025-03-19 10:23:12.346015065,2025-03-19 10:23:16.370818964,ROOM_104,B2.80 1-bedskamer,2.80,4.024803
RTLS_00325,EUREKA-VPL-004,nurse,2025-03-19 10:23:13.246402774,2025-03-19 10:26:02.624278307,UTIL_B,B2.75 Utility,2.75,169.377875
RTLS_01649,EUREKA-VPL-014,nurse,2025-03-19 10:23:16.370818964,2025-03-19 10:23:45.380064458,NS_A,B2.71 Open wacht,2.71,29.009245
RTLS_02256,Infuuspomp 4,equipment,2025-03-19 10:23:25.000000000,2025-03-19 10:23:31.000000000,UTIL_B,B2.75 Utility,2.75,6.0
RTLS_01798,EUREKA-VPL-015,nurse,2025-03-19 10:23:29.850305669,2025-03-19 10:23:39.437161326,ROOM_108,B2.66 2-bedskamer,2.66,9.586855
RTLS_00858,EUREKA-VPL-008,nurse,2025-03-19 10:23:36.066161164,2025-03-19 10:24:07.171215358,ROOM_103,B2.78 1-bedskamer,2.78,31.105054
RTLS_01799,EUREKA-VPL-015,nurse,2025-03-19 10:23:39.437161326,2025-03-19 10:39:13.964091897,PREP_B,B2.71.02 Voorbereiding,2.71.02,934.52693
RTLS_00423,EUREKA-VPL-005,nurse,2025-03-19 10:23:44.810703513,2025-03-19 10:24:02.280379300,BATH_B,B2.55 Badkamer,2.55,17.469675
RTLS_01650,EUREKA-VPL-014,nurse,2025-03-19 10:23:45.380064458,2025-03-19 10:24:23.180099026,ROOM_105,B2.82 1-bedskamer,2.82,37.800034
RTLS_00540,EUREKA-VPL-006,nurse,2025-03-19 10:23:59.930237427,2025-03-19 10:32:59.947677927,NS_B,B2.71.01 Dienstplaats,2.71.01,540.01744
RTLS_03090,Voedingspomp 1,equipment,2025-03-19 10:24:04.000000000,2025-03-19 10:24:37.000000000,UTIL_A,B2.63 Utility,2.63,33.0
RTLS_02554,Glucosemeter 1,equipment,2025-03-19 10:24:06.000000000,2025-03-19 10:24:32.000000000,NS_A,B2.71 Open wacht,2.71,26.0
RTLS_01310,EUREKA-VPL-011,nurse,2025-03-19 10:24:20.093471799,2025-03-19 10:25:48.940357106,UTIL_A,B2.63 Utility,2.63,88.846885
RTLS_01651,EUREKA-VPL-014,nurse,2025-03-19 10:24:23.180099026,2025-03-19 10:24:35.558103083,ROOM_108,B2.66 2-bedskamer,2.66,12.378004
RTLS_01652,EUREKA-VPL-014,nurse,2025-03-19 10:24:35.558103083,2025-03-19 10:25:14.856452858,ROOM_102,B2.76 1-bedskamer,2.76,39.298349
RTLS_02453,Bladderscan,equipment,2025-03-19 10:24:43.000000000,2025-03-19 10:25:10.000000000,UTIL_A,B2.63 Utility,2.63,27.0
RTLS_03510,Voedingspomp 5,equipment,2025-03-19 10:24:48.000000000,2025-03-19 10:25:13.000000000,UTIL_A,B2.63 Utility,2.63,25.0
RTLS_01930,Infuuspomp 1,equipment,2025-03-19 10:25:14.000000000,2025-03-19 10:25:21.000000000,UTIL_A,B2.63 Utility,2.63,7.0
RTLS_03196,Voedingspomp 2,equipment,2025-03-19 10:25:14.000000000,2025-03-19 10:25:39.000000000,UTIL_B,B2.75 Utility,2.75,25.0
RTLS_01653,EUREKA-VPL-014,nurse,2025-03-19 10:25:14.856452858,2025-03-19 10:27:38.619639784,ROOM_110,B2.79 2-bedskamer,2.79,143.763186
RTLS_01503,EUREKA-VPL-013,nurse,2025-03-19 10:25:33.800416860,2025-03-19 10:25:37.511802636,ROOM_106,B2.62 2-bedskamer,2.62,3.711385
RTLS_01504,EUREKA-VPL-013,nurse,2025-03-19 10:25:37.511802636,2025-03-19 10:26:35.533908545,KITCHEN,B2.77 Keuken,2.77,58.022105
RTLS_02153,Infuuspomp 3,equipment,2025-03-19 10:25:40.000000000,2025-03-19 10:26:13.000000000,UTIL_B,B2.75 Utility,2.75,33.0
RTLS_00261,EUREKA-VPL-003,nurse,2025-03-19 10:25:42.857142857,2025-03-19 10:26:17.511171698,ROOM_104,B2.80 1-bedskamer,2.80,34.654028
RTLS_01311,EUREKA-VPL-011,nurse,2025-03-19 10:25:48.940357106,2025-03-19 10:32:46.279154955,UTIL_A,B2.63 Utility,2.63,417.338797
RTLS_00326,EUREKA-VPL-004,nurse,2025-03-19 10:26:02.624278307,2025-03-19 10:27:03.971215894,ROOM_103,B2.78 1-bedskamer,2.78,61.346937
RTLS_03302,Voedingspomp 3,equipment,2025-03-19 10:26:05.000000000,2025-03-19 10:26:29.000000000,UTIL_A,B2.63 Utility,2.63,24.0
RTLS_03408,Voedingspomp 4,equipment,2025-03-19 10:26:07.000000000,2025-03-19 10:26:33.000000000,UTIL_B,B2.75 Utility,2.75,26.0
RTLS_02357,Spuitaandrijver,equipment,2025-03-19 10:26:10.000000000,2025-03-19 10:26:20.000000000,UTIL_B,B2.75 Utility,2.75,10.0
RTLS_00262,EUREKA-VPL-003,nurse,2025-03-19 10:26:17.511171698,2025-03-19 10:29:08.655986794,UTIL_A,B2.63 Utility,2.63,171.144815
RTLS_02879,Toiletstoel 2,equipment,2025-03-19 10:26:30.000000000,2025-03-19 10:26:54.000000000,UTIL_B,B2.75 Utility,2.75,24.0
RTLS_01505,EUREKA-VPL-013,nurse,2025-03-19 10:26:35.533908545,2025-03-19 10:27:57.192524795,STORE_A,B2.53 Berging,2.53,81.658616
RTLS_00183,EUREKA-VPL-002,nurse,2025-03-19 10:26:49.657339167,2025-03-19 10:27:33.013862906,ROOM_106,B2.62 2-bedskamer,2.62,43.356523
RTLS_00327,EUREKA-VPL-004,nurse,2025-03-19 10:27:03.971215894,2025-03-19 10:27:06.579954979,KITCHEN,B2.77 Keuken,2.77,2.608739
RTLS_00328,EUREKA-VPL-004,nurse,2025-03-19 10:27:06.579954979,2025-03-19 10:27:10.598290970,ROOM_109,B2.68 2-bedskamer,2.68,4.018335
RTLS_02660,Glucosemeter 2,equipment,2025-03-19 10:27:08.000000000,2025-03-19 10:27:25.000000000,NS_B,B2.71.01 Dienstplaats,2.71.01,17.0
RTLS_00329,EUREKA-VPL-004,nurse,2025-03-19 10:27:10.598290970,2025-03-19 10:51:47.649572720,STORE_B,B2.59 Berging,2.59,1477.051281
RTLS_00184,EUREKA-VPL-002,nurse,2025-03-19 10:27:33.013862906,2025-03-19 10:27:38.661041655,ROOM_101,B2.74 1-bedskamer,2.74,5.647178
RTLS_00185,EUREKA-VPL-002,nurse,2025-03-19 10:27:38.661041655,2025-03-19 10:27:39.661041655,PREP_A,B2.71.02 Voorbereiding,2.71.02,1.0
RTLS_02773,Toiletstoel 1,equipment,2025-03-19 10:27:41.000000000,2025-03-19 10:28:16.000000000,UTIL_A,B2.63 Utility,2.63,35.0
RTLS_03511,Voedingspomp 5,equipment,2025-03-19 10:27:54.000000000,2025-03-19 10:28:19.000000000,UTIL_A,B2.63 Utility,2.63,25.0
RTLS_01506,EUREKA-VPL-013,nurse,2025-03-19 10:27:57.192524795,2025-03-19 10:28:14.807418926,KITCHEN,B2.77 Keuken,2.77,17.614894
RTLS_01507,EUREKA-VPL-013,nurse,2025-03-19 10:28:14.807418926,2025-03-19 10:28:52.371921199,NS_A,B2.71 Open wacht,2.71,37.564502
RTLS_02039,Infuuspomp 2,equipment,2025-03-19 10:28:29.000000000,2025-03-19 10:28:42.000000000,UTIL_A,B2.63 Utility,2.63,13.0
RTLS_02257,Infuuspomp 4,equipment,2025-03-19 10:28:39.000000000,2025-03-19 10:28:54.000000000,UTIL_B,B2.75 Utility,2.75,15.0
RTLS_01508,EUREKA-VPL-013,nurse,2025-03-19 10:28:52.371921199,2025-03-19 10:29:00.777276681,ROOM_102,B2.76 1-bedskamer,2.76,8.405355
RTLS_03197,Voedingspomp 2,equipment,2025-03-19 10:28:53.000000000,2025-03-19 10:29:12.000000000,UTIL_B,B2.75 Utility,2.75,19.0
RTLS_01509,EUREKA-VPL-013,nurse,2025-03-19 10:29:00.777276681,2025-03-19 10:29:56.433287202,ROOM_106,B2.62 2-bedskamer,2.62,55.65601
RTLS_02358,Spuitaandrijver,equipment,2025-03-19 10:29:01.000000000,2025-03-19 10:29:25.000000000,UTIL_B,B2.75 Utility,2.75,24.0
RTLS_00263,EUREKA-VPL-003,nurse,2025-03-19 10:29:08.655986794,2025-03-19 10:35:05.605949537,STORE_C,B2.65 Berging,2.65,356.949962
RTLS_02983,Toiletstoel 3,equipment,2025-03-19 10:29:14.000000000,2025-03-19 10:29:34.000000000,STORAGE,B2.61 Opslag,2.61,20.0
RTLS_01510,EUREKA-VPL-013,nurse,2025-03-19 10:29:56.433287202,2025-03-19 10:30:01.033871332,ROOM_107,B2.64 2-bedskamer,2.64,4.600584
RTLS_01511,EUREKA-VPL-013,nurse,2025-03-19 10:30:01.033871332,2025-03-19 10:31:48.906864497,ROOM_101,B2.74 1-bedskamer,2.74,107.872993
RTLS_02040,Infuuspomp 2,equipment,2025-03-19 10:30:16.000000000,2025-03-19 10:30:46.000000000,UTIL_A,B2.63 Utility,2.63,30.0
RTLS_01931,Infuuspomp 1,equipment,2025-03-19 10:30:18.000000000,2025-03-19 10:30:47.000000000,UTIL_A,B2.63 Utility,2.63,29.0
RTLS_03091,Voedingspomp 1,equipment,2025-03-19 10:30:23.000000000,2025-03-19 10:30:48.000000000,UTIL_A,B2.63 Utility,2.63,25.0
RTLS_02454,Bladderscan,equipment,2025-03-19 10:30:53.000000000,2025-03-19 10:31:06.000000000,UTIL_A,B2.63 Utility,2.63,13.0
RTLS_02555,Glucosemeter 1,equipment,2025-03-19 10:31:15.000000000,2025-03-19 10:31:28.000000000,NS_A,B2.71 Open wacht,2.71,13.0
RTLS_02258,Infuuspomp 4,equipment,2025-03-19 10:31:20.000000000,2025-03-19 10:31:38.000000000,UTIL_B,B2.75 Utility,2.75,18.0
RTLS_03198,Voedingspomp 2,equipment,2025-03-19 10:31:33.000000000,2025-03-19 10:31:58.000000000,UTIL_B,B2.75 Utility,2.75,25.0
RTLS_00982,EUREKA-VPL-009,nurse,2025-03-19 10:31:38.241434660,2025-03-19 10:42:16.400896535,PREP_B,B2.71.02 Voorbereiding,2.71.02,638.159461
RTLS_03303,Voedingspomp 3,equipment,2025-03-19 10:31:45.000000000,2025-03-19 10:31:54.000000000,UTIL_A,B2.63 Utility,2.63,9.0
RTLS_03409,Voedingspomp 4,equipment,2025-03-19 10:32:12.000000000,2025-03-19 10:32:40.000000000,UTIL_B,B2.75 Utility,2.75,28.0
RTLS_03512,Voedingspomp 5,equipment,2025-03-19 10:32:20.000000000,2025-03-19 10:32:35.000000000,UTIL_A,B2.63 Utility,2.63,15.0
RTLS_02556,Glucosemeter 1,equipment,2025-03-19 10:32:36.000000000,2025-03-19 10:32:44.000000000,NS_A,B2.71 Open wacht,2.71,8.0
RTLS_01312,EUREKA-VPL-011,nurse,2025-03-19 10:32:46.279154955,2025-03-19 10:32:48.411736781,ROOM_109,B2.68 2-bedskamer,2.68,2.132581
RTLS_01313,EUREKA-VPL-011,nurse,2025-03-19 10:32:48.411736781,2025-03-19 10:40:13.559861508,NS_A,B2.71 Open wacht,2.71,445.148124
RTLS_00541,EUREKA-VPL-006,nurse,2025-03-19 10:32:59.947677927,2025-03-19 10:33:10.164780553,ROOM_110,B2.79 2-bedskamer,2.79,10.217102
RTLS_00542,EUREKA-VPL-006,nurse,2025-03-19 10:33:10.164780553,2025-03-19 10:33:35.802269128,ROOM_106,B2.62 2-bedskamer,2.62,25.637488
RTLS_02154,Infuuspomp 3,equipment,2025-03-19 10:33:11.000000000,2025-03-19 10:33:46.000000000,UTIL_B,B2.75 Utility,2.75,35.0
RTLS_00543,EUREKA-VPL-006,nurse,2025-03-19 10:33:35.802269128,2025-03-19 10:37:44.102024032,ROOM_101,B2.74 1-bedskamer,2.74,248.299754
RTLS_02880,Toiletstoel 2,equipment,2025-03-19 10:33:54.000000000,2025-03-19 10:34:31.000000000,UTIL_B,B2.75 Utility,2.75,37.0
RTLS_03199,Voedingspomp 2,equipment,2025-03-19 10:34:07.000000000,2025-03-19 10:34:26.000000000,UTIL_B,B2.75 Utility,2.75,19.0
RTLS_02661,Glucosemeter 2,equipment,2025-03-19 10:34:08.000000000,2025-03-19 10:34:28.000000000,NS_B,B2.71.01 Dienstplaats,2.71.01,20.0
RTLS_02984,Toiletstoel 3,equipment,2025-03-19 10:34:12.000000000,2025-03-19 10:34:28.000000000,STORAGE,B2.61 Opslag,2.61,16.0
RTLS_02455,Bladderscan,equipment,2025-03-19 10:34:14.000000000,2025-03-19 10:34:36.000000000,UTIL_A,B2.63 Utility,2.63,22.0
RTLS_02774,Toiletstoel 1,equipment,2025-03-19 10:34:35.000000000,2025-03-19 10:35:04.000000000,UTIL_A,B2.63 Utility,2.63,29.0
RTLS_00264,EUREKA-VPL-003,nurse,2025-03-19 10:35:05.605949537,2025-03-19 10:38:20.892411509,ROOM_103,B2.78 1-bedskamer,2.78,195.286461
RTLS_02041,Infuuspomp 2,equipment,2025-03-19 10:36:12.000000000,2025-03-19 10:36:27.000000000,UTIL_A,B2.63 Utility,2.63,15.0
RTLS_02985,Toiletstoel 3,equipment,2025-03-19 10:36:12.000000000,2025-03-19 10:36:38.000000000,STORAGE,B2.61 Opslag,2.61,26.0
RTLS_02359,Spuitaandrijver,equipment,2025-03-19 10:36:12.000000000,2025-03-19 10:36:21.000000000,UTIL_B,B2.75 Utility,2.75,9.0
RTLS_01932,Infuuspomp 1,equipment,2025-03-19 10:36:29.000000000,2025-03-19 10:36:51.000000000,UTIL_A,B2.63 Utility,2.63,22.0
RTLS_02155,Infuuspomp 3,equipment,2025-03-19 10:36:39.000000000,2025-03-19 10:36:48.000000000,UTIL_B,B2.75 Utility,2.75,9.0
RTLS_02259,Infuuspomp 4,equipment,2025-03-19 10:37:20.000000000,2025-03-19 10:37:30.000000000,UTIL_B,B2.75 Utility,2.75,10.0
RTLS_00544,EUREKA-VPL-006,nurse,2025-03-19 10:37:44.102024032,2025-03-19 10:38:25.699285604,ROOM_102,B2.76 1-bedskamer,2.76,41.597261
RTLS_03092,Voedingspomp 1,equipment,2025-03-19 10:38:02.000000000,2025-03-19 10:38:32.000000000,UTIL_A,B2.63 Utility,2.63,30.0
RTLS_00265,EUREKA-VPL-003,nurse,2025-03-19 10:38:20.892411509,2025-03-19 10:38:49.809759221,KITCHEN,B2.77 Keuken,2.77,28.917347
RTLS_00545,EUREKA-VPL-006,nurse,2025-03-19 10:38:25.699285604,2025-03-19 10:40:41.095901214,ROOM_101,B2.74 1-bedskamer,2.74,135.396615
RTLS_03410,Voedingspomp 4,equipment,2025-03-19 10:38:35.000000000,2025-03-19 10:38:47.000000000,UTIL_B,B2.75 Utility,2.75,12.0
RTLS_03304,Voedingspomp 3,equipment,2025-03-19 10:38:41.000000000,2025-03-19 10:39:02.000000000,UTIL_A,B2.63 Utility,2.63,21.0
RTLS_00266,EUREKA-VPL-003,nurse,2025-03-19 10:38:49.809759221,2025-03-19 10:41:20.211482146,NS_B,B2.71.01 Dienstplaats,2.71.01,150.401722
RTLS_02456,Bladderscan,equipment,2025-03-19 10:38:54.000000000,2025-03-19 10:39:25.000000000,UTIL_A,B2.63 Utility,2.63,31.0
RTLS_02156,Infuuspomp 3,equipment,2025-03-19 10:38:57.000000000,2025-03-19 10:39:06.000000000,UTIL_B,B2.75 Utility,2.75,9.0
RTLS_01800,EUREKA-VPL-015,nurse,2025-03-19 10:39:13.964091897,2025-03-19 10:41:36.413082870,ROOM_110,B2.79 2-bedskamer,2.79,142.44899
RTLS_01890,Medicatiekar geel,equipment,2025-03-19 10:39:13.964091897,2025-03-19 10:41:36.413082870,ROOM_110,B2.79 2-bedskamer,2.79,142.44899
RTLS_02881,Toiletstoel 2,equipment,2025-03-19 10:39:43.000000000,2025-03-19 10:40:15.000000000,UTIL_B,B2.75 Utility,2.75,32.0
RTLS_01933,Infuuspomp 1,equipment,2025-03-19 10:39:56.000000000,2025-03-19 10:40:06.000000000,UTIL_A,B2.63 Utility,2.63,10.0
RTLS_03513,Voedingspomp 5,equipment,2025-03-19 10:39:58.000000000,2025-03-19 10:40:05.000000000,UTIL_A,B2.63 Utility,2.63,7.0
RTLS_02557,Glucosemeter 1,equipment,2025-03-19 10:40:13.000000000,2025-03-19 10:40:39.000000000,NS_A,B2.71 Open wacht,2.71,26.0
RTLS_01314,EUREKA-VPL-011,nurse,2025-03-19 10:40:13.559861508,2025-03-19 10:40:25.358168686,ROOM_102,B2.76 1-bedskamer,2.76,11.798307
RTLS_01315,EUREKA-VPL-011,nurse,2025-03-19 10:40:25.358168686,2025-03-19 10:52:10.143267285,PREP_B,B2.71.02 Voorbereiding,2.71.02,704.785098
RTLS_00546,EUREKA-VPL-006,nurse,2025-03-19 10:40:41.095901214,2025-03-19 10:40:42.095901214,PREP_A,B2.71.02 Voorbereiding,2.71.02,1.0
RTLS_00547,EUREKA-VPL-006,nurse,2025-03-19 10:40:42.095901214,2025-03-19 10:40:45.856826230,ROOM_105,B2.82 1-bedskamer,2.82,3.760925
RTLS_00548,EUREKA-VPL-006,nurse,2025-03-19 10:40:45.856826230,2025-03-19 10:41:09.850844372,ROOM_110,B2.79 2-bedskamer,2.79,23.994018
RTLS_01934,Infuuspomp 1,equipment,2025-03-19 10:41:00.000000000,2025-03-19 10:41:16.000000000,UTIL_A,B2.63 Utility,2.63,16.0
RTLS_02775,Toiletstoel 1,equipment,2025-03-19 10:41:02.000000000,2025-03-19 10:41:33.000000000,UTIL_A,B2.63 Utility,2.63,31.0
RTLS_00549,EUREKA-VPL-006,nurse,2025-03-19 10:41:09.850844372,2025-03-19 10:42:29.919343937,ROOM_104,B2.80 1-bedskamer,2.80,80.068499
RTLS_02042,Infuuspomp 2,equipment,2025-03-19 10:41:16.000000000,2025-03-19 10:41:27.000000000,UTIL_A,B2.63 Utility,2.63,11.0
RTLS_02662,Glucosemeter 2,equipment,2025-03-19 10:41:25.000000000,2025-03-19 10:41:35.000000000,NS_B,B2.71.01 Dienstplaats,2.71.01,10.0
RTLS_03200,Voedingspomp 2,equipment,2025-03-19 10:41:34.000000000,2025-03-19 10:42:04.000000000,UTIL_B,B2.75 Utility,2.75,30.0
RTLS_01801,EUREKA-VPL-015,nurse,2025-03-19 10:41:36.413082870,2025-03-19 10:42:34.589058659,ROOM_103,B2.78 1-bedskamer,2.78,58.175975
RTLS_02360,Spuitaandrijver,equipment,2025-03-19 10:41:45.000000000,2025-03-19 10:42:15.000000000,UTIL_B,B2.75 Utility,2.75,30.0
RTLS_02882,Toiletstoel 2,equipment,2025-03-19 10:41:49.000000000,2025-03-19 10:42:25.000000000,UTIL_B,B2.75 Utility,2.75,36.0
RTLS_00983,EUREKA-VPL-009,nurse,2025-03-19 10:42:16.400896535,2025-03-19 10:42:45.670404850,KITCHEN,B2.77 Keuken,2.77,29.269508
RTLS_00550,EUREKA-VPL-006,nurse,2025-03-19 10:42:29.919343937,2025-03-19 10:42:42.531971008,KITCHEN,B2.77 Keuken,2.77,12.612627
RTLS_01802,EUREKA-VPL-015,nurse,2025-03-19 10:42:34.589058659,2025-03-19 10:42:53.829109404,KITCHEN,B2.77 Keuken,2.77,19.24005
RTLS_00551,EUREKA-VPL-006,nurse,2025-03-19 10:42:42.531971008,2025-03-19 10:42:43.531971008,UTIL_B,B2.75 Utility,2.75,1.0
RTLS_00984,EUREKA-VPL-009,nurse,2025-03-19 10:42:45.670404850,2025-03-19 10:43:35.886899566,ROOM_110,B2.79 2-bedskamer,2.79,50.216494
RTLS_02457,Bladderscan,equipment,2025-03-19 10:42:52.000000000,2025-03-19 10:43:19.000000000,UTIL_A,B2.63 Utility,2.63,27.0
RTLS_01803,EUREKA-VPL-015,nurse,2025-03-19 10:42:53.829109404,2025-03-19 10:43:48.513249658,UTIL_A,B2.63 Utility,2.63,54.68414
RTLS_02558,Glucosemeter 1,equipment,2025-03-19 10:43:08.000000000,2025-03-19 10:43:41.000000000,NS_A,B2.71 Open wacht,2.71,33.0
RTLS_00985,EUREKA-VPL-009,nurse,2025-03-19 10:43:35.886899566,2025-03-19 10:43:52.346226240,ROOM_107,B2.64 2-bedskamer,2.64,16.459326
RTLS_02986,Toiletstoel 3,equipment,2025-03-19 10:43:38.000000000,2025-03-19 10:44:00.000000000,STORAGE,B2.61 Opslag,2.61,22.0
RTLS_01804,EUREKA-VPL-015,nurse,2025-03-19 10:43:48.513249658,2025-03-19 10:43:55.933504048,ROOM_106,B2.62 2-bedskamer,2.62,7.420254
RTLS_03305,Voedingspomp 3,equipment,2025-03-19 10:43:51.000000000,2025-03-19 10:43:57.000000000,UTIL_A,B2.63 Utility,2.63,6.0
RTLS_00986,EUREKA-VPL-009,nurse,2025-03-19 10:43:52.346226240,2025-03-19 10:44:36.458663983,ROOM_101,B2.74 1-bedskamer,2.74,44.112437
RTLS_01805,EUREKA-VPL-015,nurse,2025-03-19 10:43:55.933504048,2025-03-19 10:44:04.445048936,ROOM_108,B2.66 2-bedskamer,2.66,8.511544
RTLS_02776,Toiletstoel 1,equipment,2025-03-19 10:44:19.000000000,2025-03-19 10:44:47.000000000,UTIL_A,B2.63 Utility,2.63,28.0
RTLS_02663,Glucosemeter 2,equipment,2025-03-19 10:44:19.000000000,2025-03-19 10:44:48.000000000,NS_B,B2.71.01 Dienstplaats,2.71.01,29.0
RTLS_00987,EUREKA-VPL-009,nurse,2025-03-19 10:44:36.458663983,2025-03-19 10:44:53.342054743,ROOM_105,B2.82 1-bedskamer,2.82,16.88339
RTLS_02260,Infuuspomp 4,equipment,2025-03-19 10:44:52.000000000,2025-03-19 10:45:10.000000000,UTIL_B,B2.75 Utility,2.75,18.0
RTLS_00988,EUREKA-VPL-009,nurse,2025-03-19 10:44:53.342054743,2025-03-19 10:55:53.798689658,NS_B,B2.71.01 Dienstplaats,2.71.01,660.456634
RTLS_03093,Voedingspomp 1,equipment,2025-03-19 10:45:11.000000000,2025-03-19 10:45:42.000000000,UTIL_A,B2.63 Utility,2.63,31.0
RTLS_03411,Voedingspomp 4,equipment,2025-03-19 10:45:18.000000000,2025-03-19 10:45:34.000000000,UTIL_B,B2.75 Utility,2.75,16.0
RTLS_03201,Voedingspomp 2,equipment,2025-03-19 10:45:40.000000000,2025-03-19 10:46:16.000000000,UTIL_B,B2.75 Utility,2.75,36.0
RTLS_03514,Voedingspomp 5,equipment,2025-03-19 10:46:00.000000000,2025-03-19 10:46:11.000000000,UTIL_A,B2.63 Utility,2.63,11.0
RTLS_01935,Infuuspomp 1,equipment,2025-03-19 10:46:20.000000000,2025-03-19 10:46:26.000000000,UTIL_A,B2.63 Utility,2.63,6.0
RTLS_02157,Infuuspomp 3,equipment,2025-03-19 10:46:20.000000000,2025-03-19 10:46:54.000000000,UTIL_B,B2.75 Utility,2.75,34.0
RTLS_02883,Toiletstoel 2,equipment,2025-03-19 10:46:29.000000000,2025-03-19 10:46:57.000000000,UTIL_B,B2.75 Utility,2.75,28.0
RTLS_02559,Glucosemeter 1,equipment,2025-03-19 10:46:35.000000000,2025-03-19 10:46:59.000000000,NS_A,B2.71 Open wacht,2.71,24.0
RTLS_02777,Toiletstoel 1,equipment,2025-03-19 10:46:57.000000000,2025-03-19 10:47:13.000000000,UTIL_A,B2.63 Utility,2.63,16.0
RTLS_02043,Infuuspomp 2,equipment,2025-03-19 10:46:59.000000000,2025-03-19 10:47:28.000000000,UTIL_A,B2.63 Utility,2.63,29.0
RTLS_02261,Infuuspomp 4,equipment,2025-03-19 10:47:00.000000000,2025-03-19 10:47:07.000000000,UTIL_B,B2.75 Utility,2.75,7.0
RTLS_02664,Glucosemeter 2,equipment,2025-03-19 10:47:06.000000000,2025-03-19 10:47:38.000000000,NS_B,B2.71.01 Dienstplaats,2.71.01,32.0
RTLS_03202,Voedingspomp 2,equipment,2025-03-19 10:47:11.000000000,2025-03-19 10:47:47.000000000,UTIL_B,B2.75 Utility,2.75,36.0
RTLS_02987,Toiletstoel 3,equipment,2025-03-19 10:47:44.000000000,2025-03-19 10:47:53.000000000,STORAGE,B2.61 Opslag,2.61,9.0
RTLS_03515,Voedingspomp 5,equipment,2025-03-19 10:48:30.000000000,2025-03-19 10:48:40.000000000,UTIL_A,B2.63 Utility,2.63,10.0
RTLS_03412,Voedingspomp 4,equipment,2025-03-19 10:48:55.000000000,2025-03-19 10:49:25.000000000,UTIL_B,B2.75 Utility,2.75,30.0
RTLS_02361,Spuitaandrijver,equipment,2025-03-19 10:49:05.000000000,2025-03-19 10:49:34.000000000,UTIL_B,B2.75 Utility,2.75,29.0
RTLS_03094,Voedingspomp 1,equipment,2025-03-19 10:49:13.000000000,2025-03-19 10:49:20.000000000,UTIL_A,B2.63 Utility,2.63,7.0
RTLS_02884,Toiletstoel 2,equipment,2025-03-19 10:49:25.000000000,2025-03-19 10:49:33.000000000,UTIL_B,B2.75 Utility,2.75,8.0
RTLS_02560,Glucosemeter 1,equipment,2025-03-19 10:49:29.000000000,2025-03-19 10:49:37.000000000,NS_A,B2.71 Open wacht,2.71,8.0
RTLS_02458,Bladderscan,equipment,2025-03-19 10:50:05.000000000,2025-03-19 10:50:19.000000000,UTIL_A,B2.63 Utility,2.63,14.0
RTLS_03516,Voedingspomp 5,equipment,2025-03-19 10:50:11.000000000,2025-03-19 10:50:20.000000000,UTIL_A,B2.63 Utility,2.63,9.0
RTLS_02044,Infuuspomp 2,equipment,2025-03-19 10:50:18.000000000,2025-03-19 10:50:38.000000000,UTIL_A,B2.63 Utility,2.63,20.0
RTLS_03306,Voedingspomp 3,equipment,2025-03-19 10:50:19.000000000,2025-03-19 10:50:41.000000000,UTIL_A,B2.63 Utility,2.63,22.0
RTLS_00710,EUREKA-VPL-007,nurse,2025-03-19 10:50:27.550396203,2025-03-19 10:55:47.469343767,ROOM_101,B2.74 1-bedskamer,2.74,319.918947
RTLS_03203,Voedingspomp 2,equipment,2025-03-19 10:50:58.000000000,2025-03-19 10:51:30.000000000,UTIL_B,B2.75 Utility,2.75,32.0
RTLS_02665,Glucosemeter 2,equipment,2025-03-19 10:51:19.000000000,2025-03-19 10:51:37.000000000,NS_B,B2.71.01 Dienstplaats,2.71.01,18.0
RTLS_02362,Spuitaandrijver,equipment,2025-03-19 10:51:26.000000000,2025-03-19 10:51:47.000000000,UTIL_B,B2.75 Utility,2.75,21.0
RTLS_00330,EUREKA-VPL-004,nurse,2025-03-19 10:51:47.649572720,2025-03-19 10:59:59.999999720,NS_A,B2.71 Open wacht,2.71,492.350427
RTLS_01316,EUREKA-VPL-011,nurse,2025-03-19 10:52:10.143267285,2025-03-19 10:53:26.806901079,STORE_C,B2.65 Berging,2.65,76.663633
RTLS_02561,Glucosemeter 1,equipment,2025-03-19 10:52:14.000000000,2025-03-19 10:52:26.000000000,NS_A,B2.71 Open wacht,2.71,12.0
RTLS_03413,Voedingspomp 4,equipment,2025-03-19 10:52:26.000000000,2025-03-19 10:52:33.000000000,UTIL_B,B2.75 Utility,2.75,7.0
RTLS_03307,Voedingspomp 3,equipment,2025-03-19 10:53:00.000000000,2025-03-19 10:53:15.000000000,UTIL_A,B2.63 Utility,2.63,15.0
RTLS_02158,Infuuspomp 3,equipment,2025-03-19 10:53:10.000000000,2025-03-19 10:53:39.000000000,UTIL_B,B2.75 Utility,2.75,29.0
RTLS_01317,EUREKA-VPL-011,nurse,2025-03-19 10:53:26.806901079,2025-03-19 10:59:59.999999079,UTIL_A,B2.63 Utility,2.63,393.193098
RTLS_02262,Infuuspomp 4,equipment,2025-03-19 10:53:42.000000000,2025-03-19 10:53:50.000000000,UTIL_B,B2.75 Utility,2.75,8.0
RTLS_02045,Infuuspomp 2,equipment,2025-03-19 10:53:42.000000000,2025-03-19 10:53:48.000000000,UTIL_A,B2.63 Utility,2.63,6.0
RTLS_01936,Infuuspomp 1,equipment,2025-03-19 10:53:58.000000000,2025-03-19 10:54:22.000000000,UTIL_A,B2.63 Utility,2.63,24.0
RTLS_03095,Voedingspomp 1,equipment,2025-03-19 10:54:14.000000000,2025-03-19 10:54:44.000000000,UTIL_A,B2.63 Utility,2.63,30.0
RTLS_02778,Toiletstoel 1,equipment,2025-03-19 10:54:19.000000000,2025-03-19 10:54:33.000000000,UTIL_A,B2.63 Utility,2.63,14.0
RTLS_02988,Toiletstoel 3,equipment,2025-03-19 10:55:03.000000000,2025-03-19 10:55:36.000000000,STORAGE,B2.61 Opslag,2.61,33.0
RTLS_02046,Infuuspomp 2,equipment,2025-03-19 10:55:29.000000000,2025-03-19 10:56:05.000000000,UTIL_A,B2.63 Utility,2.63,36.0
RTLS_02666,Glucosemeter 2,equipment,2025-03-19 10:55:29.000000000,2025-03-19 10:56:00.000000000,NS_B,B2.71.01 Dienstplaats,2.71.01,31.0
RTLS_00711,EUREKA-VPL-007,nurse,2025-03-19 10:55:47.469343767,2025-03-19 10:55:56.684110788,ROOM_110,B2.79 2-bedskamer,2.79,9.214767
RTLS_00989,EUREKA-VPL-009,nurse,2025-03-19 10:55:53.798689658,2025-03-19 10:56:45.506662758,ROOM_104,B2.80 1-bedskamer,2.80,51.707973
RTLS_02885,Toiletstoel 2,equipment,2025-03-19 10:56:19.000000000,2025-03-19 10:56:38.000000000,UTIL_B,B2.75 Utility,2.75,19.0
RTLS_03308,Voedingspomp 3,equipment,2025-03-19 10:56:27.000000000,2025-03-19 10:56:32.000000000,UTIL_A,B2.63 Utility,2.63,5.0
RTLS_02459,Bladderscan,equipment,2025-03-19 10:56:40.000000000,2025-03-19 10:56:55.000000000,UTIL_A,B2.63 Utility,2.63,15.0
RTLS_03517,Voedingspomp 5,equipment,2025-03-19 10:56:45.000000000,2025-03-19 10:57:20.000000000,UTIL_A,B2.63 Utility,2.63,35.0
RTLS_02159,Infuuspomp 3,equipment,2025-03-19 10:56:47.000000000,2025-03-19 10:57:07.000000000,UTIL_B,B2.75 Utility,2.75,20.0
RTLS_02667,Glucosemeter 2,equipment,2025-03-19 10:56:52.000000000,2025-03-19 10:57:21.000000000,NS_B,B2.71.01 Dienstplaats,2.71.01,29.0
RTLS_02562,Glucosemeter 1,equipment,2025-03-19 10:56:58.000000000,2025-03-19 10:57:03.000000000,NS_A,B2.71 Open wacht,2.71,5.0
RTLS_01937,Infuuspomp 1,equipment,2025-03-19 10:57:10.000000000,2025-03-19 10:57:46.000000000,UTIL_A,B2.63 Utility,2.63,36.0
RTLS_02263,Infuuspomp 4,equipment,2025-03-19 10:57:28.000000000,2025-03-19 10:57:55.000000000,UTIL_B,B2.75 Utility,2.75,27.0
RTLS_03414,Voedingspomp 4,equipment,2025-03-19 10:58:10.000000000,2025-03-19 10:58:36.000000000,UTIL_B,B2.75 Utility,2.75,26.0
RTLS_02886,Toiletstoel 2,equipment,2025-03-19 10:58:23.000000000,2025-03-19 10:58:49.000000000,UTIL_B,B2.75 Utility,2.75,26.0
RTLS_03204,Voedingspomp 2,equipment,2025-03-19 10:58:41.000000000,2025-03-19 10:59:05.000000000,UTIL_B,B2.75 Utility,2.75,24.0
RTLS_02363,Spuitaandrijver,equipment,2025-03-19 10:59:00.000000000,2025-03-19 10:59:34.000000000,UTIL_B,B2.75 Utility,2.75,34.0
RTLS_02563,Glucosemeter 1,equipment,2025-03-19 10:59:29.000000000,2025-03-19 10:59:52.000000000,NS_A,B2.71 Open wacht,2.71,23.0
RTLS_01938,Infuuspomp 1,equipment,2025-03-19 10:59:50.000000000,2025-03-19 11:00:26.000000000,UTIL_A,B2.63 Utility,2.63,36.0
RTLS_02047,Infuuspomp 2,equipment,2025-03-19 10:59:58.000000000,2025-03-19 11:00:07.000000000,UTIL_A,B2.63 Utility,2.63,9.0
RTLS_02460,Bladderscan,equipment,2025-03-19 10:59:59.000000000,2025-03-19 11:00:25.000000000,UTIL_A,B2.63 Utility,2.63,26.0
RTLS_00059,EUREKA-VPL-001,nurse,2025-03-19 11:00:00.000000000,2025-03-19 11:00:09.178821929,NS_A,B2.71 Open wacht,2.71,9.178821
RTLS_00186,EUREKA-VPL-002,nurse,2025-03-19 11:00:00.000000000,2025-03-19 11:00:11.607135332,ROOM_104,B2.80 1-bedskamer,2.80,11.607135
RTLS_00267,EUREKA-VPL-003,nurse,2025-03-19 11:00:00.000000000,2025-03-19 11:02:52.184422535,ROOM_103,B2.78 1-bedskamer,2.78,172.184422
RTLS_00331,EUREKA-VPL-004,nurse,2025-03-19 11:00:00.000000000,2025-03-19 11:00:27.023704400,ROOM_102,B2.76 1-bedskamer,2.76,27.023704
RTLS_00424,EUREKA-VPL-005,nurse,2025-03-19 11:00:00.000000000,2025-03-19 11:09:09.113586364,STORAGE,B2.61 Opslag,2.61,549.113586
RTLS_00552,EUREKA-VPL-006,nurse,2025-03-19 11:00:00.000000000,2025-03-19 11:00:01.583719326,PREP_B,B2.71.02 Voorbereiding,2.71.02,1.5837189999999999
RTLS_00712,EUREKA-VPL-007,nurse,2025-03-19 11:00:00.000000000,2025-03-19 11:01:02.233599522,NS_A,B2.71 Open wacht,2.71,62.233599
RTLS_00859,EUREKA-VPL-008,nurse,2025-03-19 11:00:00.000000000,2025-03-19 11:00:17.906334895,NS_B,B2.71.01 Dienstplaats,2.71.01,17.906334
RTLS_00990,EUREKA-VPL-009,nurse,2025-03-19 11:00:00.000000000,2025-03-19 11:13:50.769230769,PREP_B,B2.71.02 Voorbereiding,2.71.02,830.76923
RTLS_01152,EUREKA-VPL-010,nurse,2025-03-19 11:00:00.000000000,2025-03-19 11:00:33.471690610,ROOM_104,B2.80 1-bedskamer,2.80,33.47169
RTLS_01318,EUREKA-VPL-011,nurse,2025-03-19 11:00:00.000000000,2025-03-19 11:00:04.946024453,ROOM_107,B2.64 2-bedskamer,2.64,4.9460239999999995
RTLS_01423,EUREKA-VPL-012,nurse,2025-03-19 11:00:00.000000000,2025-03-19 11:04:29.957535151,NS_A,B2.71 Open wacht,2.71,269.957535
RTLS_01512,EUREKA-VPL-013,nurse,2025-03-19 11:00:00.000000000,2025-03-19 11:01:32.653166169,ROOM_103,B2.78 1-bedskamer,2.78,92.653166
RTLS_01654,EUREKA-VPL-014,nurse,2025-03-19 11:00:00.000000000,2025-03-19 11:00:26.861158527,ROOM_101,B2.74 1-bedskamer,2.74,26.861158
RTLS_01806,EUREKA-VPL-015,nurse,2025-03-19 11:00:00.000000000,2025-03-19 11:00:46.615834546,STORE_B,B2.59 Berging,2.59,46.615834
RTLS_02887,Toiletstoel 2,equipment,2025-03-19 11:00:00.000000000,2025-03-19 11:00:19.000000000,UTIL_B,B2.75 Utility,2.75,19.0
RTLS_00553,EUREKA-VPL-006,nurse,2025-03-19 11:00:01.583719326,2025-03-19 11:00:07.017936824,KITCHEN,B2.77 Keuken,2.77,5.434217
RTLS_01319,EUREKA-VPL-011,nurse,2025-03-19 11:00:04.946024453,2025-03-19 11:00:14.488707779,BATHROOM,B2.57 Stortbad,2.57,9.542683
RTLS_00554,EUREKA-VPL-006,nurse,2025-03-19 11:00:07.017936824,2025-03-19 11:01:15.579337604,NS_B,B2.71.01 Dienstplaats,2.71.01,68.5614
RTLS_00060,EUREKA-VPL-001,nurse,2025-03-19 11:00:09.178821929,2025-03-19 11:13:57.829863005,ROOM_108,B2.66 2-bedskamer,2.66,828.651041
RTLS_00187,EUREKA-VPL-002,nurse,2025-03-19 11:00:11.607135332,2025-03-19 11:02:30.259155878,NS_B,B2.71.01 Dienstplaats,2.71.01,138.65202
RTLS_01320,EUREKA-VPL-011,nurse,2025-03-19 11:00:14.488707779,2025-03-19 11:00:25.374993029,PREP_B,B2.71.02 Voorbereiding,2.71.02,10.886285
RTLS_00860,EUREKA-VPL-008,nurse,2025-03-19 11:00:17.906334895,2025-03-19 11:06:37.105781667,PREP_A,B2.71.02 Voorbereiding,2.71.02,379.199446
RTLS_01321,EUREKA-VPL-011,nurse,2025-03-19 11:00:25.374993029,2025-03-19 11:02:16.176292143,ROOM_107,B2.64 2-bedskamer,2.64,110.801299
RTLS_01655,EUREKA-VPL-014,nurse,2025-03-19 11:00:26.861158527,2025-03-19 11:00:33.006569219,ROOM_110,B2.79 2-bedskamer,2.79,6.14541
RTLS_00332,EUREKA-VPL-004,nurse,2025-03-19 11:00:27.023704400,2025-03-19 11:00:30.913784189,ROOM_104,B2.80 1-bedskamer,2.80,3.890079
RTLS_00333,EUREKA-VPL-004,nurse,2025-03-19 11:00:30.913784189,2025-03-19 11:00:53.055548245,ROOM_101,B2.74 1-bedskamer,2.74,22.141764
RTLS_01656,EUREKA-VPL-014,nurse,2025-03-19 11:00:33.006569219,2025-03-19 11:00:42.018610376,KITCHEN,B2.77 Keuken,2.77,9.012041
RTLS_01153,EUREKA-VPL-010,nurse,2025-03-19 11:00:33.471690610,2025-03-19 11:00:52.774736675,ROOM_101,B2.74 1-bedskamer,2.74,19.303046
RTLS_01657,EUREKA-VPL-014,nurse,2025-03-19 11:00:42.018610376,2025-03-19 11:00:46.360909518,NS_B,B2.71.01 Dienstplaats,2.71.01,4.342299
RTLS_01658,EUREKA-VPL-014,nurse,2025-03-19 11:00:46.360909518,2025-03-19 11:01:46.892206127,ROOM_102,B2.76 1-bedskamer,2.76,60.531296
RTLS_01807,EUREKA-VPL-015,nurse,2025-03-19 11:00:46.615834546,2025-03-19 11:01:05.668103117,NS_B,B2.71.01 Dienstplaats,2.71.01,19.052268
RTLS_01154,EUREKA-VPL-010,nurse,2025-03-19 11:00:52.774736675,2025-03-19 11:00:53.774736675,ROOM_109,B2.68 2-bedskamer,2.68,1.0
RTLS_00334,EUREKA-VPL-004,nurse,2025-03-19 11:00:53.055548245,2025-03-19 11:03:08.103778198,BATHROOM,B2.57 Stortbad,2.57,135.048229
RTLS_01155,EUREKA-VPL-010,nurse,2025-03-19 11:00:53.774736675,2025-03-19 11:01:31.891903049,ROOM_103,B2.78 1-bedskamer,2.78,38.117166
RTLS_02779,Toiletstoel 1,equipment,2025-03-19 11:01:02.000000000,2025-03-19 11:01:20.000000000,UTIL_A,B2.63 Utility,2.63,18.0
RTLS_00713,EUREKA-VPL-007,nurse,2025-03-19 11:01:02.233599522,2025-03-19 11:01:41.507579144,UTIL_B,B2.75 Utility,2.75,39.273979
RTLS_01808,EUREKA-VPL-015,nurse,2025-03-19 11:01:05.668103117,2025-03-19 11:01:19.057944075,ROOM_105,B2.82 1-bedskamer,2.82,13.38984
RTLS_02048,Infuuspomp 2,equipment,2025-03-19 11:01:14.000000000,2025-03-19 11:01:30.000000000,UTIL_A,B2.63 Utility,2.63,16.0
RTLS_00555,EUREKA-VPL-006,nurse,2025-03-19 11:01:15.579337604,2025-03-19 11:02:28.025975259,ROOM_104,B2.80 1-bedskamer,2.80,72.446637
RTLS_01809,EUREKA-VPL-015,nurse,2025-03-19 11:01:19.057944075,2025-03-19 11:01:20.878725898,ROOM_110,B2.79 2-bedskamer,2.79,1.820781
RTLS_01810,EUREKA-VPL-015,nurse,2025-03-19 11:01:20.878725898,2025-03-19 11:01:28.936825667,ROOM_105,B2.82 1-bedskamer,2.82,8.058099
RTLS_01811,EUREKA-VPL-015,nurse,2025-03-19 11:01:28.936825667,2025-03-19 11:09:56.294290290,NS_A,B2.71 Open wacht,2.71,507.357464
RTLS_01156,EUREKA-VPL-010,nurse,2025-03-19 11:01:31.891903049,2025-03-19 11:01:54.969188451,ROOM_109,B2.68 2-bedskamer,2.68,23.077285
RTLS_01513,EUREKA-VPL-013,nurse,2025-03-19 11:01:32.653166169,2025-03-19 11:01:49.966280110,ROOM_107,B2.64 2-bedskamer,2.64,17.313113
RTLS_00714,EUREKA-VPL-007,nurse,2025-03-19 11:01:41.507579144,2025-03-19 11:11:15.701480139,PREP_B,B2.71.02 Voorbereiding,2.71.02,574.1939
RTLS_01659,EUREKA-VPL-014,nurse,2025-03-19 11:01:46.892206127,2025-03-19 11:12:11.985227737,BATHROOM,B2.57 Stortbad,2.57,625.093021
RTLS_01514,EUREKA-VPL-013,nurse,2025-03-19 11:01:49.966280110,2025-03-19 11:02:34.378884451,ROOM_103,B2.78 1-bedskamer,2.78,44.412604
RTLS_01157,EUREKA-VPL-010,nurse,2025-03-19 11:01:54.969188451,2025-03-19 11:03:02.701004920,ROOM_102,B2.76 1-bedskamer,2.76,67.731816
RTLS_03518,Voedingspomp 5,equipment,2025-03-19 11:02:05.000000000,2025-03-19 11:02:10.000000000,UTIL_A,B2.63 Utility,2.63,5.0
RTLS_02264,Infuuspomp 4,equipment,2025-03-19 11:02:11.000000000,2025-03-19 11:02:24.000000000,UTIL_B,B2.75 Utility,2.75,13.0
RTLS_03096,Voedingspomp 1,equipment,2025-03-19 11:02:13.000000000,2025-03-19 11:02:40.000000000,UTIL_A,B2.63 Utility,2.63,27.0
RTLS_01322,EUREKA-VPL-011,nurse,2025-03-19 11:02:16.176292143,2025-03-19 11:02:42.602313751,ROOM_101,B2.74 1-bedskamer,2.74,26.426021
RTLS_00556,EUREKA-VPL-006,nurse,2025-03-19 11:02:28.025975259,2025-03-19 11:02:45.379012479,ROOM_107,B2.64 2-bedskamer,2.64,17.353037
RTLS_02989,Toiletstoel 3,equipment,2025-03-19 11:02:29.000000000,2025-03-19 11:02:45.000000000,STORAGE,B2.61 Opslag,2.61,16.0
RTLS_00188,EUREKA-VPL-002,nurse,2025-03-19 11:02:30.259155878,2025-03-19 11:03:01.274047070,KITCHEN,B2.77 Keuken,2.77,31.014891
RTLS_01515,EUREKA-VPL-013,nurse,2025-03-19 11:02:34.378884451,2025-03-19 11:02:39.561037817,STORAGE,B2.61 Opslag,2.61,5.182153
RTLS_01516,EUREKA-VPL-013,nurse,2025-03-19 11:02:39.561037817,2025-03-19 11:02:41.152051645,UTIL_A,B2.63 Utility,2.63,1.591013
RTLS_01517,EUREKA-VPL-013,nurse,2025-03-19 11:02:41.152051645,2025-03-19 11:07:10.234109439,ROOM_108,B2.66 2-bedskamer,2.66,269.082057
RTLS_01323,EUREKA-VPL-011,nurse,2025-03-19 11:02:42.602313751,2025-03-19 11:03:55.513823369,ROOM_108,B2.66 2-bedskamer,2.66,72.911509
RTLS_00557,EUREKA-VPL-006,nurse,2025-03-19 11:02:45.379012479,2025-03-19 11:02:51.391891816,ROOM_110,B2.79 2-bedskamer,2.79,6.012879
RTLS_00558,EUREKA-VPL-006,nurse,2025-03-19 11:02:51.391891816,2025-03-19 11:05:14.567311950,ROOM_109,B2.68 2-bedskamer,2.68,143.17542
RTLS_00268,EUREKA-VPL-003,nurse,2025-03-19 11:02:52.184422535,2025-03-19 11:02:53.184422535,ROOM_104,B2.80 1-bedskamer,2.80,1.0
RTLS_00269,EUREKA-VPL-003,nurse,2025-03-19 11:02:53.184422535,2025-03-19 11:06:58.280143861,ROOM_109,B2.68 2-bedskamer,2.68,245.095721
RTLS_00189,EUREKA-VPL-002,nurse,2025-03-19 11:03:01.274047070,2025-03-19 11:03:16.505925810,ROOM_105,B2.82 1-bedskamer,2.82,15.231878
RTLS_01158,EUREKA-VPL-010,nurse,2025-03-19 11:03:02.701004920,2025-03-19 11:03:50.221710887,NS_B,B2.71.01 Dienstplaats,2.71.01,47.520705
RTLS_00335,EUREKA-VPL-004,nurse,2025-03-19 11:03:08.103778198,2025-03-19 11:04:15.480182765,NS_A,B2.71 Open wacht,2.71,67.376404
RTLS_01939,Infuuspomp 1,equipment,2025-03-19 11:03:09.000000000,2025-03-19 11:03:26.000000000,UTIL_A,B2.63 Utility,2.63,17.0
RTLS_00190,EUREKA-VPL-002,nurse,2025-03-19 11:03:16.505925810,2025-03-19 11:05:09.628153055,ROOM_107,B2.64 2-bedskamer,2.64,113.122227
RTLS_03415,Voedingspomp 4,equipment,2025-03-19 11:03:20.000000000,2025-03-19 11:03:29.000000000,UTIL_B,B2.75 Utility,2.75,9.0
RTLS_02564,Glucosemeter 1,equipment,2025-03-19 11:03:20.000000000,2025-03-19 11:03:45.000000000,NS_A,B2.71 Open wacht,2.71,25.0
RTLS_02668,Glucosemeter 2,equipment,2025-03-19 11:03:25.000000000,2025-03-19 11:03:57.000000000,NS_B,B2.71.01 Dienstplaats,2.71.01,32.0
RTLS_02780,Toiletstoel 1,equipment,2025-03-19 11:03:34.000000000,2025-03-19 11:03:42.000000000,UTIL_A,B2.63 Utility,2.63,8.0
RTLS_02160,Infuuspomp 3,equipment,2025-03-19 11:03:36.000000000,2025-03-19 11:04:07.000000000,UTIL_B,B2.75 Utility,2.75,31.0
RTLS_03309,Voedingspomp 3,equipment,2025-03-19 11:03:41.000000000,2025-03-19 11:04:12.000000000,UTIL_A,B2.63 Utility,2.63,31.0
RTLS_01159,EUREKA-VPL-010,nurse,2025-03-19 11:03:50.221710887,2025-03-19 11:04:14.364276103,KITCHEN,B2.77 Keuken,2.77,24.142565
RTLS_01324,EUREKA-VPL-011,nurse,2025-03-19 11:03:55.513823369,2025-03-19 11:03:59.454834681,ROOM_103,B2.78 1-bedskamer,2.78,3.941011
RTLS_02265,Infuuspomp 4,equipment,2025-03-19 11:03:57.000000000,2025-03-19 11:04:25.000000000,UTIL_B,B2.75 Utility,2.75,28.0
RTLS_01325,EUREKA-VPL-011,nurse,2025-03-19 11:03:59.454834681,2025-03-19 11:04:27.249258905,KITCHEN,B2.77 Keuken,2.77,27.794424
RTLS_03205,Voedingspomp 2,equipment,2025-03-19 11:04:01.000000000,2025-03-19 11:04:30.000000000,UTIL_B,B2.75 Utility,2.75,29.0
RTLS_01160,EUREKA-VPL-010,nurse,2025-03-19 11:04:14.364276103,2025-03-19 11:04:19.657708812,ROOM_101,B2.74 1-bedskamer,2.74,5.293432
RTLS_00336,EUREKA-VPL-004,nurse,2025-03-19 11:04:15.480182765,2025-03-19 11:04:21.413954120,KITCHEN,B2.77 Keuken,2.77,5.933771
RTLS_01161,EUREKA-VPL-010,nurse,2025-03-19 11:04:19.657708812,2025-03-19 11:04:22.031403201,NS_B,B2.71.01 Dienstplaats,2.71.01,2.373694
RTLS_00337,EUREKA-VPL-004,nurse,2025-03-19 11:04:21.413954120,2025-03-19 11:04:25.604596342,ROOM_102,B2.76 1-bedskamer,2.76,4.190642
RTLS_01162,EUREKA-VPL-010,nurse,2025-03-19 11:04:22.031403201,2025-03-19 11:04:32.079593677,STORE_B,B2.59 Berging,2.59,10.04819
RTLS_00338,EUREKA-VPL-004,nurse,2025-03-19 11:04:25.604596342,2025-03-19 11:04:26.604596342,UTIL_B,B2.75 Utility,2.75,1.0
RTLS_01326,EUREKA-VPL-011,nurse,2025-03-19 11:04:27.249258905,2025-03-19 11:05:42.389783860,ROOM_102,B2.76 1-bedskamer,2.76,75.140524
RTLS_01424,EUREKA-VPL-012,nurse,2025-03-19 11:04:29.957535151,2025-03-19 11:04:58.461708812,KITCHEN,B2.77 Keuken,2.77,28.504173
RTLS_02364,Spuitaandrijver,equipment,2025-03-19 11:04:30.000000000,2025-03-19 11:05:06.000000000,UTIL_B,B2.75 Utility,2.75,36.0
RTLS_01163,EUREKA-VPL-010,nurse,2025-03-19 11:04:32.079593677,2025-03-19 11:04:54.009621713,BATH_B,B2.55 Badkamer,2.55,21.930028
RTLS_01164,EUREKA-VPL-010,nurse,2025-03-19 11:04:54.009621713,2025-03-19 11:04:58.803553339,KITCHEN,B2.77 Keuken,2.77,4.793931
RTLS_01425,EUREKA-VPL-012,nurse,2025-03-19 11:04:58.461708812,2025-03-19 11:05:05.193020385,ROOM_104,B2.80 1-bedskamer,2.80,6.731311
RTLS_01165,EUREKA-VPL-010,nurse,2025-03-19 11:04:58.803553339,2025-03-19 11:05:04.159907617,NS_B,B2.71.01 Dienstplaats,2.71.01,5.356354
RTLS_01166,EUREKA-VPL-010,nurse,2025-03-19 11:05:04.159907617,2025-03-19 11:05:24.635301429,KITCHEN,B2.77 Keuken,2.77,20.475393
RTLS_01426,EUREKA-VPL-012,nurse,2025-03-19 11:05:05.193020385,2025-03-19 11:05:32.392418669,ROOM_108,B2.66 2-bedskamer,2.66,27.199398
RTLS_00191,EUREKA-VPL-002,nurse,2025-03-19 11:05:09.628153055,2025-03-19 11:05:25.106725012,ROOM_104,B2.80 1-bedskamer,2.80,15.478571
RTLS_00559,EUREKA-VPL-006,nurse,2025-03-19 11:05:14.567311950,2025-03-19 11:05:21.304433618,NS_A,B2.71 Open wacht,2.71,6.737121
RTLS_00560,EUREKA-VPL-006,nurse,2025-03-19 11:05:21.304433618,2025-03-19 11:05:29.156676362,UTIL_A,B2.63 Utility,2.63,7.852242
RTLS_01167,EUREKA-VPL-010,nurse,2025-03-19 11:05:24.635301429,2025-03-19 11:05:42.386476772,ROOM_109,B2.68 2-bedskamer,2.68,17.751175
RTLS_02461,Bladderscan,equipment,2025-03-19 11:05:25.000000000,2025-03-19 11:05:48.000000000,UTIL_A,B2.63 Utility,2.63,23.0
RTLS_00192,EUREKA-VPL-002,nurse,2025-03-19 11:05:25.106725012,2025-03-19 11:06:07.884490401,ROOM_110,B2.79 2-bedskamer,2.79,42.777765
RTLS_00561,EUREKA-VPL-006,nurse,2025-03-19 11:05:29.156676362,2025-03-19 11:05:47.739794860,ROOM_103,B2.78 1-bedskamer,2.78,18.583118
RTLS_01427,EUREKA-VPL-012,nurse,2025-03-19 11:05:32.392418669,2025-03-19 11:05:37.876767059,STORE_C,B2.65 Berging,2.65,5.484348
RTLS_01428,EUREKA-VPL-012,nurse,2025-03-19 11:05:37.876767059,2025-03-19 11:05:38.876767059,KITCHEN,B2.77 Keuken,2.77,1.0
RTLS_01429,EUREKA-VPL-012,nurse,2025-03-19 11:05:38.876767059,2025-03-19 11:05:50.641525568,ROOM_110,B2.79 2-bedskamer,2.79,11.764758
RTLS_01168,EUREKA-VPL-010,nurse,2025-03-19 11:05:42.386476772,2025-03-19 11:19:20.128237890,ROOM_101,B2.74 1-bedskamer,2.74,817.741761
RTLS_01327,EUREKA-VPL-011,nurse,2025-03-19 11:05:42.389783860,2025-03-19 11:06:54.318928323,ROOM_103,B2.78 1-bedskamer,2.78,71.929144
RTLS_00562,EUREKA-VPL-006,nurse,2025-03-19 11:05:47.739794860,2025-03-19 11:06:30.073816877,ROOM_106,B2.62 2-bedskamer,2.62,42.334022
RTLS_02888,Toiletstoel 2,equipment,2025-03-19 11:05:52.000000000,2025-03-19 11:06:20.000000000,UTIL_B,B2.75 Utility,2.75,28.0
RTLS_00193,EUREKA-VPL-002,nurse,2025-03-19 11:06:07.884490401,2025-03-19 11:06:28.465355989,ROOM_107,B2.64 2-bedskamer,2.64,20.580865
RTLS_00194,EUREKA-VPL-002,nurse,2025-03-19 11:06:28.465355989,2025-03-19 11:13:05.986222794,ROOM_104,B2.80 1-bedskamer,2.80,397.520866
RTLS_00563,EUREKA-VPL-006,nurse,2025-03-19 11:06:30.073816877,2025-03-19 11:08:44.854749286,ROOM_105,B2.82 1-bedskamer,2.82,134.780932
RTLS_00861,EUREKA-VPL-008,nurse,2025-03-19 11:06:37.105781667,2025-03-19 11:07:48.846808457,STORE_C,B2.65 Berging,2.65,71.741026
RTLS_01328,EUREKA-VPL-011,nurse,2025-03-19 11:06:54.318928323,2025-03-19 11:07:03.927946988,ROOM_107,B2.64 2-bedskamer,2.64,9.609018
RTLS_03206,Voedingspomp 2,equipment,2025-03-19 11:06:56.000000000,2025-03-19 11:07:06.000000000,UTIL_B,B2.75 Utility,2.75,10.0
RTLS_00270,EUREKA-VPL-003,nurse,2025-03-19 11:06:58.280143861,2025-03-19 11:07:12.217008772,ROOM_108,B2.66 2-bedskamer,2.66,13.936864
RTLS_01329,EUREKA-VPL-011,nurse,2025-03-19 11:07:03.927946988,2025-03-19 11:07:09.847932771,NS_A,B2.71 Open wacht,2.71,5.9199850000000005
RTLS_01940,Infuuspomp 1,equipment,2025-03-19 11:07:07.000000000,2025-03-19 11:07:44.000000000,UTIL_A,B2.63 Utility,2.63,37.0
RTLS_01518,EUREKA-VPL-013,nurse,2025-03-19 11:07:10.234109439,2025-03-19 11:07:47.731379285,KITCHEN,B2.77 Keuken,2.77,37.497269
RTLS_00271,EUREKA-VPL-003,nurse,2025-03-19 11:07:12.217008772,2025-03-19 11:07:13.795700540,ROOM_105,B2.82 1-bedskamer,2.82,1.578691
RTLS_03097,Voedingspomp 1,equipment,2025-03-19 11:07:19.000000000,2025-03-19 11:07:42.000000000,UTIL_A,B2.63 Utility,2.63,23.0
RTLS_02990,Toiletstoel 3,equipment,2025-03-19 11:07:46.000000000,2025-03-19 11:08:05.000000000,STORAGE,B2.61 Opslag,2.61,19.0
RTLS_01519,EUREKA-VPL-013,nurse,2025-03-19 11:07:47.731379285,2025-03-19 11:09:03.453805395,ROOM_103,B2.78 1-bedskamer,2.78,75.722426
RTLS_00862,EUREKA-VPL-008,nurse,2025-03-19 11:07:48.846808457,2025-03-19 11:07:52.738153870,NS_B,B2.71.01 Dienstplaats,2.71.01,3.8913450000000003
RTLS_00863,EUREKA-VPL-008,nurse,2025-03-19 11:07:52.738153870,2025-03-19 11:08:25.951246405,ROOM_104,B2.80 1-bedskamer,2.80,33.213092
RTLS_02462,Bladderscan,equipment,2025-03-19 11:08:11.000000000,2025-03-19 11:08:19.000000000,UTIL_A,B2.63 Utility,2.63,8.0
RTLS_02781,Toiletstoel 1,equipment,2025-03-19 11:08:12.000000000,2025-03-19 11:08:31.000000000,UTIL_A,B2.63 Utility,2.63,19.0
RTLS_00864,EUREKA-VPL-008,nurse,2025-03-19 11:08:25.951246405,2025-03-19 11:11:05.318798940,ROOM_106,B2.62 2-bedskamer,2.62,159.367552
RTLS_02161,Infuuspomp 3,equipment,2025-03-19 11:08:26.000000000,2025-03-19 11:08:58.000000000,UTIL_B,B2.75 Utility,2.75,32.0
RTLS_02266,Infuuspomp 4,equipment,2025-03-19 11:08:32.000000000,2025-03-19 11:08:38.000000000,UTIL_B,B2.75 Utility,2.75,6.0
RTLS_03416,Voedingspomp 4,equipment,2025-03-19 11:08:33.000000000,2025-03-19 11:08:44.000000000,UTIL_B,B2.75 Utility,2.75,11.0
RTLS_00564,EUREKA-VPL-006,nurse,2025-03-19 11:08:44.854749286,2025-03-19 11:08:53.264359772,ROOM_107,B2.64 2-bedskamer,2.64,8.40961
RTLS_03519,Voedingspomp 5,equipment,2025-03-19 11:08:48.000000000,2025-03-19 11:09:12.000000000,UTIL_A,B2.63 Utility,2.63,24.0
RTLS_00565,EUREKA-VPL-006,nurse,2025-03-19 11:08:53.264359772,2025-03-19 11:08:56.543085027,NS_B,B2.71.01 Dienstplaats,2.71.01,3.278725
RTLS_02049,Infuuspomp 2,equipment,2025-03-19 11:08:56.000000000,2025-03-19 11:09:13.000000000,UTIL_A,B2.63 Utility,2.63,17.0
RTLS_00566,EUREKA-VPL-006,nurse,2025-03-19 11:08:56.543085027,2025-03-19 11:09:34.158169267,ROOM_110,B2.79 2-bedskamer,2.79,37.615084
RTLS_02565,Glucosemeter 1,equipment,2025-03-19 11:08:59.000000000,2025-03-19 11:09:35.000000000,NS_A,B2.71 Open wacht,2.71,36.0
RTLS_01520,EUREKA-VPL-013,nurse,2025-03-19 11:09:03.453805395,2025-03-19 11:09:22.836976466,KITCHEN,B2.77 Keuken,2.77,19.383171
RTLS_00425,EUREKA-VPL-005,nurse,2025-03-19 11:09:09.113586364,2025-03-19 11:09:30.330486748,ROOM_110,B2.79 2-bedskamer,2.79,21.2169
RTLS_03098,Voedingspomp 1,equipment,2025-03-19 11:09:18.000000000,2025-03-19 11:09:23.000000000,UTIL_A,B2.63 Utility,2.63,5.0
RTLS_01521,EUREKA-VPL-013,nurse,2025-03-19 11:09:22.836976466,2025-03-19 11:10:03.035303228,ROOM_105,B2.82 1-bedskamer,2.82,40.198326
RTLS_00426,EUREKA-VPL-005,nurse,2025-03-19 11:09:30.330486748,2025-03-19 11:10:11.283413533,ROOM_102,B2.76 1-bedskamer,2.76,40.952926
RTLS_01812,EUREKA-VPL-015,nurse,2025-03-19 11:09:56.294290290,2025-03-19 11:10:33.849457145,ROOM_109,B2.68 2-bedskamer,2.68,37.555166
RTLS_01522,EUREKA-VPL-013,nurse,2025-03-19 11:10:03.035303228,2025-03-19 11:10:04.307111364,STORE_C,B2.65 Berging,2.65,1.271808
RTLS_00427,EUREKA-VPL-005,nurse,2025-03-19 11:10:11.283413533,2025-03-19 11:10:40.747221653,ROOM_108,B2.66 2-bedskamer,2.66,29.463808
RTLS_02889,Toiletstoel 2,equipment,2025-03-19 11:10:12.000000000,2025-03-19 11:10:29.000000000,UTIL_B,B2.75 Utility,2.75,17.0
RTLS_03207,Voedingspomp 2,equipment,2025-03-19 11:10:14.000000000,2025-03-19 11:10:34.000000000,UTIL_B,B2.75 Utility,2.75,20.0
RTLS_01941,Infuuspomp 1,equipment,2025-03-19 11:10:15.000000000,2025-03-19 11:10:52.000000000,UTIL_A,B2.63 Utility,2.63,37.0
RTLS_02365,Spuitaandrijver,equipment,2025-03-19 11:10:25.000000000,2025-03-19 11:10:32.000000000,UTIL_B,B2.75 Utility,2.75,7.0
RTLS_02991,Toiletstoel 3,equipment,2025-03-19 11:10:29.000000000,2025-03-19 11:10:40.000000000,STORAGE,B2.61 Opslag,2.61,11.0
RTLS_03099,Voedingspomp 1,equipment,2025-03-19 11:10:31.000000000,2025-03-19 11:11:05.000000000,UTIL_A,B2.63 Utility,2.63,34.0
RTLS_01813,EUREKA-VPL-015,nurse,2025-03-19 11:10:33.849457145,2025-03-19 11:10:46.618888457,ROOM_110,B2.79 2-bedskamer,2.79,12.769431
RTLS_00428,EUREKA-VPL-005,nurse,2025-03-19 11:10:40.747221653,2025-03-19 11:35:20.373610653,PREP_A,B2.71.02 Voorbereiding,2.71.02,1479.626389
RTLS_02267,Infuuspomp 4,equipment,2025-03-19 11:10:41.000000000,2025-03-19 11:11:04.000000000,UTIL_B,B2.75 Utility,2.75,23.0
RTLS_01814,EUREKA-VPL-015,nurse,2025-03-19 11:10:46.618888457,2025-03-19 11:11:04.163536065,NS_A,B2.71 Open wacht,2.71,17.544647
RTLS_03310,Voedingspomp 3,equipment,2025-03-19 11:10:59.000000000,2025-03-19 11:11:15.000000000,UTIL_A,B2.63 Utility,2.63,16.0
RTLS_01815,EUREKA-VPL-015,nurse,2025-03-19 11:11:04.163536065,2025-03-19 11:13:12.867328366,ROOM_102,B2.76 1-bedskamer,2.76,128.703792
RTLS_00865,EUREKA-VPL-008,nurse,2025-03-19 11:11:05.318798940,2025-03-19 11:11:17.612852486,ROOM_108,B2.66 2-bedskamer,2.66,12.294053
RTLS_00715,EUREKA-VPL-007,nurse,2025-03-19 11:11:15.701480139,2025-03-19 11:11:18.880016732,KITCHEN,B2.77 Keuken,2.77,3.178536
RTLS_00866,EUREKA-VPL-008,nurse,2025-03-19 11:11:17.612852486,2025-03-19 11:11:31.716298536,ROOM_103,B2.78 1-bedskamer,2.78,14.103446
RTLS_00716,EUREKA-VPL-007,nurse,2025-03-19 11:11:18.880016732,2025-03-19 11:13:21.953464188,NS_A,B2.71 Open wacht,2.71,123.073447
RTLS_02669,Glucosemeter 2,equipment,2025-03-19 11:11:28.000000000,2025-03-19 11:11:58.000000000,NS_B,B2.71.01 Dienstplaats,2.71.01,30.0
RTLS_00867,EUREKA-VPL-008,nurse,2025-03-19 11:11:31.716298536,2025-03-19 11:15:39.628344928,NS_B,B2.71.01 Dienstplaats,2.71.01,247.912046
RTLS_02162,Infuuspomp 3,equipment,2025-03-19 11:12:07.000000000,2025-03-19 11:12:25.000000000,UTIL_B,B2.75 Utility,2.75,18.0
RTLS_01660,EUREKA-VPL-014,nurse,2025-03-19 11:12:11.985227737,2025-03-19 11:13:02.698897961,BATH_B,B2.55 Badkamer,2.55,50.71367
RTLS_02782,Toiletstoel 1,equipment,2025-03-19 11:12:47.000000000,2025-03-19 11:12:53.000000000,UTIL_A,B2.63 Utility,2.63,6.0
RTLS_02268,Infuuspomp 4,equipment,2025-03-19 11:13:01.000000000,2025-03-19 11:13:18.000000000,UTIL_B,B2.75 Utility,2.75,17.0
RTLS_01661,EUREKA-VPL-014,nurse,2025-03-19 11:13:02.698897961,2025-03-19 11:13:20.553641527,ROOM_101,B2.74 1-bedskamer,2.74,17.854743
RTLS_03417,Voedingspomp 4,equipment,2025-03-19 11:13:17.000000000,2025-03-19 11:13:38.000000000,UTIL_B,B2.75 Utility,2.75,21.0
RTLS_01662,EUREKA-VPL-014,nurse,2025-03-19 11:13:20.553641527,2025-03-19 11:19:31.618363279,KITCHEN,B2.77 Keuken,2.77,371.064721
RTLS_00717,EUREKA-VPL-007,nurse,2025-03-19 11:13:21.953464188,2025-03-19 11:15:39.076081969,PREP_A,B2.71.02 Voorbereiding,2.71.02,137.122617
RTLS_03520,Voedingspomp 5,equipment,2025-03-19 11:13:31.000000000,2025-03-19 11:14:07.000000000,UTIL_A,B2.63 Utility,2.63,36.0
RTLS_00991,EUREKA-VPL-009,nurse,2025-03-19 11:13:50.769230769,2025-03-19 11:14:02.131798129,NS_A,B2.71 Open wacht,2.71,11.362567
RTLS_00061,EUREKA-VPL-001,nurse,2025-03-19 11:13:57.829863005,2025-03-19 11:14:42.537638866,ROOM_102,B2.76 1-bedskamer,2.76,44.707775
RTLS_01942,Infuuspomp 1,equipment,2025-03-19 11:14:01.000000000,2025-03-19 11:14:15.000000000,UTIL_A,B2.63 Utility,2.63,14.0
RTLS_00992,EUREKA-VPL-009,nurse,2025-03-19 11:14:02.131798129,2025-03-19 11:14:25.774594154,ROOM_102,B2.76 1-bedskamer,2.76,23.642796
RTLS_02992,Toiletstoel 3,equipment,2025-03-19 11:14:04.000000000,2025-03-19 11:14:27.000000000,STORAGE,B2.61 Opslag,2.61,23.0
RTLS_00993,EUREKA-VPL-009,nurse,2025-03-19 11:14:25.774594154,2025-03-19 11:28:06.042215654,UTIL_A,B2.63 Utility,2.63,820.267621
RTLS_00062,EUREKA-VPL-001,nurse,2025-03-19 11:14:42.537638866,2025-03-19 11:16:25.121592930,NS_B,B2.71.01 Dienstplaats,2.71.01,102.583954
RTLS_02269,Infuuspomp 4,equipment,2025-03-19 11:14:58.000000000,2025-03-19 11:15:29.000000000,UTIL_B,B2.75 Utility,2.75,31.0
RTLS_02463,Bladderscan,equipment,2025-03-19 11:15:15.000000000,2025-03-19 11:15:48.000000000,UTIL_A,B2.63 Utility,2.63,33.0
RTLS_02783,Toiletstoel 1,equipment,2025-03-19 11:15:31.000000000,2025-03-19 11:15:36.000000000,UTIL_A,B2.63 Utility,2.63,5.0
RTLS_00718,EUREKA-VPL-007,nurse,2025-03-19 11:15:39.076081969,2025-03-19 11:16:01.621855929,NS_A,B2.71 Open wacht,2.71,22.545773
RTLS_00868,EUREKA-VPL-008,nurse,2025-03-19 11:15:39.628344928,2025-03-19 11:16:17.332274661,ROOM_107,B2.64 2-bedskamer,2.64,37.703929
RTLS_03311,Voedingspomp 3,equipment,2025-03-19 11:15:49.000000000,2025-03-19 11:16:09.000000000,UTIL_A,B2.63 Utility,2.63,20.0
RTLS_02566,Glucosemeter 1,equipment,2025-03-19 11:16:01.000000000,2025-03-19 11:16:13.000000000,NS_A,B2.71 Open wacht,2.71,12.0
RTLS_00719,EUREKA-VPL-007,nurse,2025-03-19 11:16:01.621855929,2025-03-19 11:16:11.593745764,KITCHEN,B2.77 Keuken,2.77,9.971889000000001
RTLS_02993,Toiletstoel 3,equipment,2025-03-19 11:16:06.000000000,2025-03-19 11:16:34.000000000,STORAGE,B2.61 Opslag,2.61,28.0
RTLS_00720,EUREKA-VPL-007,nurse,2025-03-19 11:16:11.593745764,2025-03-19 11:16:46.877872925,ROOM_109,B2.68 2-bedskamer,2.68,35.284127
RTLS_00869,EUREKA-VPL-008,nurse,2025-03-19 11:16:17.332274661,2025-03-19 11:17:49.431595049,ROOM_104,B2.80 1-bedskamer,2.80,92.09932
RTLS_02670,Glucosemeter 2,equipment,2025-03-19 11:16:21.000000000,2025-03-19 11:16:41.000000000,NS_B,B2.71.01 Dienstplaats,2.71.01,20.0
RTLS_03208,Voedingspomp 2,equipment,2025-03-19 11:16:23.000000000,2025-03-19 11:16:36.000000000,UTIL_B,B2.75 Utility,2.75,13.0
RTLS_00063,EUREKA-VPL-001,nurse,2025-03-19 11:16:25.121592930,2025-03-19 11:16:35.507210810,ROOM_103,B2.78 1-bedskamer,2.78,10.385617
RTLS_00064,EUREKA-VPL-001,nurse,2025-03-19 11:16:35.507210810,2025-03-19 11:18:28.429792068,ROOM_101,B2.74 1-bedskamer,2.74,112.922581
RTLS_02050,Infuuspomp 2,equipment,2025-03-19 11:16:45.000000000,2025-03-19 11:17:06.000000000,UTIL_A,B2.63 Utility,2.63,21.0
RTLS_00721,EUREKA-VPL-007,nurse,2025-03-19 11:16:46.877872925,2025-03-19 11:18:12.707026958,ROOM_104,B2.80 1-bedskamer,2.80,85.829154
RTLS_02890,Toiletstoel 2,equipment,2025-03-19 11:16:56.000000000,2025-03-19 11:17:07.000000000,UTIL_B,B2.75 Utility,2.75,11.0
RTLS_03100,Voedingspomp 1,equipment,2025-03-19 11:17:13.000000000,2025-03-19 11:17:26.000000000,UTIL_A,B2.63 Utility,2.63,13.0
RTLS_02366,Spuitaandrijver,equipment,2025-03-19 11:17:30.000000000,2025-03-19 11:17:40.000000000,UTIL_B,B2.75 Utility,2.75,10.0
RTLS_03521,Voedingspomp 5,equipment,2025-03-19 11:17:42.000000000,2025-03-19 11:17:58.000000000,UTIL_A,B2.63 Utility,2.63,16.0
RTLS_00870,EUREKA-VPL-008,nurse,2025-03-19 11:17:49.431595049,2025-03-19 11:24:07.884276705,ROOM_105,B2.82 1-bedskamer,2.82,378.452681
RTLS_00722,EUREKA-VPL-007,nurse,2025-03-19 11:18:12.707026958,2025-03-19 11:18:24.299133663,ROOM_105,B2.82 1-bedskamer,2.82,11.592106
RTLS_00723,EUREKA-VPL-007,nurse,2025-03-19 11:18:24.299133663,2025-03-19 11:18:44.186270280,ROOM_108,B2.66 2-bedskamer,2.66,19.887136
RTLS_02891,Toiletstoel 2,equipment,2025-03-19 11:18:27.000000000,2025-03-19 11:18:37.000000000,UTIL_B,B2.75 Utility,2.75,10.0
RTLS_02784,Toiletstoel 1,equipment,2025-03-19 11:18:27.000000000,2025-03-19 11:19:02.000000000,UTIL_A,B2.63 Utility,2.63,35.0
RTLS_00065,EUREKA-VPL-001,nurse,2025-03-19 11:18:28.429792068,2025-03-19 11:21:57.156215032,PREP_A,B2.71.02 Voorbereiding,2.71.02,208.726422
RTLS_00724,EUREKA-VPL-007,nurse,2025-03-19 11:18:44.186270280,2025-03-19 11:19:41.887171905,PREP_A,B2.71.02 Voorbereiding,2.71.02,57.700901
RTLS_02163,Infuuspomp 3,equipment,2025-03-19 11:18:53.000000000,2025-03-19 11:19:10.000000000,UTIL_B,B2.75 Utility,2.75,17.0
RTLS_01169,EUREKA-VPL-010,nurse,2025-03-19 11:19:20.128237890,2025-03-19 11:19:27.502074444,ROOM_106,B2.62 2-bedskamer,2.62,7.373836
RTLS_01943,Infuuspomp 1,equipment,2025-03-19 11:19:22.000000000,2025-03-19 11:19:49.000000000,UTIL_A,B2.63 Utility,2.63,27.0
RTLS_01663,EUREKA-VPL-014,nurse,2025-03-19 11:19:31.618363279,2025-03-19 11:19:37.265084986,ROOM_103,B2.78 1-bedskamer,2.78,5.646721
RTLS_01664,EUREKA-VPL-014,nurse,2025-03-19 11:19:37.265084986,2025-03-19 11:36:55.580048557,PREP_A,B2.71.02 Voorbereiding,2.71.02,1038.314963
RTLS_03418,Voedingspomp 4,equipment,2025-03-19 11:19:39.000000000,2025-03-19 11:20:16.000000000,UTIL_B,B2.75 Utility,2.75,37.0
RTLS_00725,EUREKA-VPL-007,nurse,2025-03-19 11:19:41.887171905,2025-03-19 11:20:07.704760534,NS_A,B2.71 Open wacht,2.71,25.817588
RTLS_02671,Glucosemeter 2,equipment,2025-03-19 11:20:07.000000000,2025-03-19 11:20:39.000000000,NS_B,B2.71.01 Dienstplaats,2.71.01,32.0
RTLS_00726,EUREKA-VPL-007,nurse,2025-03-19 11:20:07.704760534,2025-03-19 11:20:40.834014716,ROOM_104,B2.80 1-bedskamer,2.80,33.129254
RTLS_03312,Voedingspomp 3,equipment,2025-03-19 11:20:10.000000000,2025-03-19 11:20:34.000000000,UTIL_A,B2.63 Utility,2.63,24.0
RTLS_02994,Toiletstoel 3,equipment,2025-03-19 11:20:28.000000000,2025-03-19 11:21:02.000000000,STORAGE,B2.61 Opslag,2.61,34.0
RTLS_02270,Infuuspomp 4,equipment,2025-03-19 11:20:33.000000000,2025-03-19 11:21:03.000000000,UTIL_B,B2.75 Utility,2.75,30.0
RTLS_02785,Toiletstoel 1,equipment,2025-03-19 11:20:53.000000000,2025-03-19 11:21:20.000000000,UTIL_A,B2.63 Utility,2.63,27.0
RTLS_02367,Spuitaandrijver,equipment,2025-03-19 11:21:03.000000000,2025-03-19 11:21:15.000000000,UTIL_B,B2.75 Utility,2.75,12.0
RTLS_03101,Voedingspomp 1,equipment,2025-03-19 11:21:06.000000000,2025-03-19 11:21:26.000000000,UTIL_A,B2.63 Utility,2.63,20.0
RTLS_03209,Voedingspomp 2,equipment,2025-03-19 11:21:13.000000000,2025-03-19 11:21:18.000000000,UTIL_B,B2.75 Utility,2.75,5.0
RTLS_02567,Glucosemeter 1,equipment,2025-03-19 11:21:42.000000000,2025-03-19 11:22:07.000000000,NS_A,B2.71 Open wacht,2.71,25.0
RTLS_00066,EUREKA-VPL-001,nurse,2025-03-19 11:21:57.156215032,2025-03-19 11:22:20.130214165,ROOM_106,B2.62 2-bedskamer,2.62,22.973999
RTLS_02786,Toiletstoel 1,equipment,2025-03-19 11:22:12.000000000,2025-03-19 11:22:35.000000000,UTIL_A,B2.63 Utility,2.63,23.0
RTLS_02271,Infuuspomp 4,equipment,2025-03-19 11:22:14.000000000,2025-03-19 11:22:31.000000000,UTIL_B,B2.75 Utility,2.75,17.0
RTLS_03210,Voedingspomp 2,equipment,2025-03-19 11:22:20.000000000,2025-03-19 11:22:56.000000000,UTIL_B,B2.75 Utility,2.75,36.0
RTLS_00067,EUREKA-VPL-001,nurse,2025-03-19 11:22:20.130214165,2025-03-19 11:27:26.532196235,ROOM_110,B2.79 2-bedskamer,2.79,306.401982
RTLS_03419,Voedingspomp 4,equipment,2025-03-19 11:22:22.000000000,2025-03-19 11:22:30.000000000,UTIL_B,B2.75 Utility,2.75,8.0
RTLS_02464,Bladderscan,equipment,2025-03-19 11:22:35.000000000,2025-03-19 11:22:56.000000000,UTIL_A,B2.63 Utility,2.63,21.0
RTLS_01944,Infuuspomp 1,equipment,2025-03-19 11:22:58.000000000,2025-03-19 11:23:07.000000000,UTIL_A,B2.63 Utility,2.63,9.0
RTLS_02051,Infuuspomp 2,equipment,2025-03-19 11:23:03.000000000,2025-03-19 11:23:33.000000000,UTIL_A,B2.63 Utility,2.63,30.0
RTLS_02995,Toiletstoel 3,equipment,2025-03-19 11:23:44.000000000,2025-03-19 11:23:50.000000000,STORAGE,B2.61 Opslag,2.61,6.0
RTLS_03102,Voedingspomp 1,equipment,2025-03-19 11:23:55.000000000,2025-03-19 11:24:13.000000000,UTIL_A,B2.63 Utility,2.63,18.0
RTLS_03522,Voedingspomp 5,equipment,2025-03-19 11:24:02.000000000,2025-03-19 11:24:24.000000000,UTIL_A,B2.63 Utility,2.63,22.0
RTLS_02672,Glucosemeter 2,equipment,2025-03-19 11:24:07.000000000,2025-03-19 11:24:30.000000000,NS_B,B2.71.01 Dienstplaats,2.71.01,23.0
RTLS_03313,Voedingspomp 3,equipment,2025-03-19 11:24:25.000000000,2025-03-19 11:24:55.000000000,UTIL_A,B2.63 Utility,2.63,30.0
RTLS_02052,Infuuspomp 2,equipment,2025-03-19 11:24:34.000000000,2025-03-19 11:24:39.000000000,UTIL_A,B2.63 Utility,2.63,5.0
RTLS_02892,Toiletstoel 2,equipment,2025-03-19 11:24:49.000000000,2025-03-19 11:25:09.000000000,UTIL_B,B2.75 Utility,2.75,20.0
RTLS_02164,Infuuspomp 3,equipment,2025-03-19 11:25:03.000000000,2025-03-19 11:25:22.000000000,UTIL_B,B2.75 Utility,2.75,19.0
RTLS_02272,Infuuspomp 4,equipment,2025-03-19 11:25:08.000000000,2025-03-19 11:25:33.000000000,UTIL_B,B2.75 Utility,2.75,25.0
RTLS_02673,Glucosemeter 2,equipment,2025-03-19 11:25:58.000000000,2025-03-19 11:26:13.000000000,NS_B,B2.71.01 Dienstplaats,2.71.01,15.0
RTLS_03314,Voedingspomp 3,equipment,2025-03-19 11:26:08.000000000,2025-03-19 11:26:19.000000000,UTIL_A,B2.63 Utility,2.63,11.0
RTLS_02893,Toiletstoel 2,equipment,2025-03-19 11:26:14.000000000,2025-03-19 11:26:24.000000000,UTIL_B,B2.75 Utility,2.75,10.0
RTLS_01945,Infuuspomp 1,equipment,2025-03-19 11:26:36.000000000,2025-03-19 11:26:58.000000000,UTIL_A,B2.63 Utility,2.63,22.0
RTLS_02996,Toiletstoel 3,equipment,2025-03-19 11:26:45.000000000,2025-03-19 11:27:22.000000000,STORAGE,B2.61 Opslag,2.61,37.0
RTLS_02368,Spuitaandrijver,equipment,2025-03-19 11:26:54.000000000,2025-03-19 11:26:59.000000000,UTIL_B,B2.75 Utility,2.75,5.0
RTLS_02568,Glucosemeter 1,equipment,2025-03-19 11:26:56.000000000,2025-03-19 11:27:27.000000000,NS_A,B2.71 Open wacht,2.71,31.0
RTLS_03420,Voedingspomp 4,equipment,2025-03-19 11:27:03.000000000,2025-03-19 11:27:39.000000000,UTIL_B,B2.75 Utility,2.75,36.0
RTLS_03103,Voedingspomp 1,equipment,2025-03-19 11:27:23.000000000,2025-03-19 11:27:50.000000000,UTIL_A,B2.63 Utility,2.63,27.0
RTLS_02894,Toiletstoel 2,equipment,2025-03-19 11:27:25.000000000,2025-03-19 11:27:56.000000000,UTIL_B,B2.75 Utility,2.75,31.0
RTLS_00068,EUREKA-VPL-001,nurse,2025-03-19 11:27:26.532196235,2025-03-19 11:29:06.848821024,ROOM_107,B2.64 2-bedskamer,2.64,100.316624
RTLS_01946,Infuuspomp 1,equipment,2025-03-19 11:28:04.000000000,2025-03-19 11:28:11.000000000,UTIL_A,B2.63 Utility,2.63,7.0
RTLS_00994,EUREKA-VPL-009,nurse,2025-03-19 11:28:06.042215654,2025-03-19 11:29:28.389836042,ROOM_109,B2.68 2-bedskamer,2.68,82.34762
RTLS_02165,Infuuspomp 3,equipment,2025-03-19 11:28:12.000000000,2025-03-19 11:28:24.000000000,UTIL_B,B2.75 Utility,2.75,12.0
RTLS_02674,Glucosemeter 2,equipment,2025-03-19 11:28:50.000000000,2025-03-19 11:29:09.000000000,NS_B,B2.71.01 Dienstplaats,2.71.01,19.0
RTLS_00069,EUREKA-VPL-001,nurse,2025-03-19 11:29:06.848821024,2025-03-19 11:29:12.932324830,PREP_A,B2.71.02 Voorbereiding,2.71.02,6.083503
RTLS_00070,EUREKA-VPL-001,nurse,2025-03-19 11:29:12.932324830,2025-03-19 11:59:59.999999829,NS_A,B2.71 Open wacht,2.71,1847.067674
RTLS_02569,Glucosemeter 1,equipment,2025-03-19 11:29:16.000000000,2025-03-19 11:29:33.000000000,NS_A,B2.71 Open wacht,2.71,17.0
RTLS_03211,Voedingspomp 2,equipment,2025-03-19 11:29:28.000000000,2025-03-19 11:30:01.000000000,UTIL_B,B2.75 Utility,2.75,33.0
RTLS_00995,EUREKA-VPL-009,nurse,2025-03-19 11:29:28.389836042,2025-03-19 11:29:47.316193170,ROOM_106,B2.62 2-bedskamer,2.62,18.926357
RTLS_03421,Voedingspomp 4,equipment,2025-03-19 11:29:32.000000000,2025-03-19 11:29:53.000000000,UTIL_B,B2.75 Utility,2.75,21.0
RTLS_02787,Toiletstoel 1,equipment,2025-03-19 11:29:36.000000000,2025-03-19 11:29:52.000000000,UTIL_A,B2.63 Utility,2.63,16.0
RTLS_02465,Bladderscan,equipment,2025-03-19 11:29:42.000000000,2025-03-19 11:30:02.000000000,UTIL_A,B2.63 Utility,2.63,20.0
RTLS_00996,EUREKA-VPL-009,nurse,2025-03-19 11:29:47.316193170,2025-03-19 11:29:48.651159086,ROOM_107,B2.64 2-bedskamer,2.64,1.334965
RTLS_00997,EUREKA-VPL-009,nurse,2025-03-19 11:29:48.651159086,2025-03-19 11:29:52.144992976,UTIL_A,B2.63 Utility,2.63,3.493833
RTLS_00998,EUREKA-VPL-009,nurse,2025-03-19 11:29:52.144992976,2025-03-19 11:33:22.075898441,ROOM_104,B2.80 1-bedskamer,2.80,209.930905
RTLS_03523,Voedingspomp 5,equipment,2025-03-19 11:30:02.000000000,2025-03-19 11:30:29.000000000,UTIL_A,B2.63 Utility,2.63,27.0
RTLS_02997,Toiletstoel 3,equipment,2025-03-19 11:30:21.000000000,2025-03-19 11:30:49.000000000,STORAGE,B2.61 Opslag,2.61,28.0
RTLS_02466,Bladderscan,equipment,2025-03-19 11:31:22.000000000,2025-03-19 11:31:33.000000000,UTIL_A,B2.63 Utility,2.63,11.0
RTLS_02053,Infuuspomp 2,equipment,2025-03-19 11:31:40.000000000,2025-03-19 11:32:15.000000000,UTIL_A,B2.63 Utility,2.63,35.0
RTLS_02895,Toiletstoel 2,equipment,2025-03-19 11:31:51.000000000,2025-03-19 11:31:58.000000000,UTIL_B,B2.75 Utility,2.75,7.0
RTLS_02273,Infuuspomp 4,equipment,2025-03-19 11:31:54.000000000,2025-03-19 11:32:06.000000000,UTIL_B,B2.75 Utility,2.75,12.0
RTLS_02788,Toiletstoel 1,equipment,2025-03-19 11:32:01.000000000,2025-03-19 11:32:24.000000000,UTIL_A,B2.63 Utility,2.63,23.0
RTLS_02369,Spuitaandrijver,equipment,2025-03-19 11:32:07.000000000,2025-03-19 11:32:40.000000000,UTIL_B,B2.75 Utility,2.75,33.0
RTLS_03212,Voedingspomp 2,equipment,2025-03-19 11:33:03.000000000,2025-03-19 11:33:24.000000000,UTIL_B,B2.75 Utility,2.75,21.0
RTLS_03315,Voedingspomp 3,equipment,2025-03-19 11:33:08.000000000,2025-03-19 11:33:42.000000000,UTIL_A,B2.63 Utility,2.63,34.0
RTLS_02166,Infuuspomp 3,equipment,2025-03-19 11:33:18.000000000,2025-03-19 11:33:38.000000000,UTIL_B,B2.75 Utility,2.75,20.0
RTLS_02675,Glucosemeter 2,equipment,2025-03-19 11:33:21.000000000,2025-03-19 11:33:49.000000000,NS_B,B2.71.01 Dienstplaats,2.71.01,28.0
RTLS_00999,EUREKA-VPL-009,nurse,2025-03-19 11:33:22.075898441,2025-03-19 11:37:59.120335746,STORE_A,B2.53 Berging,2.53,277.044437
RTLS_03422,Voedingspomp 4,equipment,2025-03-19 11:33:27.000000000,2025-03-19 11:33:42.000000000,UTIL_B,B2.75 Utility,2.75,15.0
RTLS_03104,Voedingspomp 1,equipment,2025-03-19 11:33:45.000000000,2025-03-19 11:33:53.000000000,UTIL_A,B2.63 Utility,2.63,8.0
RTLS_02054,Infuuspomp 2,equipment,2025-03-19 11:33:58.000000000,2025-03-19 11:34:24.000000000,UTIL_A,B2.63 Utility,2.63,26.0
RTLS_02467,Bladderscan,equipment,2025-03-19 11:34:12.000000000,2025-03-19 11:34:29.000000000,UTIL_A,B2.63 Utility,2.63,17.0
RTLS_02896,Toiletstoel 2,equipment,2025-03-19 11:34:17.000000000,2025-03-19 11:34:42.000000000,UTIL_B,B2.75 Utility,2.75,25.0
RTLS_02789,Toiletstoel 1,equipment,2025-03-19 11:35:06.000000000,2025-03-19 11:35:40.000000000,UTIL_A,B2.63 Utility,2.63,34.0
RTLS_01947,Infuuspomp 1,equipment,2025-03-19 11:35:10.000000000,2025-03-19 11:35:16.000000000,UTIL_A,B2.63 Utility,2.63,6.0
RTLS_00429,EUREKA-VPL-005,nurse,2025-03-19 11:35:20.373610653,2025-03-19 11:36:21.459749289,ROOM_107,B2.64 2-bedskamer,2.64,61.086138
RTLS_02570,Glucosemeter 1,equipment,2025-03-19 11:35:51.000000000,2025-03-19 11:36:25.000000000,NS_A,B2.71 Open wacht,2.71,34.0
RTLS_00430,EUREKA-VPL-005,nurse,2025-03-19 11:36:21.459749289,2025-03-19 11:36:46.365536916,ROOM_109,B2.68 2-bedskamer,2.68,24.905787
RTLS_00431,EUREKA-VPL-005,nurse,2025-03-19 11:36:46.365536916,2025-03-19 11:37:04.286106469,UTIL_A,B2.63 Utility,2.63,17.920569
RTLS_01665,EUREKA-VPL-014,nurse,2025-03-19 11:36:55.580048557,2025-03-19 11:37:00.753333179,NS_A,B2.71 Open wacht,2.71,5.173284
RTLS_02167,Infuuspomp 3,equipment,2025-03-19 11:36:56.000000000,2025-03-19 11:37:25.000000000,UTIL_B,B2.75 Utility,2.75,29.0
RTLS_03524,Voedingspomp 5,equipment,2025-03-19 11:36:57.000000000,2025-03-19 11:37:12.000000000,UTIL_A,B2.63 Utility,2.63,15.0
RTLS_01666,EUREKA-VPL-014,nurse,2025-03-19 11:37:00.753333179,2025-03-19 11:37:10.575868077,ROOM_105,B2.82 1-bedskamer,2.82,9.822534
RTLS_00432,EUREKA-VPL-005,nurse,2025-03-19 11:37:04.286106469,2025-03-19 11:39:26.463569001,STORE_C,B2.65 Berging,2.65,142.177462
RTLS_01667,EUREKA-VPL-014,nurse,2025-03-19 11:37:10.575868077,2025-03-19 11:37:44.105145883,KITCHEN,B2.77 Keuken,2.77,33.529277
RTLS_02998,Toiletstoel 3,equipment,2025-03-19 11:37:18.000000000,2025-03-19 11:37:32.000000000,STORAGE,B2.61 Opslag,2.61,14.0
RTLS_02571,Glucosemeter 1,equipment,2025-03-19 11:37:30.000000000,2025-03-19 11:37:50.000000000,NS_A,B2.71 Open wacht,2.71,20.0
RTLS_02676,Glucosemeter 2,equipment,2025-03-19 11:37:33.000000000,2025-03-19 11:37:42.000000000,NS_B,B2.71.01 Dienstplaats,2.71.01,9.0
RTLS_01668,EUREKA-VPL-014,nurse,2025-03-19 11:37:44.105145883,2025-03-19 11:39:45.433495168,PREP_A,B2.71.02 Voorbereiding,2.71.02,121.328349
RTLS_03105,Voedingspomp 1,equipment,2025-03-19 11:37:50.000000000,2025-03-19 11:38:27.000000000,UTIL_A,B2.63 Utility,2.63,37.0
RTLS_01000,EUREKA-VPL-009,nurse,2025-03-19 11:37:59.120335746,2025-03-19 11:39:25.512802338,STORAGE,B2.61 Opslag,2.61,86.392466
RTLS_02274,Infuuspomp 4,equipment,2025-03-19 11:38:06.000000000,2025-03-19 11:38:30.000000000,UTIL_B,B2.75 Utility,2.75,24.0
RTLS_02168,Infuuspomp 3,equipment,2025-03-19 11:38:15.000000000,2025-03-19 11:38:23.000000000,UTIL_B,B2.75 Utility,2.75,8.0
RTLS_03525,Voedingspomp 5,equipment,2025-03-19 11:38:31.000000000,2025-03-19 11:38:51.000000000,UTIL_A,B2.63 Utility,2.63,20.0
RTLS_03213,Voedingspomp 2,equipment,2025-03-19 11:38:45.000000000,2025-03-19 11:38:58.000000000,UTIL_B,B2.75 Utility,2.75,13.0
RTLS_02370,Spuitaandrijver,equipment,2025-03-19 11:38:47.000000000,2025-03-19 11:39:02.000000000,UTIL_B,B2.75 Utility,2.75,15.0
RTLS_01948,Infuuspomp 1,equipment,2025-03-19 11:38:49.000000000,2025-03-19 11:39:19.000000000,UTIL_A,B2.63 Utility,2.63,30.0
RTLS_03423,Voedingspomp 4,equipment,2025-03-19 11:38:59.000000000,2025-03-19 11:39:13.000000000,UTIL_B,B2.75 Utility,2.75,14.0
RTLS_01001,EUREKA-VPL-009,nurse,2025-03-19 11:39:25.512802338,2025-03-19 11:40:04.826319636,ROOM_109,B2.68 2-bedskamer,2.68,39.313517
RTLS_00433,EUREKA-VPL-005,nurse,2025-03-19 11:39:26.463569001,2025-03-19 11:39:28.820225448,ROOM_104,B2.80 1-bedskamer,2.80,2.356656
RTLS_02897,Toiletstoel 2,equipment,2025-03-19 11:39:31.000000000,2025-03-19 11:40:03.000000000,UTIL_B,B2.75 Utility,2.75,32.0
RTLS_01669,EUREKA-VPL-014,nurse,2025-03-19 11:39:45.433495168,2025-03-19 11:40:48.910132337,NS_B,B2.71.01 Dienstplaats,2.71.01,63.476637
RTLS_03316,Voedingspomp 3,equipment,2025-03-19 11:40:01.000000000,2025-03-19 11:40:18.000000000,UTIL_A,B2.63 Utility,2.63,17.0
RTLS_01002,EUREKA-VPL-009,nurse,2025-03-19 11:40:04.826319636,2025-03-19 11:42:23.269152920,ROOM_105,B2.82 1-bedskamer,2.82,138.442833
RTLS_02572,Glucosemeter 1,equipment,2025-03-19 11:40:26.000000000,2025-03-19 11:40:36.000000000,NS_A,B2.71 Open wacht,2.71,10.0
RTLS_01670,EUREKA-VPL-014,nurse,2025-03-19 11:40:48.910132337,2025-03-19 11:40:52.194096946,ROOM_109,B2.68 2-bedskamer,2.68,3.283964
RTLS_02898,Toiletstoel 2,equipment,2025-03-19 11:41:03.000000000,2025-03-19 11:41:10.000000000,UTIL_B,B2.75 Utility,2.75,7.0
RTLS_02055,Infuuspomp 2,equipment,2025-03-19 11:41:26.000000000,2025-03-19 11:42:02.000000000,UTIL_A,B2.63 Utility,2.63,36.0
RTLS_02468,Bladderscan,equipment,2025-03-19 11:41:37.000000000,2025-03-19 11:41:52.000000000,UTIL_A,B2.63 Utility,2.63,15.0
RTLS_02573,Glucosemeter 1,equipment,2025-03-19 11:41:48.000000000,2025-03-19 11:42:10.000000000,NS_A,B2.71 Open wacht,2.71,22.0
RTLS_02677,Glucosemeter 2,equipment,2025-03-19 11:42:11.000000000,2025-03-19 11:42:17.000000000,NS_B,B2.71.01 Dienstplaats,2.71.01,6.0
RTLS_02790,Toiletstoel 1,equipment,2025-03-19 11:42:12.000000000,2025-03-19 11:42:38.000000000,UTIL_A,B2.63 Utility,2.63,26.0
RTLS_02899,Toiletstoel 2,equipment,2025-03-19 11:42:14.000000000,2025-03-19 11:42:32.000000000,UTIL_B,B2.75 Utility,2.75,18.0
RTLS_01949,Infuuspomp 1,equipment,2025-03-19 11:42:21.000000000,2025-03-19 11:42:42.000000000,UTIL_A,B2.63 Utility,2.63,21.0
RTLS_02999,Toiletstoel 3,equipment,2025-03-19 11:42:40.000000000,2025-03-19 11:42:51.000000000,STORAGE,B2.61 Opslag,2.61,11.0
RTLS_03424,Voedingspomp 4,equipment,2025-03-19 11:43:21.000000000,2025-03-19 11:43:53.000000000,UTIL_B,B2.75 Utility,2.75,32.0
RTLS_03526,Voedingspomp 5,equipment,2025-03-19 11:44:01.000000000,2025-03-19 11:44:32.000000000,UTIL_A,B2.63 Utility,2.63,31.0
RTLS_01950,Infuuspomp 1,equipment,2025-03-19 11:44:06.000000000,2025-03-19 11:44:37.000000000,UTIL_A,B2.63 Utility,2.63,31.0
RTLS_03317,Voedingspomp 3,equipment,2025-03-19 11:44:11.000000000,2025-03-19 11:44:16.000000000,UTIL_A,B2.63 Utility,2.63,5.0
RTLS_03214,Voedingspomp 2,equipment,2025-03-19 11:44:48.000000000,2025-03-19 11:45:15.000000000,UTIL_B,B2.75 Utility,2.75,27.0
RTLS_02056,Infuuspomp 2,equipment,2025-03-19 11:44:51.000000000,2025-03-19 11:45:22.000000000,UTIL_A,B2.63 Utility,2.63,31.0
RTLS_02275,Infuuspomp 4,equipment,2025-03-19 11:44:52.000000000,2025-03-19 11:44:59.000000000,UTIL_B,B2.75 Utility,2.75,7.0
RTLS_03106,Voedingspomp 1,equipment,2025-03-19 11:45:07.000000000,2025-03-19 11:45:38.000000000,UTIL_A,B2.63 Utility,2.63,31.0
RTLS_02169,Infuuspomp 3,equipment,2025-03-19 11:45:40.000000000,2025-03-19 11:46:06.000000000,UTIL_B,B2.75 Utility,2.75,26.0
RTLS_02371,Spuitaandrijver,equipment,2025-03-19 11:45:53.000000000,2025-03-19 11:46:09.000000000,UTIL_B,B2.75 Utility,2.75,16.0
RTLS_03000,Toiletstoel 3,equipment,2025-03-19 11:46:06.000000000,2025-03-19 11:46:20.000000000,STORAGE,B2.61 Opslag,2.61,14.0
RTLS_02469,Bladderscan,equipment,2025-03-19 11:46:48.000000000,2025-03-19 11:47:01.000000000,UTIL_A,B2.63 Utility,2.63,13.0
RTLS_03318,Voedingspomp 3,equipment,2025-03-19 11:46:58.000000000,2025-03-19 11:47:26.000000000,UTIL_A,B2.63 Utility,2.63,28.0
RTLS_03527,Voedingspomp 5,equipment,2025-03-19 11:47:09.000000000,2025-03-19 11:47:38.000000000,UTIL_A,B2.63 Utility,2.63,29.0
RTLS_03425,Voedingspomp 4,equipment,2025-03-19 11:47:15.000000000,2025-03-19 11:47:20.000000000,UTIL_B,B2.75 Utility,2.75,5.0
RTLS_02574,Glucosemeter 1,equipment,2025-03-19 11:47:28.000000000,2025-03-19 11:47:50.000000000,NS_A,B2.71 Open wacht,2.71,22.0
RTLS_02791,Toiletstoel 1,equipment,2025-03-19 11:47:45.000000000,2025-03-19 11:48:09.000000000,UTIL_A,B2.63 Utility,2.63,24.0
RTLS_02900,Toiletstoel 2,equipment,2025-03-19 11:48:15.000000000,2025-03-19 11:48:41.000000000,UTIL_B,B2.75 Utility,2.75,26.0
RTLS_03215,Voedingspomp 2,equipment,2025-03-19 11:48:49.000000000,2025-03-19 11:49:08.000000000,UTIL_B,B2.75 Utility,2.75,19.0
RTLS_02678,Glucosemeter 2,equipment,2025-03-19 11:48:49.000000000,2025-03-19 11:49:19.000000000,NS_B,B2.71.01 Dienstplaats,2.71.01,30.0
RTLS_01951,Infuuspomp 1,equipment,2025-03-19 11:49:42.000000000,2025-03-19 11:50:15.000000000,UTIL_A,B2.63 Utility,2.63,33.0
RTLS_02057,Infuuspomp 2,equipment,2025-03-19 11:50:32.000000000,2025-03-19 11:51:07.000000000,UTIL_A,B2.63 Utility,2.63,35.0
RTLS_03319,Voedingspomp 3,equipment,2025-03-19 11:50:34.000000000,2025-03-19 11:50:54.000000000,UTIL_A,B2.63 Utility,2.63,20.0
RTLS_02170,Infuuspomp 3,equipment,2025-03-19 11:50:37.000000000,2025-03-19 11:50:42.000000000,UTIL_B,B2.75 Utility,2.75,5.0
RTLS_02901,Toiletstoel 2,equipment,2025-03-19 11:50:55.000000000,2025-03-19 11:51:21.000000000,UTIL_B,B2.75 Utility,2.75,26.0
RTLS_02575,Glucosemeter 1,equipment,2025-03-19 11:51:08.000000000,2025-03-19 11:51:38.000000000,NS_A,B2.71 Open wacht,2.71,30.0
RTLS_03107,Voedingspomp 1,equipment,2025-03-19 11:51:24.000000000,2025-03-19 11:51:29.000000000,UTIL_A,B2.63 Utility,2.63,5.0
RTLS_02372,Spuitaandrijver,equipment,2025-03-19 11:51:33.000000000,2025-03-19 11:51:54.000000000,UTIL_B,B2.75 Utility,2.75,21.0
RTLS_02679,Glucosemeter 2,equipment,2025-03-19 11:51:39.000000000,2025-03-19 11:51:52.000000000,NS_B,B2.71.01 Dienstplaats,2.71.01,13.0
RTLS_03001,Toiletstoel 3,equipment,2025-03-19 11:51:40.000000000,2025-03-19 11:52:13.000000000,STORAGE,B2.61 Opslag,2.61,33.0
RTLS_03216,Voedingspomp 2,equipment,2025-03-19 11:52:01.000000000,2025-03-19 11:52:32.000000000,UTIL_B,B2.75 Utility,2.75,31.0
RTLS_02470,Bladderscan,equipment,2025-03-19 11:52:10.000000000,2025-03-19 11:52:33.000000000,UTIL_A,B2.63 Utility,2.63,23.0
RTLS_02276,Infuuspomp 4,equipment,2025-03-19 11:52:28.000000000,2025-03-19 11:52:47.000000000,UTIL_B,B2.75 Utility,2.75,19.0
RTLS_03320,Voedingspomp 3,equipment,2025-03-19 11:52:33.000000000,2025-03-19 11:52:54.000000000,UTIL_A,B2.63 Utility,2.63,21.0
RTLS_02680,Glucosemeter 2,equipment,2025-03-19 11:52:53.000000000,2025-03-19 11:53:10.000000000,NS_B,B2.71.01 Dienstplaats,2.71.01,17.0
RTLS_02058,Infuuspomp 2,equipment,2025-03-19 11:52:56.000000000,2025-03-19 11:53:20.000000000,UTIL_A,B2.63 Utility,2.63,24.0
RTLS_02373,Spuitaandrijver,equipment,2025-03-19 11:53:11.000000000,2025-03-19 11:53:16.000000000,UTIL_B,B2.75 Utility,2.75,5.0
RTLS_02792,Toiletstoel 1,equipment,2025-03-19 11:53:55.000000000,2025-03-19 11:54:15.000000000,UTIL_A,B2.63 Utility,2.63,20.0
RTLS_03528,Voedingspomp 5,equipment,2025-03-19 11:54:03.000000000,2025-03-19 11:54:34.000000000,UTIL_A,B2.63 Utility,2.63,31.0
RTLS_03426,Voedingspomp 4,equipment,2025-03-19 11:54:06.000000000,2025-03-19 11:54:20.000000000,UTIL_B,B2.75 Utility,2.75,14.0
RTLS_02681,Glucosemeter 2,equipment,2025-03-19 11:54:15.000000000,2025-03-19 11:54:50.000000000,NS_B,B2.71.01 Dienstplaats,2.71.01,35.0
RTLS_02059,Infuuspomp 2,equipment,2025-03-19 11:54:19.000000000,2025-03-19 11:54:35.000000000,UTIL_A,B2.63 Utility,2.63,16.0
RTLS_02471,Bladderscan,equipment,2025-03-19 11:54:23.000000000,2025-03-19 11:54:43.000000000,UTIL_A,B2.63 Utility,2.63,20.0
RTLS_03002,Toiletstoel 3,equipment,2025-03-19 11:54:44.000000000,2025-03-19 11:54:58.000000000,STORAGE,B2.61 Opslag,2.61,14.0
RTLS_02374,Spuitaandrijver,equipment,2025-03-19 11:55:19.000000000,2025-03-19 11:55:54.000000000,UTIL_B,B2.75 Utility,2.75,35.0
RTLS_02277,Infuuspomp 4,equipment,2025-03-19 11:55:29.000000000,2025-03-19 11:55:40.000000000,UTIL_B,B2.75 Utility,2.75,11.0
RTLS_02060,Infuuspomp 2,equipment,2025-03-19 11:55:29.000000000,2025-03-19 11:55:48.000000000,UTIL_A,B2.63 Utility,2.63,19.0
RTLS_02171,Infuuspomp 3,equipment,2025-03-19 11:55:33.000000000,2025-03-19 11:55:52.000000000,UTIL_B,B2.75 Utility,2.75,19.0
RTLS_02472,Bladderscan,equipment,2025-03-19 11:56:15.000000000,2025-03-19 11:56:49.000000000,UTIL_A,B2.63 Utility,2.63,34.0
RTLS_02682,Glucosemeter 2,equipment,2025-03-19 11:56:34.000000000,2025-03-19 11:57:00.000000000,NS_B,B2.71.01 Dienstplaats,2.71.01,26.0
RTLS_02902,Toiletstoel 2,equipment,2025-03-19 11:56:35.000000000,2025-03-19 11:56:46.000000000,UTIL_B,B2.75 Utility,2.75,11.0
RTLS_02576,Glucosemeter 1,equipment,2025-03-19 11:56:50.000000000,2025-03-19 11:57:24.000000000,NS_A,B2.71 Open wacht,2.71,34.0
RTLS_01952,Infuuspomp 1,equipment,2025-03-19 11:56:53.000000000,2025-03-19 11:57:09.000000000,UTIL_A,B2.63 Utility,2.63,16.0
RTLS_01953,Infuuspomp 1,equipment,2025-03-19 11:58:15.000000000,2025-03-19 11:58:31.000000000,UTIL_A,B2.63 Utility,2.63,16.0
RTLS_03321,Voedingspomp 3,equipment,2025-03-19 11:58:34.000000000,2025-03-19 11:58:57.000000000,UTIL_A,B2.63 Utility,2.63,23.0
RTLS_03108,Voedingspomp 1,equipment,2025-03-19 11:58:51.000000000,2025-03-19 11:59:20.000000000,UTIL_A,B2.63 Utility,2.63,29.0
RTLS_03217,Voedingspomp 2,equipment,2025-03-19 11:59:59.000000000,2025-03-19 12:00:36.000000000,UTIL_B,B2.75 Utility,2.75,37.0
RTLS_00071,EUREKA-VPL-001,nurse,2025-03-19 12:00:00.000000000,2025-03-19 12:00:16.071950847,PREP_A,B2.71.02 Voorbereiding,2.71.02,16.07195
RTLS_00195,EUREKA-VPL-002,nurse,2025-03-19 12:00:00.000000000,2025-03-19 12:00:22.887439524,KITCHEN,B2.77 Keuken,2.77,22.887439
RTLS_00272,EUREKA-VPL-003,nurse,2025-03-19 12:00:00.000000000,2025-03-19 12:00:16.889309186,KITCHEN,B2.77 Keuken,2.77,16.889309
RTLS_00339,EUREKA-VPL-004,nurse,2025-03-19 12:00:00.000000000,2025-03-19 12:01:51.842821872,ROOM_109,B2.68 2-bedskamer,2.68,111.842821
RTLS_00434,EUREKA-VPL-005,nurse,2025-03-19 12:00:00.000000000,2025-03-19 12:00:05.611158828,ROOM_110,B2.79 2-bedskamer,2.79,5.611158
RTLS_00567,EUREKA-VPL-006,nurse,2025-03-19 12:00:00.000000000,2025-03-19 12:00:20.796460016,ROOM_102,B2.76 1-bedskamer,2.76,20.79646
RTLS_00727,EUREKA-VPL-007,nurse,2025-03-19 12:00:00.000000000,2025-03-19 12:01:14.042281676,STORE_C,B2.65 Berging,2.65,74.042281
RTLS_00871,EUREKA-VPL-008,nurse,2025-03-19 12:00:00.000000000,2025-03-19 12:00:04.632274416,NS_A,B2.71 Open wacht,2.71,4.632274
RTLS_01003,EUREKA-VPL-009,nurse,2025-03-19 12:00:00.000000000,2025-03-19 12:00:03.233102517,STORE_C,B2.65 Berging,2.65,3.233102
RTLS_01170,EUREKA-VPL-010,nurse,2025-03-19 12:00:00.000000000,2025-03-19 12:00:05.108915382,UTIL_B,B2.75 Utility,2.75,5.108915
RTLS_01330,EUREKA-VPL-011,nurse,2025-03-19 12:00:00.000000000,2025-03-19 12:00:26.224552000,KITCHEN,B2.77 Keuken,2.77,26.224552
RTLS_01430,EUREKA-VPL-012,nurse,2025-03-19 12:00:00.000000000,2025-03-19 12:00:55.807307169,NS_A,B2.71 Open wacht,2.71,55.807307
RTLS_01523,EUREKA-VPL-013,nurse,2025-03-19 12:00:00.000000000,2025-03-19 12:00:27.726879150,ROOM_110,B2.79 2-bedskamer,2.79,27.726879
RTLS_01671,EUREKA-VPL-014,nurse,2025-03-19 12:00:00.000000000,2025-03-19 12:00:06.118529617,KITCHEN,B2.77 Keuken,2.77,6.118529
RTLS_01816,EUREKA-VPL-015,nurse,2025-03-19 12:00:00.000000000,2025-03-19 12:00:05.674603832,NS_B,B2.71.01 Dienstplaats,2.71.01,5.674603
RTLS_01004,EUREKA-VPL-009,nurse,2025-03-19 12:00:03.233102517,2025-03-19 12:12:02.586481917,ROOM_104,B2.80 1-bedskamer,2.80,719.353379
RTLS_00872,EUREKA-VPL-008,nurse,2025-03-19 12:00:04.632274416,2025-03-19 12:00:42.452444943,KITCHEN,B2.77 Keuken,2.77,37.82017
RTLS_01171,EUREKA-VPL-010,nurse,2025-03-19 12:00:05.108915382,2025-03-19 12:01:54.876385716,ROOM_103,B2.78 1-bedskamer,2.78,109.76747
RTLS_00435,EUREKA-VPL-005,nurse,2025-03-19 12:00:05.611158828,2025-03-19 12:00:32.321099915,ROOM_107,B2.64 2-bedskamer,2.64,26.709941
RTLS_01817,EUREKA-VPL-015,nurse,2025-03-19 12:00:05.674603832,2025-03-19 12:00:49.086499636,ROOM_106,B2.62 2-bedskamer,2.62,43.411895
RTLS_01672,EUREKA-VPL-014,nurse,2025-03-19 12:00:06.118529617,2025-03-19 12:02:17.935637944,UTIL_B,B2.75 Utility,2.75,131.817108
RTLS_00072,EUREKA-VPL-001,nurse,2025-03-19 12:00:16.071950847,2025-03-19 12:00:39.475273491,ROOM_110,B2.79 2-bedskamer,2.79,23.403322
RTLS_00273,EUREKA-VPL-003,nurse,2025-03-19 12:00:16.889309186,2025-03-19 12:01:09.174351033,ROOM_104,B2.80 1-bedskamer,2.80,52.285041
RTLS_01954,Infuuspomp 1,equipment,2025-03-19 12:00:19.000000000,2025-03-19 12:00:41.000000000,UTIL_A,B2.63 Utility,2.63,22.0
RTLS_00568,EUREKA-VPL-006,nurse,2025-03-19 12:00:20.796460016,2025-03-19 12:00:23.132029322,KITCHEN,B2.77 Keuken,2.77,2.335569
RTLS_03427,Voedingspomp 4,equipment,2025-03-19 12:00:21.000000000,2025-03-19 12:00:51.000000000,UTIL_B,B2.75 Utility,2.75,30.0
RTLS_00196,EUREKA-VPL-002,nurse,2025-03-19 12:00:22.887439524,2025-03-19 12:00:30.337975412,ROOM_108,B2.66 2-bedskamer,2.66,7.450535
RTLS_00569,EUREKA-VPL-006,nurse,2025-03-19 12:00:23.132029322,2025-03-19 12:00:59.545115076,ROOM_103,B2.78 1-bedskamer,2.78,36.413085
RTLS_01331,EUREKA-VPL-011,nurse,2025-03-19 12:00:26.224552000,2025-03-19 12:01:01.243586478,ROOM_106,B2.62 2-bedskamer,2.62,35.019034
RTLS_01524,EUREKA-VPL-013,nurse,2025-03-19 12:00:27.726879150,2025-03-19 12:15:20.795159150,STORAGE,B2.61 Opslag,2.61,893.06828
RTLS_00197,EUREKA-VPL-002,nurse,2025-03-19 12:00:30.337975412,2025-03-19 12:02:29.279983223,STORE_A,B2.53 Berging,2.53,118.942007
RTLS_00436,EUREKA-VPL-005,nurse,2025-03-19 12:00:32.321099915,2025-03-19 12:00:46.539023147,KITCHEN,B2.77 Keuken,2.77,14.217923
RTLS_02577,Glucosemeter 1,equipment,2025-03-19 12:00:33.000000000,2025-03-19 12:00:45.000000000,NS_A,B2.71 Open wacht,2.71,12.0
RTLS_00073,EUREKA-VPL-001,nurse,2025-03-19 12:00:39.475273491,2025-03-19 12:00:49.249159144,ROOM_102,B2.76 1-bedskamer,2.76,9.773885
RTLS_00873,EUREKA-VPL-008,nurse,2025-03-19 12:00:42.452444943,2025-03-19 12:00:44.746049385,STORE_C,B2.65 Berging,2.65,2.293604
RTLS_02172,Infuuspomp 3,equipment,2025-03-19 12:00:43.000000000,2025-03-19 12:00:49.000000000,UTIL_B,B2.75 Utility,2.75,6.0
RTLS_00874,EUREKA-VPL-008,nurse,2025-03-19 12:00:44.746049385,2025-03-19 12:02:53.629424413,ROOM_110,B2.79 2-bedskamer,2.79,128.883375
RTLS_00437,EUREKA-VPL-005,nurse,2025-03-19 12:00:46.539023147,2025-03-19 12:01:25.411018547,ROOM_108,B2.66 2-bedskamer,2.66,38.871995
RTLS_03529,Voedingspomp 5,equipment,2025-03-19 12:00:49.000000000,2025-03-19 12:01:26.000000000,UTIL_A,B2.63 Utility,2.63,37.0
RTLS_01818,EUREKA-VPL-015,nurse,2025-03-19 12:00:49.086499636,2025-03-19 12:01:03.392285819,ROOM_103,B2.78 1-bedskamer,2.78,14.305786
RTLS_00074,EUREKA-VPL-001,nurse,2025-03-19 12:00:49.249159144,2025-03-19 12:00:54.266266793,KITCHEN,B2.77 Keuken,2.77,5.017107
RTLS_00075,EUREKA-VPL-001,nurse,2025-03-19 12:00:54.266266793,2025-03-19 12:01:33.616748059,BATHROOM,B2.57 Stortbad,2.57,39.350481
RTLS_01431,EUREKA-VPL-012,nurse,2025-03-19 12:00:55.807307169,2025-03-19 12:01:22.970152200,KITCHEN,B2.77 Keuken,2.77,27.162845
RTLS_00570,EUREKA-VPL-006,nurse,2025-03-19 12:00:59.545115076,2025-03-19 12:06:48.557073238,ROOM_109,B2.68 2-bedskamer,2.68,349.011958
RTLS_01332,EUREKA-VPL-011,nurse,2025-03-19 12:01:01.243586478,2025-03-19 12:03:37.366285326,STORE_C,B2.65 Berging,2.65,156.122698
RTLS_01819,EUREKA-VPL-015,nurse,2025-03-19 12:01:03.392285819,2025-03-19 12:01:21.034044560,ROOM_101,B2.74 1-bedskamer,2.74,17.641758
RTLS_00274,EUREKA-VPL-003,nurse,2025-03-19 12:01:09.174351033,2025-03-19 12:06:52.064605050,STORE_A,B2.53 Berging,2.53,342.890254
RTLS_00728,EUREKA-VPL-007,nurse,2025-03-19 12:01:14.042281676,2025-03-19 12:02:50.279304966,UTIL_A,B2.63 Utility,2.63,96.237023
RTLS_03003,Toiletstoel 3,equipment,2025-03-19 12:01:18.000000000,2025-03-19 12:01:38.000000000,STORAGE,B2.61 Opslag,2.61,20.0
RTLS_01820,EUREKA-VPL-015,nurse,2025-03-19 12:01:21.034044560,2025-03-19 12:01:31.253953496,NS_A,B2.71 Open wacht,2.71,10.219908
RTLS_01432,EUREKA-VPL-012,nurse,2025-03-19 12:01:22.970152200,2025-03-19 12:01:26.977017384,ROOM_102,B2.76 1-bedskamer,2.76,4.006865
RTLS_00438,EUREKA-VPL-005,nurse,2025-03-19 12:01:25.411018547,2025-03-19 12:02:24.972396037,ROOM_102,B2.76 1-bedskamer,2.76,59.561377
RTLS_01433,EUREKA-VPL-012,nurse,2025-03-19 12:01:26.977017384,2025-03-19 12:03:16.622087877,NS_B,B2.71.01 Dienstplaats,2.71.01,109.64507
RTLS_01821,EUREKA-VPL-015,nurse,2025-03-19 12:01:31.253953496,2025-03-19 12:26:35.002258924,PREP_A,B2.71.02 Voorbereiding,2.71.02,1503.748305
RTLS_00076,EUREKA-VPL-001,nurse,2025-03-19 12:01:33.616748059,2025-03-19 12:02:51.535965762,UTIL_B,B2.75 Utility,2.75,77.919217
RTLS_02793,Toiletstoel 1,equipment,2025-03-19 12:01:35.000000000,2025-03-19 12:01:51.000000000,UTIL_A,B2.63 Utility,2.63,16.0
RTLS_02683,Glucosemeter 2,equipment,2025-03-19 12:01:39.000000000,2025-03-19 12:01:51.000000000,NS_B,B2.71.01 Dienstplaats,2.71.01,12.0
RTLS_00340,EUREKA-VPL-004,nurse,2025-03-19 12:01:51.842821872,2025-03-19 12:02:18.053830735,ROOM_108,B2.66 2-bedskamer,2.66,26.211008
RTLS_01172,EUREKA-VPL-010,nurse,2025-03-19 12:01:54.876385716,2025-03-19 12:02:07.590082207,ROOM_101,B2.74 1-bedskamer,2.74,12.713696
RTLS_02061,Infuuspomp 2,equipment,2025-03-19 12:02:04.000000000,2025-03-19 12:02:30.000000000,UTIL_A,B2.63 Utility,2.63,26.0
RTLS_01173,EUREKA-VPL-010,nurse,2025-03-19 12:02:07.590082207,2025-03-19 12:03:19.616634465,ROOM_102,B2.76 1-bedskamer,2.76,72.026552
RTLS_01673,EUREKA-VPL-014,nurse,2025-03-19 12:02:17.935637944,2025-03-19 12:03:15.627136869,BATH_B,B2.55 Badkamer,2.55,57.691498
RTLS_00341,EUREKA-VPL-004,nurse,2025-03-19 12:02:18.053830735,2025-03-19 12:02:20.608713460,STORE_A,B2.53 Berging,2.53,2.554882
RTLS_00342,EUREKA-VPL-004,nurse,2025-03-19 12:02:20.608713460,2025-03-19 12:31:06.684985746,STORAGE,B2.61 Opslag,2.61,1726.076272
RTLS_02473,Bladderscan,equipment,2025-03-19 12:02:22.000000000,2025-03-19 12:02:58.000000000,UTIL_A,B2.63 Utility,2.63,36.0
RTLS_00439,EUREKA-VPL-005,nurse,2025-03-19 12:02:24.972396037,2025-03-19 12:02:26.210108571,ROOM_108,B2.66 2-bedskamer,2.66,1.237712
RTLS_00440,EUREKA-VPL-005,nurse,2025-03-19 12:02:26.210108571,2025-03-19 12:03:21.639381670,STORE_C,B2.65 Berging,2.65,55.429273
RTLS_01955,Infuuspomp 1,equipment,2025-03-19 12:02:29.000000000,2025-03-19 12:03:04.000000000,UTIL_A,B2.63 Utility,2.63,35.0
RTLS_00198,EUREKA-VPL-002,nurse,2025-03-19 12:02:29.279983223,2025-03-19 12:02:30.580801222,ROOM_107,B2.64 2-bedskamer,2.64,1.300817
RTLS_00199,EUREKA-VPL-002,nurse,2025-03-19 12:02:30.580801222,2025-03-19 12:02:45.544844855,KITCHEN,B2.77 Keuken,2.77,14.964043
RTLS_02903,Toiletstoel 2,equipment,2025-03-19 12:02:38.000000000,2025-03-19 12:02:56.000000000,UTIL_B,B2.75 Utility,2.75,18.0
RTLS_02794,Toiletstoel 1,equipment,2025-03-19 12:02:44.000000000,2025-03-19 12:03:12.000000000,UTIL_A,B2.63 Utility,2.63,28.0
RTLS_00200,EUREKA-VPL-002,nurse,2025-03-19 12:02:45.544844855,2025-03-19 12:02:51.858523973,ROOM_104,B2.80 1-bedskamer,2.80,6.313679
RTLS_00729,EUREKA-VPL-007,nurse,2025-03-19 12:02:50.279304966,2025-03-19 12:04:36.797506470,ROOM_105,B2.82 1-bedskamer,2.82,106.518201
RTLS_00077,EUREKA-VPL-001,nurse,2025-03-19 12:02:51.535965762,2025-03-19 12:04:29.042284841,KITCHEN,B2.77 Keuken,2.77,97.506319
RTLS_00201,EUREKA-VPL-002,nurse,2025-03-19 12:02:51.858523973,2025-03-19 12:03:20.689425250,NS_B,B2.71.01 Dienstplaats,2.71.01,28.830901
RTLS_00875,EUREKA-VPL-008,nurse,2025-03-19 12:02:53.629424413,2025-03-19 12:03:35.389852236,ROOM_103,B2.78 1-bedskamer,2.78,41.760427
RTLS_02278,Infuuspomp 4,equipment,2025-03-19 12:03:06.000000000,2025-03-19 12:03:40.000000000,UTIL_B,B2.75 Utility,2.75,34.0
RTLS_02375,Spuitaandrijver,equipment,2025-03-19 12:03:08.000000000,2025-03-19 12:03:26.000000000,UTIL_B,B2.75 Utility,2.75,18.0
RTLS_01674,EUREKA-VPL-014,nurse,2025-03-19 12:03:15.627136869,2025-03-19 12:06:18.141273608,STORE_A,B2.53 Berging,2.53,182.514136
RTLS_01434,EUREKA-VPL-012,nurse,2025-03-19 12:03:16.622087877,2025-03-19 12:03:41.520968686,STORE_C,B2.65 Berging,2.65,24.89888
RTLS_01174,EUREKA-VPL-010,nurse,2025-03-19 12:03:19.616634465,2025-03-19 12:03:32.918800454,KITCHEN,B2.77 Keuken,2.77,13.302165
RTLS_00202,EUREKA-VPL-002,nurse,2025-03-19 12:03:20.689425250,2025-03-19 12:04:04.284595948,KITCHEN,B2.77 Keuken,2.77,43.59517
RTLS_00441,EUREKA-VPL-005,nurse,2025-03-19 12:03:21.639381670,2025-03-19 12:18:09.790486801,STORE_B,B2.59 Berging,2.59,888.151105
RTLS_03322,Voedingspomp 3,equipment,2025-03-19 12:03:31.000000000,2025-03-19 12:04:06.000000000,UTIL_A,B2.63 Utility,2.63,35.0
RTLS_01175,EUREKA-VPL-010,nurse,2025-03-19 12:03:32.918800454,2025-03-19 12:04:49.728115181,NS_B,B2.71.01 Dienstplaats,2.71.01,76.809314
RTLS_00876,EUREKA-VPL-008,nurse,2025-03-19 12:03:35.389852236,2025-03-19 12:03:48.346829320,UTIL_B,B2.75 Utility,2.75,12.956977
RTLS_01333,EUREKA-VPL-011,nurse,2025-03-19 12:03:37.366285326,2025-03-19 12:04:32.477116037,BATH_B,B2.55 Badkamer,2.55,55.11083
RTLS_01435,EUREKA-VPL-012,nurse,2025-03-19 12:03:41.520968686,2025-03-19 12:03:51.610429416,STORE_B,B2.59 Berging,2.59,10.08946
RTLS_00877,EUREKA-VPL-008,nurse,2025-03-19 12:03:48.346829320,2025-03-19 12:03:50.837954632,STORE_A,B2.53 Berging,2.53,2.491125
RTLS_00878,EUREKA-VPL-008,nurse,2025-03-19 12:03:50.837954632,2025-03-19 12:27:54.764545346,PREP_B,B2.71.02 Voorbereiding,2.71.02,1443.92659
RTLS_01436,EUREKA-VPL-012,nurse,2025-03-19 12:03:51.610429416,2025-03-19 12:04:51.945618478,ROOM_107,B2.64 2-bedskamer,2.64,60.335189
RTLS_00203,EUREKA-VPL-002,nurse,2025-03-19 12:04:04.284595948,2025-03-19 12:19:38.290991715,STORE_A,B2.53 Berging,2.53,934.006395
RTLS_02904,Toiletstoel 2,equipment,2025-03-19 12:04:09.000000000,2025-03-19 12:04:26.000000000,UTIL_B,B2.75 Utility,2.75,17.0
RTLS_00078,EUREKA-VPL-001,nurse,2025-03-19 12:04:29.042284841,2025-03-19 12:04:45.271050990,STORE_C,B2.65 Berging,2.65,16.228766
RTLS_01334,EUREKA-VPL-011,nurse,2025-03-19 12:04:32.477116037,2025-03-19 12:04:42.694192214,ROOM_110,B2.79 2-bedskamer,2.79,10.217076
RTLS_00730,EUREKA-VPL-007,nurse,2025-03-19 12:04:36.797506470,2025-03-19 12:04:56.440022557,ROOM_109,B2.68 2-bedskamer,2.68,19.642516
RTLS_02578,Glucosemeter 1,equipment,2025-03-19 12:04:38.000000000,2025-03-19 12:04:59.000000000,NS_A,B2.71 Open wacht,2.71,21.0
RTLS_01335,EUREKA-VPL-011,nurse,2025-03-19 12:04:42.694192214,2025-03-19 12:04:48.339626526,KITCHEN,B2.77 Keuken,2.77,5.645434
RTLS_00079,EUREKA-VPL-001,nurse,2025-03-19 12:04:45.271050990,2025-03-19 12:08:25.515703283,ROOM_104,B2.80 1-bedskamer,2.80,220.244652
RTLS_01336,EUREKA-VPL-011,nurse,2025-03-19 12:04:48.339626526,2025-03-19 12:05:41.594653315,ROOM_110,B2.79 2-bedskamer,2.79,53.255026
RTLS_01176,EUREKA-VPL-010,nurse,2025-03-19 12:04:49.728115181,2025-03-19 12:05:29.466071312,ROOM_106,B2.62 2-bedskamer,2.62,39.737956
RTLS_01437,EUREKA-VPL-012,nurse,2025-03-19 12:04:51.945618478,2025-03-19 12:05:10.162935276,BATH_B,B2.55 Badkamer,2.55,18.217316
RTLS_00731,EUREKA-VPL-007,nurse,2025-03-19 12:04:56.440022557,2025-03-19 12:08:23.455704143,NS_B,B2.71.01 Dienstplaats,2.71.01,207.015681
RTLS_03428,Voedingspomp 4,equipment,2025-03-19 12:05:13.000000000,2025-03-19 12:05:20.000000000,UTIL_B,B2.75 Utility,2.75,7.0
RTLS_02173,Infuuspomp 3,equipment,2025-03-19 12:05:20.000000000,2025-03-19 12:05:44.000000000,UTIL_B,B2.75 Utility,2.75,24.0
RTLS_02279,Infuuspomp 4,equipment,2025-03-19 12:05:22.000000000,2025-03-19 12:05:41.000000000,UTIL_B,B2.75 Utility,2.75,19.0
RTLS_02062,Infuuspomp 2,equipment,2025-03-19 12:05:27.000000000,2025-03-19 12:05:46.000000000,UTIL_A,B2.63 Utility,2.63,19.0
RTLS_01177,EUREKA-VPL-010,nurse,2025-03-19 12:05:29.466071312,2025-03-19 12:06:41.531832929,ROOM_107,B2.64 2-bedskamer,2.64,72.065761
RTLS_01337,EUREKA-VPL-011,nurse,2025-03-19 12:05:41.594653315,2025-03-19 12:06:00.543253748,ROOM_106,B2.62 2-bedskamer,2.62,18.9486
RTLS_03004,Toiletstoel 3,equipment,2025-03-19 12:05:54.000000000,2025-03-19 12:06:22.000000000,STORAGE,B2.61 Opslag,2.61,28.0
RTLS_01338,EUREKA-VPL-011,nurse,2025-03-19 12:06:00.543253748,2025-03-19 12:33:00.271626748,ROOM_107,B2.64 2-bedskamer,2.64,1619.728373
RTLS_03109,Voedingspomp 1,equipment,2025-03-19 12:06:08.000000000,2025-03-19 12:06:42.000000000,UTIL_A,B2.63 Utility,2.63,34.0
RTLS_01675,EUREKA-VPL-014,nurse,2025-03-19 12:06:18.141273608,2025-03-19 12:08:17.767900699,KITCHEN,B2.77 Keuken,2.77,119.626627
RTLS_03323,Voedingspomp 3,equipment,2025-03-19 12:06:30.000000000,2025-03-19 12:06:44.000000000,UTIL_A,B2.63 Utility,2.63,14.0
RTLS_03218,Voedingspomp 2,equipment,2025-03-19 12:06:36.000000000,2025-03-19 12:06:52.000000000,UTIL_B,B2.75 Utility,2.75,16.0
RTLS_01178,EUREKA-VPL-010,nurse,2025-03-19 12:06:41.531832929,2025-03-19 12:06:50.769518073,ROOM_101,B2.74 1-bedskamer,2.74,9.237685
RTLS_03530,Voedingspomp 5,equipment,2025-03-19 12:06:42.000000000,2025-03-19 12:06:59.000000000,UTIL_A,B2.63 Utility,2.63,17.0
RTLS_00571,EUREKA-VPL-006,nurse,2025-03-19 12:06:48.557073238,2025-03-19 12:07:36.843043792,ROOM_106,B2.62 2-bedskamer,2.62,48.28597
RTLS_01179,EUREKA-VPL-010,nurse,2025-03-19 12:06:50.769518073,2025-03-19 12:06:53.257506231,ROOM_110,B2.79 2-bedskamer,2.79,2.487988
RTLS_00275,EUREKA-VPL-003,nurse,2025-03-19 12:06:52.064605050,2025-03-19 12:07:12.329912477,ROOM_110,B2.79 2-bedskamer,2.79,20.265307
RTLS_01180,EUREKA-VPL-010,nurse,2025-03-19 12:06:53.257506231,2025-03-19 12:08:21.070705793,ROOM_107,B2.64 2-bedskamer,2.64,87.813199
RTLS_00276,EUREKA-VPL-003,nurse,2025-03-19 12:07:12.329912477,2025-03-19 12:08:11.816979697,ROOM_102,B2.76 1-bedskamer,2.76,59.487067
RTLS_00572,EUREKA-VPL-006,nurse,2025-03-19 12:07:36.843043792,2025-03-19 12:20:42.632282792,ROOM_107,B2.64 2-bedskamer,2.64,785.789239
RTLS_01956,Infuuspomp 1,equipment,2025-03-19 12:07:56.000000000,2025-03-19 12:08:09.000000000,UTIL_A,B2.63 Utility,2.63,13.0
RTLS_02684,Glucosemeter 2,equipment,2025-03-19 12:08:06.000000000,2025-03-19 12:08:14.000000000,NS_B,B2.71.01 Dienstplaats,2.71.01,8.0
RTLS_03005,Toiletstoel 3,equipment,2025-03-19 12:08:07.000000000,2025-03-19 12:08:40.000000000,STORAGE,B2.61 Opslag,2.61,33.0
RTLS_00277,EUREKA-VPL-003,nurse,2025-03-19 12:08:11.816979697,2025-03-19 12:08:12.816979697,STORE_C,B2.65 Berging,2.65,1.0
RTLS_01676,EUREKA-VPL-014,nurse,2025-03-19 12:08:17.767900699,2025-03-19 12:08:52.744886775,NS_B,B2.71.01 Dienstplaats,2.71.01,34.976986
RTLS_01181,EUREKA-VPL-010,nurse,2025-03-19 12:08:21.070705793,2025-03-19 12:08:30.425125193,KITCHEN,B2.77 Keuken,2.77,9.354419
RTLS_00732,EUREKA-VPL-007,nurse,2025-03-19 12:08:23.455704143,2025-03-19 12:08:53.147427212,ROOM_107,B2.64 2-bedskamer,2.64,29.691723
RTLS_00080,EUREKA-VPL-001,nurse,2025-03-19 12:08:25.515703283,2025-03-19 12:08:28.343951772,BATHROOM,B2.57 Stortbad,2.57,2.828248
RTLS_02795,Toiletstoel 1,equipment,2025-03-19 12:08:28.000000000,2025-03-19 12:09:05.000000000,UTIL_A,B2.63 Utility,2.63,37.0
RTLS_00081,EUREKA-VPL-001,nurse,2025-03-19 12:08:28.343951772,2025-03-19 12:08:47.556458343,ROOM_108,B2.66 2-bedskamer,2.66,19.212506
RTLS_02174,Infuuspomp 3,equipment,2025-03-19 12:08:30.000000000,2025-03-19 12:08:36.000000000,UTIL_B,B2.75 Utility,2.75,6.0
RTLS_01182,EUREKA-VPL-010,nurse,2025-03-19 12:08:30.425125193,2025-03-19 12:25:40.283416526,NS_B,B2.71.01 Dienstplaats,2.71.01,1029.858291
RTLS_00082,EUREKA-VPL-001,nurse,2025-03-19 12:08:47.556458343,2025-03-19 12:12:05.714581323,ROOM_102,B2.76 1-bedskamer,2.76,198.158122
RTLS_01677,EUREKA-VPL-014,nurse,2025-03-19 12:08:52.744886775,2025-03-19 12:11:16.767460432,ROOM_102,B2.76 1-bedskamer,2.76,144.022573
RTLS_02579,Glucosemeter 1,equipment,2025-03-19 12:08:53.000000000,2025-03-19 12:09:25.000000000,NS_A,B2.71 Open wacht,2.71,32.0
RTLS_00733,EUREKA-VPL-007,nurse,2025-03-19 12:08:53.147427212,2025-03-19 12:09:04.845269251,ROOM_110,B2.79 2-bedskamer,2.79,11.697842
RTLS_02063,Infuuspomp 2,equipment,2025-03-19 12:09:04.000000000,2025-03-19 12:09:33.000000000,UTIL_A,B2.63 Utility,2.63,29.0
RTLS_00734,EUREKA-VPL-007,nurse,2025-03-19 12:09:04.845269251,2025-03-19 12:10:03.578726752,ROOM_103,B2.78 1-bedskamer,2.78,58.733457
RTLS_03110,Voedingspomp 1,equipment,2025-03-19 12:09:14.000000000,2025-03-19 12:09:19.000000000,UTIL_A,B2.63 Utility,2.63,5.0
RTLS_02474,Bladderscan,equipment,2025-03-19 12:09:40.000000000,2025-03-19 12:09:52.000000000,UTIL_A,B2.63 Utility,2.63,12.0
RTLS_00735,EUREKA-VPL-007,nurse,2025-03-19 12:10:03.578726752,2025-03-19 12:11:53.543525090,ROOM_102,B2.76 1-bedskamer,2.76,109.964798
RTLS_02905,Toiletstoel 2,equipment,2025-03-19 12:10:26.000000000,2025-03-19 12:10:53.000000000,UTIL_B,B2.75 Utility,2.75,27.0
RTLS_02580,Glucosemeter 1,equipment,2025-03-19 12:10:33.000000000,2025-03-19 12:10:55.000000000,NS_A,B2.71 Open wacht,2.71,22.0
RTLS_03531,Voedingspomp 5,equipment,2025-03-19 12:10:44.000000000,2025-03-19 12:11:13.000000000,UTIL_A,B2.63 Utility,2.63,29.0
RTLS_02376,Spuitaandrijver,equipment,2025-03-19 12:10:46.000000000,2025-03-19 12:10:52.000000000,UTIL_B,B2.75 Utility,2.75,6.0
RTLS_01678,EUREKA-VPL-014,nurse,2025-03-19 12:11:16.767460432,2025-03-19 12:22:31.359584816,NS_B,B2.71.01 Dienstplaats,2.71.01,674.592124
RTLS_02280,Infuuspomp 4,equipment,2025-03-19 12:11:26.000000000,2025-03-19 12:11:50.000000000,UTIL_B,B2.75 Utility,2.75,24.0
RTLS_03324,Voedingspomp 3,equipment,2025-03-19 12:11:45.000000000,2025-03-19 12:12:05.000000000,UTIL_A,B2.63 Utility,2.63,20.0
RTLS_00736,EUREKA-VPL-007,nurse,2025-03-19 12:11:53.543525090,2025-03-19 12:11:56.941868708,ROOM_105,B2.82 1-bedskamer,2.82,3.398343
RTLS_00737,EUREKA-VPL-007,nurse,2025-03-19 12:11:56.941868708,2025-03-19 12:18:18.909601477,ROOM_101,B2.74 1-bedskamer,2.74,381.967732
RTLS_03006,Toiletstoel 3,equipment,2025-03-19 12:11:57.000000000,2025-03-19 12:12:23.000000000,STORAGE,B2.61 Opslag,2.61,26.0
RTLS_01005,EUREKA-VPL-009,nurse,2025-03-19 12:12:02.586481917,2025-03-19 12:14:04.420923680,ROOM_101,B2.74 1-bedskamer,2.74,121.834441
RTLS_00083,EUREKA-VPL-001,nurse,2025-03-19 12:12:05.714581323,2025-03-19 12:12:10.852193564,ROOM_104,B2.80 1-bedskamer,2.80,5.137612
RTLS_02064,Infuuspomp 2,equipment,2025-03-19 12:12:10.000000000,2025-03-19 12:12:18.000000000,UTIL_A,B2.63 Utility,2.63,8.0
RTLS_00084,EUREKA-VPL-001,nurse,2025-03-19 12:12:10.852193564,2025-03-19 12:13:12.761804320,ROOM_103,B2.78 1-bedskamer,2.78,61.90961
RTLS_03429,Voedingspomp 4,equipment,2025-03-19 12:12:32.000000000,2025-03-19 12:12:59.000000000,UTIL_B,B2.75 Utility,2.75,27.0
RTLS_02796,Toiletstoel 1,equipment,2025-03-19 12:12:34.000000000,2025-03-19 12:12:53.000000000,UTIL_A,B2.63 Utility,2.63,19.0
RTLS_03219,Voedingspomp 2,equipment,2025-03-19 12:12:56.000000000,2025-03-19 12:13:09.000000000,UTIL_B,B2.75 Utility,2.75,13.0
RTLS_00085,EUREKA-VPL-001,nurse,2025-03-19 12:13:12.761804320,2025-03-19 12:13:41.806480349,BATHROOM,B2.57 Stortbad,2.57,29.044676
RTLS_02906,Toiletstoel 2,equipment,2025-03-19 12:13:31.000000000,2025-03-19 12:14:00.000000000,UTIL_B,B2.75 Utility,2.75,29.0
RTLS_03532,Voedingspomp 5,equipment,2025-03-19 12:13:38.000000000,2025-03-19 12:14:02.000000000,UTIL_A,B2.63 Utility,2.63,24.0
RTLS_00086,EUREKA-VPL-001,nurse,2025-03-19 12:13:41.806480349,2025-03-19 12:14:10.015967870,ROOM_102,B2.76 1-bedskamer,2.76,28.209487
RTLS_02281,Infuuspomp 4,equipment,2025-03-19 12:13:56.000000000,2025-03-19 12:14:12.000000000,UTIL_B,B2.75 Utility,2.75,16.0
RTLS_01006,EUREKA-VPL-009,nurse,2025-03-19 12:14:04.420923680,2025-03-19 12:14:16.194946544,NS_B,B2.71.01 Dienstplaats,2.71.01,11.774022
RTLS_01007,EUREKA-VPL-009,nurse,2025-03-19 12:14:16.194946544,2025-03-19 12:14:37.260215212,ROOM_110,B2.79 2-bedskamer,2.79,21.065268
RTLS_03111,Voedingspomp 1,equipment,2025-03-19 12:14:34.000000000,2025-03-19 12:14:54.000000000,UTIL_A,B2.63 Utility,2.63,20.0
RTLS_01008,EUREKA-VPL-009,nurse,2025-03-19 12:14:37.260215212,2025-03-19 12:14:51.183534163,KITCHEN,B2.77 Keuken,2.77,13.923318
RTLS_02581,Glucosemeter 1,equipment,2025-03-19 12:14:38.000000000,2025-03-19 12:14:49.000000000,NS_A,B2.71 Open wacht,2.71,11.0
RTLS_01009,EUREKA-VPL-009,nurse,2025-03-19 12:14:51.183534163,2025-03-19 12:17:31.309473612,NS_A,B2.71 Open wacht,2.71,160.125939
RTLS_02685,Glucosemeter 2,equipment,2025-03-19 12:15:01.000000000,2025-03-19 12:15:30.000000000,NS_B,B2.71.01 Dienstplaats,2.71.01,29.0
RTLS_01957,Infuuspomp 1,equipment,2025-03-19 12:15:10.000000000,2025-03-19 12:15:40.000000000,UTIL_A,B2.63 Utility,2.63,30.0
RTLS_01525,EUREKA-VPL-013,nurse,2025-03-19 12:15:20.795159150,2025-03-19 12:16:48.539598485,UTIL_A,B2.63 Utility,2.63,87.744439
RTLS_02475,Bladderscan,equipment,2025-03-19 12:15:27.000000000,2025-03-19 12:15:35.000000000,UTIL_A,B2.63 Utility,2.63,8.0
RTLS_03112,Voedingspomp 1,equipment,2025-03-19 12:15:52.000000000,2025-03-19 12:16:05.000000000,UTIL_A,B2.63 Utility,2.63,13.0
RTLS_02175,Infuuspomp 3,equipment,2025-03-19 12:15:57.000000000,2025-03-19 12:16:25.000000000,UTIL_B,B2.75 Utility,2.75,28.0
RTLS_03007,Toiletstoel 3,equipment,2025-03-19 12:16:07.000000000,2025-03-19 12:16:36.000000000,STORAGE,B2.61 Opslag,2.61,29.0
RTLS_02065,Infuuspomp 2,equipment,2025-03-19 12:16:32.000000000,2025-03-19 12:17:04.000000000,UTIL_A,B2.63 Utility,2.63,32.0
RTLS_03430,Voedingspomp 4,equipment,2025-03-19 12:16:40.000000000,2025-03-19 12:17:13.000000000,UTIL_B,B2.75 Utility,2.75,33.0
RTLS_01526,EUREKA-VPL-013,nurse,2025-03-19 12:16:48.539598485,2025-03-19 12:17:45.018004581,NS_A,B2.71 Open wacht,2.71,56.478406
RTLS_02907,Toiletstoel 2,equipment,2025-03-19 12:17:26.000000000,2025-03-19 12:17:46.000000000,UTIL_B,B2.75 Utility,2.75,20.0
RTLS_02797,Toiletstoel 1,equipment,2025-03-19 12:17:29.000000000,2025-03-19 12:17:46.000000000,UTIL_A,B2.63 Utility,2.63,17.0
RTLS_02282,Infuuspomp 4,equipment,2025-03-19 12:17:30.000000000,2025-03-19 12:17:44.000000000,UTIL_B,B2.75 Utility,2.75,14.0
RTLS_01010,EUREKA-VPL-009,nurse,2025-03-19 12:17:31.309473612,2025-03-19 12:17:50.370666080,KITCHEN,B2.77 Keuken,2.77,19.061192
RTLS_01527,EUREKA-VPL-013,nurse,2025-03-19 12:17:45.018004581,2025-03-19 12:18:31.922637980,ROOM_109,B2.68 2-bedskamer,2.68,46.904633
RTLS_01011,EUREKA-VPL-009,nurse,2025-03-19 12:17:50.370666080,2025-03-19 12:25:10.854656567,STORE_B,B2.59 Berging,2.59,440.48399
RTLS_00442,EUREKA-VPL-005,nurse,2025-03-19 12:18:09.790486801,2025-03-19 12:18:59.230429237,ROOM_110,B2.79 2-bedskamer,2.79,49.439942
RTLS_02377,Spuitaandrijver,equipment,2025-03-19 12:18:11.000000000,2025-03-19 12:18:23.000000000,UTIL_B,B2.75 Utility,2.75,12.0
RTLS_00738,EUREKA-VPL-007,nurse,2025-03-19 12:18:18.909601477,2025-03-19 12:20:22.130547834,ROOM_102,B2.76 1-bedskamer,2.76,123.220946
RTLS_01528,EUREKA-VPL-013,nurse,2025-03-19 12:18:31.922637980,2025-03-19 12:32:50.777531096,ROOM_101,B2.74 1-bedskamer,2.74,858.854893
RTLS_03533,Voedingspomp 5,equipment,2025-03-19 12:18:42.000000000,2025-03-19 12:19:08.000000000,UTIL_A,B2.63 Utility,2.63,26.0
RTLS_00443,EUREKA-VPL-005,nurse,2025-03-19 12:18:59.230429237,2025-03-19 12:19:10.936732984,ROOM_107,B2.64 2-bedskamer,2.64,11.706303
RTLS_02908,Toiletstoel 2,equipment,2025-03-19 12:19:10.000000000,2025-03-19 12:19:47.000000000,UTIL_B,B2.75 Utility,2.75,37.0
RTLS_00444,EUREKA-VPL-005,nurse,2025-03-19 12:19:10.936732984,2025-03-19 12:20:51.739096324,ROOM_109,B2.68 2-bedskamer,2.68,100.802363
RTLS_01958,Infuuspomp 1,equipment,2025-03-19 12:19:26.000000000,2025-03-19 12:19:35.000000000,UTIL_A,B2.63 Utility,2.63,9.0
RTLS_02378,Spuitaandrijver,equipment,2025-03-19 12:19:27.000000000,2025-03-19 12:19:57.000000000,UTIL_B,B2.75 Utility,2.75,30.0
RTLS_03325,Voedingspomp 3,equipment,2025-03-19 12:19:29.000000000,2025-03-19 12:19:35.000000000,UTIL_A,B2.63 Utility,2.63,6.0
RTLS_00204,EUREKA-VPL-002,nurse,2025-03-19 12:19:38.290991715,2025-03-19 12:36:15.360804961,ROOM_110,B2.79 2-bedskamer,2.79,997.069813
RTLS_02582,Glucosemeter 1,equipment,2025-03-19 12:19:57.000000000,2025-03-19 12:20:28.000000000,NS_A,B2.71 Open wacht,2.71,31.0
RTLS_03220,Voedingspomp 2,equipment,2025-03-19 12:20:00.000000000,2025-03-19 12:20:13.000000000,UTIL_B,B2.75 Utility,2.75,13.0
RTLS_00739,EUREKA-VPL-007,nurse,2025-03-19 12:20:22.130547834,2025-03-19 12:20:33.853781015,UTIL_A,B2.63 Utility,2.63,11.723233
RTLS_00740,EUREKA-VPL-007,nurse,2025-03-19 12:20:33.853781015,2025-03-19 12:21:40.387777711,NS_A,B2.71 Open wacht,2.71,66.533996
RTLS_02686,Glucosemeter 2,equipment,2025-03-19 12:20:35.000000000,2025-03-19 12:21:09.000000000,NS_B,B2.71.01 Dienstplaats,2.71.01,34.0
RTLS_00573,EUREKA-VPL-006,nurse,2025-03-19 12:20:42.632282792,2025-03-19 12:21:00.930553662,ROOM_104,B2.80 1-bedskamer,2.80,18.29827
RTLS_00445,EUREKA-VPL-005,nurse,2025-03-19 12:20:51.739096324,2025-03-19 12:25:33.923671358,NS_B,B2.71.01 Dienstplaats,2.71.01,282.184575
RTLS_00574,EUREKA-VPL-006,nurse,2025-03-19 12:21:00.930553662,2025-03-19 12:21:46.497570774,ROOM_105,B2.82 1-bedskamer,2.82,45.567017
RTLS_02066,Infuuspomp 2,equipment,2025-03-19 12:21:06.000000000,2025-03-19 12:21:17.000000000,UTIL_A,B2.63 Utility,2.63,11.0
RTLS_03326,Voedingspomp 3,equipment,2025-03-19 12:21:14.000000000,2025-03-19 12:21:30.000000000,UTIL_A,B2.63 Utility,2.63,16.0
RTLS_02176,Infuuspomp 3,equipment,2025-03-19 12:21:25.000000000,2025-03-19 12:21:55.000000000,UTIL_B,B2.75 Utility,2.75,30.0
RTLS_03008,Toiletstoel 3,equipment,2025-03-19 12:21:32.000000000,2025-03-19 12:21:42.000000000,STORAGE,B2.61 Opslag,2.61,10.0
RTLS_00741,EUREKA-VPL-007,nurse,2025-03-19 12:21:40.387777711,2025-03-19 12:21:56.799957892,KITCHEN,B2.77 Keuken,2.77,16.41218
RTLS_00575,EUREKA-VPL-006,nurse,2025-03-19 12:21:46.497570774,2025-03-19 12:21:57.878721315,KITCHEN,B2.77 Keuken,2.77,11.38115
RTLS_00742,EUREKA-VPL-007,nurse,2025-03-19 12:21:56.799957892,2025-03-19 12:22:20.267367555,NS_B,B2.71.01 Dienstplaats,2.71.01,23.467409
RTLS_00576,EUREKA-VPL-006,nurse,2025-03-19 12:21:57.878721315,2025-03-19 12:36:13.674200565,BATH_B,B2.55 Badkamer,2.55,855.795479
RTLS_00743,EUREKA-VPL-007,nurse,2025-03-19 12:22:20.267367555,2025-03-19 12:22:39.207621698,ROOM_105,B2.82 1-bedskamer,2.82,18.940254
RTLS_02067,Infuuspomp 2,equipment,2025-03-19 12:22:25.000000000,2025-03-19 12:23:01.000000000,UTIL_A,B2.63 Utility,2.63,36.0
RTLS_01679,EUREKA-VPL-014,nurse,2025-03-19 12:22:31.359584816,2025-03-19 12:23:16.322320381,STORAGE,B2.61 Opslag,2.61,44.962735
RTLS_00744,EUREKA-VPL-007,nurse,2025-03-19 12:22:39.207621698,2025-03-19 12:23:08.262535289,ROOM_109,B2.68 2-bedskamer,2.68,29.054913
RTLS_01959,Infuuspomp 1,equipment,2025-03-19 12:22:43.000000000,2025-03-19 12:23:07.000000000,UTIL_A,B2.63 Utility,2.63,24.0
RTLS_03534,Voedingspomp 5,equipment,2025-03-19 12:22:47.000000000,2025-03-19 12:23:16.000000000,UTIL_A,B2.63 Utility,2.63,29.0
RTLS_02476,Bladderscan,equipment,2025-03-19 12:22:52.000000000,2025-03-19 12:23:22.000000000,UTIL_A,B2.63 Utility,2.63,30.0
RTLS_01680,EUREKA-VPL-014,nurse,2025-03-19 12:23:16.322320381,2025-03-19 12:33:17.325323744,BATH_B,B2.55 Badkamer,2.55,601.003003
RTLS_03431,Voedingspomp 4,equipment,2025-03-19 12:23:20.000000000,2025-03-19 12:23:50.000000000,UTIL_B,B2.75 Utility,2.75,30.0
RTLS_02379,Spuitaandrijver,equipment,2025-03-19 12:23:21.000000000,2025-03-19 12:23:35.000000000,UTIL_B,B2.75 Utility,2.75,14.0
RTLS_03113,Voedingspomp 1,equipment,2025-03-19 12:23:34.000000000,2025-03-19 12:23:50.000000000,UTIL_A,B2.63 Utility,2.63,16.0
RTLS_03221,Voedingspomp 2,equipment,2025-03-19 12:23:45.000000000,2025-03-19 12:23:53.000000000,UTIL_B,B2.75 Utility,2.75,8.0
RTLS_03009,Toiletstoel 3,equipment,2025-03-19 12:23:47.000000000,2025-03-19 12:24:20.000000000,STORAGE,B2.61 Opslag,2.61,33.0
RTLS_02798,Toiletstoel 1,equipment,2025-03-19 12:23:52.000000000,2025-03-19 12:24:11.000000000,UTIL_A,B2.63 Utility,2.63,19.0
RTLS_03535,Voedingspomp 5,equipment,2025-03-19 12:24:34.000000000,2025-03-19 12:25:03.000000000,UTIL_A,B2.63 Utility,2.63,29.0
RTLS_02687,Glucosemeter 2,equipment,2025-03-19 12:24:41.000000000,2025-03-19 12:24:55.000000000,NS_B,B2.71.01 Dienstplaats,2.71.01,14.0
RTLS_02583,Glucosemeter 1,equipment,2025-03-19 12:24:58.000000000,2025-03-19 12:25:05.000000000,NS_A,B2.71 Open wacht,2.71,7.0
RTLS_02283,Infuuspomp 4,equipment,2025-03-19 12:25:01.000000000,2025-03-19 12:25:12.000000000,UTIL_B,B2.75 Utility,2.75,11.0
RTLS_01012,EUREKA-VPL-009,nurse,2025-03-19 12:25:10.854656567,2025-03-19 12:25:22.365947436,KITCHEN,B2.77 Keuken,2.77,11.51129
RTLS_03222,Voedingspomp 2,equipment,2025-03-19 12:25:15.000000000,2025-03-19 12:25:33.000000000,UTIL_B,B2.75 Utility,2.75,18.0
RTLS_01013,EUREKA-VPL-009,nurse,2025-03-19 12:25:22.365947436,2025-03-19 12:25:41.898500919,NS_A,B2.71 Open wacht,2.71,19.532553
RTLS_03327,Voedingspomp 3,equipment,2025-03-19 12:25:24.000000000,2025-03-19 12:25:58.000000000,UTIL_A,B2.63 Utility,2.63,34.0
RTLS_01183,EUREKA-VPL-010,nurse,2025-03-19 12:25:40.283416526,2025-03-19 12:26:36.597341283,ROOM_105,B2.82 1-bedskamer,2.82,56.313924
RTLS_01014,EUREKA-VPL-009,nurse,2025-03-19 12:25:41.898500919,2025-03-19 12:27:00.591062696,KITCHEN,B2.77 Keuken,2.77,78.692561
RTLS_03432,Voedingspomp 4,equipment,2025-03-19 12:25:47.000000000,2025-03-19 12:26:12.000000000,UTIL_B,B2.75 Utility,2.75,25.0
RTLS_02909,Toiletstoel 2,equipment,2025-03-19 12:26:14.000000000,2025-03-19 12:26:25.000000000,UTIL_B,B2.75 Utility,2.75,11.0
RTLS_02584,Glucosemeter 1,equipment,2025-03-19 12:26:25.000000000,2025-03-19 12:26:43.000000000,NS_A,B2.71 Open wacht,2.71,18.0
RTLS_03114,Voedingspomp 1,equipment,2025-03-19 12:26:25.000000000,2025-03-19 12:26:51.000000000,UTIL_A,B2.63 Utility,2.63,26.0
RTLS_01822,EUREKA-VPL-015,nurse,2025-03-19 12:26:35.002258924,2025-03-19 12:31:10.167348846,ROOM_102,B2.76 1-bedskamer,2.76,275.165089
RTLS_01184,EUREKA-VPL-010,nurse,2025-03-19 12:26:36.597341283,2025-03-19 12:26:54.118338751,ROOM_110,B2.79 2-bedskamer,2.79,17.520997
RTLS_02688,Glucosemeter 2,equipment,2025-03-19 12:26:47.000000000,2025-03-19 12:27:22.000000000,NS_B,B2.71.01 Dienstplaats,2.71.01,35.0
RTLS_01185,EUREKA-VPL-010,nurse,2025-03-19 12:26:54.118338751,2025-03-19 12:27:07.620275255,ROOM_106,B2.62 2-bedskamer,2.62,13.501936
RTLS_01015,EUREKA-VPL-009,nurse,2025-03-19 12:27:00.591062696,2025-03-19 12:27:02.142088500,NS_B,B2.71.01 Dienstplaats,2.71.01,1.551025
RTLS_01016,EUREKA-VPL-009,nurse,2025-03-19 12:27:02.142088500,2025-03-19 12:27:40.615459550,ROOM_104,B2.80 1-bedskamer,2.80,38.473371
RTLS_01186,EUREKA-VPL-010,nurse,2025-03-19 12:27:07.620275255,2025-03-19 12:44:38.655955003,ROOM_107,B2.64 2-bedskamer,2.64,1051.035679
RTLS_02177,Infuuspomp 3,equipment,2025-03-19 12:27:15.000000000,2025-03-19 12:27:24.000000000,UTIL_B,B2.75 Utility,2.75,9.0
RTLS_01017,EUREKA-VPL-009,nurse,2025-03-19 12:27:40.615459550,2025-03-19 12:28:07.618016160,NS_A,B2.71 Open wacht,2.71,27.002556
RTLS_00879,EUREKA-VPL-008,nurse,2025-03-19 12:27:54.764545346,2025-03-19 12:28:29.434873694,NS_A,B2.71 Open wacht,2.71,34.670328
RTLS_01018,EUREKA-VPL-009,nurse,2025-03-19 12:28:07.618016160,2025-03-19 12:29:04.900735750,ROOM_104,B2.80 1-bedskamer,2.80,57.282719
RTLS_00880,EUREKA-VPL-008,nurse,2025-03-19 12:28:29.434873694,2025-03-19 12:28:53.120282847,ROOM_101,B2.74 1-bedskamer,2.74,23.685409
RTLS_03010,Toiletstoel 3,equipment,2025-03-19 12:28:39.000000000,2025-03-19 12:28:53.000000000,STORAGE,B2.61 Opslag,2.61,14.0
RTLS_02477,Bladderscan,equipment,2025-03-19 12:28:46.000000000,2025-03-19 12:29:23.000000000,UTIL_A,B2.63 Utility,2.63,37.0
RTLS_00881,EUREKA-VPL-008,nurse,2025-03-19 12:28:53.120282847,2025-03-19 12:29:11.887641531,ROOM_110,B2.79 2-bedskamer,2.79,18.767358
RTLS_02068,Infuuspomp 2,equipment,2025-03-19 12:28:57.000000000,2025-03-19 12:29:07.000000000,UTIL_A,B2.63 Utility,2.63,10.0
RTLS_03433,Voedingspomp 4,equipment,2025-03-19 12:28:57.000000000,2025-03-19 12:29:04.000000000,UTIL_B,B2.75 Utility,2.75,7.0
RTLS_01960,Infuuspomp 1,equipment,2025-03-19 12:29:05.000000000,2025-03-19 12:29:18.000000000,UTIL_A,B2.63 Utility,2.63,13.0
RTLS_00882,EUREKA-VPL-008,nurse,2025-03-19 12:29:11.887641531,2025-03-19 12:29:15.944296571,KITCHEN,B2.77 Keuken,2.77,4.056655
RTLS_00883,EUREKA-VPL-008,nurse,2025-03-19 12:29:15.944296571,2025-03-19 12:29:42.818955624,ROOM_103,B2.78 1-bedskamer,2.78,26.874659
RTLS_02380,Spuitaandrijver,equipment,2025-03-19 12:29:31.000000000,2025-03-19 12:29:46.000000000,UTIL_B,B2.75 Utility,2.75,15.0
RTLS_00884,EUREKA-VPL-008,nurse,2025-03-19 12:29:42.818955624,2025-03-19 12:30:51.415305062,NS_A,B2.71 Open wacht,2.71,68.596349
RTLS_01891,EUREKA-VPL-001,nurse,2025-03-19 12:30:00.000000000,2025-03-19 12:33:00.000000000,ROOM_103,B2.78 1-bedskamer,2.78,180.0
RTLS_01892,Medicatiekar geel,equipment,2025-03-19 12:30:00.000000000,2025-03-19 12:33:00.000000000,ROOM_103,B2.78 1-bedskamer,2.78,180.0
RTLS_03223,Voedingspomp 2,equipment,2025-03-19 12:30:04.000000000,2025-03-19 12:30:09.000000000,UTIL_B,B2.75 Utility,2.75,5.0
RTLS_03328,Voedingspomp 3,equipment,2025-03-19 12:30:07.000000000,2025-03-19 12:30:26.000000000,UTIL_A,B2.63 Utility,2.63,19.0
RTLS_02799,Toiletstoel 1,equipment,2025-03-19 12:30:16.000000000,2025-03-19 12:30:35.000000000,UTIL_A,B2.63 Utility,2.63,19.0
RTLS_02069,Infuuspomp 2,equipment,2025-03-19 12:30:26.000000000,2025-03-19 12:30:35.000000000,UTIL_A,B2.63 Utility,2.63,9.0
RTLS_03011,Toiletstoel 3,equipment,2025-03-19 12:30:40.000000000,2025-03-19 12:30:49.000000000,STORAGE,B2.61 Opslag,2.61,9.0
RTLS_02284,Infuuspomp 4,equipment,2025-03-19 12:30:46.000000000,2025-03-19 12:31:21.000000000,UTIL_B,B2.75 Utility,2.75,35.0
RTLS_02689,Glucosemeter 2,equipment,2025-03-19 12:30:53.000000000,2025-03-19 12:31:25.000000000,NS_B,B2.71.01 Dienstplaats,2.71.01,32.0
RTLS_02910,Toiletstoel 2,equipment,2025-03-19 12:31:00.000000000,2025-03-19 12:31:30.000000000,UTIL_B,B2.75 Utility,2.75,30.0
RTLS_00343,EUREKA-VPL-004,nurse,2025-03-19 12:31:06.684985746,2025-03-19 12:31:24.755833742,KITCHEN,B2.77 Keuken,2.77,18.070847
RTLS_01823,EUREKA-VPL-015,nurse,2025-03-19 12:31:10.167348846,2025-03-19 12:31:28.277090085,KITCHEN,B2.77 Keuken,2.77,18.109741
RTLS_02178,Infuuspomp 3,equipment,2025-03-19 12:31:17.000000000,2025-03-19 12:31:51.000000000,UTIL_B,B2.75 Utility,2.75,34.0
RTLS_03536,Voedingspomp 5,equipment,2025-03-19 12:31:20.000000000,2025-03-19 12:31:54.000000000,UTIL_A,B2.63 Utility,2.63,34.0
RTLS_00344,EUREKA-VPL-004,nurse,2025-03-19 12:31:24.755833742,2025-03-19 12:31:41.740205675,BATH_B,B2.55 Badkamer,2.55,16.984371
RTLS_01824,EUREKA-VPL-015,nurse,2025-03-19 12:31:28.277090085,2025-03-19 12:31:30.922337747,ROOM_106,B2.62 2-bedskamer,2.62,2.645247
RTLS_01825,EUREKA-VPL-015,nurse,2025-03-19 12:31:30.922337747,2025-03-19 12:31:38.163577875,ROOM_107,B2.64 2-bedskamer,2.64,7.24124
RTLS_01826,EUREKA-VPL-015,nurse,2025-03-19 12:31:38.163577875,2025-03-19 12:32:05.746000183,ROOM_102,B2.76 1-bedskamer,2.76,27.582422
RTLS_00345,EUREKA-VPL-004,nurse,2025-03-19 12:31:41.740205675,2025-03-19 12:32:17.272932152,ROOM_106,B2.62 2-bedskamer,2.62,35.532726
RTLS_02585,Glucosemeter 1,equipment,2025-03-19 12:32:02.000000000,2025-03-19 12:32:17.000000000,NS_A,B2.71 Open wacht,2.71,15.0
RTLS_01827,EUREKA-VPL-015,nurse,2025-03-19 12:32:05.746000183,2025-03-19 12:32:21.277735381,KITCHEN,B2.77 Keuken,2.77,15.531735
RTLS_03115,Voedingspomp 1,equipment,2025-03-19 12:32:08.000000000,2025-03-19 12:32:23.000000000,UTIL_A,B2.63 Utility,2.63,15.0
RTLS_03434,Voedingspomp 4,equipment,2025-03-19 12:32:10.000000000,2025-03-19 12:32:18.000000000,UTIL_B,B2.75 Utility,2.75,8.0
RTLS_00346,EUREKA-VPL-004,nurse,2025-03-19 12:32:17.272932152,2025-03-19 12:32:29.384962901,ROOM_110,B2.79 2-bedskamer,2.79,12.11203
RTLS_03329,Voedingspomp 3,equipment,2025-03-19 12:32:23.000000000,2025-03-19 12:32:42.000000000,UTIL_A,B2.63 Utility,2.63,19.0
RTLS_00347,EUREKA-VPL-004,nurse,2025-03-19 12:32:29.384962901,2025-03-19 12:33:08.003785379,ROOM_101,B2.74 1-bedskamer,2.74,38.618822
RTLS_01529,EUREKA-VPL-013,nurse,2025-03-19 12:32:50.777531096,2025-03-19 12:33:01.581324674,KITCHEN,B2.77 Keuken,2.77,10.803793
RTLS_02800,Toiletstoel 1,equipment,2025-03-19 12:32:55.000000000,2025-03-19 12:33:32.000000000,UTIL_A,B2.63 Utility,2.63,37.0
RTLS_01339,EUREKA-VPL-011,nurse,2025-03-19 12:33:00.271626748,2025-03-19 12:33:13.509398604,KITCHEN,B2.77 Keuken,2.77,13.237771
RTLS_01530,EUREKA-VPL-013,nurse,2025-03-19 12:33:01.581324674,2025-03-19 12:34:39.851502775,ROOM_106,B2.62 2-bedskamer,2.62,98.270178
RTLS_01340,EUREKA-VPL-011,nurse,2025-03-19 12:33:13.509398604,2025-03-19 12:33:34.600491430,ROOM_101,B2.74 1-bedskamer,2.74,21.091092
RTLS_01681,EUREKA-VPL-014,nurse,2025-03-19 12:33:17.325323744,2025-03-19 12:34:58.428288230,ROOM_103,B2.78 1-bedskamer,2.78,101.102964
RTLS_01341,EUREKA-VPL-011,nurse,2025-03-19 12:33:34.600491430,2025-03-19 12:38:44.856403642,ROOM_103,B2.78 1-bedskamer,2.78,310.255912
RTLS_03435,Voedingspomp 4,equipment,2025-03-19 12:33:50.000000000,2025-03-19 12:34:18.000000000,UTIL_B,B2.75 Utility,2.75,28.0
RTLS_02070,Infuuspomp 2,equipment,2025-03-19 12:33:56.000000000,2025-03-19 12:34:27.000000000,UTIL_A,B2.63 Utility,2.63,31.0
RTLS_02690,Glucosemeter 2,equipment,2025-03-19 12:34:28.000000000,2025-03-19 12:35:04.000000000,NS_B,B2.71.01 Dienstplaats,2.71.01,36.0
RTLS_02179,Infuuspomp 3,equipment,2025-03-19 12:34:37.000000000,2025-03-19 12:35:14.000000000,UTIL_B,B2.75 Utility,2.75,37.0
RTLS_01531,EUREKA-VPL-013,nurse,2025-03-19 12:34:39.851502775,2025-03-19 12:40:33.863405787,BATHROOM,B2.57 Stortbad,2.57,354.011903
RTLS_01682,EUREKA-VPL-014,nurse,2025-03-19 12:34:58.428288230,2025-03-19 12:35:04.649065949,UTIL_B,B2.75 Utility,2.75,6.220777
RTLS_01683,EUREKA-VPL-014,nurse,2025-03-19 12:35:04.649065949,2025-03-19 12:35:12.636143553,KITCHEN,B2.77 Keuken,2.77,7.987077
RTLS_01961,Infuuspomp 1,equipment,2025-03-19 12:35:07.000000000,2025-03-19 12:35:21.000000000,UTIL_A,B2.63 Utility,2.63,14.0
RTLS_02586,Glucosemeter 1,equipment,2025-03-19 12:35:11.000000000,2025-03-19 12:35:44.000000000,NS_A,B2.71 Open wacht,2.71,33.0
RTLS_01684,EUREKA-VPL-014,nurse,2025-03-19 12:35:12.636143553,2025-03-19 12:45:50.077796124,STORE_B,B2.59 Berging,2.59,637.441652
RTLS_02381,Spuitaandrijver,equipment,2025-03-19 12:35:39.000000000,2025-03-19 12:35:50.000000000,UTIL_B,B2.75 Utility,2.75,11.0
RTLS_02911,Toiletstoel 2,equipment,2025-03-19 12:35:43.000000000,2025-03-19 12:35:54.000000000,UTIL_B,B2.75 Utility,2.75,11.0
RTLS_02478,Bladderscan,equipment,2025-03-19 12:35:54.000000000,2025-03-19 12:36:27.000000000,UTIL_A,B2.63 Utility,2.63,33.0
RTLS_00577,EUREKA-VPL-006,nurse,2025-03-19 12:36:13.674200565,2025-03-19 12:46:24.956685850,UTIL_A,B2.63 Utility,2.63,611.282485
RTLS_00205,EUREKA-VPL-002,nurse,2025-03-19 12:36:15.360804961,2025-03-19 12:39:25.721683792,ROOM_105,B2.82 1-bedskamer,2.82,190.360878
RTLS_02071,Infuuspomp 2,equipment,2025-03-19 12:36:21.000000000,2025-03-19 12:36:53.000000000,UTIL_A,B2.63 Utility,2.63,32.0
RTLS_02180,Infuuspomp 3,equipment,2025-03-19 12:36:29.000000000,2025-03-19 12:36:44.000000000,UTIL_B,B2.75 Utility,2.75,15.0
RTLS_02587,Glucosemeter 1,equipment,2025-03-19 12:36:39.000000000,2025-03-19 12:36:46.000000000,NS_A,B2.71 Open wacht,2.71,7.0
RTLS_03224,Voedingspomp 2,equipment,2025-03-19 12:36:40.000000000,2025-03-19 12:36:48.000000000,UTIL_B,B2.75 Utility,2.75,8.0
RTLS_03330,Voedingspomp 3,equipment,2025-03-19 12:37:06.000000000,2025-03-19 12:37:30.000000000,UTIL_A,B2.63 Utility,2.63,24.0
RTLS_02382,Spuitaandrijver,equipment,2025-03-19 12:37:14.000000000,2025-03-19 12:37:29.000000000,UTIL_B,B2.75 Utility,2.75,15.0
RTLS_02285,Infuuspomp 4,equipment,2025-03-19 12:37:31.000000000,2025-03-19 12:38:02.000000000,UTIL_B,B2.75 Utility,2.75,31.0
RTLS_02072,Infuuspomp 2,equipment,2025-03-19 12:37:43.000000000,2025-03-19 12:38:12.000000000,UTIL_A,B2.63 Utility,2.63,29.0
RTLS_03012,Toiletstoel 3,equipment,2025-03-19 12:37:49.000000000,2025-03-19 12:38:26.000000000,STORAGE,B2.61 Opslag,2.61,37.0
RTLS_01962,Infuuspomp 1,equipment,2025-03-19 12:37:50.000000000,2025-03-19 12:38:09.000000000,UTIL_A,B2.63 Utility,2.63,19.0
RTLS_02801,Toiletstoel 1,equipment,2025-03-19 12:37:54.000000000,2025-03-19 12:38:22.000000000,UTIL_A,B2.63 Utility,2.63,28.0
RTLS_02479,Bladderscan,equipment,2025-03-19 12:37:57.000000000,2025-03-19 12:38:02.000000000,UTIL_A,B2.63 Utility,2.63,5.0
RTLS_03436,Voedingspomp 4,equipment,2025-03-19 12:38:30.000000000,2025-03-19 12:38:48.000000000,UTIL_B,B2.75 Utility,2.75,18.0
RTLS_02588,Glucosemeter 1,equipment,2025-03-19 12:38:38.000000000,2025-03-19 12:39:15.000000000,NS_A,B2.71 Open wacht,2.71,37.0
RTLS_01342,EUREKA-VPL-011,nurse,2025-03-19 12:38:44.856403642,2025-03-19 12:39:21.289686940,ROOM_102,B2.76 1-bedskamer,2.76,36.433283
RTLS_03537,Voedingspomp 5,equipment,2025-03-19 12:38:55.000000000,2025-03-19 12:39:11.000000000,UTIL_A,B2.63 Utility,2.63,16.0
RTLS_03116,Voedingspomp 1,equipment,2025-03-19 12:38:55.000000000,2025-03-19 12:39:19.000000000,UTIL_A,B2.63 Utility,2.63,24.0
RTLS_01343,EUREKA-VPL-011,nurse,2025-03-19 12:39:21.289686940,2025-03-19 12:39:28.098509137,ROOM_106,B2.62 2-bedskamer,2.62,6.808822
RTLS_02181,Infuuspomp 3,equipment,2025-03-19 12:39:55.000000000,2025-03-19 12:40:20.000000000,UTIL_B,B2.75 Utility,2.75,25.0
RTLS_02286,Infuuspomp 4,equipment,2025-03-19 12:39:56.000000000,2025-03-19 12:40:05.000000000,UTIL_B,B2.75 Utility,2.75,9.0
RTLS_01963,Infuuspomp 1,equipment,2025-03-19 12:40:03.000000000,2025-03-19 12:40:21.000000000,UTIL_A,B2.63 Utility,2.63,18.0
RTLS_03538,Voedingspomp 5,equipment,2025-03-19 12:40:19.000000000,2025-03-19 12:40:45.000000000,UTIL_A,B2.63 Utility,2.63,26.0
RTLS_01532,EUREKA-VPL-013,nurse,2025-03-19 12:40:33.863405787,2025-03-19 12:40:36.244715362,ROOM_107,B2.64 2-bedskamer,2.64,2.381309
RTLS_01533,EUREKA-VPL-013,nurse,2025-03-19 12:40:36.244715362,2025-03-19 12:41:33.869181853,NS_A,B2.71 Open wacht,2.71,57.624466
RTLS_02073,Infuuspomp 2,equipment,2025-03-19 12:40:55.000000000,2025-03-19 12:41:31.000000000,UTIL_A,B2.63 Utility,2.63,36.0
RTLS_03437,Voedingspomp 4,equipment,2025-03-19 12:40:55.000000000,2025-03-19 12:41:25.000000000,UTIL_B,B2.75 Utility,2.75,30.0
RTLS_03117,Voedingspomp 1,equipment,2025-03-19 12:41:13.000000000,2025-03-19 12:41:28.000000000,UTIL_A,B2.63 Utility,2.63,15.0
RTLS_01534,EUREKA-VPL-013,nurse,2025-03-19 12:41:33.869181853,2025-03-19 12:41:44.748470627,ROOM_105,B2.82 1-bedskamer,2.82,10.879288
RTLS_02691,Glucosemeter 2,equipment,2025-03-19 12:41:44.000000000,2025-03-19 12:41:59.000000000,NS_B,B2.71.01 Dienstplaats,2.71.01,15.0
RTLS_01535,EUREKA-VPL-013,nurse,2025-03-19 12:41:44.748470627,2025-03-19 12:43:04.340710656,NS_A,B2.71 Open wacht,2.71,79.59224
RTLS_03013,Toiletstoel 3,equipment,2025-03-19 12:41:54.000000000,2025-03-19 12:42:05.000000000,STORAGE,B2.61 Opslag,2.61,11.0
RTLS_03539,Voedingspomp 5,equipment,2025-03-19 12:42:11.000000000,2025-03-19 12:42:25.000000000,UTIL_A,B2.63 Utility,2.63,14.0
RTLS_02182,Infuuspomp 3,equipment,2025-03-19 12:42:20.000000000,2025-03-19 12:42:32.000000000,UTIL_B,B2.75 Utility,2.75,12.0
RTLS_03331,Voedingspomp 3,equipment,2025-03-19 12:42:24.000000000,2025-03-19 12:42:43.000000000,UTIL_A,B2.63 Utility,2.63,19.0
RTLS_02383,Spuitaandrijver,equipment,2025-03-19 12:42:24.000000000,2025-03-19 12:42:36.000000000,UTIL_B,B2.75 Utility,2.75,12.0
RTLS_02802,Toiletstoel 1,equipment,2025-03-19 12:43:10.000000000,2025-03-19 12:43:26.000000000,UTIL_A,B2.63 Utility,2.63,16.0
RTLS_02912,Toiletstoel 2,equipment,2025-03-19 12:43:14.000000000,2025-03-19 12:43:27.000000000,UTIL_B,B2.75 Utility,2.75,13.0
RTLS_02589,Glucosemeter 1,equipment,2025-03-19 12:43:25.000000000,2025-03-19 12:43:35.000000000,NS_A,B2.71 Open wacht,2.71,10.0
RTLS_01964,Infuuspomp 1,equipment,2025-03-19 12:43:35.000000000,2025-03-19 12:43:49.000000000,UTIL_A,B2.63 Utility,2.63,14.0
RTLS_03225,Voedingspomp 2,equipment,2025-03-19 12:44:20.000000000,2025-03-19 12:44:33.000000000,UTIL_B,B2.75 Utility,2.75,13.0
RTLS_02384,Spuitaandrijver,equipment,2025-03-19 12:44:23.000000000,2025-03-19 12:44:52.000000000,UTIL_B,B2.75 Utility,2.75,29.0
RTLS_03332,Voedingspomp 3,equipment,2025-03-19 12:44:36.000000000,2025-03-19 12:44:46.000000000,UTIL_A,B2.63 Utility,2.63,10.0
RTLS_01187,EUREKA-VPL-010,nurse,2025-03-19 12:44:38.655955003,2025-03-19 12:47:39.060539549,UTIL_A,B2.63 Utility,2.63,180.404584
RTLS_02480,Bladderscan,equipment,2025-03-19 12:45:19.000000000,2025-03-19 12:45:32.000000000,UTIL_A,B2.63 Utility,2.63,13.0
RTLS_02074,Infuuspomp 2,equipment,2025-03-19 12:45:32.000000000,2025-03-19 12:45:45.000000000,UTIL_A,B2.63 Utility,2.63,13.0
RTLS_03014,Toiletstoel 3,equipment,2025-03-19 12:45:43.000000000,2025-03-19 12:45:52.000000000,STORAGE,B2.61 Opslag,2.61,9.0
RTLS_01685,EUREKA-VPL-014,nurse,2025-03-19 12:45:50.077796124,2025-03-19 12:46:07.720246543,ROOM_105,B2.82 1-bedskamer,2.82,17.64245
RTLS_02692,Glucosemeter 2,equipment,2025-03-19 12:46:05.000000000,2025-03-19 12:46:36.000000000,NS_B,B2.71.01 Dienstplaats,2.71.01,31.0
RTLS_01686,EUREKA-VPL-014,nurse,2025-03-19 12:46:07.720246543,2025-03-19 12:46:13.747212280,ROOM_109,B2.68 2-bedskamer,2.68,6.026965
RTLS_02287,Infuuspomp 4,equipment,2025-03-19 12:46:10.000000000,2025-03-19 12:46:39.000000000,UTIL_B,B2.75 Utility,2.75,29.0
RTLS_01687,EUREKA-VPL-014,nurse,2025-03-19 12:46:13.747212280,2025-03-19 12:46:19.363378097,ROOM_107,B2.64 2-bedskamer,2.64,5.616165
RTLS_01688,EUREKA-VPL-014,nurse,2025-03-19 12:46:19.363378097,2025-03-19 12:46:25.057512013,ROOM_102,B2.76 1-bedskamer,2.76,5.694133
RTLS_00578,EUREKA-VPL-006,nurse,2025-03-19 12:46:24.956685850,2025-03-19 12:46:43.976097109,BATHROOM,B2.57 Stortbad,2.57,19.019411
RTLS_01689,EUREKA-VPL-014,nurse,2025-03-19 12:46:25.057512013,2025-03-19 12:46:27.741231628,ROOM_103,B2.78 1-bedskamer,2.78,2.683719
RTLS_01690,EUREKA-VPL-014,nurse,2025-03-19 12:46:27.741231628,2025-03-19 12:47:02.361740707,ROOM_109,B2.68 2-bedskamer,2.68,34.620509
RTLS_03438,Voedingspomp 4,equipment,2025-03-19 12:46:30.000000000,2025-03-19 12:46:54.000000000,UTIL_B,B2.75 Utility,2.75,24.0
RTLS_02590,Glucosemeter 1,equipment,2025-03-19 12:46:30.000000000,2025-03-19 12:47:06.000000000,NS_A,B2.71 Open wacht,2.71,36.0
RTLS_02913,Toiletstoel 2,equipment,2025-03-19 12:46:31.000000000,2025-03-19 12:46:48.000000000,UTIL_B,B2.75 Utility,2.75,17.0
RTLS_03333,Voedingspomp 3,equipment,2025-03-19 12:46:38.000000000,2025-03-19 12:47:03.000000000,UTIL_A,B2.63 Utility,2.63,25.0
RTLS_00579,EUREKA-VPL-006,nurse,2025-03-19 12:46:43.976097109,2025-03-19 12:47:15.874465215,KITCHEN,B2.77 Keuken,2.77,31.898368
RTLS_00580,EUREKA-VPL-006,nurse,2025-03-19 12:47:15.874465215,2025-03-19 12:50:16.616917708,STORE_C,B2.65 Berging,2.65,180.742452
RTLS_01188,EUREKA-VPL-010,nurse,2025-03-19 12:47:39.060539549,2025-03-19 12:47:48.747510121,ROOM_104,B2.80 1-bedskamer,2.80,9.68697
RTLS_02183,Infuuspomp 3,equipment,2025-03-19 12:47:48.000000000,2025-03-19 12:48:02.000000000,UTIL_B,B2.75 Utility,2.75,14.0
RTLS_01189,EUREKA-VPL-010,nurse,2025-03-19 12:47:48.747510121,2025-03-19 12:48:21.870405661,KITCHEN,B2.77 Keuken,2.77,33.122895
RTLS_03226,Voedingspomp 2,equipment,2025-03-19 12:47:55.000000000,2025-03-19 12:48:05.000000000,UTIL_B,B2.75 Utility,2.75,10.0
RTLS_03540,Voedingspomp 5,equipment,2025-03-19 12:47:58.000000000,2025-03-19 12:48:22.000000000,UTIL_A,B2.63 Utility,2.63,24.0
RTLS_03118,Voedingspomp 1,equipment,2025-03-19 12:47:59.000000000,2025-03-19 12:48:06.000000000,UTIL_A,B2.63 Utility,2.63,7.0
RTLS_02075,Infuuspomp 2,equipment,2025-03-19 12:48:12.000000000,2025-03-19 12:48:44.000000000,UTIL_A,B2.63 Utility,2.63,32.0
RTLS_01190,EUREKA-VPL-010,nurse,2025-03-19 12:48:21.870405661,2025-03-19 12:49:13.582888452,STORE_A,B2.53 Berging,2.53,51.712482
RTLS_02693,Glucosemeter 2,equipment,2025-03-19 12:48:57.000000000,2025-03-19 12:49:02.000000000,NS_B,B2.71.01 Dienstplaats,2.71.01,5.0
RTLS_03439,Voedingspomp 4,equipment,2025-03-19 12:49:00.000000000,2025-03-19 12:49:09.000000000,UTIL_B,B2.75 Utility,2.75,9.0
RTLS_02385,Spuitaandrijver,equipment,2025-03-19 12:49:00.000000000,2025-03-19 12:49:19.000000000,UTIL_B,B2.75 Utility,2.75,19.0
RTLS_03119,Voedingspomp 1,equipment,2025-03-19 12:49:00.000000000,2025-03-19 12:49:26.000000000,UTIL_A,B2.63 Utility,2.63,26.0
RTLS_02481,Bladderscan,equipment,2025-03-19 12:49:13.000000000,2025-03-19 12:49:19.000000000,UTIL_A,B2.63 Utility,2.63,6.0
RTLS_01965,Infuuspomp 1,equipment,2025-03-19 12:49:51.000000000,2025-03-19 12:50:06.000000000,UTIL_A,B2.63 Utility,2.63,15.0
RTLS_00581,EUREKA-VPL-006,nurse,2025-03-19 12:50:16.616917708,2025-03-19 12:50:28.262672616,KITCHEN,B2.77 Keuken,2.77,11.645754
RTLS_03015,Toiletstoel 3,equipment,2025-03-19 12:50:23.000000000,2025-03-19 12:50:48.000000000,STORAGE,B2.61 Opslag,2.61,25.0
RTLS_00582,EUREKA-VPL-006,nurse,2025-03-19 12:50:28.262672616,2025-03-19 12:51:06.716097876,NS_B,B2.71.01 Dienstplaats,2.71.01,38.453425
RTLS_02803,Toiletstoel 1,equipment,2025-03-19 12:50:47.000000000,2025-03-19 12:51:04.000000000,UTIL_A,B2.63 Utility,2.63,17.0
RTLS_03440,Voedingspomp 4,equipment,2025-03-19 12:50:48.000000000,2025-03-19 12:50:53.000000000,UTIL_B,B2.75 Utility,2.75,5.0
RTLS_00583,EUREKA-VPL-006,nurse,2025-03-19 12:51:06.716097876,2025-03-19 12:52:31.206332704,ROOM_105,B2.82 1-bedskamer,2.82,84.490234
RTLS_02386,Spuitaandrijver,equipment,2025-03-19 12:51:45.000000000,2025-03-19 12:51:50.000000000,UTIL_B,B2.75 Utility,2.75,5.0
RTLS_02694,Glucosemeter 2,equipment,2025-03-19 12:51:48.000000000,2025-03-19 12:52:12.000000000,NS_B,B2.71.01 Dienstplaats,2.71.01,24.0
RTLS_02076,Infuuspomp 2,equipment,2025-03-19 12:52:16.000000000,2025-03-19 12:52:32.000000000,UTIL_A,B2.63 Utility,2.63,16.0
RTLS_02288,Infuuspomp 4,equipment,2025-03-19 12:52:27.000000000,2025-03-19 12:52:45.000000000,UTIL_B,B2.75 Utility,2.75,18.0
RTLS_02591,Glucosemeter 1,equipment,2025-03-19 12:52:35.000000000,2025-03-19 12:52:47.000000000,NS_A,B2.71 Open wacht,2.71,12.0
RTLS_02387,Spuitaandrijver,equipment,2025-03-19 12:53:01.000000000,2025-03-19 12:53:28.000000000,UTIL_B,B2.75 Utility,2.75,27.0
RTLS_03120,Voedingspomp 1,equipment,2025-03-19 12:53:14.000000000,2025-03-19 12:53:27.000000000,UTIL_A,B2.63 Utility,2.63,13.0
RTLS_03541,Voedingspomp 5,equipment,2025-03-19 12:53:16.000000000,2025-03-19 12:53:45.000000000,UTIL_A,B2.63 Utility,2.63,29.0
RTLS_02914,Toiletstoel 2,equipment,2025-03-19 12:53:36.000000000,2025-03-19 12:53:57.000000000,UTIL_B,B2.75 Utility,2.75,21.0
RTLS_03334,Voedingspomp 3,equipment,2025-03-19 12:53:38.000000000,2025-03-19 12:54:12.000000000,UTIL_A,B2.63 Utility,2.63,34.0
RTLS_02695,Glucosemeter 2,equipment,2025-03-19 12:53:56.000000000,2025-03-19 12:54:12.000000000,NS_B,B2.71.01 Dienstplaats,2.71.01,16.0
RTLS_02482,Bladderscan,equipment,2025-03-19 12:54:20.000000000,2025-03-19 12:54:52.000000000,UTIL_A,B2.63 Utility,2.63,32.0
RTLS_03227,Voedingspomp 2,equipment,2025-03-19 12:54:27.000000000,2025-03-19 12:54:56.000000000,UTIL_B,B2.75 Utility,2.75,29.0
RTLS_02184,Infuuspomp 3,equipment,2025-03-19 12:54:46.000000000,2025-03-19 12:55:19.000000000,UTIL_B,B2.75 Utility,2.75,33.0
RTLS_02388,Spuitaandrijver,equipment,2025-03-19 12:54:50.000000000,2025-03-19 12:55:03.000000000,UTIL_B,B2.75 Utility,2.75,13.0
RTLS_02592,Glucosemeter 1,equipment,2025-03-19 12:55:13.000000000,2025-03-19 12:55:20.000000000,NS_A,B2.71 Open wacht,2.71,7.0
RTLS_01966,Infuuspomp 1,equipment,2025-03-19 12:55:36.000000000,2025-03-19 12:56:04.000000000,UTIL_A,B2.63 Utility,2.63,28.0
RTLS_03542,Voedingspomp 5,equipment,2025-03-19 12:55:41.000000000,2025-03-19 12:56:12.000000000,UTIL_A,B2.63 Utility,2.63,31.0
RTLS_03228,Voedingspomp 2,equipment,2025-03-19 12:56:17.000000000,2025-03-19 12:56:25.000000000,UTIL_B,B2.75 Utility,2.75,8.0
RTLS_02289,Infuuspomp 4,equipment,2025-03-19 12:57:05.000000000,2025-03-19 12:57:10.000000000,UTIL_B,B2.75 Utility,2.75,5.0
RTLS_03335,Voedingspomp 3,equipment,2025-03-19 12:57:07.000000000,2025-03-19 12:57:14.000000000,UTIL_A,B2.63 Utility,2.63,7.0
RTLS_03121,Voedingspomp 1,equipment,2025-03-19 12:57:27.000000000,2025-03-19 12:57:38.000000000,UTIL_A,B2.63 Utility,2.63,11.0
RTLS_02185,Infuuspomp 3,equipment,2025-03-19 12:58:11.000000000,2025-03-19 12:58:34.000000000,UTIL_B,B2.75 Utility,2.75,23.0
RTLS_03441,Voedingspomp 4,equipment,2025-03-19 12:58:13.000000000,2025-03-19 12:58:30.000000000,UTIL_B,B2.75 Utility,2.75,17.0
RTLS_03016,Toiletstoel 3,equipment,2025-03-19 12:58:15.000000000,2025-03-19 12:58:30.000000000,STORAGE,B2.61 Opslag,2.61,15.0
RTLS_02077,Infuuspomp 2,equipment,2025-03-19 12:58:18.000000000,2025-03-19 12:58:40.000000000,UTIL_A,B2.63 Utility,2.63,22.0
RTLS_02804,Toiletstoel 1,equipment,2025-03-19 12:58:34.000000000,2025-03-19 12:58:53.000000000,UTIL_A,B2.63 Utility,2.63,19.0
RTLS_02915,Toiletstoel 2,equipment,2025-03-19 12:59:37.000000000,2025-03-19 13:00:11.000000000,UTIL_B,B2.75 Utility,2.75,34.0
RTLS_02805,Toiletstoel 1,equipment,2025-03-19 12:59:52.000000000,2025-03-19 12:59:58.000000000,UTIL_A,B2.63 Utility,2.63,6.0
RTLS_02290,Infuuspomp 4,equipment,2025-03-19 12:59:57.000000000,2025-03-19 13:00:19.000000000,UTIL_B,B2.75 Utility,2.75,22.0
RTLS_00087,EUREKA-VPL-001,nurse,2025-03-19 13:00:00.000000000,2025-03-19 13:00:01.000000000,UTIL_B,B2.75 Utility,2.75,1.0
RTLS_01893,EUREKA-VPL-002,nurse,2025-03-19 13:00:00.000000000,2025-03-19 13:05:00.000000000,ROOM_106,B2.62 2-bedskamer,2.62,300.0
RTLS_00278,EUREKA-VPL-003,nurse,2025-03-19 13:00:00.000000000,2025-03-19 13:05:43.267956127,ROOM_104,B2.80 1-bedskamer,2.80,343.267956
RTLS_00348,EUREKA-VPL-004,nurse,2025-03-19 13:00:00.000000000,2025-03-19 13:01:38.128536877,NS_A,B2.71 Open wacht,2.71,98.128536
RTLS_00446,EUREKA-VPL-005,nurse,2025-03-19 13:00:00.000000000,2025-03-19 13:01:06.968869759,ROOM_109,B2.68 2-bedskamer,2.68,66.968869
RTLS_00584,EUREKA-VPL-006,nurse,2025-03-19 13:00:00.000000000,2025-03-19 13:00:14.453216371,ROOM_106,B2.62 2-bedskamer,2.62,14.453216
RTLS_00745,EUREKA-VPL-007,nurse,2025-03-19 13:00:00.000000000,2025-03-19 13:01:59.198461443,KITCHEN,B2.77 Keuken,2.77,119.198461
RTLS_00885,EUREKA-VPL-008,nurse,2025-03-19 13:00:00.000000000,2025-03-19 13:00:44.255791835,ROOM_107,B2.64 2-bedskamer,2.64,44.255791
RTLS_01019,EUREKA-VPL-009,nurse,2025-03-19 13:00:00.000000000,2025-03-19 13:01:39.953710441,ROOM_107,B2.64 2-bedskamer,2.64,99.95371
RTLS_01191,EUREKA-VPL-010,nurse,2025-03-19 13:00:00.000000000,2025-03-19 13:00:13.087577412,ROOM_105,B2.82 1-bedskamer,2.82,13.087577
RTLS_01344,EUREKA-VPL-011,nurse,2025-03-19 13:00:00.000000000,2025-03-19 13:00:09.436355372,UTIL_B,B2.75 Utility,2.75,9.436355
RTLS_01438,EUREKA-VPL-012,nurse,2025-03-19 13:00:00.000000000,2025-03-19 13:05:58.511347975,ROOM_105,B2.82 1-bedskamer,2.82,358.511347
RTLS_01536,EUREKA-VPL-013,nurse,2025-03-19 13:00:00.000000000,2025-03-19 13:02:15.007294258,ROOM_106,B2.62 2-bedskamer,2.62,135.007294
RTLS_01691,EUREKA-VPL-014,nurse,2025-03-19 13:00:00.000000000,2025-03-19 13:00:07.999815846,STORE_C,B2.65 Berging,2.65,7.999815
RTLS_01828,EUREKA-VPL-015,nurse,2025-03-19 13:00:00.000000000,2025-03-19 13:16:21.818181818,STORE_A,B2.53 Berging,2.53,981.818181
RTLS_00088,EUREKA-VPL-001,nurse,2025-03-19 13:00:01.000000000,2025-03-19 13:00:02.762462309,STORE_A,B2.53 Berging,2.53,1.762462
RTLS_00089,EUREKA-VPL-001,nurse,2025-03-19 13:00:02.762462309,2025-03-19 13:01:33.983639201,ROOM_101,B2.74 1-bedskamer,2.74,91.221176
RTLS_01692,EUREKA-VPL-014,nurse,2025-03-19 13:00:07.999815846,2025-03-19 13:01:19.472147172,ROOM_102,B2.76 1-bedskamer,2.76,71.472331
RTLS_01345,EUREKA-VPL-011,nurse,2025-03-19 13:00:09.436355372,2025-03-19 13:00:26.486699245,ROOM_104,B2.80 1-bedskamer,2.80,17.050343
RTLS_01192,EUREKA-VPL-010,nurse,2025-03-19 13:00:13.087577412,2025-03-19 13:00:34.340639981,ROOM_103,B2.78 1-bedskamer,2.78,21.253062
RTLS_00585,EUREKA-VPL-006,nurse,2025-03-19 13:00:14.453216371,2025-03-19 13:00:19.447180082,ROOM_103,B2.78 1-bedskamer,2.78,4.993963
RTLS_00586,EUREKA-VPL-006,nurse,2025-03-19 13:00:19.447180082,2025-03-19 13:03:03.501986175,ROOM_108,B2.66 2-bedskamer,2.66,164.054806
RTLS_01346,EUREKA-VPL-011,nurse,2025-03-19 13:00:26.486699245,2025-03-19 13:00:46.349231059,KITCHEN,B2.77 Keuken,2.77,19.862531
RTLS_01193,EUREKA-VPL-010,nurse,2025-03-19 13:00:34.340639981,2025-03-19 13:00:46.466384484,BATH_B,B2.55 Badkamer,2.55,12.125744
RTLS_03017,Toiletstoel 3,equipment,2025-03-19 13:00:39.000000000,2025-03-19 13:00:48.000000000,STORAGE,B2.61 Opslag,2.61,9.0
RTLS_00886,EUREKA-VPL-008,nurse,2025-03-19 13:00:44.255791835,2025-03-19 13:01:09.661538158,KITCHEN,B2.77 Keuken,2.77,25.405746
RTLS_01347,EUREKA-VPL-011,nurse,2025-03-19 13:00:46.349231059,2025-03-19 13:18:32.444461459,PREP_A,B2.71.02 Voorbereiding,2.71.02,1066.09523
RTLS_01194,EUREKA-VPL-010,nurse,2025-03-19 13:00:46.466384484,2025-03-19 13:00:56.866512441,STORAGE,B2.61 Opslag,2.61,10.400127
RTLS_01195,EUREKA-VPL-010,nurse,2025-03-19 13:00:56.866512441,2025-03-19 13:01:52.913133809,ROOM_106,B2.62 2-bedskamer,2.62,56.046621
RTLS_03543,Voedingspomp 5,equipment,2025-03-19 13:00:58.000000000,2025-03-19 13:01:16.000000000,UTIL_A,B2.63 Utility,2.63,18.0
RTLS_03122,Voedingspomp 1,equipment,2025-03-19 13:00:58.000000000,2025-03-19 13:01:10.000000000,UTIL_A,B2.63 Utility,2.63,12.0
RTLS_00447,EUREKA-VPL-005,nurse,2025-03-19 13:01:06.968869759,2025-03-19 13:01:35.636986894,ROOM_108,B2.66 2-bedskamer,2.66,28.668117
RTLS_00887,EUREKA-VPL-008,nurse,2025-03-19 13:01:09.661538158,2025-03-19 13:03:00.210757266,BATHROOM,B2.57 Stortbad,2.57,110.549219
RTLS_02696,Glucosemeter 2,equipment,2025-03-19 13:01:12.000000000,2025-03-19 13:01:19.000000000,NS_B,B2.71.01 Dienstplaats,2.71.01,7.0
RTLS_01693,EUREKA-VPL-014,nurse,2025-03-19 13:01:19.472147172,2025-03-19 13:02:34.154584341,ROOM_101,B2.74 1-bedskamer,2.74,74.682437
RTLS_03229,Voedingspomp 2,equipment,2025-03-19 13:01:20.000000000,2025-03-19 13:01:53.000000000,UTIL_B,B2.75 Utility,2.75,33.0
RTLS_02483,Bladderscan,equipment,2025-03-19 13:01:21.000000000,2025-03-19 13:01:45.000000000,UTIL_A,B2.63 Utility,2.63,24.0
RTLS_02593,Glucosemeter 1,equipment,2025-03-19 13:01:21.000000000,2025-03-19 13:01:30.000000000,NS_A,B2.71 Open wacht,2.71,9.0
RTLS_01967,Infuuspomp 1,equipment,2025-03-19 13:01:22.000000000,2025-03-19 13:01:35.000000000,UTIL_A,B2.63 Utility,2.63,13.0
RTLS_00090,EUREKA-VPL-001,nurse,2025-03-19 13:01:33.983639201,2025-03-19 13:01:59.887774994,ROOM_108,B2.66 2-bedskamer,2.66,25.904135
RTLS_00448,EUREKA-VPL-005,nurse,2025-03-19 13:01:35.636986894,2025-03-19 13:01:46.873047916,KITCHEN,B2.77 Keuken,2.77,11.236061
RTLS_02186,Infuuspomp 3,equipment,2025-03-19 13:01:38.000000000,2025-03-19 13:01:54.000000000,UTIL_B,B2.75 Utility,2.75,16.0
RTLS_00349,EUREKA-VPL-004,nurse,2025-03-19 13:01:38.128536877,2025-03-19 13:02:03.205569713,NS_A,B2.71 Open wacht,2.71,25.077032
RTLS_01020,EUREKA-VPL-009,nurse,2025-03-19 13:01:39.953710441,2025-03-19 13:01:47.336304224,STORE_B,B2.59 Berging,2.59,7.382593
RTLS_00449,EUREKA-VPL-005,nurse,2025-03-19 13:01:46.873047916,2025-03-19 13:02:00.276881924,PREP_A,B2.71.02 Voorbereiding,2.71.02,13.403834
RTLS_01021,EUREKA-VPL-009,nurse,2025-03-19 13:01:47.336304224,2025-03-19 13:01:54.983850104,KITCHEN,B2.77 Keuken,2.77,7.647545
RTLS_01196,EUREKA-VPL-010,nurse,2025-03-19 13:01:52.913133809,2025-03-19 13:02:10.057403616,ROOM_101,B2.74 1-bedskamer,2.74,17.144269
RTLS_01022,EUREKA-VPL-009,nurse,2025-03-19 13:01:54.983850104,2025-03-19 13:02:09.962240840,ROOM_107,B2.64 2-bedskamer,2.64,14.97839
RTLS_02291,Infuuspomp 4,equipment,2025-03-19 13:01:59.000000000,2025-03-19 13:02:08.000000000,UTIL_B,B2.75 Utility,2.75,9.0
RTLS_00746,EUREKA-VPL-007,nurse,2025-03-19 13:01:59.198461443,2025-03-19 13:02:00.563489099,STORE_C,B2.65 Berging,2.65,1.365027
RTLS_00091,EUREKA-VPL-001,nurse,2025-03-19 13:01:59.887774994,2025-03-19 13:02:12.345474398,ROOM_110,B2.79 2-bedskamer,2.79,12.457699
RTLS_02389,Spuitaandrijver,equipment,2025-03-19 13:02:00.000000000,2025-03-19 13:02:16.000000000,UTIL_B,B2.75 Utility,2.75,16.0
RTLS_00450,EUREKA-VPL-005,nurse,2025-03-19 13:02:00.276881924,2025-03-19 13:02:05.279067071,PREP_B,B2.71.02 Voorbereiding,2.71.02,5.002185
RTLS_00747,EUREKA-VPL-007,nurse,2025-03-19 13:02:00.563489099,2025-03-19 13:02:21.507301685,NS_B,B2.71.01 Dienstplaats,2.71.01,20.943812
RTLS_00350,EUREKA-VPL-004,nurse,2025-03-19 13:02:03.205569713,2025-03-19 13:02:42.196128263,ROOM_103,B2.78 1-bedskamer,2.78,38.990558
RTLS_00451,EUREKA-VPL-005,nurse,2025-03-19 13:02:05.279067071,2025-03-19 13:08:15.827622422,KITCHEN,B2.77 Keuken,2.77,370.548555
RTLS_01023,EUREKA-VPL-009,nurse,2025-03-19 13:02:09.962240840,2025-03-19 13:03:06.905410235,PREP_A,B2.71.02 Voorbereiding,2.71.02,56.943169
RTLS_01197,EUREKA-VPL-010,nurse,2025-03-19 13:02:10.057403616,2025-03-19 13:03:08.845138627,KITCHEN,B2.77 Keuken,2.77,58.787735
RTLS_00092,EUREKA-VPL-001,nurse,2025-03-19 13:02:12.345474398,2025-03-19 13:05:02.940606921,NS_A,B2.71 Open wacht,2.71,170.595132
RTLS_01537,EUREKA-VPL-013,nurse,2025-03-19 13:02:15.007294258,2025-03-19 13:02:55.698001732,ROOM_101,B2.74 1-bedskamer,2.74,40.690707
RTLS_03336,Voedingspomp 3,equipment,2025-03-19 13:02:18.000000000,2025-03-19 13:02:24.000000000,UTIL_A,B2.63 Utility,2.63,6.0
RTLS_00748,EUREKA-VPL-007,nurse,2025-03-19 13:02:21.507301685,2025-03-19 13:02:34.503945473,STORE_B,B2.59 Berging,2.59,12.996643
RTLS_02697,Glucosemeter 2,equipment,2025-03-19 13:02:29.000000000,2025-03-19 13:02:47.000000000,NS_B,B2.71.01 Dienstplaats,2.71.01,18.0
RTLS_01694,EUREKA-VPL-014,nurse,2025-03-19 13:02:34.154584341,2025-03-19 13:03:05.801618856,NS_A,B2.71 Open wacht,2.71,31.647034
RTLS_00749,EUREKA-VPL-007,nurse,2025-03-19 13:02:34.503945473,2025-03-19 13:02:43.666705342,UTIL_B,B2.75 Utility,2.75,9.162759
RTLS_00351,EUREKA-VPL-004,nurse,2025-03-19 13:02:42.196128263,2025-03-19 13:02:43.418620614,ROOM_102,B2.76 1-bedskamer,2.76,1.222492
RTLS_00352,EUREKA-VPL-004,nurse,2025-03-19 13:02:43.418620614,2025-03-19 13:02:45.174972476,ROOM_107,B2.64 2-bedskamer,2.64,1.756351
RTLS_00750,EUREKA-VPL-007,nurse,2025-03-19 13:02:43.666705342,2025-03-19 13:04:42.050288147,ROOM_104,B2.80 1-bedskamer,2.80,118.383582
RTLS_00353,EUREKA-VPL-004,nurse,2025-03-19 13:02:45.174972476,2025-03-19 13:03:11.089637752,ROOM_109,B2.68 2-bedskamer,2.68,25.914665
RTLS_01538,EUREKA-VPL-013,nurse,2025-03-19 13:02:55.698001732,2025-03-19 13:04:50.659294903,NS_B,B2.71.01 Dienstplaats,2.71.01,114.961293
RTLS_00888,EUREKA-VPL-008,nurse,2025-03-19 13:03:00.210757266,2025-03-19 13:03:14.084724861,STORE_C,B2.65 Berging,2.65,13.873967
RTLS_00587,EUREKA-VPL-006,nurse,2025-03-19 13:03:03.501986175,2025-03-19 13:04:40.570088353,ROOM_109,B2.68 2-bedskamer,2.68,97.068102
RTLS_01695,EUREKA-VPL-014,nurse,2025-03-19 13:03:05.801618856,2025-03-19 13:03:14.006515831,KITCHEN,B2.77 Keuken,2.77,8.204896
RTLS_01024,EUREKA-VPL-009,nurse,2025-03-19 13:03:06.905410235,2025-03-19 13:03:09.425571914,NS_A,B2.71 Open wacht,2.71,2.520161
RTLS_01198,EUREKA-VPL-010,nurse,2025-03-19 13:03:08.845138627,2025-03-19 13:03:37.790839045,ROOM_108,B2.66 2-bedskamer,2.66,28.9457
RTLS_01025,EUREKA-VPL-009,nurse,2025-03-19 13:03:09.425571914,2025-03-19 13:20:49.628952672,STORAGE,B2.61 Opslag,2.61,1060.20338
RTLS_00354,EUREKA-VPL-004,nurse,2025-03-19 13:03:11.089637752,2025-03-19 13:13:19.557002414,NS_B,B2.71.01 Dienstplaats,2.71.01,608.467364
RTLS_01696,EUREKA-VPL-014,nurse,2025-03-19 13:03:14.006515831,2025-03-19 13:04:00.366187928,ROOM_103,B2.78 1-bedskamer,2.78,46.359672
RTLS_00889,EUREKA-VPL-008,nurse,2025-03-19 13:03:14.084724861,2025-03-19 13:04:43.573370615,NS_A,B2.71 Open wacht,2.71,89.488645
RTLS_02292,Infuuspomp 4,equipment,2025-03-19 13:03:16.000000000,2025-03-19 13:03:27.000000000,UTIL_B,B2.75 Utility,2.75,11.0
RTLS_03230,Voedingspomp 2,equipment,2025-03-19 13:03:27.000000000,2025-03-19 13:03:39.000000000,UTIL_B,B2.75 Utility,2.75,12.0
RTLS_01199,EUREKA-VPL-010,nurse,2025-03-19 13:03:37.790839045,2025-03-19 13:03:39.418017061,ROOM_106,B2.62 2-bedskamer,2.62,1.627178
RTLS_01200,EUREKA-VPL-010,nurse,2025-03-19 13:03:39.418017061,2025-03-19 13:04:16.260153839,ROOM_104,B2.80 1-bedskamer,2.80,36.842135999999996
RTLS_02698,Glucosemeter 2,equipment,2025-03-19 13:03:42.000000000,2025-03-19 13:03:47.000000000,NS_B,B2.71.01 Dienstplaats,2.71.01,5.0
RTLS_03442,Voedingspomp 4,equipment,2025-03-19 13:03:45.000000000,2025-03-19 13:04:22.000000000,UTIL_B,B2.75 Utility,2.75,37.0
RTLS_02078,Infuuspomp 2,equipment,2025-03-19 13:03:57.000000000,2025-03-19 13:04:16.000000000,UTIL_A,B2.63 Utility,2.63,19.0
RTLS_01697,EUREKA-VPL-014,nurse,2025-03-19 13:04:00.366187928,2025-03-19 13:05:46.030641698,NS_B,B2.71.01 Dienstplaats,2.71.01,105.664453
RTLS_03018,Toiletstoel 3,equipment,2025-03-19 13:04:09.000000000,2025-03-19 13:04:33.000000000,STORAGE,B2.61 Opslag,2.61,24.0
RTLS_02594,Glucosemeter 1,equipment,2025-03-19 13:04:15.000000000,2025-03-19 13:04:31.000000000,NS_A,B2.71 Open wacht,2.71,16.0
RTLS_01201,EUREKA-VPL-010,nurse,2025-03-19 13:04:16.260153839,2025-03-19 13:04:27.289980830,ROOM_103,B2.78 1-bedskamer,2.78,11.029826
RTLS_01202,EUREKA-VPL-010,nurse,2025-03-19 13:04:27.289980830,2025-03-19 13:04:37.352365688,ROOM_102,B2.76 1-bedskamer,2.76,10.062384
RTLS_01203,EUREKA-VPL-010,nurse,2025-03-19 13:04:37.352365688,2025-03-19 13:05:00.069065967,NS_A,B2.71 Open wacht,2.71,22.7167
RTLS_00588,EUREKA-VPL-006,nurse,2025-03-19 13:04:40.570088353,2025-03-19 13:04:43.447274371,ROOM_102,B2.76 1-bedskamer,2.76,2.877186
RTLS_00751,EUREKA-VPL-007,nurse,2025-03-19 13:04:42.050288147,2025-03-19 13:09:24.200606478,ROOM_106,B2.62 2-bedskamer,2.62,282.150318
RTLS_00589,EUREKA-VPL-006,nurse,2025-03-19 13:04:43.447274371,2025-03-19 13:05:27.551731702,ROOM_110,B2.79 2-bedskamer,2.79,44.104457
RTLS_00890,EUREKA-VPL-008,nurse,2025-03-19 13:04:43.573370615,2025-03-19 13:14:11.375357956,PREP_A,B2.71.02 Voorbereiding,2.71.02,567.801987
RTLS_01539,EUREKA-VPL-013,nurse,2025-03-19 13:04:50.659294903,2025-03-19 13:19:54.922987985,STORAGE,B2.61 Opslag,2.61,904.263693
RTLS_01204,EUREKA-VPL-010,nurse,2025-03-19 13:05:00.069065967,2025-03-19 13:05:03.168381658,ROOM_104,B2.80 1-bedskamer,2.80,3.099315
RTLS_00093,EUREKA-VPL-001,nurse,2025-03-19 13:05:02.940606921,2025-03-19 13:05:49.304438299,NS_B,B2.71.01 Dienstplaats,2.71.01,46.363831
RTLS_01205,EUREKA-VPL-010,nurse,2025-03-19 13:05:03.168381658,2025-03-19 13:10:05.973128312,NS_B,B2.71.01 Dienstplaats,2.71.01,302.804746
RTLS_03544,Voedingspomp 5,equipment,2025-03-19 13:05:12.000000000,2025-03-19 13:05:33.000000000,UTIL_A,B2.63 Utility,2.63,21.0
RTLS_00590,EUREKA-VPL-006,nurse,2025-03-19 13:05:27.551731702,2025-03-19 13:05:55.660113063,BATH_B,B2.55 Badkamer,2.55,28.108381
RTLS_02079,Infuuspomp 2,equipment,2025-03-19 13:05:31.000000000,2025-03-19 13:05:36.000000000,UTIL_A,B2.63 Utility,2.63,5.0
RTLS_00279,EUREKA-VPL-003,nurse,2025-03-19 13:05:43.267956127,2025-03-19 13:10:09.038807182,ROOM_102,B2.76 1-bedskamer,2.76,265.770851
RTLS_01698,EUREKA-VPL-014,nurse,2025-03-19 13:05:46.030641698,2025-03-19 13:07:52.132720057,PREP_A,B2.71.02 Voorbereiding,2.71.02,126.102078
RTLS_03019,Toiletstoel 3,equipment,2025-03-19 13:05:49.000000000,2025-03-19 13:06:19.000000000,STORAGE,B2.61 Opslag,2.61,30.0
RTLS_00094,EUREKA-VPL-001,nurse,2025-03-19 13:05:49.304438299,2025-03-19 13:06:21.183096160,ROOM_110,B2.79 2-bedskamer,2.79,31.878657
RTLS_02699,Glucosemeter 2,equipment,2025-03-19 13:05:50.000000000,2025-03-19 13:05:58.000000000,NS_B,B2.71.01 Dienstplaats,2.71.01,8.0
RTLS_00591,EUREKA-VPL-006,nurse,2025-03-19 13:05:55.660113063,2025-03-19 13:07:17.366319957,STORE_B,B2.59 Berging,2.59,81.706206
RTLS_03123,Voedingspomp 1,equipment,2025-03-19 13:05:56.000000000,2025-03-19 13:06:23.000000000,UTIL_A,B2.63 Utility,2.63,27.0
RTLS_01439,EUREKA-VPL-012,nurse,2025-03-19 13:05:58.511347975,2025-03-19 13:06:20.850807255,ROOM_109,B2.68 2-bedskamer,2.68,22.339459
RTLS_01440,EUREKA-VPL-012,nurse,2025-03-19 13:06:20.850807255,2025-03-19 13:07:06.309581975,ROOM_107,B2.64 2-bedskamer,2.64,45.458774
RTLS_00095,EUREKA-VPL-001,nurse,2025-03-19 13:06:21.183096160,2025-03-19 13:06:26.488937166,ROOM_107,B2.64 2-bedskamer,2.64,5.305841
RTLS_00096,EUREKA-VPL-001,nurse,2025-03-19 13:06:26.488937166,2025-03-19 13:33:13.244468166,NS_A,B2.71 Open wacht,2.71,1606.755531
RTLS_02080,Infuuspomp 2,equipment,2025-03-19 13:06:41.000000000,2025-03-19 13:07:04.000000000,UTIL_A,B2.63 Utility,2.63,23.0
RTLS_02484,Bladderscan,equipment,2025-03-19 13:07:01.000000000,2025-03-19 13:07:22.000000000,UTIL_A,B2.63 Utility,2.63,21.0
RTLS_01441,EUREKA-VPL-012,nurse,2025-03-19 13:07:06.309581975,2025-03-19 13:07:07.309581975,STORE_B,B2.59 Berging,2.59,1.0
RTLS_01442,EUREKA-VPL-012,nurse,2025-03-19 13:07:07.309581975,2025-03-19 13:07:09.438369094,ROOM_109,B2.68 2-bedskamer,2.68,2.128787
RTLS_01443,EUREKA-VPL-012,nurse,2025-03-19 13:07:09.438369094,2025-03-19 13:10:15.336226076,NS_A,B2.71 Open wacht,2.71,185.897856
RTLS_02187,Infuuspomp 3,equipment,2025-03-19 13:07:14.000000000,2025-03-19 13:07:28.000000000,UTIL_B,B2.75 Utility,2.75,14.0
RTLS_02916,Toiletstoel 2,equipment,2025-03-19 13:07:15.000000000,2025-03-19 13:07:48.000000000,UTIL_B,B2.75 Utility,2.75,33.0
RTLS_00592,EUREKA-VPL-006,nurse,2025-03-19 13:07:17.366319957,2025-03-19 13:13:20.843176959,BATHROOM,B2.57 Stortbad,2.57,363.476857
RTLS_02806,Toiletstoel 1,equipment,2025-03-19 13:07:20.000000000,2025-03-19 13:07:42.000000000,UTIL_A,B2.63 Utility,2.63,22.0
RTLS_03337,Voedingspomp 3,equipment,2025-03-19 13:07:26.000000000,2025-03-19 13:07:43.000000000,UTIL_A,B2.63 Utility,2.63,17.0
RTLS_01699,EUREKA-VPL-014,nurse,2025-03-19 13:07:52.132720057,2025-03-19 13:09:36.661025784,ROOM_107,B2.64 2-bedskamer,2.64,104.528305
RTLS_01968,Infuuspomp 1,equipment,2025-03-19 13:07:59.000000000,2025-03-19 13:08:11.000000000,UTIL_A,B2.63 Utility,2.63,12.0
RTLS_02390,Spuitaandrijver,equipment,2025-03-19 13:08:06.000000000,2025-03-19 13:08:22.000000000,UTIL_B,B2.75 Utility,2.75,16.0
RTLS_03231,Voedingspomp 2,equipment,2025-03-19 13:08:08.000000000,2025-03-19 13:08:16.000000000,UTIL_B,B2.75 Utility,2.75,8.0
RTLS_00452,EUREKA-VPL-005,nurse,2025-03-19 13:08:15.827622422,2025-03-19 13:08:46.517242052,ROOM_108,B2.66 2-bedskamer,2.66,30.689619
RTLS_00453,EUREKA-VPL-005,nurse,2025-03-19 13:08:46.517242052,2025-03-19 13:09:10.756600900,KITCHEN,B2.77 Keuken,2.77,24.239358
RTLS_00454,EUREKA-VPL-005,nurse,2025-03-19 13:09:10.756600900,2025-03-19 13:09:57.192047593,NS_A,B2.71 Open wacht,2.71,46.435446
RTLS_02188,Infuuspomp 3,equipment,2025-03-19 13:09:18.000000000,2025-03-19 13:09:31.000000000,UTIL_B,B2.75 Utility,2.75,13.0
RTLS_00752,EUREKA-VPL-007,nurse,2025-03-19 13:09:24.200606478,2025-03-19 13:09:27.155907481,STORE_C,B2.65 Berging,2.65,2.955301
RTLS_00753,EUREKA-VPL-007,nurse,2025-03-19 13:09:27.155907481,2025-03-19 13:09:33.080730597,UTIL_A,B2.63 Utility,2.63,5.924823
RTLS_02595,Glucosemeter 1,equipment,2025-03-19 13:09:31.000000000,2025-03-19 13:09:56.000000000,NS_A,B2.71 Open wacht,2.71,25.0
RTLS_00754,EUREKA-VPL-007,nurse,2025-03-19 13:09:33.080730597,2025-03-19 13:09:35.828939006,STORE_B,B2.59 Berging,2.59,2.748208
RTLS_00755,EUREKA-VPL-007,nurse,2025-03-19 13:09:35.828939006,2025-03-19 13:10:57.964886989,ROOM_105,B2.82 1-bedskamer,2.82,82.135947
RTLS_01700,EUREKA-VPL-014,nurse,2025-03-19 13:09:36.661025784,2025-03-19 13:09:45.083481506,STORAGE,B2.61 Opslag,2.61,8.422455
RTLS_01701,EUREKA-VPL-014,nurse,2025-03-19 13:09:45.083481506,2025-03-19 13:10:21.663985979,ROOM_102,B2.76 1-bedskamer,2.76,36.580504
RTLS_00455,EUREKA-VPL-005,nurse,2025-03-19 13:09:57.192047593,2025-03-19 13:28:44.288564946,UTIL_B,B2.75 Utility,2.75,1127.096517
RTLS_03545,Voedingspomp 5,equipment,2025-03-19 13:10:04.000000000,2025-03-19 13:10:20.000000000,UTIL_A,B2.63 Utility,2.63,16.0
RTLS_01206,EUREKA-VPL-010,nurse,2025-03-19 13:10:05.973128312,2025-03-19 13:11:10.825127025,ROOM_104,B2.80 1-bedskamer,2.80,64.851998
RTLS_00280,EUREKA-VPL-003,nurse,2025-03-19 13:10:09.038807182,2025-03-19 13:10:14.200621981,ROOM_105,B2.82 1-bedskamer,2.82,5.161814
RTLS_03020,Toiletstoel 3,equipment,2025-03-19 13:10:14.000000000,2025-03-19 13:10:45.000000000,STORAGE,B2.61 Opslag,2.61,31.0
RTLS_00281,EUREKA-VPL-003,nurse,2025-03-19 13:10:14.200621981,2025-03-19 13:10:53.258370870,ROOM_102,B2.76 1-bedskamer,2.76,39.057748
RTLS_01444,EUREKA-VPL-012,nurse,2025-03-19 13:10:15.336226076,2025-03-19 13:10:32.465518676,ROOM_109,B2.68 2-bedskamer,2.68,17.129292
RTLS_01702,EUREKA-VPL-014,nurse,2025-03-19 13:10:21.663985979,2025-03-19 13:31:38.093706264,STORE_A,B2.53 Berging,2.53,1276.42972
RTLS_01969,Infuuspomp 1,equipment,2025-03-19 13:10:52.000000000,2025-03-19 13:11:25.000000000,UTIL_A,B2.63 Utility,2.63,33.0
RTLS_00282,EUREKA-VPL-003,nurse,2025-03-19 13:10:53.258370870,2025-03-19 13:11:00.465206705,ROOM_110,B2.79 2-bedskamer,2.79,7.206835
RTLS_02293,Infuuspomp 4,equipment,2025-03-19 13:10:57.000000000,2025-03-19 13:11:24.000000000,UTIL_B,B2.75 Utility,2.75,27.0
RTLS_00756,EUREKA-VPL-007,nurse,2025-03-19 13:10:57.964886989,2025-03-19 13:40:23.185954789,NS_B,B2.71.01 Dienstplaats,2.71.01,1765.221067
RTLS_03232,Voedingspomp 2,equipment,2025-03-19 13:11:08.000000000,2025-03-19 13:11:13.000000000,UTIL_B,B2.75 Utility,2.75,5.0
RTLS_02807,Toiletstoel 1,equipment,2025-03-19 13:11:08.000000000,2025-03-19 13:11:39.000000000,UTIL_A,B2.63 Utility,2.63,31.0
RTLS_01207,EUREKA-VPL-010,nurse,2025-03-19 13:11:10.825127025,2025-03-19 13:11:29.237219206,KITCHEN,B2.77 Keuken,2.77,18.412092
RTLS_02485,Bladderscan,equipment,2025-03-19 13:11:11.000000000,2025-03-19 13:11:34.000000000,UTIL_A,B2.63 Utility,2.63,23.0
RTLS_02081,Infuuspomp 2,equipment,2025-03-19 13:11:20.000000000,2025-03-19 13:11:49.000000000,UTIL_A,B2.63 Utility,2.63,29.0
RTLS_03443,Voedingspomp 4,equipment,2025-03-19 13:11:29.000000000,2025-03-19 13:11:44.000000000,UTIL_B,B2.75 Utility,2.75,15.0
RTLS_01208,EUREKA-VPL-010,nurse,2025-03-19 13:11:29.237219206,2025-03-19 13:24:34.637675742,BATHROOM,B2.57 Stortbad,2.57,785.400456
RTLS_02700,Glucosemeter 2,equipment,2025-03-19 13:12:14.000000000,2025-03-19 13:12:23.000000000,NS_B,B2.71.01 Dienstplaats,2.71.01,9.0
RTLS_03546,Voedingspomp 5,equipment,2025-03-19 13:12:39.000000000,2025-03-19 13:12:49.000000000,UTIL_A,B2.63 Utility,2.63,10.0
RTLS_00355,EUREKA-VPL-004,nurse,2025-03-19 13:13:19.557002414,2025-03-19 13:59:59.999999414,STORE_B,B2.59 Berging,2.59,2800.442997
RTLS_00593,EUREKA-VPL-006,nurse,2025-03-19 13:13:20.843176959,2025-03-19 13:13:41.825757819,STORE_B,B2.59 Berging,2.59,20.98258
RTLS_03124,Voedingspomp 1,equipment,2025-03-19 13:13:21.000000000,2025-03-19 13:13:28.000000000,UTIL_A,B2.63 Utility,2.63,7.0
RTLS_00594,EUREKA-VPL-006,nurse,2025-03-19 13:13:41.825757819,2025-03-19 13:14:10.179954416,ROOM_102,B2.76 1-bedskamer,2.76,28.354196
RTLS_00595,EUREKA-VPL-006,nurse,2025-03-19 13:14:10.179954416,2025-03-19 13:14:41.477433177,KITCHEN,B2.77 Keuken,2.77,31.297478
RTLS_03338,Voedingspomp 3,equipment,2025-03-19 13:14:11.000000000,2025-03-19 13:14:36.000000000,UTIL_A,B2.63 Utility,2.63,25.0
RTLS_00891,EUREKA-VPL-008,nurse,2025-03-19 13:14:11.375357956,2025-03-19 13:15:04.303452587,KITCHEN,B2.77 Keuken,2.77,52.928094
RTLS_01970,Infuuspomp 1,equipment,2025-03-19 13:14:31.000000000,2025-03-19 13:14:59.000000000,UTIL_A,B2.63 Utility,2.63,28.0
RTLS_03021,Toiletstoel 3,equipment,2025-03-19 13:14:41.000000000,2025-03-19 13:14:51.000000000,STORAGE,B2.61 Opslag,2.61,10.0
RTLS_00596,EUREKA-VPL-006,nurse,2025-03-19 13:14:41.477433177,2025-03-19 13:18:04.181233056,ROOM_101,B2.74 1-bedskamer,2.74,202.703799
RTLS_02917,Toiletstoel 2,equipment,2025-03-19 13:14:43.000000000,2025-03-19 13:15:19.000000000,UTIL_B,B2.75 Utility,2.75,36.0
RTLS_00892,EUREKA-VPL-008,nurse,2025-03-19 13:15:04.303452587,2025-03-19 13:15:06.199181821,ROOM_105,B2.82 1-bedskamer,2.82,1.895729
RTLS_00893,EUREKA-VPL-008,nurse,2025-03-19 13:15:06.199181821,2025-03-19 13:18:48.880360943,ROOM_106,B2.62 2-bedskamer,2.62,222.681179
RTLS_03233,Voedingspomp 2,equipment,2025-03-19 13:15:24.000000000,2025-03-19 13:15:52.000000000,UTIL_B,B2.75 Utility,2.75,28.0
RTLS_02391,Spuitaandrijver,equipment,2025-03-19 13:15:27.000000000,2025-03-19 13:15:59.000000000,UTIL_B,B2.75 Utility,2.75,32.0
RTLS_03022,Toiletstoel 3,equipment,2025-03-19 13:15:49.000000000,2025-03-19 13:16:12.000000000,STORAGE,B2.61 Opslag,2.61,23.0
RTLS_03444,Voedingspomp 4,equipment,2025-03-19 13:15:51.000000000,2025-03-19 13:16:11.000000000,UTIL_B,B2.75 Utility,2.75,20.0
RTLS_03547,Voedingspomp 5,equipment,2025-03-19 13:15:56.000000000,2025-03-19 13:16:09.000000000,UTIL_A,B2.63 Utility,2.63,13.0
RTLS_01971,Infuuspomp 1,equipment,2025-03-19 13:16:06.000000000,2025-03-19 13:16:31.000000000,UTIL_A,B2.63 Utility,2.63,25.0
RTLS_02596,Glucosemeter 1,equipment,2025-03-19 13:16:08.000000000,2025-03-19 13:16:22.000000000,NS_A,B2.71 Open wacht,2.71,14.0
RTLS_01829,EUREKA-VPL-015,nurse,2025-03-19 13:16:21.818181818,2025-03-19 13:16:30.696601333,ROOM_101,B2.74 1-bedskamer,2.74,8.878419
RTLS_03125,Voedingspomp 1,equipment,2025-03-19 13:16:29.000000000,2025-03-19 13:16:42.000000000,UTIL_A,B2.63 Utility,2.63,13.0
RTLS_01830,EUREKA-VPL-015,nurse,2025-03-19 13:16:30.696601333,2025-03-19 13:16:41.341937603,ROOM_106,B2.62 2-bedskamer,2.62,10.645336
RTLS_02189,Infuuspomp 3,equipment,2025-03-19 13:16:35.000000000,2025-03-19 13:16:48.000000000,UTIL_B,B2.75 Utility,2.75,13.0
RTLS_02808,Toiletstoel 1,equipment,2025-03-19 13:16:37.000000000,2025-03-19 13:17:03.000000000,UTIL_A,B2.63 Utility,2.63,26.0
RTLS_01831,EUREKA-VPL-015,nurse,2025-03-19 13:16:41.341937603,2025-03-19 13:31:23.000462467,PREP_A,B2.71.02 Voorbereiding,2.71.02,881.658524
RTLS_02701,Glucosemeter 2,equipment,2025-03-19 13:16:43.000000000,2025-03-19 13:17:11.000000000,NS_B,B2.71.01 Dienstplaats,2.71.01,28.0
RTLS_03445,Voedingspomp 4,equipment,2025-03-19 13:17:14.000000000,2025-03-19 13:17:44.000000000,UTIL_B,B2.75 Utility,2.75,30.0
RTLS_00207,EUREKA-VPL-002,nurse,2025-03-19 13:18:00.000000000,2025-03-19 13:18:14.310317077,NS_B,B2.71.01 Dienstplaats,2.71.01,14.310317
RTLS_00597,EUREKA-VPL-006,nurse,2025-03-19 13:18:04.181233056,2025-03-19 13:18:15.646344757,ROOM_104,B2.80 1-bedskamer,2.80,11.465111
RTLS_00208,EUREKA-VPL-002,nurse,2025-03-19 13:18:14.310317077,2025-03-19 13:19:18.210847580,ROOM_109,B2.68 2-bedskamer,2.68,63.90053
RTLS_00598,EUREKA-VPL-006,nurse,2025-03-19 13:18:15.646344757,2025-03-19 13:18:17.379442121,ROOM_102,B2.76 1-bedskamer,2.76,1.7330969999999999
RTLS_00599,EUREKA-VPL-006,nurse,2025-03-19 13:18:17.379442121,2025-03-19 13:24:07.795166661,ROOM_109,B2.68 2-bedskamer,2.68,350.415724
RTLS_01348,EUREKA-VPL-011,nurse,2025-03-19 13:18:32.444461459,2025-03-19 13:19:12.688469187,ROOM_110,B2.79 2-bedskamer,2.79,40.244007
RTLS_02294,Infuuspomp 4,equipment,2025-03-19 13:18:36.000000000,2025-03-19 13:18:49.000000000,UTIL_B,B2.75 Utility,2.75,13.0
RTLS_02082,Infuuspomp 2,equipment,2025-03-19 13:18:39.000000000,2025-03-19 13:18:49.000000000,UTIL_A,B2.63 Utility,2.63,10.0
RTLS_02486,Bladderscan,equipment,2025-03-19 13:18:41.000000000,2025-03-19 13:18:54.000000000,UTIL_A,B2.63 Utility,2.63,13.0
RTLS_00894,EUREKA-VPL-008,nurse,2025-03-19 13:18:48.880360943,2025-03-19 13:18:51.046158205,ROOM_108,B2.66 2-bedskamer,2.66,2.165797
RTLS_00895,EUREKA-VPL-008,nurse,2025-03-19 13:18:51.046158205,2025-03-19 13:19:00.033067033,ROOM_102,B2.76 1-bedskamer,2.76,8.986908
RTLS_00896,EUREKA-VPL-008,nurse,2025-03-19 13:19:00.033067033,2025-03-19 13:19:16.695123012,ROOM_101,B2.74 1-bedskamer,2.74,16.662055
RTLS_01349,EUREKA-VPL-011,nurse,2025-03-19 13:19:12.688469187,2025-03-19 13:19:27.962514860,PREP_B,B2.71.02 Voorbereiding,2.71.02,15.274045
RTLS_00209,EUREKA-VPL-002,nurse,2025-03-19 13:19:18.210847580,2025-03-19 13:19:59.976041931,ROOM_108,B2.66 2-bedskamer,2.66,41.765194
RTLS_01350,EUREKA-VPL-011,nurse,2025-03-19 13:19:27.962514860,2025-03-19 13:20:33.990062968,ROOM_103,B2.78 1-bedskamer,2.78,66.027548
RTLS_03234,Voedingspomp 2,equipment,2025-03-19 13:19:28.000000000,2025-03-19 13:19:41.000000000,UTIL_B,B2.75 Utility,2.75,13.0
RTLS_02597,Glucosemeter 1,equipment,2025-03-19 13:19:47.000000000,2025-03-19 13:20:04.000000000,NS_A,B2.71 Open wacht,2.71,17.0
RTLS_01540,EUREKA-VPL-013,nurse,2025-03-19 13:19:54.922987985,2025-03-19 13:37:05.670278842,NS_B,B2.71.01 Dienstplaats,2.71.01,1030.74729
RTLS_02392,Spuitaandrijver,equipment,2025-03-19 13:19:58.000000000,2025-03-19 13:20:25.000000000,UTIL_B,B2.75 Utility,2.75,27.0
RTLS_01894,EUREKA-VPL-002,nurse,2025-03-19 13:20:00.000000000,2025-03-19 13:35:00.000000000,ROOM_107,B2.64 2-bedskamer,2.64,900.0
RTLS_02190,Infuuspomp 3,equipment,2025-03-19 13:20:04.000000000,2025-03-19 13:20:29.000000000,UTIL_B,B2.75 Utility,2.75,25.0
RTLS_03339,Voedingspomp 3,equipment,2025-03-19 13:20:24.000000000,2025-03-19 13:20:42.000000000,UTIL_A,B2.63 Utility,2.63,18.0
RTLS_03548,Voedingspomp 5,equipment,2025-03-19 13:20:27.000000000,2025-03-19 13:21:02.000000000,UTIL_A,B2.63 Utility,2.63,35.0
RTLS_01351,EUREKA-VPL-011,nurse,2025-03-19 13:20:33.990062968,2025-03-19 13:21:00.215979984,ROOM_109,B2.68 2-bedskamer,2.68,26.225917
RTLS_03023,Toiletstoel 3,equipment,2025-03-19 13:20:39.000000000,2025-03-19 13:21:10.000000000,STORAGE,B2.61 Opslag,2.61,31.0
RTLS_01026,EUREKA-VPL-009,nurse,2025-03-19 13:20:49.628952672,2025-03-19 13:20:59.687910517,KITCHEN,B2.77 Keuken,2.77,10.058957
RTLS_01027,EUREKA-VPL-009,nurse,2025-03-19 13:20:59.687910517,2025-03-19 13:21:01.445890234,ROOM_106,B2.62 2-bedskamer,2.62,1.757979
RTLS_01352,EUREKA-VPL-011,nurse,2025-03-19 13:21:00.215979984,2025-03-19 13:21:02.473503033,NS_B,B2.71.01 Dienstplaats,2.71.01,2.257523
RTLS_01028,EUREKA-VPL-009,nurse,2025-03-19 13:21:01.445890234,2025-03-19 13:21:18.082930658,ROOM_103,B2.78 1-bedskamer,2.78,16.63704
RTLS_01353,EUREKA-VPL-011,nurse,2025-03-19 13:21:02.473503033,2025-03-19 13:21:45.047736997,ROOM_106,B2.62 2-bedskamer,2.62,42.574233
RTLS_02598,Glucosemeter 1,equipment,2025-03-19 13:21:12.000000000,2025-03-19 13:21:41.000000000,NS_A,B2.71 Open wacht,2.71,29.0
RTLS_01029,EUREKA-VPL-009,nurse,2025-03-19 13:21:18.082930658,2025-03-19 13:21:31.428990435,ROOM_105,B2.82 1-bedskamer,2.82,13.346059
RTLS_03126,Voedingspomp 1,equipment,2025-03-19 13:21:25.000000000,2025-03-19 13:21:47.000000000,UTIL_A,B2.63 Utility,2.63,22.0
RTLS_01030,EUREKA-VPL-009,nurse,2025-03-19 13:21:31.428990435,2025-03-19 13:22:00.056813450,ROOM_104,B2.80 1-bedskamer,2.80,28.627823
RTLS_01354,EUREKA-VPL-011,nurse,2025-03-19 13:21:45.047736997,2025-03-19 13:21:51.141214199,ROOM_101,B2.74 1-bedskamer,2.74,6.093477
RTLS_01355,EUREKA-VPL-011,nurse,2025-03-19 13:21:51.141214199,2025-03-19 13:24:50.556931882,NS_A,B2.71 Open wacht,2.71,179.415717
RTLS_02191,Infuuspomp 3,equipment,2025-03-19 13:21:59.000000000,2025-03-19 13:22:12.000000000,UTIL_B,B2.75 Utility,2.75,13.0
RTLS_01031,EUREKA-VPL-009,nurse,2025-03-19 13:22:00.056813450,2025-03-19 13:22:21.006453134,NS_A,B2.71 Open wacht,2.71,20.949639
RTLS_02702,Glucosemeter 2,equipment,2025-03-19 13:22:13.000000000,2025-03-19 13:22:39.000000000,NS_B,B2.71.01 Dienstplaats,2.71.01,26.0
RTLS_01032,EUREKA-VPL-009,nurse,2025-03-19 13:22:21.006453134,2025-03-19 13:25:19.532740419,KITCHEN,B2.77 Keuken,2.77,178.526287
RTLS_03446,Voedingspomp 4,equipment,2025-03-19 13:22:25.000000000,2025-03-19 13:22:42.000000000,UTIL_B,B2.75 Utility,2.75,17.0
RTLS_02809,Toiletstoel 1,equipment,2025-03-19 13:22:29.000000000,2025-03-19 13:22:40.000000000,UTIL_A,B2.63 Utility,2.63,11.0
RTLS_03549,Voedingspomp 5,equipment,2025-03-19 13:22:35.000000000,2025-03-19 13:22:50.000000000,UTIL_A,B2.63 Utility,2.63,15.0
RTLS_02918,Toiletstoel 2,equipment,2025-03-19 13:22:48.000000000,2025-03-19 13:23:14.000000000,UTIL_B,B2.75 Utility,2.75,26.0
RTLS_02487,Bladderscan,equipment,2025-03-19 13:22:53.000000000,2025-03-19 13:23:17.000000000,UTIL_A,B2.63 Utility,2.63,24.0
RTLS_01972,Infuuspomp 1,equipment,2025-03-19 13:23:11.000000000,2025-03-19 13:23:39.000000000,UTIL_A,B2.63 Utility,2.63,28.0
RTLS_03235,Voedingspomp 2,equipment,2025-03-19 13:23:22.000000000,2025-03-19 13:23:43.000000000,UTIL_B,B2.75 Utility,2.75,21.0
RTLS_02295,Infuuspomp 4,equipment,2025-03-19 13:23:40.000000000,2025-03-19 13:24:14.000000000,UTIL_B,B2.75 Utility,2.75,34.0
RTLS_03550,Voedingspomp 5,equipment,2025-03-19 13:23:59.000000000,2025-03-19 13:24:36.000000000,UTIL_A,B2.63 Utility,2.63,37.0
RTLS_02393,Spuitaandrijver,equipment,2025-03-19 13:24:01.000000000,2025-03-19 13:24:37.000000000,UTIL_B,B2.75 Utility,2.75,36.0
RTLS_02810,Toiletstoel 1,equipment,2025-03-19 13:24:05.000000000,2025-03-19 13:24:34.000000000,UTIL_A,B2.63 Utility,2.63,29.0
RTLS_02192,Infuuspomp 3,equipment,2025-03-19 13:24:12.000000000,2025-03-19 13:24:47.000000000,UTIL_B,B2.75 Utility,2.75,35.0
RTLS_01209,EUREKA-VPL-010,nurse,2025-03-19 13:24:34.637675742,2025-03-19 13:59:59.999999742,STORE_B,B2.59 Berging,2.59,2125.362324
RTLS_01356,EUREKA-VPL-011,nurse,2025-03-19 13:24:50.556931882,2025-03-19 13:24:56.702235878,ROOM_103,B2.78 1-bedskamer,2.78,6.145303
RTLS_02919,Toiletstoel 2,equipment,2025-03-19 13:24:57.000000000,2025-03-19 13:25:05.000000000,UTIL_B,B2.75 Utility,2.75,8.0
RTLS_02811,Toiletstoel 1,equipment,2025-03-19 13:25:32.000000000,2025-03-19 13:26:00.000000000,UTIL_A,B2.63 Utility,2.63,28.0
RTLS_03236,Voedingspomp 2,equipment,2025-03-19 13:25:39.000000000,2025-03-19 13:25:47.000000000,UTIL_B,B2.75 Utility,2.75,8.0
RTLS_02703,Glucosemeter 2,equipment,2025-03-19 13:25:53.000000000,2025-03-19 13:26:27.000000000,NS_B,B2.71.01 Dienstplaats,2.71.01,34.0
RTLS_02083,Infuuspomp 2,equipment,2025-03-19 13:26:04.000000000,2025-03-19 13:26:39.000000000,UTIL_A,B2.63 Utility,2.63,35.0
RTLS_02599,Glucosemeter 1,equipment,2025-03-19 13:26:06.000000000,2025-03-19 13:26:26.000000000,NS_A,B2.71 Open wacht,2.71,20.0
RTLS_03340,Voedingspomp 3,equipment,2025-03-19 13:27:10.000000000,2025-03-19 13:27:32.000000000,UTIL_A,B2.63 Utility,2.63,22.0
RTLS_03447,Voedingspomp 4,equipment,2025-03-19 13:27:17.000000000,2025-03-19 13:27:46.000000000,UTIL_B,B2.75 Utility,2.75,29.0
RTLS_02296,Infuuspomp 4,equipment,2025-03-19 13:27:25.000000000,2025-03-19 13:27:51.000000000,UTIL_B,B2.75 Utility,2.75,26.0
RTLS_02812,Toiletstoel 1,equipment,2025-03-19 13:27:42.000000000,2025-03-19 13:27:55.000000000,UTIL_A,B2.63 Utility,2.63,13.0
RTLS_02704,Glucosemeter 2,equipment,2025-03-19 13:27:44.000000000,2025-03-19 13:27:52.000000000,NS_B,B2.71.01 Dienstplaats,2.71.01,8.0
RTLS_03237,Voedingspomp 2,equipment,2025-03-19 13:27:50.000000000,2025-03-19 13:28:27.000000000,UTIL_B,B2.75 Utility,2.75,37.0
RTLS_02394,Spuitaandrijver,equipment,2025-03-19 13:27:51.000000000,2025-03-19 13:28:23.000000000,UTIL_B,B2.75 Utility,2.75,32.0
RTLS_03024,Toiletstoel 3,equipment,2025-03-19 13:27:53.000000000,2025-03-19 13:28:03.000000000,STORAGE,B2.61 Opslag,2.61,10.0
RTLS_02488,Bladderscan,equipment,2025-03-19 13:27:56.000000000,2025-03-19 13:28:02.000000000,UTIL_A,B2.63 Utility,2.63,6.0
RTLS_01973,Infuuspomp 1,equipment,2025-03-19 13:28:23.000000000,2025-03-19 13:28:56.000000000,UTIL_A,B2.63 Utility,2.63,33.0
RTLS_03127,Voedingspomp 1,equipment,2025-03-19 13:28:30.000000000,2025-03-19 13:29:05.000000000,UTIL_A,B2.63 Utility,2.63,35.0
RTLS_03448,Voedingspomp 4,equipment,2025-03-19 13:28:42.000000000,2025-03-19 13:29:08.000000000,UTIL_B,B2.75 Utility,2.75,26.0
RTLS_00456,EUREKA-VPL-005,nurse,2025-03-19 13:28:44.288564946,2025-03-19 13:28:49.688990662,ROOM_105,B2.82 1-bedskamer,2.82,5.400425
RTLS_03551,Voedingspomp 5,equipment,2025-03-19 13:30:08.000000000,2025-03-19 13:30:20.000000000,UTIL_A,B2.63 Utility,2.63,12.0
RTLS_02489,Bladderscan,equipment,2025-03-19 13:30:47.000000000,2025-03-19 13:31:13.000000000,UTIL_A,B2.63 Utility,2.63,26.0
RTLS_03025,Toiletstoel 3,equipment,2025-03-19 13:30:59.000000000,2025-03-19 13:31:10.000000000,STORAGE,B2.61 Opslag,2.61,11.0
RTLS_02920,Toiletstoel 2,equipment,2025-03-19 13:31:15.000000000,2025-03-19 13:31:30.000000000,UTIL_B,B2.75 Utility,2.75,15.0
RTLS_01832,EUREKA-VPL-015,nurse,2025-03-19 13:31:23.000462467,2025-03-19 13:31:24.000462467,ROOM_103,B2.78 1-bedskamer,2.78,1.0
RTLS_01833,EUREKA-VPL-015,nurse,2025-03-19 13:31:24.000462467,2025-03-19 13:31:46.202782850,KITCHEN,B2.77 Keuken,2.77,22.20232
RTLS_02084,Infuuspomp 2,equipment,2025-03-19 13:31:37.000000000,2025-03-19 13:31:59.000000000,UTIL_A,B2.63 Utility,2.63,22.0
RTLS_01703,EUREKA-VPL-014,nurse,2025-03-19 13:31:38.093706264,2025-03-19 13:31:45.625648378,ROOM_110,B2.79 2-bedskamer,2.79,7.531942
RTLS_01704,EUREKA-VPL-014,nurse,2025-03-19 13:31:45.625648378,2025-03-19 13:33:55.861080915,ROOM_103,B2.78 1-bedskamer,2.78,130.235432
RTLS_01974,Infuuspomp 1,equipment,2025-03-19 13:31:46.000000000,2025-03-19 13:32:03.000000000,UTIL_A,B2.63 Utility,2.63,17.0
RTLS_01834,EUREKA-VPL-015,nurse,2025-03-19 13:31:46.202782850,2025-03-19 13:32:09.215052421,ROOM_102,B2.76 1-bedskamer,2.76,23.012269
RTLS_02193,Infuuspomp 3,equipment,2025-03-19 13:31:52.000000000,2025-03-19 13:32:21.000000000,UTIL_B,B2.75 Utility,2.75,29.0
RTLS_01835,EUREKA-VPL-015,nurse,2025-03-19 13:32:09.215052421,2025-03-19 13:32:31.580496503,NS_B,B2.71.01 Dienstplaats,2.71.01,22.365444
RTLS_01836,EUREKA-VPL-015,nurse,2025-03-19 13:32:31.580496503,2025-03-19 13:33:00.176019165,ROOM_107,B2.64 2-bedskamer,2.64,28.595522
RTLS_03341,Voedingspomp 3,equipment,2025-03-19 13:32:33.000000000,2025-03-19 13:32:49.000000000,UTIL_A,B2.63 Utility,2.63,16.0
RTLS_03026,Toiletstoel 3,equipment,2025-03-19 13:32:43.000000000,2025-03-19 13:32:48.000000000,STORAGE,B2.61 Opslag,2.61,5.0
RTLS_01837,EUREKA-VPL-015,nurse,2025-03-19 13:33:00.176019165,2025-03-19 13:33:03.132399852,ROOM_106,B2.62 2-bedskamer,2.62,2.9563800000000002
RTLS_01838,EUREKA-VPL-015,nurse,2025-03-19 13:33:03.132399852,2025-03-19 13:33:15.694587577,KITCHEN,B2.77 Keuken,2.77,12.562187
RTLS_00097,EUREKA-VPL-001,nurse,2025-03-19 13:33:13.244468166,2025-03-19 13:33:21.006663760,KITCHEN,B2.77 Keuken,2.77,7.762195
RTLS_02297,Infuuspomp 4,equipment,2025-03-19 13:33:20.000000000,2025-03-19 13:33:52.000000000,UTIL_B,B2.75 Utility,2.75,32.0
RTLS_01975,Infuuspomp 1,equipment,2025-03-19 13:33:20.000000000,2025-03-19 13:33:48.000000000,UTIL_A,B2.63 Utility,2.63,28.0
RTLS_02395,Spuitaandrijver,equipment,2025-03-19 13:33:21.000000000,2025-03-19 13:33:47.000000000,UTIL_B,B2.75 Utility,2.75,26.0
RTLS_00098,EUREKA-VPL-001,nurse,2025-03-19 13:33:21.006663760,2025-03-19 13:33:22.006663760,STORE_A,B2.53 Berging,2.53,1.0
RTLS_00099,EUREKA-VPL-001,nurse,2025-03-19 13:33:22.006663760,2025-03-19 13:33:30.800601153,ROOM_108,B2.66 2-bedskamer,2.66,8.793937
RTLS_02813,Toiletstoel 1,equipment,2025-03-19 13:33:30.000000000,2025-03-19 13:33:55.000000000,UTIL_A,B2.63 Utility,2.63,25.0
RTLS_00100,EUREKA-VPL-001,nurse,2025-03-19 13:33:30.800601153,2025-03-19 13:33:31.800601153,STORAGE,B2.61 Opslag,2.61,1.0
RTLS_00101,EUREKA-VPL-001,nurse,2025-03-19 13:33:31.800601153,2025-03-19 13:33:43.518451696,STORE_A,B2.53 Berging,2.53,11.71785
RTLS_01705,EUREKA-VPL-014,nurse,2025-03-19 13:33:55.861080915,2025-03-19 13:34:31.574861528,ROOM_110,B2.79 2-bedskamer,2.79,35.71378
RTLS_03552,Voedingspomp 5,equipment,2025-03-19 13:33:56.000000000,2025-03-19 13:34:24.000000000,UTIL_A,B2.63 Utility,2.63,28.0
RTLS_02600,Glucosemeter 1,equipment,2025-03-19 13:33:57.000000000,2025-03-19 13:34:07.000000000,NS_A,B2.71 Open wacht,2.71,10.0
RTLS_02085,Infuuspomp 2,equipment,2025-03-19 13:34:00.000000000,2025-03-19 13:34:10.000000000,UTIL_A,B2.63 Utility,2.63,10.0
RTLS_03238,Voedingspomp 2,equipment,2025-03-19 13:34:08.000000000,2025-03-19 13:34:17.000000000,UTIL_B,B2.75 Utility,2.75,9.0
RTLS_03027,Toiletstoel 3,equipment,2025-03-19 13:34:11.000000000,2025-03-19 13:34:33.000000000,STORAGE,B2.61 Opslag,2.61,22.0
RTLS_02705,Glucosemeter 2,equipment,2025-03-19 13:34:27.000000000,2025-03-19 13:34:34.000000000,NS_B,B2.71.01 Dienstplaats,2.71.01,7.0
RTLS_01706,EUREKA-VPL-014,nurse,2025-03-19 13:34:31.574861528,2025-03-19 13:59:59.999999528,STORE_A,B2.53 Berging,2.53,1528.425138
RTLS_02194,Infuuspomp 3,equipment,2025-03-19 13:34:50.000000000,2025-03-19 13:35:15.000000000,UTIL_B,B2.75 Utility,2.75,25.0
RTLS_03128,Voedingspomp 1,equipment,2025-03-19 13:35:06.000000000,2025-03-19 13:35:17.000000000,UTIL_A,B2.63 Utility,2.63,11.0
RTLS_02086,Infuuspomp 2,equipment,2025-03-19 13:35:07.000000000,2025-03-19 13:35:33.000000000,UTIL_A,B2.63 Utility,2.63,26.0
RTLS_03449,Voedingspomp 4,equipment,2025-03-19 13:35:45.000000000,2025-03-19 13:36:13.000000000,UTIL_B,B2.75 Utility,2.75,28.0
RTLS_03129,Voedingspomp 1,equipment,2025-03-19 13:36:23.000000000,2025-03-19 13:36:57.000000000,UTIL_A,B2.63 Utility,2.63,34.0
RTLS_03028,Toiletstoel 3,equipment,2025-03-19 13:36:24.000000000,2025-03-19 13:36:35.000000000,STORAGE,B2.61 Opslag,2.61,11.0
RTLS_03342,Voedingspomp 3,equipment,2025-03-19 13:36:40.000000000,2025-03-19 13:37:12.000000000,UTIL_A,B2.63 Utility,2.63,32.0
RTLS_02706,Glucosemeter 2,equipment,2025-03-19 13:36:41.000000000,2025-03-19 13:36:51.000000000,NS_B,B2.71.01 Dienstplaats,2.71.01,10.0
RTLS_02490,Bladderscan,equipment,2025-03-19 13:36:42.000000000,2025-03-19 13:37:11.000000000,UTIL_A,B2.63 Utility,2.63,29.0
RTLS_02396,Spuitaandrijver,equipment,2025-03-19 13:36:58.000000000,2025-03-19 13:37:30.000000000,UTIL_B,B2.75 Utility,2.75,32.0
RTLS_01895,EUREKA-VPL-003,nurse,2025-03-19 13:37:00.000000000,2025-03-19 13:39:00.000000000,UTIL_A,B2.63 Utility,2.63,120.0
RTLS_01541,EUREKA-VPL-013,nurse,2025-03-19 13:37:05.670278842,2025-03-19 13:48:32.835139342,PREP_B,B2.71.02 Voorbereiding,2.71.02,687.16486
RTLS_03239,Voedingspomp 2,equipment,2025-03-19 13:37:08.000000000,2025-03-19 13:37:26.000000000,UTIL_B,B2.75 Utility,2.75,18.0
RTLS_02921,Toiletstoel 2,equipment,2025-03-19 13:37:44.000000000,2025-03-19 13:38:19.000000000,UTIL_B,B2.75 Utility,2.75,35.0
RTLS_02707,Glucosemeter 2,equipment,2025-03-19 13:37:54.000000000,2025-03-19 13:38:02.000000000,NS_B,B2.71.01 Dienstplaats,2.71.01,8.0
RTLS_03029,Toiletstoel 3,equipment,2025-03-19 13:38:12.000000000,2025-03-19 13:38:40.000000000,STORAGE,B2.61 Opslag,2.61,28.0
RTLS_02087,Infuuspomp 2,equipment,2025-03-19 13:39:17.000000000,2025-03-19 13:39:28.000000000,UTIL_A,B2.63 Utility,2.63,11.0
RTLS_01976,Infuuspomp 1,equipment,2025-03-19 13:39:29.000000000,2025-03-19 13:39:58.000000000,UTIL_A,B2.63 Utility,2.63,29.0
RTLS_03240,Voedingspomp 2,equipment,2025-03-19 13:39:29.000000000,2025-03-19 13:40:02.000000000,UTIL_B,B2.75 Utility,2.75,33.0
RTLS_02814,Toiletstoel 1,equipment,2025-03-19 13:39:59.000000000,2025-03-19 13:40:24.000000000,UTIL_A,B2.63 Utility,2.63,25.0
RTLS_01896,EUREKA-VPL-003,nurse,2025-03-19 13:40:00.000000000,2025-03-19 13:46:40.000000000,ROOM_107,B2.64 2-bedskamer,2.64,400.0
RTLS_00757,EUREKA-VPL-007,nurse,2025-03-19 13:40:23.185954789,2025-03-19 13:41:39.324632098,PREP_A,B2.71.02 Voorbereiding,2.71.02,76.138677
RTLS_02195,Infuuspomp 3,equipment,2025-03-19 13:40:31.000000000,2025-03-19 13:41:04.000000000,UTIL_B,B2.75 Utility,2.75,33.0
RTLS_03343,Voedingspomp 3,equipment,2025-03-19 13:40:40.000000000,2025-03-19 13:40:45.000000000,UTIL_A,B2.63 Utility,2.63,5.0
RTLS_02088,Infuuspomp 2,equipment,2025-03-19 13:41:11.000000000,2025-03-19 13:41:18.000000000,UTIL_A,B2.63 Utility,2.63,7.0
RTLS_02298,Infuuspomp 4,equipment,2025-03-19 13:41:12.000000000,2025-03-19 13:41:37.000000000,UTIL_B,B2.75 Utility,2.75,25.0
RTLS_03450,Voedingspomp 4,equipment,2025-03-19 13:41:12.000000000,2025-03-19 13:41:19.000000000,UTIL_B,B2.75 Utility,2.75,7.0
RTLS_02601,Glucosemeter 1,equipment,2025-03-19 13:41:27.000000000,2025-03-19 13:41:54.000000000,NS_A,B2.71 Open wacht,2.71,27.0
RTLS_02815,Toiletstoel 1,equipment,2025-03-19 13:41:33.000000000,2025-03-19 13:42:05.000000000,UTIL_A,B2.63 Utility,2.63,32.0
RTLS_03553,Voedingspomp 5,equipment,2025-03-19 13:41:39.000000000,2025-03-19 13:42:02.000000000,UTIL_A,B2.63 Utility,2.63,23.0
RTLS_00758,EUREKA-VPL-007,nurse,2025-03-19 13:41:39.324632098,2025-03-19 13:41:43.947998737,KITCHEN,B2.77 Keuken,2.77,4.623366
RTLS_00759,EUREKA-VPL-007,nurse,2025-03-19 13:41:43.947998737,2025-03-19 13:42:21.776686418,ROOM_110,B2.79 2-bedskamer,2.79,37.828687
RTLS_00760,EUREKA-VPL-007,nurse,2025-03-19 13:42:21.776686418,2025-03-19 13:42:55.238967098,ROOM_105,B2.82 1-bedskamer,2.82,33.46228
RTLS_02708,Glucosemeter 2,equipment,2025-03-19 13:42:42.000000000,2025-03-19 13:43:08.000000000,NS_B,B2.71.01 Dienstplaats,2.71.01,26.0
RTLS_02196,Infuuspomp 3,equipment,2025-03-19 13:42:56.000000000,2025-03-19 13:43:25.000000000,UTIL_B,B2.75 Utility,2.75,29.0
RTLS_02397,Spuitaandrijver,equipment,2025-03-19 13:43:20.000000000,2025-03-19 13:43:51.000000000,UTIL_B,B2.75 Utility,2.75,31.0
RTLS_02922,Toiletstoel 2,equipment,2025-03-19 13:43:28.000000000,2025-03-19 13:43:58.000000000,UTIL_B,B2.75 Utility,2.75,30.0
RTLS_03030,Toiletstoel 3,equipment,2025-03-19 13:43:46.000000000,2025-03-19 13:44:22.000000000,STORAGE,B2.61 Opslag,2.61,36.0
RTLS_03130,Voedingspomp 1,equipment,2025-03-19 13:44:06.000000000,2025-03-19 13:44:19.000000000,UTIL_A,B2.63 Utility,2.63,13.0
RTLS_03344,Voedingspomp 3,equipment,2025-03-19 13:44:07.000000000,2025-03-19 13:44:24.000000000,UTIL_A,B2.63 Utility,2.63,17.0
RTLS_02602,Glucosemeter 1,equipment,2025-03-19 13:44:13.000000000,2025-03-19 13:44:40.000000000,NS_A,B2.71 Open wacht,2.71,27.0
RTLS_02816,Toiletstoel 1,equipment,2025-03-19 13:44:21.000000000,2025-03-19 13:44:30.000000000,UTIL_A,B2.63 Utility,2.63,9.0
RTLS_02709,Glucosemeter 2,equipment,2025-03-19 13:44:31.000000000,2025-03-19 13:45:07.000000000,NS_B,B2.71.01 Dienstplaats,2.71.01,36.0
RTLS_02491,Bladderscan,equipment,2025-03-19 13:44:40.000000000,2025-03-19 13:45:07.000000000,UTIL_A,B2.63 Utility,2.63,27.0
RTLS_03554,Voedingspomp 5,equipment,2025-03-19 13:44:41.000000000,2025-03-19 13:45:08.000000000,UTIL_A,B2.63 Utility,2.63,27.0
RTLS_03131,Voedingspomp 1,equipment,2025-03-19 13:45:27.000000000,2025-03-19 13:45:54.000000000,UTIL_A,B2.63 Utility,2.63,27.0
RTLS_02197,Infuuspomp 3,equipment,2025-03-19 13:45:33.000000000,2025-03-19 13:45:56.000000000,UTIL_B,B2.75 Utility,2.75,23.0
RTLS_01977,Infuuspomp 1,equipment,2025-03-19 13:45:49.000000000,2025-03-19 13:45:58.000000000,UTIL_A,B2.63 Utility,2.63,9.0
RTLS_03031,Toiletstoel 3,equipment,2025-03-19 13:45:56.000000000,2025-03-19 13:46:07.000000000,STORAGE,B2.61 Opslag,2.61,11.0
RTLS_02299,Infuuspomp 4,equipment,2025-03-19 13:46:21.000000000,2025-03-19 13:46:54.000000000,UTIL_B,B2.75 Utility,2.75,33.0
RTLS_02089,Infuuspomp 2,equipment,2025-03-19 13:46:26.000000000,2025-03-19 13:46:53.000000000,UTIL_A,B2.63 Utility,2.63,27.0
RTLS_02710,Glucosemeter 2,equipment,2025-03-19 13:46:35.000000000,2025-03-19 13:47:02.000000000,NS_B,B2.71.01 Dienstplaats,2.71.01,27.0
RTLS_02923,Toiletstoel 2,equipment,2025-03-19 13:46:40.000000000,2025-03-19 13:46:59.000000000,UTIL_B,B2.75 Utility,2.75,19.0
RTLS_03451,Voedingspomp 4,equipment,2025-03-19 13:47:09.000000000,2025-03-19 13:47:38.000000000,UTIL_B,B2.75 Utility,2.75,29.0
RTLS_03241,Voedingspomp 2,equipment,2025-03-19 13:47:11.000000000,2025-03-19 13:47:24.000000000,UTIL_B,B2.75 Utility,2.75,13.0
RTLS_03345,Voedingspomp 3,equipment,2025-03-19 13:48:02.000000000,2025-03-19 13:48:09.000000000,UTIL_A,B2.63 Utility,2.63,7.0
RTLS_03242,Voedingspomp 2,equipment,2025-03-19 13:48:20.000000000,2025-03-19 13:48:33.000000000,UTIL_B,B2.75 Utility,2.75,13.0
RTLS_01542,EUREKA-VPL-013,nurse,2025-03-19 13:48:32.835139342,2025-03-19 13:52:36.144335795,NS_B,B2.71.01 Dienstplaats,2.71.01,243.309196
RTLS_02492,Bladderscan,equipment,2025-03-19 13:49:50.000000000,2025-03-19 13:50:05.000000000,UTIL_A,B2.63 Utility,2.63,15.0
RTLS_03346,Voedingspomp 3,equipment,2025-03-19 13:49:51.000000000,2025-03-19 13:50:06.000000000,UTIL_A,B2.63 Utility,2.63,15.0
RTLS_03032,Toiletstoel 3,equipment,2025-03-19 13:50:00.000000000,2025-03-19 13:50:26.000000000,STORAGE,B2.61 Opslag,2.61,26.0
RTLS_02398,Spuitaandrijver,equipment,2025-03-19 13:50:03.000000000,2025-03-19 13:50:13.000000000,UTIL_B,B2.75 Utility,2.75,10.0
RTLS_03555,Voedingspomp 5,equipment,2025-03-19 13:50:34.000000000,2025-03-19 13:51:00.000000000,UTIL_A,B2.63 Utility,2.63,26.0
RTLS_02603,Glucosemeter 1,equipment,2025-03-19 13:50:34.000000000,2025-03-19 13:50:50.000000000,NS_A,B2.71 Open wacht,2.71,16.0
RTLS_03132,Voedingspomp 1,equipment,2025-03-19 13:50:41.000000000,2025-03-19 13:51:15.000000000,UTIL_A,B2.63 Utility,2.63,34.0
RTLS_02817,Toiletstoel 1,equipment,2025-03-19 13:51:14.000000000,2025-03-19 13:51:25.000000000,UTIL_A,B2.63 Utility,2.63,11.0
RTLS_01978,Infuuspomp 1,equipment,2025-03-19 13:51:16.000000000,2025-03-19 13:51:46.000000000,UTIL_A,B2.63 Utility,2.63,30.0
RTLS_03452,Voedingspomp 4,equipment,2025-03-19 13:51:47.000000000,2025-03-19 13:52:11.000000000,UTIL_B,B2.75 Utility,2.75,24.0
RTLS_02090,Infuuspomp 2,equipment,2025-03-19 13:51:57.000000000,2025-03-19 13:52:05.000000000,UTIL_A,B2.63 Utility,2.63,8.0
RTLS_03033,Toiletstoel 3,equipment,2025-03-19 13:52:08.000000000,2025-03-19 13:52:19.000000000,STORAGE,B2.61 Opslag,2.61,11.0
RTLS_03556,Voedingspomp 5,equipment,2025-03-19 13:52:08.000000000,2025-03-19 13:52:36.000000000,UTIL_A,B2.63 Utility,2.63,28.0
RTLS_02300,Infuuspomp 4,equipment,2025-03-19 13:52:19.000000000,2025-03-19 13:52:35.000000000,UTIL_B,B2.75 Utility,2.75,16.0
RTLS_01543,EUREKA-VPL-013,nurse,2025-03-19 13:52:36.144335795,2025-03-19 13:52:54.320865363,KITCHEN,B2.77 Keuken,2.77,18.176529
RTLS_02198,Infuuspomp 3,equipment,2025-03-19 13:52:40.000000000,2025-03-19 13:52:47.000000000,UTIL_B,B2.75 Utility,2.75,7.0
RTLS_01544,EUREKA-VPL-013,nurse,2025-03-19 13:52:54.320865363,2025-03-19 13:53:11.368472066,ROOM_110,B2.79 2-bedskamer,2.79,17.047606
RTLS_02091,Infuuspomp 2,equipment,2025-03-19 13:53:11.000000000,2025-03-19 13:53:19.000000000,UTIL_A,B2.63 Utility,2.63,8.0
RTLS_01545,EUREKA-VPL-013,nurse,2025-03-19 13:53:11.368472066,2025-03-19 13:55:57.240905786,ROOM_108,B2.66 2-bedskamer,2.66,165.872433
RTLS_02711,Glucosemeter 2,equipment,2025-03-19 13:53:14.000000000,2025-03-19 13:53:36.000000000,NS_B,B2.71.01 Dienstplaats,2.71.01,22.0
RTLS_03243,Voedingspomp 2,equipment,2025-03-19 13:53:17.000000000,2025-03-19 13:53:48.000000000,UTIL_B,B2.75 Utility,2.75,31.0
RTLS_02493,Bladderscan,equipment,2025-03-19 13:53:24.000000000,2025-03-19 13:53:56.000000000,UTIL_A,B2.63 Utility,2.63,32.0
RTLS_03557,Voedingspomp 5,equipment,2025-03-19 13:53:33.000000000,2025-03-19 13:54:07.000000000,UTIL_A,B2.63 Utility,2.63,34.0
RTLS_03347,Voedingspomp 3,equipment,2025-03-19 13:53:46.000000000,2025-03-19 13:53:51.000000000,UTIL_A,B2.63 Utility,2.63,5.0
RTLS_01979,Infuuspomp 1,equipment,2025-03-19 13:53:58.000000000,2025-03-19 13:54:18.000000000,UTIL_A,B2.63 Utility,2.63,20.0
RTLS_02604,Glucosemeter 1,equipment,2025-03-19 13:53:59.000000000,2025-03-19 13:54:31.000000000,NS_A,B2.71 Open wacht,2.71,32.0
RTLS_02924,Toiletstoel 2,equipment,2025-03-19 13:54:17.000000000,2025-03-19 13:54:48.000000000,UTIL_B,B2.75 Utility,2.75,31.0
RTLS_02199,Infuuspomp 3,equipment,2025-03-19 13:54:36.000000000,2025-03-19 13:55:07.000000000,UTIL_B,B2.75 Utility,2.75,31.0
RTLS_02818,Toiletstoel 1,equipment,2025-03-19 13:55:51.000000000,2025-03-19 13:56:12.000000000,UTIL_A,B2.63 Utility,2.63,21.0
RTLS_03133,Voedingspomp 1,equipment,2025-03-19 13:55:56.000000000,2025-03-19 13:56:26.000000000,UTIL_A,B2.63 Utility,2.63,30.0
RTLS_01546,EUREKA-VPL-013,nurse,2025-03-19 13:55:57.240905786,2025-03-19 13:56:00.898115007,ROOM_109,B2.68 2-bedskamer,2.68,3.657209
RTLS_03034,Toiletstoel 3,equipment,2025-03-19 13:55:58.000000000,2025-03-19 13:56:03.000000000,STORAGE,B2.61 Opslag,2.61,5.0
RTLS_02200,Infuuspomp 3,equipment,2025-03-19 13:56:04.000000000,2025-03-19 13:56:31.000000000,UTIL_B,B2.75 Utility,2.75,27.0
RTLS_02605,Glucosemeter 1,equipment,2025-03-19 13:56:25.000000000,2025-03-19 13:56:30.000000000,NS_A,B2.71 Open wacht,2.71,5.0
RTLS_03244,Voedingspomp 2,equipment,2025-03-19 13:56:54.000000000,2025-03-19 13:57:08.000000000,UTIL_B,B2.75 Utility,2.75,14.0
RTLS_02399,Spuitaandrijver,equipment,2025-03-19 13:56:55.000000000,2025-03-19 13:57:27.000000000,UTIL_B,B2.75 Utility,2.75,32.0
RTLS_02925,Toiletstoel 2,equipment,2025-03-19 13:57:00.000000000,2025-03-19 13:57:35.000000000,UTIL_B,B2.75 Utility,2.75,35.0
RTLS_03453,Voedingspomp 4,equipment,2025-03-19 13:57:10.000000000,2025-03-19 13:57:18.000000000,UTIL_B,B2.75 Utility,2.75,8.0
RTLS_03348,Voedingspomp 3,equipment,2025-03-19 13:57:17.000000000,2025-03-19 13:57:32.000000000,UTIL_A,B2.63 Utility,2.63,15.0
RTLS_02301,Infuuspomp 4,equipment,2025-03-19 13:57:38.000000000,2025-03-19 13:58:01.000000000,UTIL_B,B2.75 Utility,2.75,23.0
RTLS_02712,Glucosemeter 2,equipment,2025-03-19 13:57:44.000000000,2025-03-19 13:57:52.000000000,NS_B,B2.71.01 Dienstplaats,2.71.01,8.0
RTLS_02494,Bladderscan,equipment,2025-03-19 13:57:54.000000000,2025-03-19 13:58:22.000000000,UTIL_A,B2.63 Utility,2.63,28.0
RTLS_03349,Voedingspomp 3,equipment,2025-03-19 13:58:35.000000000,2025-03-19 13:58:48.000000000,UTIL_A,B2.63 Utility,2.63,13.0
RTLS_02092,Infuuspomp 2,equipment,2025-03-19 13:59:11.000000000,2025-03-19 13:59:40.000000000,UTIL_A,B2.63 Utility,2.63,29.0
RTLS_03035,Toiletstoel 3,equipment,2025-03-19 13:59:32.000000000,2025-03-19 14:00:02.000000000,STORAGE,B2.61 Opslag,2.61,30.0
RTLS_03245,Voedingspomp 2,equipment,2025-03-19 13:59:38.000000000,2025-03-19 13:59:43.000000000,UTIL_B,B2.75 Utility,2.75,5.0
RTLS_03454,Voedingspomp 4,equipment,2025-03-19 13:59:51.000000000,2025-03-19 14:00:22.000000000,UTIL_B,B2.75 Utility,2.75,31.0
RTLS_02400,Spuitaandrijver,equipment,2025-03-19 13:59:54.000000000,2025-03-19 14:00:31.000000000,UTIL_B,B2.75 Utility,2.75,37.0
RTLS_00102,EUREKA-VPL-001,nurse,2025-03-19 14:00:00.000000000,2025-03-19 14:00:21.688869724,ROOM_110,B2.79 2-bedskamer,2.79,21.688869
RTLS_00216,EUREKA-VPL-002,nurse,2025-03-19 14:00:00.000000000,2025-03-19 14:01:01.603823972,BATHROOM,B2.57 Stortbad,2.57,61.603823
RTLS_00283,EUREKA-VPL-003,nurse,2025-03-19 14:00:00.000000000,2025-03-19 14:00:33.720437348,NS_B,B2.71.01 Dienstplaats,2.71.01,33.720437
RTLS_01897,EUREKA-VPL-004,nurse,2025-03-19 14:00:00.000000000,2025-03-19 14:04:00.000000000,ROOM_112,B2.83 2-bedskamer,2.83,240.0
RTLS_00457,EUREKA-VPL-005,nurse,2025-03-19 14:00:00.000000000,2025-03-19 14:00:40.586680071,STORE_B,B2.59 Berging,2.59,40.58668
RTLS_00600,EUREKA-VPL-006,nurse,2025-03-19 14:00:00.000000000,2025-03-19 14:00:19.131245688,ROOM_102,B2.76 1-bedskamer,2.76,19.131245
RTLS_00761,EUREKA-VPL-007,nurse,2025-03-19 14:00:00.000000000,2025-03-19 14:09:00.000000000,UTIL_A,B2.63 Utility,2.63,540.0
RTLS_00897,EUREKA-VPL-008,nurse,2025-03-19 14:00:00.000000000,2025-03-19 14:11:15.000000000,STORE_A,B2.53 Berging,2.53,675.0
RTLS_01033,EUREKA-VPL-009,nurse,2025-03-19 14:00:00.000000000,2025-03-19 14:00:05.828534558,ROOM_109,B2.68 2-bedskamer,2.68,5.828534
RTLS_01210,EUREKA-VPL-010,nurse,2025-03-19 14:00:00.000000000,2025-03-19 14:07:30.000000000,PREP_A,B2.71.02 Voorbereiding,2.71.02,450.0
RTLS_01357,EUREKA-VPL-011,nurse,2025-03-19 14:00:00.000000000,2025-03-19 14:00:04.783674399,NS_A,B2.71 Open wacht,2.71,4.7836739999999995
RTLS_01445,EUREKA-VPL-012,nurse,2025-03-19 14:00:00.000000000,2025-03-19 14:00:12.278822735,ROOM_108,B2.66 2-bedskamer,2.66,12.278822
RTLS_01547,EUREKA-VPL-013,nurse,2025-03-19 14:00:00.000000000,2025-03-19 14:00:02.713906314,ROOM_106,B2.62 2-bedskamer,2.62,2.713906
RTLS_01707,EUREKA-VPL-014,nurse,2025-03-19 14:00:00.000000000,2025-03-19 14:01:05.578612541,KITCHEN,B2.77 Keuken,2.77,65.578612
RTLS_01839,EUREKA-VPL-015,nurse,2025-03-19 14:00:00.000000000,2025-03-19 14:00:55.653257857,ROOM_102,B2.76 1-bedskamer,2.76,55.653256999999996
RTLS_01898,Medicatiekar groen,equipment,2025-03-19 14:00:00.000000000,2025-03-19 14:04:00.000000000,ROOM_112,B2.83 2-bedskamer,2.83,240.0
RTLS_02495,Bladderscan,equipment,2025-03-19 14:00:02.000000000,2025-03-19 14:00:11.000000000,UTIL_A,B2.63 Utility,2.63,9.0
RTLS_01548,EUREKA-VPL-013,nurse,2025-03-19 14:00:02.713906314,2025-03-19 14:00:11.187283875,STORE_B,B2.59 Berging,2.59,8.473377
RTLS_01358,EUREKA-VPL-011,nurse,2025-03-19 14:00:04.783674399,2025-03-19 14:00:32.819955749,ROOM_104,B2.80 1-bedskamer,2.80,28.036281
RTLS_01034,EUREKA-VPL-009,nurse,2025-03-19 14:00:05.828534558,2025-03-19 14:00:09.437406792,STORAGE,B2.61 Opslag,2.61,3.608872
RTLS_01035,EUREKA-VPL-009,nurse,2025-03-19 14:00:09.437406792,2025-03-19 14:00:15.565235661,ROOM_102,B2.76 1-bedskamer,2.76,6.127828
RTLS_01549,EUREKA-VPL-013,nurse,2025-03-19 14:00:11.187283875,2025-03-19 14:00:13.534295824,BATH_B,B2.55 Badkamer,2.55,2.347011
RTLS_01446,EUREKA-VPL-012,nurse,2025-03-19 14:00:12.278822735,2025-03-19 14:22:37.674264110,PREP_A,B2.71.02 Voorbereiding,2.71.02,1345.395441
RTLS_01550,EUREKA-VPL-013,nurse,2025-03-19 14:00:13.534295824,2025-03-19 14:00:40.224432471,ROOM_106,B2.62 2-bedskamer,2.62,26.690136
RTLS_01036,EUREKA-VPL-009,nurse,2025-03-19 14:00:15.565235661,2025-03-19 14:01:57.724518443,ROOM_105,B2.82 1-bedskamer,2.82,102.159282
RTLS_02713,Glucosemeter 2,equipment,2025-03-19 14:00:19.000000000,2025-03-19 14:00:52.000000000,NS_B,B2.71.01 Dienstplaats,2.71.01,33.0
RTLS_00601,EUREKA-VPL-006,nurse,2025-03-19 14:00:19.131245688,2025-03-19 14:00:21.934906322,PREP_A,B2.71.02 Voorbereiding,2.71.02,2.80366
RTLS_00103,EUREKA-VPL-001,nurse,2025-03-19 14:00:21.688869724,2025-03-19 14:00:24.768031023,ROOM_108,B2.66 2-bedskamer,2.66,3.079161
RTLS_00602,EUREKA-VPL-006,nurse,2025-03-19 14:00:21.934906322,2025-03-19 14:00:34.260689506,ROOM_103,B2.78 1-bedskamer,2.78,12.325783
RTLS_02302,Infuuspomp 4,equipment,2025-03-19 14:00:23.000000000,2025-03-19 14:00:45.000000000,UTIL_B,B2.75 Utility,2.75,22.0
RTLS_00104,EUREKA-VPL-001,nurse,2025-03-19 14:00:24.768031023,2025-03-19 14:00:29.434505300,KITCHEN,B2.77 Keuken,2.77,4.666474
RTLS_00105,EUREKA-VPL-001,nurse,2025-03-19 14:00:29.434505300,2025-03-19 14:11:38.915535425,NS_B,B2.71.01 Dienstplaats,2.71.01,669.48103
RTLS_01359,EUREKA-VPL-011,nurse,2025-03-19 14:00:32.819955749,2025-03-19 14:01:45.779502362,KITCHEN,B2.77 Keuken,2.77,72.959546
RTLS_00284,EUREKA-VPL-003,nurse,2025-03-19 14:00:33.720437348,2025-03-19 14:01:33.705759234,NS_B,B2.71.01 Dienstplaats,2.71.01,59.985321
RTLS_00603,EUREKA-VPL-006,nurse,2025-03-19 14:00:34.260689506,2025-03-19 14:01:21.889239552,KITCHEN,B2.77 Keuken,2.77,47.62855
RTLS_03246,Voedingspomp 2,equipment,2025-03-19 14:00:38.000000000,2025-03-19 14:00:57.000000000,UTIL_B,B2.75 Utility,2.75,19.0
RTLS_01551,EUREKA-VPL-013,nurse,2025-03-19 14:00:40.224432471,2025-03-19 14:03:49.591057634,ROOM_110,B2.79 2-bedskamer,2.79,189.366625
RTLS_00458,EUREKA-VPL-005,nurse,2025-03-19 14:00:40.586680071,2025-03-19 14:00:48.205452919,NS_A,B2.71 Open wacht,2.71,7.618772
RTLS_02201,Infuuspomp 3,equipment,2025-03-19 14:00:42.000000000,2025-03-19 14:00:58.000000000,UTIL_B,B2.75 Utility,2.75,16.0
RTLS_00459,EUREKA-VPL-005,nurse,2025-03-19 14:00:48.205452919,2025-03-19 14:00:54.362816063,BATHROOM,B2.57 Stortbad,2.57,6.157363
RTLS_03558,Voedingspomp 5,equipment,2025-03-19 14:00:52.000000000,2025-03-19 14:01:15.000000000,UTIL_A,B2.63 Utility,2.63,23.0
RTLS_00460,EUREKA-VPL-005,nurse,2025-03-19 14:00:54.362816063,2025-03-19 14:17:01.354775063,ROOM_109,B2.68 2-bedskamer,2.68,966.991959
RTLS_01840,EUREKA-VPL-015,nurse,2025-03-19 14:00:55.653257857,2025-03-19 14:00:57.651229223,ROOM_108,B2.66 2-bedskamer,2.66,1.9979710000000002
RTLS_01841,EUREKA-VPL-015,nurse,2025-03-19 14:00:57.651229223,2025-03-19 14:01:02.204971546,ROOM_106,B2.62 2-bedskamer,2.62,4.553742
RTLS_00217,EUREKA-VPL-002,nurse,2025-03-19 14:01:01.603823972,2025-03-19 14:01:02.603823972,UTIL_B,B2.75 Utility,2.75,1.0
RTLS_01842,EUREKA-VPL-015,nurse,2025-03-19 14:01:02.204971546,2025-03-19 14:04:40.207618771,ROOM_104,B2.80 1-bedskamer,2.80,218.002647
RTLS_00218,EUREKA-VPL-002,nurse,2025-03-19 14:01:02.603823972,2025-03-19 14:01:24.545891932,ROOM_107,B2.64 2-bedskamer,2.64,21.942067
RTLS_01708,EUREKA-VPL-014,nurse,2025-03-19 14:01:05.578612541,2025-03-19 14:01:56.499204979,STORE_C,B2.65 Berging,2.65,50.920592
RTLS_01980,Infuuspomp 1,equipment,2025-03-19 14:01:16.000000000,2025-03-19 14:01:34.000000000,UTIL_A,B2.63 Utility,2.63,18.0
RTLS_00604,EUREKA-VPL-006,nurse,2025-03-19 14:01:21.889239552,2025-03-19 14:12:21.535007052,PREP_B,B2.71.02 Voorbereiding,2.71.02,659.645767
RTLS_00219,EUREKA-VPL-002,nurse,2025-03-19 14:01:24.545891932,2025-03-19 14:02:05.031253065,ROOM_102,B2.76 1-bedskamer,2.76,40.485361
RTLS_03350,Voedingspomp 3,equipment,2025-03-19 14:01:28.000000000,2025-03-19 14:01:37.000000000,UTIL_A,B2.63 Utility,2.63,9.0
RTLS_00285,EUREKA-VPL-003,nurse,2025-03-19 14:01:33.705759234,2025-03-19 14:01:35.898934365,ROOM_106,B2.62 2-bedskamer,2.62,2.193175
RTLS_00286,EUREKA-VPL-003,nurse,2025-03-19 14:01:35.898934365,2025-03-19 14:01:38.391529938,ROOM_110,B2.79 2-bedskamer,2.79,2.492595
RTLS_00287,EUREKA-VPL-003,nurse,2025-03-19 14:01:38.391529938,2025-03-19 14:01:50.184699854,ROOM_109,B2.68 2-bedskamer,2.68,11.793169
RTLS_01360,EUREKA-VPL-011,nurse,2025-03-19 14:01:45.779502362,2025-03-19 14:02:27.828009572,NS_B,B2.71.01 Dienstplaats,2.71.01,42.048507
RTLS_02926,Toiletstoel 2,equipment,2025-03-19 14:01:46.000000000,2025-03-19 14:02:18.000000000,UTIL_B,B2.75 Utility,2.75,32.0
RTLS_02606,Glucosemeter 1,equipment,2025-03-19 14:01:48.000000000,2025-03-19 14:02:22.000000000,NS_A,B2.71 Open wacht,2.71,34.0
RTLS_00288,EUREKA-VPL-003,nurse,2025-03-19 14:01:50.184699854,2025-03-19 14:01:51.184699854,ROOM_102,B2.76 1-bedskamer,2.76,1.0
RTLS_00289,EUREKA-VPL-003,nurse,2025-03-19 14:01:51.184699854,2025-03-19 14:02:27.715741962,ROOM_107,B2.64 2-bedskamer,2.64,36.531042
RTLS_01709,EUREKA-VPL-014,nurse,2025-03-19 14:01:56.499204979,2025-03-19 14:03:58.946420919,NS_B,B2.71.01 Dienstplaats,2.71.01,122.447215
RTLS_01037,EUREKA-VPL-009,nurse,2025-03-19 14:01:57.724518443,2025-03-19 14:09:36.710084610,PREP_B,B2.71.02 Voorbereiding,2.71.02,458.985566
RTLS_00220,EUREKA-VPL-002,nurse,2025-03-19 14:02:05.031253065,2025-03-19 14:02:14.448053736,KITCHEN,B2.77 Keuken,2.77,9.4168
RTLS_02819,Toiletstoel 1,equipment,2025-03-19 14:02:12.000000000,2025-03-19 14:02:18.000000000,UTIL_A,B2.63 Utility,2.63,6.0
RTLS_00221,EUREKA-VPL-002,nurse,2025-03-19 14:02:14.448053736,2025-03-19 14:23:54.030033486,STORE_C,B2.65 Berging,2.65,1299.581979
RTLS_02496,Bladderscan,equipment,2025-03-19 14:02:27.000000000,2025-03-19 14:02:38.000000000,UTIL_A,B2.63 Utility,2.63,11.0
RTLS_01361,EUREKA-VPL-011,nurse,2025-03-19 14:02:27.828009572,2025-03-19 14:02:43.732664356,STORE_A,B2.53 Berging,2.53,15.904654
RTLS_02093,Infuuspomp 2,equipment,2025-03-19 14:02:28.000000000,2025-03-19 14:02:34.000000000,UTIL_A,B2.63 Utility,2.63,6.0
RTLS_03134,Voedingspomp 1,equipment,2025-03-19 14:02:32.000000000,2025-03-19 14:02:37.000000000,UTIL_A,B2.63 Utility,2.63,5.0
RTLS_01362,EUREKA-VPL-011,nurse,2025-03-19 14:02:43.732664356,2025-03-19 14:02:58.470261164,KITCHEN,B2.77 Keuken,2.77,14.737596
RTLS_01363,EUREKA-VPL-011,nurse,2025-03-19 14:02:58.470261164,2025-03-19 14:03:13.700872788,ROOM_109,B2.68 2-bedskamer,2.68,15.230611
RTLS_01364,EUREKA-VPL-011,nurse,2025-03-19 14:03:13.700872788,2025-03-19 14:03:44.418674602,KITCHEN,B2.77 Keuken,2.77,30.717801
RTLS_01365,EUREKA-VPL-011,nurse,2025-03-19 14:03:44.418674602,2025-03-19 14:04:10.715284509,ROOM_101,B2.74 1-bedskamer,2.74,26.296609
RTLS_01552,EUREKA-VPL-013,nurse,2025-03-19 14:03:49.591057634,2025-03-19 14:05:13.034448749,ROOM_108,B2.66 2-bedskamer,2.66,83.443391
RTLS_02820,Toiletstoel 1,equipment,2025-03-19 14:03:50.000000000,2025-03-19 14:04:08.000000000,UTIL_A,B2.63 Utility,2.63,18.0
RTLS_01710,EUREKA-VPL-014,nurse,2025-03-19 14:03:58.946420919,2025-03-19 14:04:15.902021306,PREP_B,B2.71.02 Voorbereiding,2.71.02,16.9556
RTLS_02714,Glucosemeter 2,equipment,2025-03-19 14:04:02.000000000,2025-03-19 14:04:08.000000000,NS_B,B2.71.01 Dienstplaats,2.71.01,6.0
RTLS_01366,EUREKA-VPL-011,nurse,2025-03-19 14:04:10.715284509,2025-03-19 14:04:19.729850414,NS_B,B2.71.01 Dienstplaats,2.71.01,9.014565
RTLS_01711,EUREKA-VPL-014,nurse,2025-03-19 14:04:15.902021306,2025-03-19 14:04:34.371969473,NS_B,B2.71.01 Dienstplaats,2.71.01,18.469948
RTLS_01367,EUREKA-VPL-011,nurse,2025-03-19 14:04:19.729850414,2025-03-19 14:04:23.541770633,ROOM_108,B2.66 2-bedskamer,2.66,3.8119199999999998
RTLS_01368,EUREKA-VPL-011,nurse,2025-03-19 14:04:23.541770633,2025-03-19 14:11:11.643417974,NS_B,B2.71.01 Dienstplaats,2.71.01,408.101647
RTLS_03036,Toiletstoel 3,equipment,2025-03-19 14:04:24.000000000,2025-03-19 14:04:43.000000000,STORAGE,B2.61 Opslag,2.61,19.0
RTLS_03135,Voedingspomp 1,equipment,2025-03-19 14:04:26.000000000,2025-03-19 14:04:56.000000000,UTIL_A,B2.63 Utility,2.63,30.0
RTLS_01712,EUREKA-VPL-014,nurse,2025-03-19 14:04:34.371969473,2025-03-19 14:13:48.643307806,PREP_B,B2.71.02 Voorbereiding,2.71.02,554.271338
RTLS_01843,EUREKA-VPL-015,nurse,2025-03-19 14:04:40.207618771,2025-03-19 14:05:36.571566255,ROOM_103,B2.78 1-bedskamer,2.78,56.363947
RTLS_02401,Spuitaandrijver,equipment,2025-03-19 14:04:53.000000000,2025-03-19 14:05:08.000000000,UTIL_B,B2.75 Utility,2.75,15.0
RTLS_01553,EUREKA-VPL-013,nurse,2025-03-19 14:05:13.034448749,2025-03-19 14:06:21.986925310,ROOM_105,B2.82 1-bedskamer,2.82,68.952476
RTLS_02094,Infuuspomp 2,equipment,2025-03-19 14:05:32.000000000,2025-03-19 14:06:03.000000000,UTIL_A,B2.63 Utility,2.63,31.0
RTLS_01844,EUREKA-VPL-015,nurse,2025-03-19 14:05:36.571566255,2025-03-19 14:06:01.773922994,KITCHEN,B2.77 Keuken,2.77,25.202356
RTLS_02303,Infuuspomp 4,equipment,2025-03-19 14:05:46.000000000,2025-03-19 14:06:20.000000000,UTIL_B,B2.75 Utility,2.75,34.0
RTLS_03247,Voedingspomp 2,equipment,2025-03-19 14:05:55.000000000,2025-03-19 14:06:00.000000000,UTIL_B,B2.75 Utility,2.75,5.0
RTLS_01845,EUREKA-VPL-015,nurse,2025-03-19 14:06:01.773922994,2025-03-19 14:06:19.157347108,ROOM_106,B2.62 2-bedskamer,2.62,17.383424
RTLS_01846,EUREKA-VPL-015,nurse,2025-03-19 14:06:19.157347108,2025-03-19 14:08:21.406043511,ROOM_101,B2.74 1-bedskamer,2.74,122.248696
RTLS_01554,EUREKA-VPL-013,nurse,2025-03-19 14:06:21.986925310,2025-03-19 14:07:02.662097152,ROOM_102,B2.76 1-bedskamer,2.76,40.675171
RTLS_03559,Voedingspomp 5,equipment,2025-03-19 14:06:25.000000000,2025-03-19 14:06:32.000000000,UTIL_A,B2.63 Utility,2.63,7.0
RTLS_02607,Glucosemeter 1,equipment,2025-03-19 14:06:33.000000000,2025-03-19 14:06:42.000000000,NS_A,B2.71 Open wacht,2.71,9.0
RTLS_02927,Toiletstoel 2,equipment,2025-03-19 14:06:38.000000000,2025-03-19 14:07:02.000000000,UTIL_B,B2.75 Utility,2.75,24.0
RTLS_03136,Voedingspomp 1,equipment,2025-03-19 14:06:58.000000000,2025-03-19 14:07:09.000000000,UTIL_A,B2.63 Utility,2.63,11.0
RTLS_01555,EUREKA-VPL-013,nurse,2025-03-19 14:07:02.662097152,2025-03-19 14:07:20.471424115,ROOM_101,B2.74 1-bedskamer,2.74,17.809326
RTLS_01556,EUREKA-VPL-013,nurse,2025-03-19 14:07:20.471424115,2025-03-19 14:07:27.300228122,ROOM_102,B2.76 1-bedskamer,2.76,6.828804
RTLS_01981,Infuuspomp 1,equipment,2025-03-19 14:07:27.000000000,2025-03-19 14:07:49.000000000,UTIL_A,B2.63 Utility,2.63,22.0
RTLS_01557,EUREKA-VPL-013,nurse,2025-03-19 14:07:27.300228122,2025-03-19 14:07:52.252609451,ROOM_109,B2.68 2-bedskamer,2.68,24.952381
RTLS_02402,Spuitaandrijver,equipment,2025-03-19 14:07:28.000000000,2025-03-19 14:07:45.000000000,UTIL_B,B2.75 Utility,2.75,17.0
RTLS_01211,EUREKA-VPL-010,nurse,2025-03-19 14:07:30.000000000,2025-03-19 14:10:06.794765107,NS_A,B2.71 Open wacht,2.71,156.794765
RTLS_03351,Voedingspomp 3,equipment,2025-03-19 14:07:30.000000000,2025-03-19 14:07:37.000000000,UTIL_A,B2.63 Utility,2.63,7.0
RTLS_02497,Bladderscan,equipment,2025-03-19 14:07:32.000000000,2025-03-19 14:07:58.000000000,UTIL_A,B2.63 Utility,2.63,26.0
RTLS_02202,Infuuspomp 3,equipment,2025-03-19 14:07:35.000000000,2025-03-19 14:08:08.000000000,UTIL_B,B2.75 Utility,2.75,33.0
RTLS_03455,Voedingspomp 4,equipment,2025-03-19 14:07:44.000000000,2025-03-19 14:07:57.000000000,UTIL_B,B2.75 Utility,2.75,13.0
RTLS_02095,Infuuspomp 2,equipment,2025-03-19 14:07:50.000000000,2025-03-19 14:08:21.000000000,UTIL_A,B2.63 Utility,2.63,31.0
RTLS_01558,EUREKA-VPL-013,nurse,2025-03-19 14:07:52.252609451,2025-03-19 14:08:19.894306746,NS_B,B2.71.01 Dienstplaats,2.71.01,27.641697
RTLS_02821,Toiletstoel 1,equipment,2025-03-19 14:08:08.000000000,2025-03-19 14:08:39.000000000,UTIL_A,B2.63 Utility,2.63,31.0
RTLS_03248,Voedingspomp 2,equipment,2025-03-19 14:08:10.000000000,2025-03-19 14:08:45.000000000,UTIL_B,B2.75 Utility,2.75,35.0
RTLS_01559,EUREKA-VPL-013,nurse,2025-03-19 14:08:19.894306746,2025-03-19 14:08:22.509283869,ROOM_102,B2.76 1-bedskamer,2.76,2.614977
RTLS_01847,EUREKA-VPL-015,nurse,2025-03-19 14:08:21.406043511,2025-03-19 14:08:43.504474709,ROOM_106,B2.62 2-bedskamer,2.62,22.098431
RTLS_01560,EUREKA-VPL-013,nurse,2025-03-19 14:08:22.509283869,2025-03-19 14:08:27.694459404,ROOM_108,B2.66 2-bedskamer,2.66,5.185175
RTLS_01848,EUREKA-VPL-015,nurse,2025-03-19 14:08:43.504474709,2025-03-19 14:08:54.683507729,ROOM_105,B2.82 1-bedskamer,2.82,11.179033
RTLS_03037,Toiletstoel 3,equipment,2025-03-19 14:08:49.000000000,2025-03-19 14:09:25.000000000,STORAGE,B2.61 Opslag,2.61,36.0
RTLS_02403,Spuitaandrijver,equipment,2025-03-19 14:08:50.000000000,2025-03-19 14:09:17.000000000,UTIL_B,B2.75 Utility,2.75,27.0
RTLS_01849,EUREKA-VPL-015,nurse,2025-03-19 14:08:54.683507729,2025-03-19 14:09:02.085755423,KITCHEN,B2.77 Keuken,2.77,7.402247
RTLS_02928,Toiletstoel 2,equipment,2025-03-19 14:08:57.000000000,2025-03-19 14:09:13.000000000,UTIL_B,B2.75 Utility,2.75,16.0
RTLS_00762,EUREKA-VPL-007,nurse,2025-03-19 14:09:00.000000000,2025-03-19 14:09:01.213880085,KITCHEN,B2.77 Keuken,2.77,1.21388
RTLS_00763,EUREKA-VPL-007,nurse,2025-03-19 14:09:01.213880085,2025-03-19 14:17:31.011566584,PREP_A,B2.71.02 Voorbereiding,2.71.02,509.797686
RTLS_01850,EUREKA-VPL-015,nurse,2025-03-19 14:09:02.085755423,2025-03-19 14:33:27.624934911,PREP_B,B2.71.02 Voorbereiding,2.71.02,1465.539179
RTLS_01038,EUREKA-VPL-009,nurse,2025-03-19 14:09:36.710084610,2025-03-19 14:13:45.957473269,NS_B,B2.71.01 Dienstplaats,2.71.01,249.247388
RTLS_02715,Glucosemeter 2,equipment,2025-03-19 14:09:51.000000000,2025-03-19 14:10:18.000000000,NS_B,B2.71.01 Dienstplaats,2.71.01,27.0
RTLS_00361,EUREKA-VPL-004,nurse,2025-03-19 14:10:00.667522071,2025-03-19 14:10:39.514487544,STORAGE,B2.61 Opslag,2.61,38.846965
RTLS_01212,EUREKA-VPL-010,nurse,2025-03-19 14:10:06.794765107,2025-03-19 14:16:54.959115197,PREP_A,B2.71.02 Voorbereiding,2.71.02,408.16435
RTLS_00362,EUREKA-VPL-004,nurse,2025-03-19 14:10:39.514487544,2025-03-19 14:47:39.878621544,ROOM_106,B2.62 2-bedskamer,2.62,2220.364134
RTLS_02304,Infuuspomp 4,equipment,2025-03-19 14:11:03.000000000,2025-03-19 14:11:13.000000000,UTIL_B,B2.75 Utility,2.75,10.0
RTLS_02203,Infuuspomp 3,equipment,2025-03-19 14:11:09.000000000,2025-03-19 14:11:14.000000000,UTIL_B,B2.75 Utility,2.75,5.0
RTLS_02608,Glucosemeter 1,equipment,2025-03-19 14:11:09.000000000,2025-03-19 14:11:22.000000000,NS_A,B2.71 Open wacht,2.71,13.0
RTLS_01369,EUREKA-VPL-011,nurse,2025-03-19 14:11:11.643417974,2025-03-19 14:12:24.443142850,NS_B,B2.71.01 Dienstplaats,2.71.01,72.799724
RTLS_00898,EUREKA-VPL-008,nurse,2025-03-19 14:11:15.000000000,2025-03-19 14:11:58.210492929,ROOM_109,B2.68 2-bedskamer,2.68,43.210492
RTLS_03456,Voedingspomp 4,equipment,2025-03-19 14:11:28.000000000,2025-03-19 14:12:03.000000000,UTIL_B,B2.75 Utility,2.75,35.0
RTLS_02716,Glucosemeter 2,equipment,2025-03-19 14:11:34.000000000,2025-03-19 14:11:40.000000000,NS_B,B2.71.01 Dienstplaats,2.71.01,6.0
RTLS_00106,EUREKA-VPL-001,nurse,2025-03-19 14:11:38.915535425,2025-03-19 14:12:19.223409477,ROOM_102,B2.76 1-bedskamer,2.76,40.307874
RTLS_00899,EUREKA-VPL-008,nurse,2025-03-19 14:11:58.210492929,2025-03-19 14:12:59.600746101,KITCHEN,B2.77 Keuken,2.77,61.390253
RTLS_02096,Infuuspomp 2,equipment,2025-03-19 14:12:17.000000000,2025-03-19 14:12:26.000000000,UTIL_A,B2.63 Utility,2.63,9.0
RTLS_03352,Voedingspomp 3,equipment,2025-03-19 14:12:19.000000000,2025-03-19 14:12:45.000000000,UTIL_A,B2.63 Utility,2.63,26.0
RTLS_00107,EUREKA-VPL-001,nurse,2025-03-19 14:12:19.223409477,2025-03-19 14:17:08.999445416,ROOM_104,B2.80 1-bedskamer,2.80,289.776035
RTLS_00605,EUREKA-VPL-006,nurse,2025-03-19 14:12:21.535007052,2025-03-19 14:21:53.228005452,ROOM_107,B2.64 2-bedskamer,2.64,571.692998
RTLS_01370,EUREKA-VPL-011,nurse,2025-03-19 14:12:24.443142850,2025-03-19 14:12:52.895504554,KITCHEN,B2.77 Keuken,2.77,28.452361
RTLS_02498,Bladderscan,equipment,2025-03-19 14:12:32.000000000,2025-03-19 14:12:46.000000000,UTIL_A,B2.63 Utility,2.63,14.0
RTLS_01371,EUREKA-VPL-011,nurse,2025-03-19 14:12:52.895504554,2025-03-19 14:13:08.335273549,PREP_A,B2.71.02 Voorbereiding,2.71.02,15.439768
RTLS_02204,Infuuspomp 3,equipment,2025-03-19 14:12:55.000000000,2025-03-19 14:13:03.000000000,UTIL_B,B2.75 Utility,2.75,8.0
RTLS_00900,EUREKA-VPL-008,nurse,2025-03-19 14:12:59.600746101,2025-03-19 14:13:16.754886975,ROOM_101,B2.74 1-bedskamer,2.74,17.15414
RTLS_03137,Voedingspomp 1,equipment,2025-03-19 14:13:02.000000000,2025-03-19 14:13:13.000000000,UTIL_A,B2.63 Utility,2.63,11.0
RTLS_01982,Infuuspomp 1,equipment,2025-03-19 14:13:04.000000000,2025-03-19 14:13:29.000000000,UTIL_A,B2.63 Utility,2.63,25.0
RTLS_01372,EUREKA-VPL-011,nurse,2025-03-19 14:13:08.335273549,2025-03-19 14:13:12.251126417,ROOM_104,B2.80 1-bedskamer,2.80,3.915852
RTLS_03560,Voedingspomp 5,equipment,2025-03-19 14:13:14.000000000,2025-03-19 14:13:27.000000000,UTIL_A,B2.63 Utility,2.63,13.0
RTLS_02717,Glucosemeter 2,equipment,2025-03-19 14:13:16.000000000,2025-03-19 14:13:22.000000000,NS_B,B2.71.01 Dienstplaats,2.71.01,6.0
RTLS_00901,EUREKA-VPL-008,nurse,2025-03-19 14:13:16.754886975,2025-03-19 14:13:43.904688064,KITCHEN,B2.77 Keuken,2.77,27.149801
RTLS_02822,Toiletstoel 1,equipment,2025-03-19 14:13:33.000000000,2025-03-19 14:13:42.000000000,UTIL_A,B2.63 Utility,2.63,9.0
RTLS_00902,EUREKA-VPL-008,nurse,2025-03-19 14:13:43.904688064,2025-03-19 14:14:10.314132232,ROOM_109,B2.68 2-bedskamer,2.68,26.409444
RTLS_03038,Toiletstoel 3,equipment,2025-03-19 14:13:44.000000000,2025-03-19 14:14:06.000000000,STORAGE,B2.61 Opslag,2.61,22.0
RTLS_01039,EUREKA-VPL-009,nurse,2025-03-19 14:13:45.957473269,2025-03-19 14:25:19.468104769,PREP_A,B2.71.02 Voorbereiding,2.71.02,693.510631
RTLS_01713,EUREKA-VPL-014,nurse,2025-03-19 14:13:48.643307806,2025-03-19 14:14:01.956118104,BATHROOM,B2.57 Stortbad,2.57,13.31281
RTLS_03457,Voedingspomp 4,equipment,2025-03-19 14:13:58.000000000,2025-03-19 14:14:11.000000000,UTIL_B,B2.75 Utility,2.75,13.0
RTLS_01714,EUREKA-VPL-014,nurse,2025-03-19 14:14:01.956118104,2025-03-19 14:14:08.810466505,STORE_A,B2.53 Berging,2.53,6.854348
RTLS_01715,EUREKA-VPL-014,nurse,2025-03-19 14:14:08.810466505,2025-03-19 14:23:19.048373105,BATH_B,B2.55 Badkamer,2.55,550.237906
RTLS_00903,EUREKA-VPL-008,nurse,2025-03-19 14:14:10.314132232,2025-03-19 14:15:20.730056992,NS_A,B2.71 Open wacht,2.71,70.415924
RTLS_02404,Spuitaandrijver,equipment,2025-03-19 14:14:52.000000000,2025-03-19 14:15:19.000000000,UTIL_B,B2.75 Utility,2.75,27.0
RTLS_02929,Toiletstoel 2,equipment,2025-03-19 14:14:54.000000000,2025-03-19 14:15:26.000000000,UTIL_B,B2.75 Utility,2.75,32.0
RTLS_03138,Voedingspomp 1,equipment,2025-03-19 14:15:03.000000000,2025-03-19 14:15:08.000000000,UTIL_A,B2.63 Utility,2.63,5.0
RTLS_00904,EUREKA-VPL-008,nurse,2025-03-19 14:15:20.730056992,2025-03-19 14:15:32.505562899,ROOM_106,B2.62 2-bedskamer,2.62,11.775505
RTLS_03458,Voedingspomp 4,equipment,2025-03-19 14:15:23.000000000,2025-03-19 14:15:35.000000000,UTIL_B,B2.75 Utility,2.75,12.0
RTLS_00905,EUREKA-VPL-008,nurse,2025-03-19 14:15:32.505562899,2025-03-19 14:23:15.094678827,NS_B,B2.71.01 Dienstplaats,2.71.01,462.589115
RTLS_03561,Voedingspomp 5,equipment,2025-03-19 14:16:02.000000000,2025-03-19 14:16:30.000000000,UTIL_A,B2.63 Utility,2.63,28.0
RTLS_03249,Voedingspomp 2,equipment,2025-03-19 14:16:13.000000000,2025-03-19 14:16:39.000000000,UTIL_B,B2.75 Utility,2.75,26.0
RTLS_02930,Toiletstoel 2,equipment,2025-03-19 14:16:51.000000000,2025-03-19 14:16:58.000000000,UTIL_B,B2.75 Utility,2.75,7.0
RTLS_01213,EUREKA-VPL-010,nurse,2025-03-19 14:16:54.959115197,2025-03-19 14:17:28.288229821,BATH_B,B2.55 Badkamer,2.55,33.329114
RTLS_00108,EUREKA-VPL-001,nurse,2025-03-19 14:17:08.999445416,2025-03-19 14:18:01.473491879,KITCHEN,B2.77 Keuken,2.77,52.474046
RTLS_02499,Bladderscan,equipment,2025-03-19 14:17:28.000000000,2025-03-19 14:17:36.000000000,UTIL_A,B2.63 Utility,2.63,8.0
RTLS_01214,EUREKA-VPL-010,nurse,2025-03-19 14:17:28.288229821,2025-03-19 14:18:47.282585114,BATH_B,B2.55 Badkamer,2.55,78.994355
RTLS_00764,EUREKA-VPL-007,nurse,2025-03-19 14:17:31.011566584,2025-03-19 14:25:00.833054760,NS_B,B2.71.01 Dienstplaats,2.71.01,449.821488
RTLS_02609,Glucosemeter 1,equipment,2025-03-19 14:17:45.000000000,2025-03-19 14:18:10.000000000,NS_A,B2.71 Open wacht,2.71,25.0
RTLS_00109,EUREKA-VPL-001,nurse,2025-03-19 14:18:01.473491879,2025-03-19 14:18:21.975913636,ROOM_104,B2.80 1-bedskamer,2.80,20.502421
RTLS_02718,Glucosemeter 2,equipment,2025-03-19 14:18:20.000000000,2025-03-19 14:18:29.000000000,NS_B,B2.71.01 Dienstplaats,2.71.01,9.0
RTLS_00110,EUREKA-VPL-001,nurse,2025-03-19 14:18:21.975913636,2025-03-19 14:18:37.936647456,KITCHEN,B2.77 Keuken,2.77,15.960733
RTLS_00111,EUREKA-VPL-001,nurse,2025-03-19 14:18:37.936647456,2025-03-19 14:18:49.195448702,ROOM_105,B2.82 1-bedskamer,2.82,11.258801
RTLS_02305,Infuuspomp 4,equipment,2025-03-19 14:18:41.000000000,2025-03-19 14:19:05.000000000,UTIL_B,B2.75 Utility,2.75,24.0
RTLS_01983,Infuuspomp 1,equipment,2025-03-19 14:18:41.000000000,2025-03-19 14:19:11.000000000,UTIL_A,B2.63 Utility,2.63,30.0
RTLS_01215,EUREKA-VPL-010,nurse,2025-03-19 14:18:47.282585114,2025-03-19 14:18:56.694085205,BATH_B,B2.55 Badkamer,2.55,9.4115
RTLS_00112,EUREKA-VPL-001,nurse,2025-03-19 14:18:49.195448702,2025-03-19 14:20:06.143877350,STORE_A,B2.53 Berging,2.53,76.948428
RTLS_01216,EUREKA-VPL-010,nurse,2025-03-19 14:18:56.694085205,2025-03-19 14:20:12.550689211,ROOM_108,B2.66 2-bedskamer,2.66,75.856604
RTLS_03353,Voedingspomp 3,equipment,2025-03-19 14:18:59.000000000,2025-03-19 14:19:22.000000000,UTIL_A,B2.63 Utility,2.63,23.0
RTLS_03139,Voedingspomp 1,equipment,2025-03-19 14:19:07.000000000,2025-03-19 14:19:33.000000000,UTIL_A,B2.63 Utility,2.63,26.0
RTLS_02097,Infuuspomp 2,equipment,2025-03-19 14:19:32.000000000,2025-03-19 14:19:54.000000000,UTIL_A,B2.63 Utility,2.63,22.0
RTLS_02405,Spuitaandrijver,equipment,2025-03-19 14:19:50.000000000,2025-03-19 14:20:06.000000000,UTIL_B,B2.75 Utility,2.75,16.0
RTLS_01899,EUREKA-VPL-005,nurse,2025-03-19 14:20:00.000000000,2025-03-19 14:23:00.000000000,ROOM_104,B2.80 1-bedskamer,2.80,180.0
RTLS_01900,Medicatiekar geel,equipment,2025-03-19 14:20:00.000000000,2025-03-19 14:23:00.000000000,ROOM_104,B2.80 1-bedskamer,2.80,180.0
RTLS_00113,EUREKA-VPL-001,nurse,2025-03-19 14:20:06.143877350,2025-03-19 14:20:30.946853770,ROOM_108,B2.66 2-bedskamer,2.66,24.802976
RTLS_01217,EUREKA-VPL-010,nurse,2025-03-19 14:20:12.550689211,2025-03-19 14:21:51.908237755,ROOM_103,B2.78 1-bedskamer,2.78,99.357548
RTLS_02205,Infuuspomp 3,equipment,2025-03-19 14:20:28.000000000,2025-03-19 14:20:52.000000000,UTIL_B,B2.75 Utility,2.75,24.0
RTLS_00114,EUREKA-VPL-001,nurse,2025-03-19 14:20:30.946853770,2025-03-19 14:21:09.843532273,ROOM_109,B2.68 2-bedskamer,2.68,38.896678
RTLS_03459,Voedingspomp 4,equipment,2025-03-19 14:20:41.000000000,2025-03-19 14:20:57.000000000,UTIL_B,B2.75 Utility,2.75,16.0
RTLS_03250,Voedingspomp 2,equipment,2025-03-19 14:20:59.000000000,2025-03-19 14:21:23.000000000,UTIL_B,B2.75 Utility,2.75,24.0
RTLS_02823,Toiletstoel 1,equipment,2025-03-19 14:21:06.000000000,2025-03-19 14:21:26.000000000,UTIL_A,B2.63 Utility,2.63,20.0
RTLS_00115,EUREKA-VPL-001,nurse,2025-03-19 14:21:09.843532273,2025-03-19 14:30:40.850322986,KITCHEN,B2.77 Keuken,2.77,571.00679
RTLS_03039,Toiletstoel 3,equipment,2025-03-19 14:21:11.000000000,2025-03-19 14:21:21.000000000,STORAGE,B2.61 Opslag,2.61,10.0
RTLS_02610,Glucosemeter 1,equipment,2025-03-19 14:21:15.000000000,2025-03-19 14:21:40.000000000,NS_A,B2.71 Open wacht,2.71,25.0
RTLS_02500,Bladderscan,equipment,2025-03-19 14:21:36.000000000,2025-03-19 14:21:46.000000000,UTIL_A,B2.63 Utility,2.63,10.0
RTLS_02306,Infuuspomp 4,equipment,2025-03-19 14:21:50.000000000,2025-03-19 14:22:19.000000000,UTIL_B,B2.75 Utility,2.75,29.0
RTLS_01218,EUREKA-VPL-010,nurse,2025-03-19 14:21:51.908237755,2025-03-19 14:23:36.821061843,KITCHEN,B2.77 Keuken,2.77,104.912824
RTLS_00606,EUREKA-VPL-006,nurse,2025-03-19 14:21:53.228005452,2025-03-19 14:21:55.895648253,ROOM_106,B2.62 2-bedskamer,2.62,2.667642
RTLS_00607,EUREKA-VPL-006,nurse,2025-03-19 14:21:55.895648253,2025-03-19 14:24:49.374007324,ROOM_110,B2.79 2-bedskamer,2.79,173.478359
RTLS_02931,Toiletstoel 2,equipment,2025-03-19 14:22:27.000000000,2025-03-19 14:22:46.000000000,UTIL_B,B2.75 Utility,2.75,19.0
RTLS_01447,EUREKA-VPL-012,nurse,2025-03-19 14:22:37.674264110,2025-03-19 14:22:41.257335850,NS_A,B2.71 Open wacht,2.71,3.583071
RTLS_01448,EUREKA-VPL-012,nurse,2025-03-19 14:22:41.257335850,2025-03-19 14:23:29.730107840,KITCHEN,B2.77 Keuken,2.77,48.472771
RTLS_03040,Toiletstoel 3,equipment,2025-03-19 14:22:49.000000000,2025-03-19 14:23:08.000000000,STORAGE,B2.61 Opslag,2.61,19.0
RTLS_02501,Bladderscan,equipment,2025-03-19 14:23:06.000000000,2025-03-19 14:23:16.000000000,UTIL_A,B2.63 Utility,2.63,10.0
RTLS_00906,EUREKA-VPL-008,nurse,2025-03-19 14:23:15.094678827,2025-03-19 14:23:45.544132812,NS_A,B2.71 Open wacht,2.71,30.449453
RTLS_01716,EUREKA-VPL-014,nurse,2025-03-19 14:23:19.048373105,2025-03-19 14:23:47.321803822,ROOM_107,B2.64 2-bedskamer,2.64,28.27343
RTLS_02719,Glucosemeter 2,equipment,2025-03-19 14:23:23.000000000,2025-03-19 14:23:33.000000000,NS_B,B2.71.01 Dienstplaats,2.71.01,10.0
RTLS_01449,EUREKA-VPL-012,nurse,2025-03-19 14:23:29.730107840,2025-03-19 14:24:00.836772000,NS_A,B2.71 Open wacht,2.71,31.106664
RTLS_01219,EUREKA-VPL-010,nurse,2025-03-19 14:23:36.821061843,2025-03-19 14:27:29.830942095,ROOM_102,B2.76 1-bedskamer,2.76,233.00988
RTLS_03562,Voedingspomp 5,equipment,2025-03-19 14:23:38.000000000,2025-03-19 14:23:59.000000000,UTIL_A,B2.63 Utility,2.63,21.0
RTLS_00907,EUREKA-VPL-008,nurse,2025-03-19 14:23:45.544132812,2025-03-19 14:23:59.343667053,NS_A,B2.71 Open wacht,2.71,13.799534
RTLS_01717,EUREKA-VPL-014,nurse,2025-03-19 14:23:47.321803822,2025-03-19 14:24:07.324703833,ROOM_102,B2.76 1-bedskamer,2.76,20.0029
RTLS_03354,Voedingspomp 3,equipment,2025-03-19 14:23:50.000000000,2025-03-19 14:24:20.000000000,UTIL_A,B2.63 Utility,2.63,30.0
RTLS_00222,EUREKA-VPL-002,nurse,2025-03-19 14:23:54.030033486,2025-03-19 14:36:38.860592345,NS_B,B2.71.01 Dienstplaats,2.71.01,764.830558
RTLS_00908,EUREKA-VPL-008,nurse,2025-03-19 14:23:59.343667053,2025-03-19 14:24:56.235281104,KITCHEN,B2.77 Keuken,2.77,56.891614
RTLS_01450,EUREKA-VPL-012,nurse,2025-03-19 14:24:00.836772000,2025-03-19 14:24:03.590130536,ROOM_108,B2.66 2-bedskamer,2.66,2.753358
RTLS_01451,EUREKA-VPL-012,nurse,2025-03-19 14:24:03.590130536,2025-03-19 14:24:27.007439726,ROOM_110,B2.79 2-bedskamer,2.79,23.417309
RTLS_01718,EUREKA-VPL-014,nurse,2025-03-19 14:24:07.324703833,2025-03-19 14:24:20.408948411,PREP_B,B2.71.02 Voorbereiding,2.71.02,13.084244
RTLS_01719,EUREKA-VPL-014,nurse,2025-03-19 14:24:20.408948411,2025-03-19 14:24:37.793425745,KITCHEN,B2.77 Keuken,2.77,17.384477
RTLS_01452,EUREKA-VPL-012,nurse,2025-03-19 14:24:27.007439726,2025-03-19 14:25:38.645962061,STORE_C,B2.65 Berging,2.65,71.638522
RTLS_01720,EUREKA-VPL-014,nurse,2025-03-19 14:24:37.793425745,2025-03-19 14:25:04.841309735,ROOM_106,B2.62 2-bedskamer,2.62,27.047883
RTLS_03251,Voedingspomp 2,equipment,2025-03-19 14:24:42.000000000,2025-03-19 14:24:53.000000000,UTIL_B,B2.75 Utility,2.75,11.0
RTLS_00608,EUREKA-VPL-006,nurse,2025-03-19 14:24:49.374007324,2025-03-19 14:29:37.097222929,KITCHEN,B2.77 Keuken,2.77,287.723215
RTLS_02502,Bladderscan,equipment,2025-03-19 14:24:50.000000000,2025-03-19 14:25:10.000000000,UTIL_A,B2.63 Utility,2.63,20.0
RTLS_00909,EUREKA-VPL-008,nurse,2025-03-19 14:24:56.235281104,2025-03-19 14:51:14.058819603,UTIL_A,B2.63 Utility,2.63,1577.823538
RTLS_00765,EUREKA-VPL-007,nurse,2025-03-19 14:25:00.833054760,2025-03-19 14:25:03.178877414,ROOM_105,B2.82 1-bedskamer,2.82,2.345822
RTLS_00466,EUREKA-VPL-005,nurse,2025-03-19 14:25:02.384074641,2025-03-19 14:25:23.695465264,KITCHEN,B2.77 Keuken,2.77,21.31139
RTLS_00766,EUREKA-VPL-007,nurse,2025-03-19 14:25:03.178877414,2025-03-19 14:25:32.263757374,KITCHEN,B2.77 Keuken,2.77,29.084879
RTLS_01721,EUREKA-VPL-014,nurse,2025-03-19 14:25:04.841309735,2025-03-19 14:25:38.525381751,KITCHEN,B2.77 Keuken,2.77,33.684072
RTLS_02098,Infuuspomp 2,equipment,2025-03-19 14:25:14.000000000,2025-03-19 14:25:22.000000000,UTIL_A,B2.63 Utility,2.63,8.0
RTLS_03140,Voedingspomp 1,equipment,2025-03-19 14:25:17.000000000,2025-03-19 14:25:51.000000000,UTIL_A,B2.63 Utility,2.63,34.0
RTLS_01040,EUREKA-VPL-009,nurse,2025-03-19 14:25:19.468104769,2025-03-19 14:29:42.824214819,NS_A,B2.71 Open wacht,2.71,263.35611
RTLS_00467,EUREKA-VPL-005,nurse,2025-03-19 14:25:23.695465264,2025-03-19 14:26:50.737116601,NS_A,B2.71 Open wacht,2.71,87.041651
RTLS_00767,EUREKA-VPL-007,nurse,2025-03-19 14:25:32.263757374,2025-03-19 14:25:33.263757374,STORE_B,B2.59 Berging,2.59,1.0
RTLS_00768,EUREKA-VPL-007,nurse,2025-03-19 14:25:33.263757374,2025-03-19 14:25:51.002144167,KITCHEN,B2.77 Keuken,2.77,17.738386
RTLS_01722,EUREKA-VPL-014,nurse,2025-03-19 14:25:38.525381751,2025-03-19 14:28:40.380028267,NS_A,B2.71 Open wacht,2.71,181.854646
RTLS_01453,EUREKA-VPL-012,nurse,2025-03-19 14:25:38.645962061,2025-03-19 14:25:46.391626416,NS_B,B2.71.01 Dienstplaats,2.71.01,7.745664
RTLS_02307,Infuuspomp 4,equipment,2025-03-19 14:25:44.000000000,2025-03-19 14:26:01.000000000,UTIL_B,B2.75 Utility,2.75,17.0
RTLS_02406,Spuitaandrijver,equipment,2025-03-19 14:25:47.000000000,2025-03-19 14:26:20.000000000,UTIL_B,B2.75 Utility,2.75,33.0
RTLS_00769,EUREKA-VPL-007,nurse,2025-03-19 14:25:51.002144167,2025-03-19 14:27:09.368710712,PREP_A,B2.71.02 Voorbereiding,2.71.02,78.366566
RTLS_01984,Infuuspomp 1,equipment,2025-03-19 14:26:05.000000000,2025-03-19 14:26:19.000000000,UTIL_A,B2.63 Utility,2.63,14.0
RTLS_03041,Toiletstoel 3,equipment,2025-03-19 14:26:06.000000000,2025-03-19 14:26:17.000000000,STORAGE,B2.61 Opslag,2.61,11.0
RTLS_02206,Infuuspomp 3,equipment,2025-03-19 14:26:14.000000000,2025-03-19 14:26:26.000000000,UTIL_B,B2.75 Utility,2.75,12.0
RTLS_00468,EUREKA-VPL-005,nurse,2025-03-19 14:26:50.737116601,2025-03-19 14:30:48.933235853,BATHROOM,B2.57 Stortbad,2.57,238.196119
RTLS_02611,Glucosemeter 1,equipment,2025-03-19 14:26:58.000000000,2025-03-19 14:27:25.000000000,NS_A,B2.71 Open wacht,2.71,27.0
RTLS_00770,EUREKA-VPL-007,nurse,2025-03-19 14:27:09.368710712,2025-03-19 14:29:31.871496979,NS_A,B2.71 Open wacht,2.71,142.502786
RTLS_01220,EUREKA-VPL-010,nurse,2025-03-19 14:27:29.830942095,2025-03-19 14:27:52.569793590,ROOM_109,B2.68 2-bedskamer,2.68,22.738851
RTLS_02407,Spuitaandrijver,equipment,2025-03-19 14:27:45.000000000,2025-03-19 14:28:02.000000000,UTIL_B,B2.75 Utility,2.75,17.0
RTLS_01221,EUREKA-VPL-010,nurse,2025-03-19 14:27:52.569793590,2025-03-19 14:28:07.870732320,ROOM_102,B2.76 1-bedskamer,2.76,15.300938
RTLS_03042,Toiletstoel 3,equipment,2025-03-19 14:27:55.000000000,2025-03-19 14:28:28.000000000,STORAGE,B2.61 Opslag,2.61,33.0
RTLS_01222,EUREKA-VPL-010,nurse,2025-03-19 14:28:07.870732320,2025-03-19 14:28:11.644282552,KITCHEN,B2.77 Keuken,2.77,3.77355
RTLS_01223,EUREKA-VPL-010,nurse,2025-03-19 14:28:11.644282552,2025-03-19 14:28:25.849509931,NS_A,B2.71 Open wacht,2.71,14.205227
RTLS_03563,Voedingspomp 5,equipment,2025-03-19 14:28:13.000000000,2025-03-19 14:28:36.000000000,UTIL_A,B2.63 Utility,2.63,23.0
RTLS_03252,Voedingspomp 2,equipment,2025-03-19 14:28:14.000000000,2025-03-19 14:28:42.000000000,UTIL_B,B2.75 Utility,2.75,28.0
RTLS_03460,Voedingspomp 4,equipment,2025-03-19 14:28:23.000000000,2025-03-19 14:28:57.000000000,UTIL_B,B2.75 Utility,2.75,34.0
RTLS_01224,EUREKA-VPL-010,nurse,2025-03-19 14:28:25.849509931,2025-03-19 14:28:27.434729560,STORAGE,B2.61 Opslag,2.61,1.585219
RTLS_01225,EUREKA-VPL-010,nurse,2025-03-19 14:28:27.434729560,2025-03-19 14:28:54.620461136,ROOM_110,B2.79 2-bedskamer,2.79,27.185731
RTLS_01723,EUREKA-VPL-014,nurse,2025-03-19 14:28:40.380028267,2025-03-19 14:28:54.675925827,ROOM_104,B2.80 1-bedskamer,2.80,14.295897
RTLS_02099,Infuuspomp 2,equipment,2025-03-19 14:28:41.000000000,2025-03-19 14:29:06.000000000,UTIL_A,B2.63 Utility,2.63,25.0
RTLS_02824,Toiletstoel 1,equipment,2025-03-19 14:28:44.000000000,2025-03-19 14:29:21.000000000,UTIL_A,B2.63 Utility,2.63,37.0
RTLS_01226,EUREKA-VPL-010,nurse,2025-03-19 14:28:54.620461136,2025-03-19 14:28:56.423112988,ROOM_107,B2.64 2-bedskamer,2.64,1.802651
RTLS_01724,EUREKA-VPL-014,nurse,2025-03-19 14:28:54.675925827,2025-03-19 14:32:02.312363215,NS_A,B2.71 Open wacht,2.71,187.636437
RTLS_01227,EUREKA-VPL-010,nurse,2025-03-19 14:28:56.423112988,2025-03-19 14:29:04.652700220,NS_B,B2.71.01 Dienstplaats,2.71.01,8.229587
RTLS_01228,EUREKA-VPL-010,nurse,2025-03-19 14:29:04.652700220,2025-03-19 14:29:08.436155453,ROOM_103,B2.78 1-bedskamer,2.78,3.783455
RTLS_01229,EUREKA-VPL-010,nurse,2025-03-19 14:29:08.436155453,2025-03-19 14:29:19.989055362,ROOM_110,B2.79 2-bedskamer,2.79,11.552899
RTLS_02932,Toiletstoel 2,equipment,2025-03-19 14:29:17.000000000,2025-03-19 14:29:24.000000000,UTIL_B,B2.75 Utility,2.75,7.0
RTLS_01230,EUREKA-VPL-010,nurse,2025-03-19 14:29:19.989055362,2025-03-19 14:30:03.566928706,ROOM_102,B2.76 1-bedskamer,2.76,43.577873
RTLS_00771,EUREKA-VPL-007,nurse,2025-03-19 14:29:31.871496979,2025-03-19 14:29:33.486340851,ROOM_107,B2.64 2-bedskamer,2.64,1.614843
RTLS_00772,EUREKA-VPL-007,nurse,2025-03-19 14:29:33.486340851,2025-03-19 14:30:22.358272242,ROOM_110,B2.79 2-bedskamer,2.79,48.871931000000004
RTLS_00609,EUREKA-VPL-006,nurse,2025-03-19 14:29:37.097222929,2025-03-19 14:30:02.905419063,ROOM_104,B2.80 1-bedskamer,2.80,25.808196
RTLS_02503,Bladderscan,equipment,2025-03-19 14:29:39.000000000,2025-03-19 14:30:04.000000000,UTIL_A,B2.63 Utility,2.63,25.0
RTLS_01041,EUREKA-VPL-009,nurse,2025-03-19 14:29:42.824214819,2025-03-19 14:30:39.890650022,PREP_B,B2.71.02 Voorbereiding,2.71.02,57.066435
RTLS_00610,EUREKA-VPL-006,nurse,2025-03-19 14:30:02.905419063,2025-03-19 14:30:21.318428345,ROOM_108,B2.66 2-bedskamer,2.66,18.413009
RTLS_01231,EUREKA-VPL-010,nurse,2025-03-19 14:30:03.566928706,2025-03-19 14:30:41.864584837,ROOM_103,B2.78 1-bedskamer,2.78,38.297656
RTLS_00611,EUREKA-VPL-006,nurse,2025-03-19 14:30:21.318428345,2025-03-19 14:31:04.533570847,ROOM_106,B2.62 2-bedskamer,2.62,43.215142
RTLS_00773,EUREKA-VPL-007,nurse,2025-03-19 14:30:22.358272242,2025-03-19 14:30:48.598382037,ROOM_105,B2.82 1-bedskamer,2.82,26.240109
RTLS_02825,Toiletstoel 1,equipment,2025-03-19 14:30:31.000000000,2025-03-19 14:30:52.000000000,UTIL_A,B2.63 Utility,2.63,21.0
RTLS_01042,EUREKA-VPL-009,nurse,2025-03-19 14:30:39.890650022,2025-03-19 14:30:45.055160024,UTIL_A,B2.63 Utility,2.63,5.16451
RTLS_00116,EUREKA-VPL-001,nurse,2025-03-19 14:30:40.850322986,2025-03-19 14:31:23.778571855,ROOM_103,B2.78 1-bedskamer,2.78,42.928247999999996
RTLS_01232,EUREKA-VPL-010,nurse,2025-03-19 14:30:41.864584837,2025-03-19 14:31:54.159801599,ROOM_104,B2.80 1-bedskamer,2.80,72.295216
RTLS_02612,Glucosemeter 1,equipment,2025-03-19 14:30:42.000000000,2025-03-19 14:31:05.000000000,NS_A,B2.71 Open wacht,2.71,23.0
RTLS_01043,EUREKA-VPL-009,nurse,2025-03-19 14:30:45.055160024,2025-03-19 14:31:08.491233973,KITCHEN,B2.77 Keuken,2.77,23.436073
RTLS_00774,EUREKA-VPL-007,nurse,2025-03-19 14:30:48.598382037,2025-03-19 14:30:49.598382037,PREP_B,B2.71.02 Voorbereiding,2.71.02,1.0
RTLS_00469,EUREKA-VPL-005,nurse,2025-03-19 14:30:48.933235853,2025-03-19 14:42:57.913196698,UTIL_A,B2.63 Utility,2.63,728.97996
RTLS_00775,EUREKA-VPL-007,nurse,2025-03-19 14:30:49.598382037,2025-03-19 14:31:21.188389191,ROOM_103,B2.78 1-bedskamer,2.78,31.590007
RTLS_02720,Glucosemeter 2,equipment,2025-03-19 14:30:54.000000000,2025-03-19 14:31:22.000000000,NS_B,B2.71.01 Dienstplaats,2.71.01,28.0
RTLS_03355,Voedingspomp 3,equipment,2025-03-19 14:30:54.000000000,2025-03-19 14:31:05.000000000,UTIL_A,B2.63 Utility,2.63,11.0
RTLS_03141,Voedingspomp 1,equipment,2025-03-19 14:31:03.000000000,2025-03-19 14:31:32.000000000,UTIL_A,B2.63 Utility,2.63,29.0
RTLS_00612,EUREKA-VPL-006,nurse,2025-03-19 14:31:04.533570847,2025-03-19 14:31:36.627869770,ROOM_103,B2.78 1-bedskamer,2.78,32.094298
RTLS_01044,EUREKA-VPL-009,nurse,2025-03-19 14:31:08.491233973,2025-03-19 14:31:10.296869446,ROOM_103,B2.78 1-bedskamer,2.78,1.805635
RTLS_01045,EUREKA-VPL-009,nurse,2025-03-19 14:31:10.296869446,2025-03-19 14:31:14.433646579,ROOM_101,B2.74 1-bedskamer,2.74,4.136777
RTLS_01046,EUREKA-VPL-009,nurse,2025-03-19 14:31:14.433646579,2025-03-19 14:31:47.257124340,UTIL_A,B2.63 Utility,2.63,32.823477
RTLS_00776,EUREKA-VPL-007,nurse,2025-03-19 14:31:21.188389191,2025-03-19 14:36:32.770086919,UTIL_A,B2.63 Utility,2.63,311.581697
RTLS_03564,Voedingspomp 5,equipment,2025-03-19 14:31:23.000000000,2025-03-19 14:31:47.000000000,UTIL_A,B2.63 Utility,2.63,24.0
RTLS_00117,EUREKA-VPL-001,nurse,2025-03-19 14:31:23.778571855,2025-03-19 14:31:28.877131605,ROOM_101,B2.74 1-bedskamer,2.74,5.098559
RTLS_00118,EUREKA-VPL-001,nurse,2025-03-19 14:31:28.877131605,2025-03-19 14:33:12.219862248,STORAGE,B2.61 Opslag,2.61,103.34273
RTLS_00613,EUREKA-VPL-006,nurse,2025-03-19 14:31:36.627869770,2025-03-19 14:31:43.413050724,ROOM_102,B2.76 1-bedskamer,2.76,6.78518
RTLS_00614,EUREKA-VPL-006,nurse,2025-03-19 14:31:43.413050724,2025-03-19 14:33:15.317568786,ROOM_105,B2.82 1-bedskamer,2.82,91.904518
RTLS_01047,EUREKA-VPL-009,nurse,2025-03-19 14:31:47.257124340,2025-03-19 14:31:55.773904839,KITCHEN,B2.77 Keuken,2.77,8.51678
RTLS_01233,EUREKA-VPL-010,nurse,2025-03-19 14:31:54.159801599,2025-03-19 14:33:59.761630102,ROOM_107,B2.64 2-bedskamer,2.64,125.601828
RTLS_01048,EUREKA-VPL-009,nurse,2025-03-19 14:31:55.773904839,2025-03-19 14:32:59.344740755,ROOM_103,B2.78 1-bedskamer,2.78,63.570835
RTLS_01725,EUREKA-VPL-014,nurse,2025-03-19 14:32:02.312363215,2025-03-19 14:33:54.838800196,ROOM_107,B2.64 2-bedskamer,2.64,112.526436
RTLS_02613,Glucosemeter 1,equipment,2025-03-19 14:32:12.000000000,2025-03-19 14:32:30.000000000,NS_A,B2.71 Open wacht,2.71,18.0
RTLS_02308,Infuuspomp 4,equipment,2025-03-19 14:32:29.000000000,2025-03-19 14:33:02.000000000,UTIL_B,B2.75 Utility,2.75,33.0
RTLS_02933,Toiletstoel 2,equipment,2025-03-19 14:32:34.000000000,2025-03-19 14:32:40.000000000,UTIL_B,B2.75 Utility,2.75,6.0
RTLS_02207,Infuuspomp 3,equipment,2025-03-19 14:32:58.000000000,2025-03-19 14:33:26.000000000,UTIL_B,B2.75 Utility,2.75,28.0
RTLS_01049,EUREKA-VPL-009,nurse,2025-03-19 14:32:59.344740755,2025-03-19 14:33:24.720140990,ROOM_104,B2.80 1-bedskamer,2.80,25.3754
RTLS_00119,EUREKA-VPL-001,nurse,2025-03-19 14:33:12.219862248,2025-03-19 14:33:59.545125545,ROOM_110,B2.79 2-bedskamer,2.79,47.325263
RTLS_00615,EUREKA-VPL-006,nurse,2025-03-19 14:33:15.317568786,2025-03-19 14:39:44.733887006,STORE_B,B2.59 Berging,2.59,389.416318
RTLS_01985,Infuuspomp 1,equipment,2025-03-19 14:33:23.000000000,2025-03-19 14:33:48.000000000,UTIL_A,B2.63 Utility,2.63,25.0
RTLS_01050,EUREKA-VPL-009,nurse,2025-03-19 14:33:24.720140990,2025-03-19 14:33:55.701770711,KITCHEN,B2.77 Keuken,2.77,30.981629
RTLS_03043,Toiletstoel 3,equipment,2025-03-19 14:33:25.000000000,2025-03-19 14:33:52.000000000,STORAGE,B2.61 Opslag,2.61,27.0
RTLS_01851,EUREKA-VPL-015,nurse,2025-03-19 14:33:27.624934911,2025-03-19 14:33:34.781332793,NS_B,B2.71.01 Dienstplaats,2.71.01,7.156397
RTLS_01852,EUREKA-VPL-015,nurse,2025-03-19 14:33:34.781332793,2025-03-19 14:33:40.536442432,ROOM_108,B2.66 2-bedskamer,2.66,5.755109
RTLS_03142,Voedingspomp 1,equipment,2025-03-19 14:33:46.000000000,2025-03-19 14:34:02.000000000,UTIL_A,B2.63 Utility,2.63,16.0
RTLS_02504,Bladderscan,equipment,2025-03-19 14:33:51.000000000,2025-03-19 14:34:01.000000000,UTIL_A,B2.63 Utility,2.63,10.0
RTLS_01726,EUREKA-VPL-014,nurse,2025-03-19 14:33:54.838800196,2025-03-19 14:34:04.986298530,ROOM_105,B2.82 1-bedskamer,2.82,10.147498
RTLS_03253,Voedingspomp 2,equipment,2025-03-19 14:33:59.000000000,2025-03-19 14:34:26.000000000,UTIL_B,B2.75 Utility,2.75,27.0
RTLS_00120,EUREKA-VPL-001,nurse,2025-03-19 14:33:59.545125545,2025-03-19 14:34:04.658066882,ROOM_103,B2.78 1-bedskamer,2.78,5.112941
RTLS_01727,EUREKA-VPL-014,nurse,2025-03-19 14:34:04.986298530,2025-03-19 14:34:37.085945897,ROOM_107,B2.64 2-bedskamer,2.64,32.099647
RTLS_02100,Infuuspomp 2,equipment,2025-03-19 14:34:16.000000000,2025-03-19 14:34:23.000000000,UTIL_A,B2.63 Utility,2.63,7.0
RTLS_02826,Toiletstoel 1,equipment,2025-03-19 14:34:32.000000000,2025-03-19 14:34:53.000000000,UTIL_A,B2.63 Utility,2.63,21.0
RTLS_01728,EUREKA-VPL-014,nurse,2025-03-19 14:34:37.085945897,2025-03-19 14:34:44.768385965,ROOM_103,B2.78 1-bedskamer,2.78,7.68244
RTLS_02721,Glucosemeter 2,equipment,2025-03-19 14:34:42.000000000,2025-03-19 14:35:01.000000000,NS_B,B2.71.01 Dienstplaats,2.71.01,19.0
RTLS_01729,EUREKA-VPL-014,nurse,2025-03-19 14:34:44.768385965,2025-03-19 14:35:07.067096178,ROOM_102,B2.76 1-bedskamer,2.76,22.29871
RTLS_02505,Bladderscan,equipment,2025-03-19 14:34:59.000000000,2025-03-19 14:35:27.000000000,UTIL_A,B2.63 Utility,2.63,28.0
RTLS_03044,Toiletstoel 3,equipment,2025-03-19 14:35:29.000000000,2025-03-19 14:35:45.000000000,STORAGE,B2.61 Opslag,2.61,16.0
RTLS_02408,Spuitaandrijver,equipment,2025-03-19 14:35:33.000000000,2025-03-19 14:36:06.000000000,UTIL_B,B2.75 Utility,2.75,33.0
RTLS_03461,Voedingspomp 4,equipment,2025-03-19 14:35:48.000000000,2025-03-19 14:36:16.000000000,UTIL_B,B2.75 Utility,2.75,28.0
RTLS_02614,Glucosemeter 1,equipment,2025-03-19 14:35:52.000000000,2025-03-19 14:36:14.000000000,NS_A,B2.71 Open wacht,2.71,22.0
RTLS_02722,Glucosemeter 2,equipment,2025-03-19 14:36:17.000000000,2025-03-19 14:36:23.000000000,NS_B,B2.71.01 Dienstplaats,2.71.01,6.0
RTLS_00777,EUREKA-VPL-007,nurse,2025-03-19 14:36:32.770086919,2025-03-19 14:36:48.312615857,KITCHEN,B2.77 Keuken,2.77,15.542528
RTLS_00223,EUREKA-VPL-002,nurse,2025-03-19 14:36:38.860592345,2025-03-19 14:36:52.078114345,ROOM_104,B2.80 1-bedskamer,2.80,13.217522
RTLS_00778,EUREKA-VPL-007,nurse,2025-03-19 14:36:48.312615857,2025-03-19 14:43:43.977428834,STORE_C,B2.65 Berging,2.65,415.664812
RTLS_00224,EUREKA-VPL-002,nurse,2025-03-19 14:36:52.078114345,2025-03-19 14:37:21.976987485,ROOM_101,B2.74 1-bedskamer,2.74,29.898873000000002
RTLS_03143,Voedingspomp 1,equipment,2025-03-19 14:36:54.000000000,2025-03-19 14:37:01.000000000,UTIL_A,B2.63 Utility,2.63,7.0
RTLS_03356,Voedingspomp 3,equipment,2025-03-19 14:37:15.000000000,2025-03-19 14:37:35.000000000,UTIL_A,B2.63 Utility,2.63,20.0
RTLS_00225,EUREKA-VPL-002,nurse,2025-03-19 14:37:21.976987485,2025-03-19 14:54:20.494246485,NS_B,B2.71.01 Dienstplaats,2.71.01,1018.517259
RTLS_02309,Infuuspomp 4,equipment,2025-03-19 14:37:23.000000000,2025-03-19 14:37:40.000000000,UTIL_B,B2.75 Utility,2.75,17.0
RTLS_02827,Toiletstoel 1,equipment,2025-03-19 14:37:47.000000000,2025-03-19 14:38:10.000000000,UTIL_A,B2.63 Utility,2.63,23.0
RTLS_02934,Toiletstoel 2,equipment,2025-03-19 14:38:15.000000000,2025-03-19 14:38:48.000000000,UTIL_B,B2.75 Utility,2.75,33.0
RTLS_01986,Infuuspomp 1,equipment,2025-03-19 14:38:38.000000000,2025-03-19 14:38:53.000000000,UTIL_A,B2.63 Utility,2.63,15.0
RTLS_03357,Voedingspomp 3,equipment,2025-03-19 14:39:04.000000000,2025-03-19 14:39:29.000000000,UTIL_A,B2.63 Utility,2.63,25.0
RTLS_03565,Voedingspomp 5,equipment,2025-03-19 14:39:04.000000000,2025-03-19 14:39:21.000000000,UTIL_A,B2.63 Utility,2.63,17.0
RTLS_02101,Infuuspomp 2,equipment,2025-03-19 14:39:16.000000000,2025-03-19 14:39:52.000000000,UTIL_A,B2.63 Utility,2.63,36.0
RTLS_02208,Infuuspomp 3,equipment,2025-03-19 14:39:19.000000000,2025-03-19 14:39:39.000000000,UTIL_B,B2.75 Utility,2.75,20.0
RTLS_03254,Voedingspomp 2,equipment,2025-03-19 14:39:21.000000000,2025-03-19 14:39:27.000000000,UTIL_B,B2.75 Utility,2.75,6.0
RTLS_00616,EUREKA-VPL-006,nurse,2025-03-19 14:39:44.733887006,2025-03-19 14:39:47.157262345,ROOM_110,B2.79 2-bedskamer,2.79,2.423375
RTLS_00617,EUREKA-VPL-006,nurse,2025-03-19 14:39:47.157262345,2025-03-19 14:40:40.150953491,NS_B,B2.71.01 Dienstplaats,2.71.01,52.993691
RTLS_00618,EUREKA-VPL-006,nurse,2025-03-19 14:40:40.150953491,2025-03-19 14:40:43.627897252,BATHROOM,B2.57 Stortbad,2.57,3.476943
RTLS_02935,Toiletstoel 2,equipment,2025-03-19 14:40:41.000000000,2025-03-19 14:40:56.000000000,UTIL_B,B2.75 Utility,2.75,15.0
RTLS_00619,EUREKA-VPL-006,nurse,2025-03-19 14:40:43.627897252,2025-03-19 14:40:51.709741743,STORE_C,B2.65 Berging,2.65,8.081844
RTLS_03045,Toiletstoel 3,equipment,2025-03-19 14:40:45.000000000,2025-03-19 14:41:07.000000000,STORAGE,B2.61 Opslag,2.61,22.0
RTLS_02723,Glucosemeter 2,equipment,2025-03-19 14:40:49.000000000,2025-03-19 14:40:54.000000000,NS_B,B2.71.01 Dienstplaats,2.71.01,5.0
RTLS_03462,Voedingspomp 4,equipment,2025-03-19 14:41:48.000000000,2025-03-19 14:42:09.000000000,UTIL_B,B2.75 Utility,2.75,21.0
RTLS_02828,Toiletstoel 1,equipment,2025-03-19 14:42:18.000000000,2025-03-19 14:42:29.000000000,UTIL_A,B2.63 Utility,2.63,11.0
RTLS_01987,Infuuspomp 1,equipment,2025-03-19 14:42:30.000000000,2025-03-19 14:42:56.000000000,UTIL_A,B2.63 Utility,2.63,26.0
RTLS_02506,Bladderscan,equipment,2025-03-19 14:42:53.000000000,2025-03-19 14:43:07.000000000,UTIL_A,B2.63 Utility,2.63,14.0
RTLS_00470,EUREKA-VPL-005,nurse,2025-03-19 14:42:57.913196698,2025-03-19 14:43:57.302420984,ROOM_103,B2.78 1-bedskamer,2.78,59.389224
RTLS_02615,Glucosemeter 1,equipment,2025-03-19 14:43:26.000000000,2025-03-19 14:44:02.000000000,NS_A,B2.71 Open wacht,2.71,36.0
RTLS_02409,Spuitaandrijver,equipment,2025-03-19 14:43:36.000000000,2025-03-19 14:43:47.000000000,UTIL_B,B2.75 Utility,2.75,11.0
RTLS_00779,EUREKA-VPL-007,nurse,2025-03-19 14:43:43.977428834,2025-03-19 14:43:51.076495392,ROOM_103,B2.78 1-bedskamer,2.78,7.099066
RTLS_00780,EUREKA-VPL-007,nurse,2025-03-19 14:43:51.076495392,2025-03-19 14:45:15.390256246,ROOM_104,B2.80 1-bedskamer,2.80,84.31376
RTLS_02310,Infuuspomp 4,equipment,2025-03-19 14:44:17.000000000,2025-03-19 14:44:27.000000000,UTIL_B,B2.75 Utility,2.75,10.0
RTLS_03144,Voedingspomp 1,equipment,2025-03-19 14:44:21.000000000,2025-03-19 14:44:33.000000000,UTIL_A,B2.63 Utility,2.63,12.0
RTLS_03255,Voedingspomp 2,equipment,2025-03-19 14:44:29.000000000,2025-03-19 14:45:03.000000000,UTIL_B,B2.75 Utility,2.75,34.0
RTLS_02209,Infuuspomp 3,equipment,2025-03-19 14:45:10.000000000,2025-03-19 14:45:32.000000000,UTIL_B,B2.75 Utility,2.75,22.0
RTLS_02829,Toiletstoel 1,equipment,2025-03-19 14:45:15.000000000,2025-03-19 14:45:24.000000000,UTIL_A,B2.63 Utility,2.63,9.0
RTLS_02507,Bladderscan,equipment,2025-03-19 14:45:19.000000000,2025-03-19 14:45:34.000000000,UTIL_A,B2.63 Utility,2.63,15.0
RTLS_03566,Voedingspomp 5,equipment,2025-03-19 14:45:22.000000000,2025-03-19 14:45:52.000000000,UTIL_A,B2.63 Utility,2.63,30.0
RTLS_02102,Infuuspomp 2,equipment,2025-03-19 14:45:58.000000000,2025-03-19 14:46:09.000000000,UTIL_A,B2.63 Utility,2.63,11.0
RTLS_02724,Glucosemeter 2,equipment,2025-03-19 14:46:01.000000000,2025-03-19 14:46:18.000000000,NS_B,B2.71.01 Dienstplaats,2.71.01,17.0
RTLS_01988,Infuuspomp 1,equipment,2025-03-19 14:46:12.000000000,2025-03-19 14:46:26.000000000,UTIL_A,B2.63 Utility,2.63,14.0
RTLS_03046,Toiletstoel 3,equipment,2025-03-19 14:46:37.000000000,2025-03-19 14:47:04.000000000,STORAGE,B2.61 Opslag,2.61,27.0
RTLS_03358,Voedingspomp 3,equipment,2025-03-19 14:46:52.000000000,2025-03-19 14:47:01.000000000,UTIL_A,B2.63 Utility,2.63,9.0
RTLS_02936,Toiletstoel 2,equipment,2025-03-19 14:47:26.000000000,2025-03-19 14:47:32.000000000,UTIL_B,B2.75 Utility,2.75,6.0
RTLS_00363,EUREKA-VPL-004,nurse,2025-03-19 14:47:39.878621544,2025-03-19 14:54:03.537491619,NS_B,B2.71.01 Dienstplaats,2.71.01,383.65887
RTLS_02410,Spuitaandrijver,equipment,2025-03-19 14:47:44.000000000,2025-03-19 14:47:53.000000000,UTIL_B,B2.75 Utility,2.75,9.0
RTLS_02508,Bladderscan,equipment,2025-03-19 14:47:50.000000000,2025-03-19 14:48:02.000000000,UTIL_A,B2.63 Utility,2.63,12.0
RTLS_03359,Voedingspomp 3,equipment,2025-03-19 14:47:56.000000000,2025-03-19 14:48:31.000000000,UTIL_A,B2.63 Utility,2.63,35.0
RTLS_02725,Glucosemeter 2,equipment,2025-03-19 14:48:04.000000000,2025-03-19 14:48:26.000000000,NS_B,B2.71.01 Dienstplaats,2.71.01,22.0
RTLS_02616,Glucosemeter 1,equipment,2025-03-19 14:48:06.000000000,2025-03-19 14:48:32.000000000,NS_A,B2.71 Open wacht,2.71,26.0
RTLS_03145,Voedingspomp 1,equipment,2025-03-19 14:48:23.000000000,2025-03-19 14:48:39.000000000,UTIL_A,B2.63 Utility,2.63,16.0
RTLS_02210,Infuuspomp 3,equipment,2025-03-19 14:48:56.000000000,2025-03-19 14:49:20.000000000,UTIL_B,B2.75 Utility,2.75,24.0
RTLS_03463,Voedingspomp 4,equipment,2025-03-19 14:49:38.000000000,2025-03-19 14:49:46.000000000,UTIL_B,B2.75 Utility,2.75,8.0
RTLS_03146,Voedingspomp 1,equipment,2025-03-19 14:49:46.000000000,2025-03-19 14:50:20.000000000,UTIL_A,B2.63 Utility,2.63,34.0
RTLS_02617,Glucosemeter 1,equipment,2025-03-19 14:50:05.000000000,2025-03-19 14:50:25.000000000,NS_A,B2.71 Open wacht,2.71,20.0
RTLS_03256,Voedingspomp 2,equipment,2025-03-19 14:50:14.000000000,2025-03-19 14:50:38.000000000,UTIL_B,B2.75 Utility,2.75,24.0
RTLS_02311,Infuuspomp 4,equipment,2025-03-19 14:50:18.000000000,2025-03-19 14:50:42.000000000,UTIL_B,B2.75 Utility,2.75,24.0
RTLS_03047,Toiletstoel 3,equipment,2025-03-19 14:50:40.000000000,2025-03-19 14:51:10.000000000,STORAGE,B2.61 Opslag,2.61,30.0
RTLS_00910,EUREKA-VPL-008,nurse,2025-03-19 14:51:14.058819603,2025-03-19 14:59:59.999999603,ROOM_104,B2.80 1-bedskamer,2.80,525.94118
RTLS_02830,Toiletstoel 1,equipment,2025-03-19 14:51:53.000000000,2025-03-19 14:52:20.000000000,UTIL_A,B2.63 Utility,2.63,27.0
RTLS_02509,Bladderscan,equipment,2025-03-19 14:52:11.000000000,2025-03-19 14:52:41.000000000,UTIL_A,B2.63 Utility,2.63,30.0
RTLS_02211,Infuuspomp 3,equipment,2025-03-19 14:52:20.000000000,2025-03-19 14:52:56.000000000,UTIL_B,B2.75 Utility,2.75,36.0
RTLS_03567,Voedingspomp 5,equipment,2025-03-19 14:52:24.000000000,2025-03-19 14:52:52.000000000,UTIL_A,B2.63 Utility,2.63,28.0
RTLS_03147,Voedingspomp 1,equipment,2025-03-19 14:52:38.000000000,2025-03-19 14:52:46.000000000,UTIL_A,B2.63 Utility,2.63,8.0
RTLS_01989,Infuuspomp 1,equipment,2025-03-19 14:52:46.000000000,2025-03-19 14:53:04.000000000,UTIL_A,B2.63 Utility,2.63,18.0
RTLS_03257,Voedingspomp 2,equipment,2025-03-19 14:52:58.000000000,2025-03-19 14:53:29.000000000,UTIL_B,B2.75 Utility,2.75,31.0
RTLS_02726,Glucosemeter 2,equipment,2025-03-19 14:52:58.000000000,2025-03-19 14:53:27.000000000,NS_B,B2.71.01 Dienstplaats,2.71.01,29.0
RTLS_02103,Infuuspomp 2,equipment,2025-03-19 14:53:06.000000000,2025-03-19 14:53:33.000000000,UTIL_A,B2.63 Utility,2.63,27.0
RTLS_03360,Voedingspomp 3,equipment,2025-03-19 14:53:21.000000000,2025-03-19 14:53:33.000000000,UTIL_A,B2.63 Utility,2.63,12.0
RTLS_03048,Toiletstoel 3,equipment,2025-03-19 14:53:44.000000000,2025-03-19 14:53:51.000000000,STORAGE,B2.61 Opslag,2.61,7.0
RTLS_00364,EUREKA-VPL-004,nurse,2025-03-19 14:54:03.537491619,2025-03-19 14:55:10.250072886,PREP_A,B2.71.02 Voorbereiding,2.71.02,66.712581
RTLS_00226,EUREKA-VPL-002,nurse,2025-03-19 14:54:20.494246485,2025-03-19 14:55:07.679308001,ROOM_102,B2.76 1-bedskamer,2.76,47.185061
RTLS_02411,Spuitaandrijver,equipment,2025-03-19 14:54:32.000000000,2025-03-19 14:54:54.000000000,UTIL_B,B2.75 Utility,2.75,22.0
RTLS_02104,Infuuspomp 2,equipment,2025-03-19 14:54:45.000000000,2025-03-19 14:54:54.000000000,UTIL_A,B2.63 Utility,2.63,9.0
RTLS_02937,Toiletstoel 2,equipment,2025-03-19 14:54:45.000000000,2025-03-19 14:55:19.000000000,UTIL_B,B2.75 Utility,2.75,34.0
RTLS_00227,EUREKA-VPL-002,nurse,2025-03-19 14:55:07.679308001,2025-03-19 14:55:10.355200472,ROOM_103,B2.78 1-bedskamer,2.78,2.675892
RTLS_00365,EUREKA-VPL-004,nurse,2025-03-19 14:55:10.250072886,2025-03-19 14:55:35.548218491,ROOM_102,B2.76 1-bedskamer,2.76,25.298145
RTLS_00228,EUREKA-VPL-002,nurse,2025-03-19 14:55:10.355200472,2025-03-19 14:55:21.882212921,ROOM_104,B2.80 1-bedskamer,2.80,11.527012
RTLS_03464,Voedingspomp 4,equipment,2025-03-19 14:55:27.000000000,2025-03-19 14:55:36.000000000,UTIL_B,B2.75 Utility,2.75,9.0
RTLS_02727,Glucosemeter 2,equipment,2025-03-19 14:55:36.000000000,2025-03-19 14:55:59.000000000,NS_B,B2.71.01 Dienstplaats,2.71.01,23.0
RTLS_02831,Toiletstoel 1,equipment,2025-03-19 14:55:46.000000000,2025-03-19 14:56:04.000000000,UTIL_A,B2.63 Utility,2.63,18.0
RTLS_02618,Glucosemeter 1,equipment,2025-03-19 14:55:52.000000000,2025-03-19 14:56:19.000000000,NS_A,B2.71 Open wacht,2.71,27.0
RTLS_03148,Voedingspomp 1,equipment,2025-03-19 14:55:54.000000000,2025-03-19 14:56:03.000000000,UTIL_A,B2.63 Utility,2.63,9.0
RTLS_02938,Toiletstoel 2,equipment,2025-03-19 14:57:10.000000000,2025-03-19 14:57:19.000000000,UTIL_B,B2.75 Utility,2.75,9.0
RTLS_02312,Infuuspomp 4,equipment,2025-03-19 14:57:16.000000000,2025-03-19 14:57:34.000000000,UTIL_B,B2.75 Utility,2.75,18.0
RTLS_03258,Voedingspomp 2,equipment,2025-03-19 14:57:20.000000000,2025-03-19 14:57:33.000000000,UTIL_B,B2.75 Utility,2.75,13.0
RTLS_02412,Spuitaandrijver,equipment,2025-03-19 14:57:22.000000000,2025-03-19 14:57:29.000000000,UTIL_B,B2.75 Utility,2.75,7.0
RTLS_02832,Toiletstoel 1,equipment,2025-03-19 14:57:25.000000000,2025-03-19 14:57:39.000000000,UTIL_A,B2.63 Utility,2.63,14.0
RTLS_01990,Infuuspomp 1,equipment,2025-03-19 14:58:13.000000000,2025-03-19 14:58:19.000000000,UTIL_A,B2.63 Utility,2.63,6.0
RTLS_02510,Bladderscan,equipment,2025-03-19 14:58:18.000000000,2025-03-19 14:58:54.000000000,UTIL_A,B2.63 Utility,2.63,36.0
RTLS_02212,Infuuspomp 3,equipment,2025-03-19 14:58:34.000000000,2025-03-19 14:59:03.000000000,UTIL_B,B2.75 Utility,2.75,29.0
RTLS_03465,Voedingspomp 4,equipment,2025-03-19 14:58:42.000000000,2025-03-19 14:58:55.000000000,UTIL_B,B2.75 Utility,2.75,13.0
RTLS_01991,Infuuspomp 1,equipment,2025-03-19 14:59:40.000000000,2025-03-19 15:00:12.000000000,UTIL_A,B2.63 Utility,2.63,32.0
RTLS_03361,Voedingspomp 3,equipment,2025-03-19 14:59:42.000000000,2025-03-19 14:59:59.000000000,UTIL_A,B2.63 Utility,2.63,17.0
RTLS_03568,Voedingspomp 5,equipment,2025-03-19 14:59:53.000000000,2025-03-19 15:00:21.000000000,UTIL_A,B2.63 Utility,2.63,28.0
RTLS_00121,EUREKA-VPL-001,nurse,2025-03-19 15:00:00.000000000,2025-03-19 15:00:36.084310439,ROOM_109,B2.68 2-bedskamer,2.68,36.08431
RTLS_00229,EUREKA-VPL-002,nurse,2025-03-19 15:00:00.000000000,2025-03-19 15:02:06.858318135,ROOM_108,B2.66 2-bedskamer,2.66,126.858318
RTLS_00290,EUREKA-VPL-003,nurse,2025-03-19 15:00:00.000000000,2025-03-19 15:00:04.508379805,KITCHEN,B2.77 Keuken,2.77,4.508379
RTLS_00366,EUREKA-VPL-004,nurse,2025-03-19 15:00:00.000000000,2025-03-19 15:00:34.720710748,KITCHEN,B2.77 Keuken,2.77,34.72071
RTLS_00471,EUREKA-VPL-005,nurse,2025-03-19 15:00:00.000000000,2025-03-19 15:00:51.925916095,ROOM_101,B2.74 1-bedskamer,2.74,51.925916
RTLS_00620,EUREKA-VPL-006,nurse,2025-03-19 15:00:00.000000000,2025-03-19 15:01:53.914366812,KITCHEN,B2.77 Keuken,2.77,113.914366
RTLS_00781,EUREKA-VPL-007,nurse,2025-03-19 15:00:00.000000000,2025-03-19 15:00:06.556640896,BATH_B,B2.55 Badkamer,2.55,6.55664
RTLS_00911,EUREKA-VPL-008,nurse,2025-03-19 15:00:00.000000000,2025-03-19 15:00:09.240332219,ROOM_107,B2.64 2-bedskamer,2.64,9.240332
RTLS_01051,EUREKA-VPL-009,nurse,2025-03-19 15:00:00.000000000,2025-03-19 15:00:04.144899310,STORE_C,B2.65 Berging,2.65,4.144899
RTLS_01234,EUREKA-VPL-010,nurse,2025-03-19 15:00:00.000000000,2025-03-19 15:00:38.182737957,ROOM_109,B2.68 2-bedskamer,2.68,38.182737
RTLS_01373,EUREKA-VPL-011,nurse,2025-03-19 15:00:00.000000000,2025-03-19 15:00:03.142362262,ROOM_101,B2.74 1-bedskamer,2.74,3.142362
RTLS_01454,EUREKA-VPL-012,nurse,2025-03-19 15:00:00.000000000,2025-03-19 15:00:30.117204141,ROOM_108,B2.66 2-bedskamer,2.66,30.117204
RTLS_01561,EUREKA-VPL-013,nurse,2025-03-19 15:00:00.000000000,2025-03-19 15:01:20.204838049,NS_A,B2.71 Open wacht,2.71,80.204838
RTLS_01730,EUREKA-VPL-014,nurse,2025-03-19 15:00:00.000000000,2025-03-19 15:00:16.312100362,KITCHEN,B2.77 Keuken,2.77,16.3121
RTLS_01853,EUREKA-VPL-015,nurse,2025-03-19 15:00:00.000000000,2025-03-19 15:01:22.347875591,ROOM_109,B2.68 2-bedskamer,2.68,82.347875
RTLS_01374,EUREKA-VPL-011,nurse,2025-03-19 15:00:03.142362262,2025-03-19 15:00:16.241219231,ROOM_106,B2.62 2-bedskamer,2.62,13.098856
RTLS_01052,EUREKA-VPL-009,nurse,2025-03-19 15:00:04.144899310,2025-03-19 15:00:05.144899310,STORE_A,B2.53 Berging,2.53,1.0
RTLS_00291,EUREKA-VPL-003,nurse,2025-03-19 15:00:04.508379805,2025-03-19 15:12:18.855734501,ROOM_101,B2.74 1-bedskamer,2.74,734.347354
RTLS_01053,EUREKA-VPL-009,nurse,2025-03-19 15:00:05.144899310,2025-03-19 15:00:28.396763799,STORE_A,B2.53 Berging,2.53,23.251864
RTLS_00782,EUREKA-VPL-007,nurse,2025-03-19 15:00:06.556640896,2025-03-19 15:00:29.125207692,KITCHEN,B2.77 Keuken,2.77,22.568566
RTLS_00912,EUREKA-VPL-008,nurse,2025-03-19 15:00:09.240332219,2025-03-19 15:00:15.730717751,ROOM_102,B2.76 1-bedskamer,2.76,6.490385
RTLS_00913,EUREKA-VPL-008,nurse,2025-03-19 15:00:15.730717751,2025-03-19 15:00:30.502033954,ROOM_109,B2.68 2-bedskamer,2.68,14.771316
RTLS_01375,EUREKA-VPL-011,nurse,2025-03-19 15:00:16.241219231,2025-03-19 15:00:21.616164280,ROOM_107,B2.64 2-bedskamer,2.64,5.374945
RTLS_01731,EUREKA-VPL-014,nurse,2025-03-19 15:00:16.312100362,2025-03-19 15:03:22.046953556,ROOM_107,B2.64 2-bedskamer,2.64,185.734853
RTLS_01376,EUREKA-VPL-011,nurse,2025-03-19 15:00:21.616164280,2025-03-19 15:01:47.044047955,ROOM_109,B2.68 2-bedskamer,2.68,85.427883
RTLS_01054,EUREKA-VPL-009,nurse,2025-03-19 15:00:28.396763799,2025-03-19 15:00:34.896195353,BATHROOM,B2.57 Stortbad,2.57,6.499431
RTLS_00783,EUREKA-VPL-007,nurse,2025-03-19 15:00:29.125207692,2025-03-19 15:01:25.595768409,ROOM_110,B2.79 2-bedskamer,2.79,56.47056
RTLS_01455,EUREKA-VPL-012,nurse,2025-03-19 15:00:30.117204141,2025-03-19 15:02:52.377818306,ROOM_104,B2.80 1-bedskamer,2.80,142.260614
RTLS_00914,EUREKA-VPL-008,nurse,2025-03-19 15:00:30.502033954,2025-03-19 15:01:00.226107241,ROOM_103,B2.78 1-bedskamer,2.78,29.724073
RTLS_00367,EUREKA-VPL-004,nurse,2025-03-19 15:00:34.720710748,2025-03-19 15:00:40.857979826,ROOM_102,B2.76 1-bedskamer,2.76,6.137269
RTLS_01055,EUREKA-VPL-009,nurse,2025-03-19 15:00:34.896195353,2025-03-19 15:00:55.975121595,ROOM_108,B2.66 2-bedskamer,2.66,21.078926
RTLS_00122,EUREKA-VPL-001,nurse,2025-03-19 15:00:36.084310439,2025-03-19 15:01:02.805400919,ROOM_106,B2.62 2-bedskamer,2.62,26.72109
RTLS_01235,EUREKA-VPL-010,nurse,2025-03-19 15:00:38.182737957,2025-03-19 15:01:29.510557384,ROOM_102,B2.76 1-bedskamer,2.76,51.327819
RTLS_00368,EUREKA-VPL-004,nurse,2025-03-19 15:00:40.857979826,2025-03-19 15:01:03.681257160,ROOM_101,B2.74 1-bedskamer,2.74,22.823277
RTLS_03049,Toiletstoel 3,equipment,2025-03-19 15:00:49.000000000,2025-03-19 15:00:54.000000000,STORAGE,B2.61 Opslag,2.61,5.0
RTLS_00472,EUREKA-VPL-005,nurse,2025-03-19 15:00:51.925916095,2025-03-19 15:04:43.557293863,NS_B,B2.71.01 Dienstplaats,2.71.01,231.631377
RTLS_01056,EUREKA-VPL-009,nurse,2025-03-19 15:00:55.975121595,2025-03-19 15:06:01.517165626,NS_B,B2.71.01 Dienstplaats,2.71.01,305.542044
RTLS_00915,EUREKA-VPL-008,nurse,2025-03-19 15:01:00.226107241,2025-03-19 15:01:05.125733257,UTIL_B,B2.75 Utility,2.75,4.899626
RTLS_00123,EUREKA-VPL-001,nurse,2025-03-19 15:01:02.805400919,2025-03-19 15:01:18.509999984,KITCHEN,B2.77 Keuken,2.77,15.704599
RTLS_00369,EUREKA-VPL-004,nurse,2025-03-19 15:01:03.681257160,2025-03-19 15:01:31.627070324,ROOM_105,B2.82 1-bedskamer,2.82,27.945813
RTLS_00916,EUREKA-VPL-008,nurse,2025-03-19 15:01:05.125733257,2025-03-19 15:01:48.111538284,BATHROOM,B2.57 Stortbad,2.57,42.985805
RTLS_00124,EUREKA-VPL-001,nurse,2025-03-19 15:01:18.509999984,2025-03-19 15:01:19.509999984,ROOM_108,B2.66 2-bedskamer,2.66,1.0
RTLS_00125,EUREKA-VPL-001,nurse,2025-03-19 15:01:19.509999984,2025-03-19 15:01:37.218324097,ROOM_107,B2.64 2-bedskamer,2.64,17.708324
RTLS_01562,EUREKA-VPL-013,nurse,2025-03-19 15:01:20.204838049,2025-03-19 15:10:35.961968733,PREP_A,B2.71.02 Voorbereiding,2.71.02,555.75713
RTLS_01854,EUREKA-VPL-015,nurse,2025-03-19 15:01:22.347875591,2025-03-19 15:01:49.049595395,NS_A,B2.71 Open wacht,2.71,26.701719
RTLS_00784,EUREKA-VPL-007,nurse,2025-03-19 15:01:25.595768409,2025-03-19 15:01:53.700270306,ROOM_106,B2.62 2-bedskamer,2.62,28.104501
RTLS_01236,EUREKA-VPL-010,nurse,2025-03-19 15:01:29.510557384,2025-03-19 15:01:43.608379598,ROOM_103,B2.78 1-bedskamer,2.78,14.097822
RTLS_00370,EUREKA-VPL-004,nurse,2025-03-19 15:01:31.627070324,2025-03-19 15:02:52.477279962,ROOM_103,B2.78 1-bedskamer,2.78,80.850209
RTLS_00126,EUREKA-VPL-001,nurse,2025-03-19 15:01:37.218324097,2025-03-19 15:02:14.997452939,ROOM_106,B2.62 2-bedskamer,2.62,37.779128
RTLS_03259,Voedingspomp 2,equipment,2025-03-19 15:01:40.000000000,2025-03-19 15:01:49.000000000,UTIL_B,B2.75 Utility,2.75,9.0
RTLS_01237,EUREKA-VPL-010,nurse,2025-03-19 15:01:43.608379598,2025-03-19 15:01:56.929654435,NS_B,B2.71.01 Dienstplaats,2.71.01,13.321274
RTLS_01377,EUREKA-VPL-011,nurse,2025-03-19 15:01:47.044047955,2025-03-19 15:02:40.935951795,ROOM_110,B2.79 2-bedskamer,2.79,53.891903
RTLS_00917,EUREKA-VPL-008,nurse,2025-03-19 15:01:48.111538284,2025-03-19 15:02:53.102570383,ROOM_102,B2.76 1-bedskamer,2.76,64.991032
RTLS_01855,EUREKA-VPL-015,nurse,2025-03-19 15:01:49.049595395,2025-03-19 15:02:03.709513091,ROOM_110,B2.79 2-bedskamer,2.79,14.659917
RTLS_00785,EUREKA-VPL-007,nurse,2025-03-19 15:01:53.700270306,2025-03-19 15:08:52.056237785,NS_B,B2.71.01 Dienstplaats,2.71.01,418.355967
RTLS_00621,EUREKA-VPL-006,nurse,2025-03-19 15:01:53.914366812,2025-03-19 15:03:40.898522016,NS_A,B2.71 Open wacht,2.71,106.984155
RTLS_02105,Infuuspomp 2,equipment,2025-03-19 15:01:55.000000000,2025-03-19 15:02:06.000000000,UTIL_A,B2.63 Utility,2.63,11.0
RTLS_01238,EUREKA-VPL-010,nurse,2025-03-19 15:01:56.929654435,2025-03-19 15:02:06.936443502,ROOM_102,B2.76 1-bedskamer,2.76,10.006789
RTLS_01992,Infuuspomp 1,equipment,2025-03-19 15:01:59.000000000,2025-03-19 15:02:30.000000000,UTIL_A,B2.63 Utility,2.63,31.0
RTLS_01856,EUREKA-VPL-015,nurse,2025-03-19 15:02:03.709513091,2025-03-19 15:02:04.709513091,STORE_C,B2.65 Berging,2.65,1.0
RTLS_01857,EUREKA-VPL-015,nurse,2025-03-19 15:02:04.709513091,2025-03-19 15:02:26.282158974,BATHROOM,B2.57 Stortbad,2.57,21.572645
RTLS_00230,EUREKA-VPL-002,nurse,2025-03-19 15:02:06.858318135,2025-03-19 15:02:14.962023045,ROOM_105,B2.82 1-bedskamer,2.82,8.103704
RTLS_01239,EUREKA-VPL-010,nurse,2025-03-19 15:02:06.936443502,2025-03-19 15:02:15.071344895,STORE_C,B2.65 Berging,2.65,8.134901
RTLS_02511,Bladderscan,equipment,2025-03-19 15:02:08.000000000,2025-03-19 15:02:29.000000000,UTIL_A,B2.63 Utility,2.63,21.0
RTLS_00231,EUREKA-VPL-002,nurse,2025-03-19 15:02:14.962023045,2025-03-19 15:02:22.973905230,KITCHEN,B2.77 Keuken,2.77,8.011882
RTLS_00127,EUREKA-VPL-001,nurse,2025-03-19 15:02:14.997452939,2025-03-19 15:02:29.611291622,ROOM_104,B2.80 1-bedskamer,2.80,14.613838
RTLS_01240,EUREKA-VPL-010,nurse,2025-03-19 15:02:15.071344895,2025-03-19 15:02:38.207893490,KITCHEN,B2.77 Keuken,2.77,23.136548
RTLS_00232,EUREKA-VPL-002,nurse,2025-03-19 15:02:22.973905230,2025-03-19 15:03:07.231245184,NS_A,B2.71 Open wacht,2.71,44.257339
RTLS_01858,EUREKA-VPL-015,nurse,2025-03-19 15:02:26.282158974,2025-03-19 15:08:45.815481107,STORE_C,B2.65 Berging,2.65,379.533322
RTLS_02728,Glucosemeter 2,equipment,2025-03-19 15:02:29.000000000,2025-03-19 15:02:42.000000000,NS_B,B2.71.01 Dienstplaats,2.71.01,13.0
RTLS_00128,EUREKA-VPL-001,nurse,2025-03-19 15:02:29.611291622,2025-03-19 15:11:34.409508674,NS_A,B2.71 Open wacht,2.71,544.798217
RTLS_01241,EUREKA-VPL-010,nurse,2025-03-19 15:02:38.207893490,2025-03-19 15:02:49.384993974,ROOM_102,B2.76 1-bedskamer,2.76,11.1771
RTLS_01378,EUREKA-VPL-011,nurse,2025-03-19 15:02:40.935951795,2025-03-19 15:04:39.006146300,ROOM_104,B2.80 1-bedskamer,2.80,118.070194
RTLS_02939,Toiletstoel 2,equipment,2025-03-19 15:02:47.000000000,2025-03-19 15:02:52.000000000,UTIL_B,B2.75 Utility,2.75,5.0
RTLS_01242,EUREKA-VPL-010,nurse,2025-03-19 15:02:49.384993974,2025-03-19 15:09:10.564439085,UTIL_B,B2.75 Utility,2.75,381.179445
RTLS_01456,EUREKA-VPL-012,nurse,2025-03-19 15:02:52.377818306,2025-03-19 15:03:13.426406995,ROOM_101,B2.74 1-bedskamer,2.74,21.048588
RTLS_00371,EUREKA-VPL-004,nurse,2025-03-19 15:02:52.477279962,2025-03-19 15:02:56.154755779,ROOM_106,B2.62 2-bedskamer,2.62,3.6774750000000003
RTLS_00918,EUREKA-VPL-008,nurse,2025-03-19 15:02:53.102570383,2025-03-19 15:03:01.713644357,ROOM_106,B2.62 2-bedskamer,2.62,8.611073
RTLS_00372,EUREKA-VPL-004,nurse,2025-03-19 15:02:56.154755779,2025-03-19 15:03:06.950299959,ROOM_105,B2.82 1-bedskamer,2.82,10.795544
RTLS_00919,EUREKA-VPL-008,nurse,2025-03-19 15:03:01.713644357,2025-03-19 15:04:38.668037372,KITCHEN,B2.77 Keuken,2.77,96.954393
RTLS_03362,Voedingspomp 3,equipment,2025-03-19 15:03:02.000000000,2025-03-19 15:03:16.000000000,UTIL_A,B2.63 Utility,2.63,14.0
RTLS_00373,EUREKA-VPL-004,nurse,2025-03-19 15:03:06.950299959,2025-03-19 15:03:36.206869255,KITCHEN,B2.77 Keuken,2.77,29.256569
RTLS_00233,EUREKA-VPL-002,nurse,2025-03-19 15:03:07.231245184,2025-03-19 15:04:35.019412585,STORE_B,B2.59 Berging,2.59,87.788167
RTLS_01457,EUREKA-VPL-012,nurse,2025-03-19 15:03:13.426406995,2025-03-19 15:05:06.081451738,ROOM_102,B2.76 1-bedskamer,2.76,112.655044
RTLS_02413,Spuitaandrijver,equipment,2025-03-19 15:03:16.000000000,2025-03-19 15:03:47.000000000,UTIL_B,B2.75 Utility,2.75,31.0
RTLS_01732,EUREKA-VPL-014,nurse,2025-03-19 15:03:22.046953556,2025-03-19 15:03:26.448423854,ROOM_102,B2.76 1-bedskamer,2.76,4.40147
RTLS_01733,EUREKA-VPL-014,nurse,2025-03-19 15:03:26.448423854,2025-03-19 15:03:39.329899397,BATH_B,B2.55 Badkamer,2.55,12.881475
RTLS_02106,Infuuspomp 2,equipment,2025-03-19 15:03:34.000000000,2025-03-19 15:03:53.000000000,UTIL_A,B2.63 Utility,2.63,19.0
RTLS_03149,Voedingspomp 1,equipment,2025-03-19 15:03:35.000000000,2025-03-19 15:03:46.000000000,UTIL_A,B2.63 Utility,2.63,11.0
RTLS_00374,EUREKA-VPL-004,nurse,2025-03-19 15:03:36.206869255,2025-03-19 15:04:03.331307041,ROOM_107,B2.64 2-bedskamer,2.64,27.124437
RTLS_02619,Glucosemeter 1,equipment,2025-03-19 15:03:37.000000000,2025-03-19 15:03:57.000000000,NS_A,B2.71 Open wacht,2.71,20.0
RTLS_03050,Toiletstoel 3,equipment,2025-03-19 15:03:38.000000000,2025-03-19 15:03:46.000000000,STORAGE,B2.61 Opslag,2.61,8.0
RTLS_01734,EUREKA-VPL-014,nurse,2025-03-19 15:03:39.329899397,2025-03-19 15:03:50.936521937,KITCHEN,B2.77 Keuken,2.77,11.606622
RTLS_00622,EUREKA-VPL-006,nurse,2025-03-19 15:03:40.898522016,2025-03-19 15:10:10.794846285,NS_A,B2.71 Open wacht,2.71,389.896324
RTLS_03466,Voedingspomp 4,equipment,2025-03-19 15:03:47.000000000,2025-03-19 15:04:17.000000000,UTIL_B,B2.75 Utility,2.75,30.0
RTLS_01735,EUREKA-VPL-014,nurse,2025-03-19 15:03:50.936521937,2025-03-19 15:09:03.840917733,NS_B,B2.71.01 Dienstplaats,2.71.01,312.904395
RTLS_02313,Infuuspomp 4,equipment,2025-03-19 15:03:59.000000000,2025-03-19 15:04:04.000000000,UTIL_B,B2.75 Utility,2.75,5.0
RTLS_00375,EUREKA-VPL-004,nurse,2025-03-19 15:04:03.331307041,2025-03-19 15:04:04.861911092,ROOM_105,B2.82 1-bedskamer,2.82,1.5306039999999999
RTLS_00376,EUREKA-VPL-004,nurse,2025-03-19 15:04:04.861911092,2025-03-19 15:04:29.231237207,ROOM_102,B2.76 1-bedskamer,2.76,24.369326
RTLS_00377,EUREKA-VPL-004,nurse,2025-03-19 15:04:29.231237207,2025-03-19 15:04:50.639497952,ROOM_104,B2.80 1-bedskamer,2.80,21.40826
RTLS_00234,EUREKA-VPL-002,nurse,2025-03-19 15:04:35.019412585,2025-03-19 15:05:38.655223185,ROOM_110,B2.79 2-bedskamer,2.79,63.63581
RTLS_00920,EUREKA-VPL-008,nurse,2025-03-19 15:04:38.668037372,2025-03-19 15:07:04.786715007,ROOM_102,B2.76 1-bedskamer,2.76,146.118677
RTLS_01379,EUREKA-VPL-011,nurse,2025-03-19 15:04:39.006146300,2025-03-19 15:06:09.356812550,ROOM_103,B2.78 1-bedskamer,2.78,90.350666
RTLS_02833,Toiletstoel 1,equipment,2025-03-19 15:04:41.000000000,2025-03-19 15:04:47.000000000,UTIL_A,B2.63 Utility,2.63,6.0
RTLS_02213,Infuuspomp 3,equipment,2025-03-19 15:04:41.000000000,2025-03-19 15:05:00.000000000,UTIL_B,B2.75 Utility,2.75,19.0
RTLS_00473,EUREKA-VPL-005,nurse,2025-03-19 15:04:43.557293863,2025-03-19 15:14:28.811889039,PREP_B,B2.71.02 Voorbereiding,2.71.02,585.254595
RTLS_00378,EUREKA-VPL-004,nurse,2025-03-19 15:04:50.639497952,2025-03-19 15:05:14.472033412,ROOM_108,B2.66 2-bedskamer,2.66,23.832535
RTLS_01458,EUREKA-VPL-012,nurse,2025-03-19 15:05:06.081451738,2025-03-19 15:07:11.664628811,NS_B,B2.71.01 Dienstplaats,2.71.01,125.583177
RTLS_00379,EUREKA-VPL-004,nurse,2025-03-19 15:05:14.472033412,2025-03-19 15:06:49.905798052,ROOM_110,B2.79 2-bedskamer,2.79,95.433764
RTLS_00235,EUREKA-VPL-002,nurse,2025-03-19 15:05:38.655223185,2025-03-19 15:06:33.376490908,ROOM_108,B2.66 2-bedskamer,2.66,54.721267
RTLS_03467,Voedingspomp 4,equipment,2025-03-19 15:05:39.000000000,2025-03-19 15:06:03.000000000,UTIL_B,B2.75 Utility,2.75,24.0
RTLS_02512,Bladderscan,equipment,2025-03-19 15:05:52.000000000,2025-03-19 15:05:58.000000000,UTIL_A,B2.63 Utility,2.63,6.0
RTLS_01057,EUREKA-VPL-009,nurse,2025-03-19 15:06:01.517165626,2025-03-19 15:06:26.237934409,ROOM_104,B2.80 1-bedskamer,2.80,24.720768
RTLS_03051,Toiletstoel 3,equipment,2025-03-19 15:06:09.000000000,2025-03-19 15:06:27.000000000,STORAGE,B2.61 Opslag,2.61,18.0
RTLS_01380,EUREKA-VPL-011,nurse,2025-03-19 15:06:09.356812550,2025-03-19 15:06:14.179059169,ROOM_109,B2.68 2-bedskamer,2.68,4.822246
RTLS_01381,EUREKA-VPL-011,nurse,2025-03-19 15:06:14.179059169,2025-03-19 15:06:21.555462087,ROOM_101,B2.74 1-bedskamer,2.74,7.376402
RTLS_01382,EUREKA-VPL-011,nurse,2025-03-19 15:06:21.555462087,2025-03-19 15:06:57.426152760,ROOM_104,B2.80 1-bedskamer,2.80,35.87069
RTLS_01058,EUREKA-VPL-009,nurse,2025-03-19 15:06:26.237934409,2025-03-19 15:07:45.301315028,ROOM_105,B2.82 1-bedskamer,2.82,79.06338
RTLS_00236,EUREKA-VPL-002,nurse,2025-03-19 15:06:33.376490908,2025-03-19 15:21:07.910175180,STORAGE,B2.61 Opslag,2.61,874.533684
RTLS_02834,Toiletstoel 1,equipment,2025-03-19 15:06:35.000000000,2025-03-19 15:07:07.000000000,UTIL_A,B2.63 Utility,2.63,32.0
RTLS_03150,Voedingspomp 1,equipment,2025-03-19 15:06:37.000000000,2025-03-19 15:06:50.000000000,UTIL_A,B2.63 Utility,2.63,13.0
RTLS_00380,EUREKA-VPL-004,nurse,2025-03-19 15:06:49.905798052,2025-03-19 15:06:53.860502163,BATH_B,B2.55 Badkamer,2.55,3.954704
RTLS_01383,EUREKA-VPL-011,nurse,2025-03-19 15:06:57.426152760,2025-03-19 15:08:54.280362586,NS_A,B2.71 Open wacht,2.71,116.854209
RTLS_00921,EUREKA-VPL-008,nurse,2025-03-19 15:07:04.786715007,2025-03-19 15:20:18.590036007,ROOM_107,B2.64 2-bedskamer,2.64,793.803321
RTLS_02940,Toiletstoel 2,equipment,2025-03-19 15:07:05.000000000,2025-03-19 15:07:12.000000000,UTIL_B,B2.75 Utility,2.75,7.0
RTLS_01459,EUREKA-VPL-012,nurse,2025-03-19 15:07:11.664628811,2025-03-19 15:10:44.172889096,STORE_A,B2.53 Berging,2.53,212.50826
RTLS_03569,Voedingspomp 5,equipment,2025-03-19 15:07:44.000000000,2025-03-19 15:08:12.000000000,UTIL_A,B2.63 Utility,2.63,28.0
RTLS_01059,EUREKA-VPL-009,nurse,2025-03-19 15:07:45.301315028,2025-03-19 15:08:00.090259393,NS_A,B2.71 Open wacht,2.71,14.788944
RTLS_03151,Voedingspomp 1,equipment,2025-03-19 15:07:50.000000000,2025-03-19 15:07:55.000000000,UTIL_A,B2.63 Utility,2.63,5.0
RTLS_01060,EUREKA-VPL-009,nurse,2025-03-19 15:08:00.090259393,2025-03-19 15:12:41.598368421,KITCHEN,B2.77 Keuken,2.77,281.508109
RTLS_03363,Voedingspomp 3,equipment,2025-03-19 15:08:07.000000000,2025-03-19 15:08:16.000000000,UTIL_A,B2.63 Utility,2.63,9.0
RTLS_03052,Toiletstoel 3,equipment,2025-03-19 15:08:09.000000000,2025-03-19 15:08:29.000000000,STORAGE,B2.61 Opslag,2.61,20.0
RTLS_02107,Infuuspomp 2,equipment,2025-03-19 15:08:14.000000000,2025-03-19 15:08:37.000000000,UTIL_A,B2.63 Utility,2.63,23.0
RTLS_03468,Voedingspomp 4,equipment,2025-03-19 15:08:22.000000000,2025-03-19 15:08:29.000000000,UTIL_B,B2.75 Utility,2.75,7.0
RTLS_01859,EUREKA-VPL-015,nurse,2025-03-19 15:08:45.815481107,2025-03-19 15:08:48.026492871,STORAGE,B2.61 Opslag,2.61,2.211011
RTLS_01860,EUREKA-VPL-015,nurse,2025-03-19 15:08:48.026492871,2025-03-19 15:08:49.108202261,ROOM_105,B2.82 1-bedskamer,2.82,1.081709
RTLS_01861,EUREKA-VPL-015,nurse,2025-03-19 15:08:49.108202261,2025-03-19 15:09:09.653739884,ROOM_106,B2.62 2-bedskamer,2.62,20.545537
RTLS_03260,Voedingspomp 2,equipment,2025-03-19 15:08:52.000000000,2025-03-19 15:09:20.000000000,UTIL_B,B2.75 Utility,2.75,28.0
RTLS_00786,EUREKA-VPL-007,nurse,2025-03-19 15:08:52.056237785,2025-03-19 15:09:17.246699343,ROOM_105,B2.82 1-bedskamer,2.82,25.190461
RTLS_01384,EUREKA-VPL-011,nurse,2025-03-19 15:08:54.280362586,2025-03-19 15:08:55.509821282,UTIL_B,B2.75 Utility,2.75,1.229458
RTLS_01385,EUREKA-VPL-011,nurse,2025-03-19 15:08:55.509821282,2025-03-19 15:09:18.781379912,ROOM_109,B2.68 2-bedskamer,2.68,23.271558
RTLS_01736,EUREKA-VPL-014,nurse,2025-03-19 15:09:03.840917733,2025-03-19 15:14:43.414149066,PREP_B,B2.71.02 Voorbereiding,2.71.02,339.573231
RTLS_02729,Glucosemeter 2,equipment,2025-03-19 15:09:08.000000000,2025-03-19 15:09:36.000000000,NS_B,B2.71.01 Dienstplaats,2.71.01,28.0
RTLS_01862,EUREKA-VPL-015,nurse,2025-03-19 15:09:09.653739884,2025-03-19 15:09:22.320967996,ROOM_108,B2.66 2-bedskamer,2.66,12.667228
RTLS_01243,EUREKA-VPL-010,nurse,2025-03-19 15:09:10.564439085,2025-03-19 15:10:06.779116514,STORAGE,B2.61 Opslag,2.61,56.214677
RTLS_00787,EUREKA-VPL-007,nurse,2025-03-19 15:09:17.246699343,2025-03-19 15:09:21.196886952,PREP_A,B2.71.02 Voorbereiding,2.71.02,3.950187
RTLS_01386,EUREKA-VPL-011,nurse,2025-03-19 15:09:18.781379912,2025-03-19 15:09:22.143776196,ROOM_101,B2.74 1-bedskamer,2.74,3.362396
RTLS_00788,EUREKA-VPL-007,nurse,2025-03-19 15:09:21.196886952,2025-03-19 15:09:26.252889425,ROOM_102,B2.76 1-bedskamer,2.76,5.056002
RTLS_01993,Infuuspomp 1,equipment,2025-03-19 15:09:22.000000000,2025-03-19 15:09:42.000000000,UTIL_A,B2.63 Utility,2.63,20.0
RTLS_01387,EUREKA-VPL-011,nurse,2025-03-19 15:09:22.143776196,2025-03-19 15:09:36.789735955,ROOM_110,B2.79 2-bedskamer,2.79,14.645959
RTLS_01863,EUREKA-VPL-015,nurse,2025-03-19 15:09:22.320967996,2025-03-19 15:15:56.324259961,ROOM_103,B2.78 1-bedskamer,2.78,394.003291
RTLS_02513,Bladderscan,equipment,2025-03-19 15:09:24.000000000,2025-03-19 15:09:37.000000000,UTIL_A,B2.63 Utility,2.63,13.0
RTLS_00789,EUREKA-VPL-007,nurse,2025-03-19 15:09:26.252889425,2025-03-19 15:10:29.772272563,ROOM_101,B2.74 1-bedskamer,2.74,63.519383
RTLS_01388,EUREKA-VPL-011,nurse,2025-03-19 15:09:36.789735955,2025-03-19 15:10:17.123291789,ROOM_101,B2.74 1-bedskamer,2.74,40.333555
RTLS_02314,Infuuspomp 4,equipment,2025-03-19 15:09:59.000000000,2025-03-19 15:10:06.000000000,UTIL_B,B2.75 Utility,2.75,7.0
RTLS_01244,EUREKA-VPL-010,nurse,2025-03-19 15:10:06.779116514,2025-03-19 15:10:37.099721796,BATHROOM,B2.57 Stortbad,2.57,30.320605
RTLS_00623,EUREKA-VPL-006,nurse,2025-03-19 15:10:10.794846285,2025-03-19 15:10:25.202099396,KITCHEN,B2.77 Keuken,2.77,14.407253
RTLS_01389,EUREKA-VPL-011,nurse,2025-03-19 15:10:17.123291789,2025-03-19 15:10:29.045170693,NS_A,B2.71 Open wacht,2.71,11.921878
RTLS_00624,EUREKA-VPL-006,nurse,2025-03-19 15:10:25.202099396,2025-03-19 15:11:02.796634080,STORE_C,B2.65 Berging,2.65,37.594534
RTLS_01390,EUREKA-VPL-011,nurse,2025-03-19 15:10:29.045170693,2025-03-19 15:10:52.976866181,KITCHEN,B2.77 Keuken,2.77,23.931695
RTLS_00790,EUREKA-VPL-007,nurse,2025-03-19 15:10:29.772272563,2025-03-19 15:10:39.731991854,ROOM_104,B2.80 1-bedskamer,2.80,9.959719
RTLS_02414,Spuitaandrijver,equipment,2025-03-19 15:10:31.000000000,2025-03-19 15:11:08.000000000,UTIL_B,B2.75 Utility,2.75,37.0
RTLS_01563,EUREKA-VPL-013,nurse,2025-03-19 15:10:35.961968733,2025-03-19 15:10:38.824946976,BATHROOM,B2.57 Stortbad,2.57,2.862978
RTLS_01245,EUREKA-VPL-010,nurse,2025-03-19 15:10:37.099721796,2025-03-19 15:10:50.339970414,STORE_B,B2.59 Berging,2.59,13.240248
RTLS_01564,EUREKA-VPL-013,nurse,2025-03-19 15:10:38.824946976,2025-03-19 15:10:48.162048282,ROOM_101,B2.74 1-bedskamer,2.74,9.337101
RTLS_00791,EUREKA-VPL-007,nurse,2025-03-19 15:10:39.731991854,2025-03-19 15:11:26.117923606,KITCHEN,B2.77 Keuken,2.77,46.385931
RTLS_01460,EUREKA-VPL-012,nurse,2025-03-19 15:10:44.172889096,2025-03-19 15:10:45.172889096,STORE_C,B2.65 Berging,2.65,1.0
RTLS_01461,EUREKA-VPL-012,nurse,2025-03-19 15:10:45.172889096,2025-03-19 15:12:36.577260853,PREP_B,B2.71.02 Voorbereiding,2.71.02,111.404371
RTLS_01565,EUREKA-VPL-013,nurse,2025-03-19 15:10:48.162048282,2025-03-19 15:11:07.002873853,NS_A,B2.71 Open wacht,2.71,18.840825
RTLS_01246,EUREKA-VPL-010,nurse,2025-03-19 15:10:50.339970414,2025-03-19 15:11:40.385742389,UTIL_B,B2.75 Utility,2.75,50.045771
RTLS_02620,Glucosemeter 1,equipment,2025-03-19 15:10:52.000000000,2025-03-19 15:11:29.000000000,NS_A,B2.71 Open wacht,2.71,37.0
RTLS_01391,EUREKA-VPL-011,nurse,2025-03-19 15:10:52.976866181,2025-03-19 15:14:58.412114336,ROOM_108,B2.66 2-bedskamer,2.66,245.435248
RTLS_00625,EUREKA-VPL-006,nurse,2025-03-19 15:11:02.796634080,2025-03-19 15:17:25.910116471,NS_A,B2.71 Open wacht,2.71,383.113482
RTLS_01566,EUREKA-VPL-013,nurse,2025-03-19 15:11:07.002873853,2025-03-19 15:11:19.479711749,KITCHEN,B2.77 Keuken,2.77,12.476837
RTLS_01567,EUREKA-VPL-013,nurse,2025-03-19 15:11:19.479711749,2025-03-19 15:21:45.305487749,PREP_B,B2.71.02 Voorbereiding,2.71.02,625.825776
RTLS_02835,Toiletstoel 1,equipment,2025-03-19 15:11:26.000000000,2025-03-19 15:11:32.000000000,UTIL_A,B2.63 Utility,2.63,6.0
RTLS_00792,EUREKA-VPL-007,nurse,2025-03-19 15:11:26.117923606,2025-03-19 15:11:45.629644078,ROOM_107,B2.64 2-bedskamer,2.64,19.51172
RTLS_03364,Voedingspomp 3,equipment,2025-03-19 15:11:31.000000000,2025-03-19 15:11:46.000000000,UTIL_A,B2.63 Utility,2.63,15.0
RTLS_00129,EUREKA-VPL-001,nurse,2025-03-19 15:11:34.409508674,2025-03-19 15:11:49.953435796,ROOM_105,B2.82 1-bedskamer,2.82,15.543927
RTLS_02941,Toiletstoel 2,equipment,2025-03-19 15:11:36.000000000,2025-03-19 15:11:52.000000000,UTIL_B,B2.75 Utility,2.75,16.0
RTLS_01247,EUREKA-VPL-010,nurse,2025-03-19 15:11:40.385742389,2025-03-19 15:15:33.575825847,ROOM_107,B2.64 2-bedskamer,2.64,233.190083
RTLS_00793,EUREKA-VPL-007,nurse,2025-03-19 15:11:45.629644078,2025-03-19 15:13:35.037309701,ROOM_101,B2.74 1-bedskamer,2.74,109.407665
RTLS_00130,EUREKA-VPL-001,nurse,2025-03-19 15:11:49.953435796,2025-03-19 15:12:09.977367227,STORAGE,B2.61 Opslag,2.61,20.023931
RTLS_03469,Voedingspomp 4,equipment,2025-03-19 15:12:07.000000000,2025-03-19 15:12:31.000000000,UTIL_B,B2.75 Utility,2.75,24.0
RTLS_00131,EUREKA-VPL-001,nurse,2025-03-19 15:12:09.977367227,2025-03-19 15:13:29.277284294,BATH_B,B2.55 Badkamer,2.55,79.299917
RTLS_03152,Voedingspomp 1,equipment,2025-03-19 15:12:11.000000000,2025-03-19 15:12:23.000000000,UTIL_A,B2.63 Utility,2.63,12.0
RTLS_02214,Infuuspomp 3,equipment,2025-03-19 15:12:13.000000000,2025-03-19 15:12:24.000000000,UTIL_B,B2.75 Utility,2.75,11.0
RTLS_00292,EUREKA-VPL-003,nurse,2025-03-19 15:12:18.855734501,2025-03-19 15:12:50.586807079,STORE_A,B2.53 Berging,2.53,31.731072
RTLS_03261,Voedingspomp 2,equipment,2025-03-19 15:12:21.000000000,2025-03-19 15:12:52.000000000,UTIL_B,B2.75 Utility,2.75,31.0
RTLS_01462,EUREKA-VPL-012,nurse,2025-03-19 15:12:36.577260853,2025-03-19 15:15:23.392153184,NS_B,B2.71.01 Dienstplaats,2.71.01,166.814892
RTLS_01061,EUREKA-VPL-009,nurse,2025-03-19 15:12:41.598368421,2025-03-19 15:12:42.601481724,NS_A,B2.71 Open wacht,2.71,1.003113
RTLS_01062,EUREKA-VPL-009,nurse,2025-03-19 15:12:42.601481724,2025-03-19 15:16:32.094416909,UTIL_B,B2.75 Utility,2.75,229.492935
RTLS_00293,EUREKA-VPL-003,nurse,2025-03-19 15:12:50.586807079,2025-03-19 15:15:17.646359199,ROOM_106,B2.62 2-bedskamer,2.62,147.059552
RTLS_03365,Voedingspomp 3,equipment,2025-03-19 15:13:00.000000000,2025-03-19 15:13:30.000000000,UTIL_A,B2.63 Utility,2.63,30.0
RTLS_02730,Glucosemeter 2,equipment,2025-03-19 15:13:19.000000000,2025-03-19 15:13:53.000000000,NS_B,B2.71.01 Dienstplaats,2.71.01,34.0
RTLS_00132,EUREKA-VPL-001,nurse,2025-03-19 15:13:29.277284294,2025-03-19 15:18:25.400512668,ROOM_105,B2.82 1-bedskamer,2.82,296.123228
RTLS_00794,EUREKA-VPL-007,nurse,2025-03-19 15:13:35.037309701,2025-03-19 15:18:39.228395685,UTIL_A,B2.63 Utility,2.63,304.191085
RTLS_02514,Bladderscan,equipment,2025-03-19 15:13:39.000000000,2025-03-19 15:13:49.000000000,UTIL_A,B2.63 Utility,2.63,10.0
RTLS_03153,Voedingspomp 1,equipment,2025-03-19 15:13:46.000000000,2025-03-19 15:14:00.000000000,UTIL_A,B2.63 Utility,2.63,14.0
RTLS_02108,Infuuspomp 2,equipment,2025-03-19 15:13:52.000000000,2025-03-19 15:14:29.000000000,UTIL_A,B2.63 Utility,2.63,37.0
RTLS_03262,Voedingspomp 2,equipment,2025-03-19 15:14:03.000000000,2025-03-19 15:14:20.000000000,UTIL_B,B2.75 Utility,2.75,17.0
RTLS_03366,Voedingspomp 3,equipment,2025-03-19 15:14:23.000000000,2025-03-19 15:14:59.000000000,UTIL_A,B2.63 Utility,2.63,36.0
RTLS_00474,EUREKA-VPL-005,nurse,2025-03-19 15:14:28.811889039,2025-03-19 15:14:45.664637883,ROOM_102,B2.76 1-bedskamer,2.76,16.852748
RTLS_03570,Voedingspomp 5,equipment,2025-03-19 15:14:39.000000000,2025-03-19 15:15:13.000000000,UTIL_A,B2.63 Utility,2.63,34.0
RTLS_03470,Voedingspomp 4,equipment,2025-03-19 15:14:42.000000000,2025-03-19 15:14:59.000000000,UTIL_B,B2.75 Utility,2.75,17.0
RTLS_01737,EUREKA-VPL-014,nurse,2025-03-19 15:14:43.414149066,2025-03-19 15:14:45.574524050,ROOM_105,B2.82 1-bedskamer,2.82,2.160374
RTLS_01738,EUREKA-VPL-014,nurse,2025-03-19 15:14:45.574524050,2025-03-19 15:15:58.102444582,ROOM_110,B2.79 2-bedskamer,2.79,72.52792
RTLS_00475,EUREKA-VPL-005,nurse,2025-03-19 15:14:45.664637883,2025-03-19 15:15:03.282866489,ROOM_106,B2.62 2-bedskamer,2.62,17.618228
RTLS_01392,EUREKA-VPL-011,nurse,2025-03-19 15:14:58.412114336,2025-03-19 15:15:41.911624894,ROOM_109,B2.68 2-bedskamer,2.68,43.49951
RTLS_00476,EUREKA-VPL-005,nurse,2025-03-19 15:15:03.282866489,2025-03-19 15:15:31.955281190,ROOM_107,B2.64 2-bedskamer,2.64,28.672414
RTLS_02315,Infuuspomp 4,equipment,2025-03-19 15:15:14.000000000,2025-03-19 15:15:25.000000000,UTIL_B,B2.75 Utility,2.75,11.0
RTLS_00294,EUREKA-VPL-003,nurse,2025-03-19 15:15:17.646359199,2025-03-19 15:15:30.998543144,ROOM_108,B2.66 2-bedskamer,2.66,13.352183
RTLS_01463,EUREKA-VPL-012,nurse,2025-03-19 15:15:23.392153184,2025-03-19 15:15:47.120552906,KITCHEN,B2.77 Keuken,2.77,23.728399
RTLS_00295,EUREKA-VPL-003,nurse,2025-03-19 15:15:30.998543144,2025-03-19 15:16:24.307202185,KITCHEN,B2.77 Keuken,2.77,53.308659
RTLS_00477,EUREKA-VPL-005,nurse,2025-03-19 15:15:31.955281190,2025-03-19 15:15:45.771750474,KITCHEN,B2.77 Keuken,2.77,13.816469
RTLS_03053,Toiletstoel 3,equipment,2025-03-19 15:15:32.000000000,2025-03-19 15:15:41.000000000,STORAGE,B2.61 Opslag,2.61,9.0
RTLS_01248,EUREKA-VPL-010,nurse,2025-03-19 15:15:33.575825847,2025-03-19 15:15:39.961813831,KITCHEN,B2.77 Keuken,2.77,6.385987
RTLS_02836,Toiletstoel 1,equipment,2025-03-19 15:15:39.000000000,2025-03-19 15:16:08.000000000,UTIL_A,B2.63 Utility,2.63,29.0
RTLS_01249,EUREKA-VPL-010,nurse,2025-03-19 15:15:39.961813831,2025-03-19 15:16:14.078634135,ROOM_103,B2.78 1-bedskamer,2.78,34.11682
RTLS_01393,EUREKA-VPL-011,nurse,2025-03-19 15:15:41.911624894,2025-03-19 15:16:02.070561947,KITCHEN,B2.77 Keuken,2.77,20.158937
RTLS_00478,EUREKA-VPL-005,nurse,2025-03-19 15:15:45.771750474,2025-03-19 15:16:32.821689717,ROOM_109,B2.68 2-bedskamer,2.68,47.049939
RTLS_01464,EUREKA-VPL-012,nurse,2025-03-19 15:15:47.120552906,2025-03-19 15:22:42.703712539,ROOM_106,B2.62 2-bedskamer,2.62,415.583159
RTLS_01864,EUREKA-VPL-015,nurse,2025-03-19 15:15:56.324259961,2025-03-19 15:16:33.133961705,KITCHEN,B2.77 Keuken,2.77,36.809701
RTLS_01739,EUREKA-VPL-014,nurse,2025-03-19 15:15:58.102444582,2025-03-19 15:21:28.339638957,ROOM_109,B2.68 2-bedskamer,2.68,330.237194
RTLS_01394,EUREKA-VPL-011,nurse,2025-03-19 15:16:02.070561947,2025-03-19 15:16:15.368324469,NS_A,B2.71 Open wacht,2.71,13.297762
RTLS_02621,Glucosemeter 1,equipment,2025-03-19 15:16:09.000000000,2025-03-19 15:16:17.000000000,NS_A,B2.71 Open wacht,2.71,8.0
RTLS_01250,EUREKA-VPL-010,nurse,2025-03-19 15:16:14.078634135,2025-03-19 15:16:23.997181181,ROOM_107,B2.64 2-bedskamer,2.64,9.918547
RTLS_01395,EUREKA-VPL-011,nurse,2025-03-19 15:16:15.368324469,2025-03-19 15:16:46.192712122,STORE_A,B2.53 Berging,2.53,30.824387
RTLS_01251,EUREKA-VPL-010,nurse,2025-03-19 15:16:23.997181181,2025-03-19 15:23:39.997650847,STORE_C,B2.65 Berging,2.65,436.000469
RTLS_00296,EUREKA-VPL-003,nurse,2025-03-19 15:16:24.307202185,2025-03-19 15:16:37.862825918,ROOM_108,B2.66 2-bedskamer,2.66,13.555623
RTLS_03367,Voedingspomp 3,equipment,2025-03-19 15:16:27.000000000,2025-03-19 15:16:43.000000000,UTIL_A,B2.63 Utility,2.63,16.0
RTLS_01994,Infuuspomp 1,equipment,2025-03-19 15:16:28.000000000,2025-03-19 15:16:47.000000000,UTIL_A,B2.63 Utility,2.63,19.0
RTLS_01063,EUREKA-VPL-009,nurse,2025-03-19 15:16:32.094416909,2025-03-19 15:17:21.484631245,ROOM_109,B2.68 2-bedskamer,2.68,49.390214
RTLS_00479,EUREKA-VPL-005,nurse,2025-03-19 15:16:32.821689717,2025-03-19 15:16:41.584231373,KITCHEN,B2.77 Keuken,2.77,8.762541
RTLS_01865,EUREKA-VPL-015,nurse,2025-03-19 15:16:33.133961705,2025-03-19 15:16:47.571848866,ROOM_110,B2.79 2-bedskamer,2.79,14.437887
RTLS_00297,EUREKA-VPL-003,nurse,2025-03-19 15:16:37.862825918,2025-03-19 15:16:55.348164756,ROOM_105,B2.82 1-bedskamer,2.82,17.485338
RTLS_03154,Voedingspomp 1,equipment,2025-03-19 15:16:40.000000000,2025-03-19 15:16:58.000000000,UTIL_A,B2.63 Utility,2.63,18.0
RTLS_00480,EUREKA-VPL-005,nurse,2025-03-19 15:16:41.584231373,2025-03-19 15:17:11.846429285,STORAGE,B2.61 Opslag,2.61,30.262197
RTLS_01866,EUREKA-VPL-015,nurse,2025-03-19 15:16:47.571848866,2025-03-19 15:16:48.889562279,PREP_B,B2.71.02 Voorbereiding,2.71.02,1.317713
RTLS_01867,EUREKA-VPL-015,nurse,2025-03-19 15:16:48.889562279,2025-03-19 15:19:22.188258505,ROOM_110,B2.79 2-bedskamer,2.79,153.298696
RTLS_00298,EUREKA-VPL-003,nurse,2025-03-19 15:16:55.348164756,2025-03-19 15:18:31.381477278,ROOM_110,B2.79 2-bedskamer,2.79,96.033312
RTLS_02215,Infuuspomp 3,equipment,2025-03-19 15:17:03.000000000,2025-03-19 15:17:10.000000000,UTIL_B,B2.75 Utility,2.75,7.0
RTLS_00481,EUREKA-VPL-005,nurse,2025-03-19 15:17:11.846429285,2025-03-19 15:18:03.366121999,NS_B,B2.71.01 Dienstplaats,2.71.01,51.519692
RTLS_01064,EUREKA-VPL-009,nurse,2025-03-19 15:17:21.484631245,2025-03-19 15:18:53.163713371,ROOM_106,B2.62 2-bedskamer,2.62,91.679082
RTLS_00626,EUREKA-VPL-006,nurse,2025-03-19 15:17:25.910116471,2025-03-19 15:23:14.195100516,PREP_B,B2.71.02 Voorbereiding,2.71.02,348.284984
RTLS_02942,Toiletstoel 2,equipment,2025-03-19 15:17:26.000000000,2025-03-19 15:18:00.000000000,UTIL_B,B2.75 Utility,2.75,34.0
RTLS_02415,Spuitaandrijver,equipment,2025-03-19 15:17:26.000000000,2025-03-19 15:17:56.000000000,UTIL_B,B2.75 Utility,2.75,30.0
RTLS_00482,EUREKA-VPL-005,nurse,2025-03-19 15:18:03.366121999,2025-03-19 15:18:10.319666327,ROOM_106,B2.62 2-bedskamer,2.62,6.953544
RTLS_00483,EUREKA-VPL-005,nurse,2025-03-19 15:18:10.319666327,2025-03-19 15:18:19.671184293,ROOM_105,B2.82 1-bedskamer,2.82,9.351517
RTLS_03368,Voedingspomp 3,equipment,2025-03-19 15:18:12.000000000,2025-03-19 15:18:29.000000000,UTIL_A,B2.63 Utility,2.63,17.0
RTLS_00484,EUREKA-VPL-005,nurse,2025-03-19 15:18:19.671184293,2025-03-19 15:21:16.587550742,ROOM_104,B2.80 1-bedskamer,2.80,176.916366
RTLS_00133,EUREKA-VPL-001,nurse,2025-03-19 15:18:25.400512668,2025-03-19 15:19:11.698861870,ROOM_102,B2.76 1-bedskamer,2.76,46.298349
RTLS_00299,EUREKA-VPL-003,nurse,2025-03-19 15:18:31.381477278,2025-03-19 15:18:39.815510067,KITCHEN,B2.77 Keuken,2.77,8.434032
RTLS_00795,EUREKA-VPL-007,nurse,2025-03-19 15:18:39.228395685,2025-03-19 15:20:25.622030544,ROOM_107,B2.64 2-bedskamer,2.64,106.393634
RTLS_01065,EUREKA-VPL-009,nurse,2025-03-19 15:18:53.163713371,2025-03-19 15:21:07.720739828,STORE_B,B2.59 Berging,2.59,134.557026
RTLS_00134,EUREKA-VPL-001,nurse,2025-03-19 15:19:11.698861870,2025-03-19 15:20:21.965882185,NS_B,B2.71.01 Dienstplaats,2.71.01,70.26702
RTLS_02837,Toiletstoel 1,equipment,2025-03-19 15:19:17.000000000,2025-03-19 15:19:34.000000000,UTIL_A,B2.63 Utility,2.63,17.0
RTLS_01868,EUREKA-VPL-015,nurse,2025-03-19 15:19:22.188258505,2025-03-19 15:19:29.158700969,NS_A,B2.71 Open wacht,2.71,6.970442
RTLS_01869,EUREKA-VPL-015,nurse,2025-03-19 15:19:29.158700969,2025-03-19 15:20:29.338540444,STORE_B,B2.59 Berging,2.59,60.179839
RTLS_03263,Voedingspomp 2,equipment,2025-03-19 15:19:32.000000000,2025-03-19 15:19:37.000000000,UTIL_B,B2.75 Utility,2.75,5.0
RTLS_02515,Bladderscan,equipment,2025-03-19 15:19:37.000000000,2025-03-19 15:20:09.000000000,UTIL_A,B2.63 Utility,2.63,32.0
RTLS_02622,Glucosemeter 1,equipment,2025-03-19 15:19:38.000000000,2025-03-19 15:20:08.000000000,NS_A,B2.71 Open wacht,2.71,30.0
RTLS_02216,Infuuspomp 3,equipment,2025-03-19 15:19:58.000000000,2025-03-19 15:20:21.000000000,UTIL_B,B2.75 Utility,2.75,23.0
RTLS_00922,EUREKA-VPL-008,nurse,2025-03-19 15:20:18.590036007,2025-03-19 15:20:27.268529616,ROOM_110,B2.79 2-bedskamer,2.79,8.678493
RTLS_00135,EUREKA-VPL-001,nurse,2025-03-19 15:20:21.965882185,2025-03-19 15:20:26.608402083,ROOM_106,B2.62 2-bedskamer,2.62,4.642519
RTLS_02109,Infuuspomp 2,equipment,2025-03-19 15:20:24.000000000,2025-03-19 15:20:29.000000000,UTIL_A,B2.63 Utility,2.63,5.0
RTLS_00796,EUREKA-VPL-007,nurse,2025-03-19 15:20:25.622030544,2025-03-19 15:20:42.137304037,KITCHEN,B2.77 Keuken,2.77,16.515273
RTLS_00136,EUREKA-VPL-001,nurse,2025-03-19 15:20:26.608402083,2025-03-19 15:20:45.519172134,ROOM_108,B2.66 2-bedskamer,2.66,18.91077
RTLS_00923,EUREKA-VPL-008,nurse,2025-03-19 15:20:27.268529616,2025-03-19 15:20:37.594090888,ROOM_103,B2.78 1-bedskamer,2.78,10.325561
RTLS_01870,EUREKA-VPL-015,nurse,2025-03-19 15:20:29.338540444,2025-03-19 15:20:30.884126898,STORAGE,B2.61 Opslag,2.61,1.5455860000000001
RTLS_01871,EUREKA-VPL-015,nurse,2025-03-19 15:20:30.884126898,2025-03-19 15:20:40.238912579,ROOM_109,B2.68 2-bedskamer,2.68,9.354785
RTLS_00924,EUREKA-VPL-008,nurse,2025-03-19 15:20:37.594090888,2025-03-19 15:20:42.951524057,ROOM_105,B2.82 1-bedskamer,2.82,5.357433
RTLS_01872,EUREKA-VPL-015,nurse,2025-03-19 15:20:40.238912579,2025-03-19 15:48:06.230186087,UTIL_B,B2.75 Utility,2.75,1645.991273
RTLS_00797,EUREKA-VPL-007,nurse,2025-03-19 15:20:42.137304037,2025-03-19 15:21:00.259095036,STORE_C,B2.65 Berging,2.65,18.12179
RTLS_00925,EUREKA-VPL-008,nurse,2025-03-19 15:20:42.951524057,2025-03-19 15:20:49.240417516,NS_B,B2.71.01 Dienstplaats,2.71.01,6.288893
RTLS_00137,EUREKA-VPL-001,nurse,2025-03-19 15:20:45.519172134,2025-03-19 15:22:56.676212876,ROOM_106,B2.62 2-bedskamer,2.62,131.15704
RTLS_00926,EUREKA-VPL-008,nurse,2025-03-19 15:20:49.240417516,2025-03-19 15:21:40.292694381,ROOM_109,B2.68 2-bedskamer,2.68,51.052276
RTLS_00798,EUREKA-VPL-007,nurse,2025-03-19 15:21:00.259095036,2025-03-19 15:21:11.414636244,ROOM_102,B2.76 1-bedskamer,2.76,11.155541
RTLS_01066,EUREKA-VPL-009,nurse,2025-03-19 15:21:07.720739828,2025-03-19 15:25:48.599509240,ROOM_107,B2.64 2-bedskamer,2.64,280.878769
RTLS_00237,EUREKA-VPL-002,nurse,2025-03-19 15:21:07.910175180,2025-03-19 15:21:15.994676944,BATH_B,B2.55 Badkamer,2.55,8.084501
RTLS_00799,EUREKA-VPL-007,nurse,2025-03-19 15:21:11.414636244,2025-03-19 15:21:14.108131415,STORE_B,B2.59 Berging,2.59,2.693495
RTLS_02731,Glucosemeter 2,equipment,2025-03-19 15:21:12.000000000,2025-03-19 15:21:24.000000000,NS_B,B2.71.01 Dienstplaats,2.71.01,12.0
RTLS_00800,EUREKA-VPL-007,nurse,2025-03-19 15:21:14.108131415,2025-03-19 15:22:03.740242654,KITCHEN,B2.77 Keuken,2.77,49.632111
RTLS_00238,EUREKA-VPL-002,nurse,2025-03-19 15:21:15.994676944,2025-03-19 15:21:21.962410262,NS_B,B2.71.01 Dienstplaats,2.71.01,5.967733
RTLS_00485,EUREKA-VPL-005,nurse,2025-03-19 15:21:16.587550742,2025-03-19 15:23:51.529973907,ROOM_105,B2.82 1-bedskamer,2.82,154.942423
RTLS_00239,EUREKA-VPL-002,nurse,2025-03-19 15:21:21.962410262,2025-03-19 15:21:29.407805201,KITCHEN,B2.77 Keuken,2.77,7.445394
RTLS_01740,EUREKA-VPL-014,nurse,2025-03-19 15:21:28.339638957,2025-03-19 15:21:33.601499332,KITCHEN,B2.77 Keuken,2.77,5.26186
RTLS_00240,EUREKA-VPL-002,nurse,2025-03-19 15:21:29.407805201,2025-03-19 15:21:56.078605249,ROOM_105,B2.82 1-bedskamer,2.82,26.6708
RTLS_01741,EUREKA-VPL-014,nurse,2025-03-19 15:21:33.601499332,2025-03-19 15:22:27.843331197,ROOM_102,B2.76 1-bedskamer,2.76,54.241831
RTLS_00927,EUREKA-VPL-008,nurse,2025-03-19 15:21:40.292694381,2025-03-19 15:22:38.752483530,ROOM_102,B2.76 1-bedskamer,2.76,58.459789
RTLS_01568,EUREKA-VPL-013,nurse,2025-03-19 15:21:45.305487749,2025-03-19 15:22:20.128698132,KITCHEN,B2.77 Keuken,2.77,34.82321
RTLS_02110,Infuuspomp 2,equipment,2025-03-19 15:21:54.000000000,2025-03-19 15:21:59.000000000,UTIL_A,B2.63 Utility,2.63,5.0
RTLS_00241,EUREKA-VPL-002,nurse,2025-03-19 15:21:56.078605249,2025-03-19 15:22:04.428320278,ROOM_101,B2.74 1-bedskamer,2.74,8.349715
RTLS_00801,EUREKA-VPL-007,nurse,2025-03-19 15:22:03.740242654,2025-03-19 15:22:06.196154805,ROOM_108,B2.66 2-bedskamer,2.66,2.455912
RTLS_00242,EUREKA-VPL-002,nurse,2025-03-19 15:22:04.428320278,2025-03-19 15:23:15.402255206,ROOM_105,B2.82 1-bedskamer,2.82,70.973934
RTLS_02943,Toiletstoel 2,equipment,2025-03-19 15:22:06.000000000,2025-03-19 15:22:32.000000000,UTIL_B,B2.75 Utility,2.75,26.0
RTLS_00802,EUREKA-VPL-007,nurse,2025-03-19 15:22:06.196154805,2025-03-19 15:22:32.452448695,NS_A,B2.71 Open wacht,2.71,26.256293
RTLS_03471,Voedingspomp 4,equipment,2025-03-19 15:22:13.000000000,2025-03-19 15:22:29.000000000,UTIL_B,B2.75 Utility,2.75,16.0
RTLS_01569,EUREKA-VPL-013,nurse,2025-03-19 15:22:20.128698132,2025-03-19 15:23:29.008148534,ROOM_109,B2.68 2-bedskamer,2.68,68.87945
RTLS_01742,EUREKA-VPL-014,nurse,2025-03-19 15:22:27.843331197,2025-03-19 15:23:47.176502696,ROOM_110,B2.79 2-bedskamer,2.79,79.333171
RTLS_00803,EUREKA-VPL-007,nurse,2025-03-19 15:22:32.452448695,2025-03-19 15:23:08.692004431,ROOM_103,B2.78 1-bedskamer,2.78,36.239555
RTLS_00928,EUREKA-VPL-008,nurse,2025-03-19 15:22:38.752483530,2025-03-19 15:31:05.077637286,ROOM_107,B2.64 2-bedskamer,2.64,506.325153
RTLS_03571,Voedingspomp 5,equipment,2025-03-19 15:22:39.000000000,2025-03-19 15:23:03.000000000,UTIL_A,B2.63 Utility,2.63,24.0
RTLS_01465,EUREKA-VPL-012,nurse,2025-03-19 15:22:42.703712539,2025-03-19 15:23:09.865797201,ROOM_104,B2.80 1-bedskamer,2.80,27.162084
RTLS_02316,Infuuspomp 4,equipment,2025-03-19 15:22:43.000000000,2025-03-19 15:23:13.000000000,UTIL_B,B2.75 Utility,2.75,30.0
RTLS_03054,Toiletstoel 3,equipment,2025-03-19 15:22:44.000000000,2025-03-19 15:23:02.000000000,STORAGE,B2.61 Opslag,2.61,18.0
RTLS_00138,EUREKA-VPL-001,nurse,2025-03-19 15:22:56.676212876,2025-03-19 15:29:10.650407034,UTIL_A,B2.63 Utility,2.63,373.974194
RTLS_00804,EUREKA-VPL-007,nurse,2025-03-19 15:23:08.692004431,2025-03-19 15:23:41.633436160,ROOM_107,B2.64 2-bedskamer,2.64,32.941431
RTLS_01466,EUREKA-VPL-012,nurse,2025-03-19 15:23:09.865797201,2025-03-19 15:23:24.447908459,ROOM_108,B2.66 2-bedskamer,2.66,14.582111
RTLS_00627,EUREKA-VPL-006,nurse,2025-03-19 15:23:14.195100516,2025-03-19 15:24:51.729500333,ROOM_110,B2.79 2-bedskamer,2.79,97.534399
RTLS_00243,EUREKA-VPL-002,nurse,2025-03-19 15:23:15.402255206,2025-03-19 15:23:35.165394088,ROOM_107,B2.64 2-bedskamer,2.64,19.763138
RTLS_03369,Voedingspomp 3,equipment,2025-03-19 15:23:25.000000000,2025-03-19 15:23:32.000000000,UTIL_A,B2.63 Utility,2.63,7.0
RTLS_01570,EUREKA-VPL-013,nurse,2025-03-19 15:23:29.008148534,2025-03-19 15:23:30.582547995,ROOM_107,B2.64 2-bedskamer,2.64,1.574399
RTLS_01571,EUREKA-VPL-013,nurse,2025-03-19 15:23:30.582547995,2025-03-19 15:23:34.365516729,ROOM_105,B2.82 1-bedskamer,2.82,3.782968
RTLS_01572,EUREKA-VPL-013,nurse,2025-03-19 15:23:34.365516729,2025-03-19 15:24:06.783016128,PREP_B,B2.71.02 Voorbereiding,2.71.02,32.417499
RTLS_00244,EUREKA-VPL-002,nurse,2025-03-19 15:23:35.165394088,2025-03-19 15:24:29.259548192,ROOM_110,B2.79 2-bedskamer,2.79,54.094154
RTLS_01252,EUREKA-VPL-010,nurse,2025-03-19 15:23:39.997650847,2025-03-19 15:23:44.331987986,KITCHEN,B2.77 Keuken,2.77,4.334337
RTLS_00805,EUREKA-VPL-007,nurse,2025-03-19 15:23:41.633436160,2025-03-19 15:27:24.771699619,UTIL_A,B2.63 Utility,2.63,223.138263
RTLS_01253,EUREKA-VPL-010,nurse,2025-03-19 15:23:44.331987986,2025-03-19 15:23:59.569187535,NS_B,B2.71.01 Dienstplaats,2.71.01,15.237199
RTLS_01743,EUREKA-VPL-014,nurse,2025-03-19 15:23:47.176502696,2025-03-19 15:24:05.323000065,ROOM_103,B2.78 1-bedskamer,2.78,18.146497
RTLS_00486,EUREKA-VPL-005,nurse,2025-03-19 15:23:51.529973907,2025-03-19 15:24:13.570973852,KITCHEN,B2.77 Keuken,2.77,22.040999
RTLS_01254,EUREKA-VPL-010,nurse,2025-03-19 15:23:59.569187535,2025-03-19 15:31:11.655349935,NS_B,B2.71.01 Dienstplaats,2.71.01,432.086162
RTLS_01995,Infuuspomp 1,equipment,2025-03-19 15:24:00.000000000,2025-03-19 15:24:12.000000000,UTIL_A,B2.63 Utility,2.63,12.0
RTLS_01744,EUREKA-VPL-014,nurse,2025-03-19 15:24:05.323000065,2025-03-19 15:24:31.103390288,KITCHEN,B2.77 Keuken,2.77,25.78039
RTLS_01573,EUREKA-VPL-013,nurse,2025-03-19 15:24:06.783016128,2025-03-19 15:24:15.193653428,NS_A,B2.71 Open wacht,2.71,8.410637
RTLS_02416,Spuitaandrijver,equipment,2025-03-19 15:24:13.000000000,2025-03-19 15:24:50.000000000,UTIL_B,B2.75 Utility,2.75,37.0
RTLS_00487,EUREKA-VPL-005,nurse,2025-03-19 15:24:13.570973852,2025-03-19 15:28:59.295015118,ROOM_104,B2.80 1-bedskamer,2.80,285.724041
RTLS_01574,EUREKA-VPL-013,nurse,2025-03-19 15:24:15.193653428,2025-03-19 15:24:23.839603031,ROOM_110,B2.79 2-bedskamer,2.79,8.645949
RTLS_01575,EUREKA-VPL-013,nurse,2025-03-19 15:24:23.839603031,2025-03-19 15:25:02.758629869,KITCHEN,B2.77 Keuken,2.77,38.919026
RTLS_03155,Voedingspomp 1,equipment,2025-03-19 15:24:27.000000000,2025-03-19 15:24:42.000000000,UTIL_A,B2.63 Utility,2.63,15.0
RTLS_02217,Infuuspomp 3,equipment,2025-03-19 15:24:28.000000000,2025-03-19 15:25:04.000000000,UTIL_B,B2.75 Utility,2.75,36.0
RTLS_00245,EUREKA-VPL-002,nurse,2025-03-19 15:24:29.259548192,2025-03-19 15:24:33.328172837,NS_B,B2.71.01 Dienstplaats,2.71.01,4.068624
RTLS_01745,EUREKA-VPL-014,nurse,2025-03-19 15:24:31.103390288,2025-03-19 15:24:46.143852564,ROOM_101,B2.74 1-bedskamer,2.74,15.040462
RTLS_00246,EUREKA-VPL-002,nurse,2025-03-19 15:24:33.328172837,2025-03-19 15:25:05.814106229,ROOM_101,B2.74 1-bedskamer,2.74,32.485933
RTLS_02838,Toiletstoel 1,equipment,2025-03-19 15:24:38.000000000,2025-03-19 15:25:02.000000000,UTIL_A,B2.63 Utility,2.63,24.0
RTLS_02317,Infuuspomp 4,equipment,2025-03-19 15:24:45.000000000,2025-03-19 15:25:19.000000000,UTIL_B,B2.75 Utility,2.75,34.0
RTLS_01746,EUREKA-VPL-014,nurse,2025-03-19 15:24:46.143852564,2025-03-19 15:26:20.333171853,KITCHEN,B2.77 Keuken,2.77,94.189319
RTLS_00628,EUREKA-VPL-006,nurse,2025-03-19 15:24:51.729500333,2025-03-19 15:24:59.094728799,ROOM_109,B2.68 2-bedskamer,2.68,7.365228
RTLS_02623,Glucosemeter 1,equipment,2025-03-19 15:24:52.000000000,2025-03-19 15:25:27.000000000,NS_A,B2.71 Open wacht,2.71,35.0
RTLS_00629,EUREKA-VPL-006,nurse,2025-03-19 15:24:59.094728799,2025-03-19 15:25:46.777044108,ROOM_106,B2.62 2-bedskamer,2.62,47.682315
RTLS_01576,EUREKA-VPL-013,nurse,2025-03-19 15:25:02.758629869,2025-03-19 15:26:00.716726338,ROOM_102,B2.76 1-bedskamer,2.76,57.958096
RTLS_03264,Voedingspomp 2,equipment,2025-03-19 15:25:12.000000000,2025-03-19 15:25:44.000000000,UTIL_B,B2.75 Utility,2.75,32.0
RTLS_02111,Infuuspomp 2,equipment,2025-03-19 15:25:28.000000000,2025-03-19 15:25:44.000000000,UTIL_A,B2.63 Utility,2.63,16.0
RTLS_00630,EUREKA-VPL-006,nurse,2025-03-19 15:25:46.777044108,2025-03-19 15:25:52.292286389,NS_B,B2.71.01 Dienstplaats,2.71.01,5.515242
RTLS_01067,EUREKA-VPL-009,nurse,2025-03-19 15:25:48.599509240,2025-03-19 15:33:27.039790458,STORAGE,B2.61 Opslag,2.61,458.440281
RTLS_00631,EUREKA-VPL-006,nurse,2025-03-19 15:25:52.292286389,2025-03-19 15:25:54.300462900,ROOM_104,B2.80 1-bedskamer,2.80,2.008176
RTLS_00632,EUREKA-VPL-006,nurse,2025-03-19 15:25:54.300462900,2025-03-19 15:26:15.071293644,KITCHEN,B2.77 Keuken,2.77,20.77083
RTLS_01577,EUREKA-VPL-013,nurse,2025-03-19 15:26:00.716726338,2025-03-19 15:29:03.593851845,STORE_A,B2.53 Berging,2.53,182.877125
RTLS_00633,EUREKA-VPL-006,nurse,2025-03-19 15:26:15.071293644,2025-03-19 15:26:58.378838657,NS_A,B2.71 Open wacht,2.71,43.307545
RTLS_01747,EUREKA-VPL-014,nurse,2025-03-19 15:26:20.333171853,2025-03-19 15:27:25.911791284,NS_B,B2.71.01 Dienstplaats,2.71.01,65.578619
RTLS_00634,EUREKA-VPL-006,nurse,2025-03-19 15:26:58.378838657,2025-03-19 15:27:01.501687905,ROOM_109,B2.68 2-bedskamer,2.68,3.122849
RTLS_00635,EUREKA-VPL-006,nurse,2025-03-19 15:27:01.501687905,2025-03-19 15:27:37.255294157,KITCHEN,B2.77 Keuken,2.77,35.753606
RTLS_02944,Toiletstoel 2,equipment,2025-03-19 15:27:23.000000000,2025-03-19 15:28:00.000000000,UTIL_B,B2.75 Utility,2.75,37.0
RTLS_00806,EUREKA-VPL-007,nurse,2025-03-19 15:27:24.771699619,2025-03-19 15:27:30.338335932,KITCHEN,B2.77 Keuken,2.77,5.566636
RTLS_01748,EUREKA-VPL-014,nurse,2025-03-19 15:27:25.911791284,2025-03-19 15:27:35.853951870,ROOM_108,B2.66 2-bedskamer,2.66,9.94216
RTLS_02516,Bladderscan,equipment,2025-03-19 15:27:26.000000000,2025-03-19 15:27:33.000000000,UTIL_A,B2.63 Utility,2.63,7.0
RTLS_00807,EUREKA-VPL-007,nurse,2025-03-19 15:27:30.338335932,2025-03-19 15:27:41.184354126,ROOM_102,B2.76 1-bedskamer,2.76,10.846018
RTLS_01749,EUREKA-VPL-014,nurse,2025-03-19 15:27:35.853951870,2025-03-19 15:27:45.276905329,UTIL_B,B2.75 Utility,2.75,9.422953
RTLS_00636,EUREKA-VPL-006,nurse,2025-03-19 15:27:37.255294157,2025-03-19 15:28:16.903043125,ROOM_102,B2.76 1-bedskamer,2.76,39.647748
RTLS_00808,EUREKA-VPL-007,nurse,2025-03-19 15:27:41.184354126,2025-03-19 15:30:06.547055214,NS_A,B2.71 Open wacht,2.71,145.362701
RTLS_01750,EUREKA-VPL-014,nurse,2025-03-19 15:27:45.276905329,2025-03-19 15:27:54.359451318,ROOM_101,B2.74 1-bedskamer,2.74,9.082545
RTLS_02318,Infuuspomp 4,equipment,2025-03-19 15:27:50.000000000,2025-03-19 15:28:13.000000000,UTIL_B,B2.75 Utility,2.75,23.0
RTLS_03055,Toiletstoel 3,equipment,2025-03-19 15:27:50.000000000,2025-03-19 15:28:09.000000000,STORAGE,B2.61 Opslag,2.61,19.0
RTLS_03370,Voedingspomp 3,equipment,2025-03-19 15:27:53.000000000,2025-03-19 15:28:23.000000000,UTIL_A,B2.63 Utility,2.63,30.0
RTLS_01996,Infuuspomp 1,equipment,2025-03-19 15:27:54.000000000,2025-03-19 15:28:11.000000000,UTIL_A,B2.63 Utility,2.63,17.0
RTLS_01751,EUREKA-VPL-014,nurse,2025-03-19 15:27:54.359451318,2025-03-19 15:34:10.255064489,UTIL_B,B2.75 Utility,2.75,375.895613
RTLS_00637,EUREKA-VPL-006,nurse,2025-03-19 15:28:16.903043125,2025-03-19 15:29:31.838703171,ROOM_109,B2.68 2-bedskamer,2.68,74.93566
RTLS_03572,Voedingspomp 5,equipment,2025-03-19 15:28:39.000000000,2025-03-19 15:29:15.000000000,UTIL_A,B2.63 Utility,2.63,36.0
RTLS_02417,Spuitaandrijver,equipment,2025-03-19 15:28:46.000000000,2025-03-19 15:29:16.000000000,UTIL_B,B2.75 Utility,2.75,30.0
RTLS_02732,Glucosemeter 2,equipment,2025-03-19 15:28:48.000000000,2025-03-19 15:28:53.000000000,NS_B,B2.71.01 Dienstplaats,2.71.01,5.0
RTLS_00488,EUREKA-VPL-005,nurse,2025-03-19 15:28:59.295015118,2025-03-19 15:29:00.734924287,ROOM_105,B2.82 1-bedskamer,2.82,1.439909
RTLS_00489,EUREKA-VPL-005,nurse,2025-03-19 15:29:00.734924287,2025-03-19 15:29:12.190045957,ROOM_107,B2.64 2-bedskamer,2.64,11.455121
RTLS_01578,EUREKA-VPL-013,nurse,2025-03-19 15:29:03.593851845,2025-03-19 15:29:31.405934406,ROOM_103,B2.78 1-bedskamer,2.78,27.812082
RTLS_02517,Bladderscan,equipment,2025-03-19 15:29:10.000000000,2025-03-19 15:29:46.000000000,UTIL_A,B2.63 Utility,2.63,36.0
RTLS_00139,EUREKA-VPL-001,nurse,2025-03-19 15:29:10.650407034,2025-03-19 15:29:36.782834679,BATH_B,B2.55 Badkamer,2.55,26.132427
RTLS_01579,EUREKA-VPL-013,nurse,2025-03-19 15:29:31.405934406,2025-03-19 15:33:54.852031354,NS_A,B2.71 Open wacht,2.71,263.446096
RTLS_00638,EUREKA-VPL-006,nurse,2025-03-19 15:29:31.838703171,2025-03-19 15:30:58.280534463,ROOM_102,B2.76 1-bedskamer,2.76,86.441831
RTLS_00140,EUREKA-VPL-001,nurse,2025-03-19 15:29:36.782834679,2025-03-19 15:31:40.803034911,KITCHEN,B2.77 Keuken,2.77,124.0202
RTLS_02319,Infuuspomp 4,equipment,2025-03-19 15:29:37.000000000,2025-03-19 15:29:45.000000000,UTIL_B,B2.75 Utility,2.75,8.0
RTLS_03472,Voedingspomp 4,equipment,2025-03-19 15:30:00.000000000,2025-03-19 15:30:32.000000000,UTIL_B,B2.75 Utility,2.75,32.0
RTLS_02218,Infuuspomp 3,equipment,2025-03-19 15:30:01.000000000,2025-03-19 15:30:19.000000000,UTIL_B,B2.75 Utility,2.75,18.0
RTLS_00809,EUREKA-VPL-007,nurse,2025-03-19 15:30:06.547055214,2025-03-19 15:30:59.908743723,PREP_A,B2.71.02 Voorbereiding,2.71.02,53.361688
RTLS_03156,Voedingspomp 1,equipment,2025-03-19 15:30:15.000000000,2025-03-19 15:30:45.000000000,UTIL_A,B2.63 Utility,2.63,30.0
RTLS_02945,Toiletstoel 2,equipment,2025-03-19 15:30:23.000000000,2025-03-19 15:30:35.000000000,UTIL_B,B2.75 Utility,2.75,12.0
RTLS_03265,Voedingspomp 2,equipment,2025-03-19 15:30:33.000000000,2025-03-19 15:30:44.000000000,UTIL_B,B2.75 Utility,2.75,11.0
RTLS_02733,Glucosemeter 2,equipment,2025-03-19 15:30:35.000000000,2025-03-19 15:30:41.000000000,NS_B,B2.71.01 Dienstplaats,2.71.01,6.0
RTLS_00639,EUREKA-VPL-006,nurse,2025-03-19 15:30:58.280534463,2025-03-19 15:31:01.800278901,ROOM_109,B2.68 2-bedskamer,2.68,3.519744
RTLS_00640,EUREKA-VPL-006,nurse,2025-03-19 15:31:01.800278901,2025-03-19 15:31:12.047153813,KITCHEN,B2.77 Keuken,2.77,10.246874
RTLS_00929,EUREKA-VPL-008,nurse,2025-03-19 15:31:05.077637286,2025-03-19 15:31:06.077637286,STORE_B,B2.59 Berging,2.59,1.0
RTLS_03056,Toiletstoel 3,equipment,2025-03-19 15:31:06.000000000,2025-03-19 15:31:14.000000000,STORAGE,B2.61 Opslag,2.61,8.0
RTLS_00930,EUREKA-VPL-008,nurse,2025-03-19 15:31:06.077637286,2025-03-19 15:31:58.726816912,STORE_C,B2.65 Berging,2.65,52.649179
RTLS_01255,EUREKA-VPL-010,nurse,2025-03-19 15:31:11.655349935,2025-03-19 15:31:12.655349935,KITCHEN,B2.77 Keuken,2.77,1.0
RTLS_00641,EUREKA-VPL-006,nurse,2025-03-19 15:31:12.047153813,2025-03-19 15:31:17.449586004,ROOM_102,B2.76 1-bedskamer,2.76,5.402432
RTLS_01256,EUREKA-VPL-010,nurse,2025-03-19 15:31:12.655349935,2025-03-19 15:37:51.273346088,NS_B,B2.71.01 Dienstplaats,2.71.01,398.617996
RTLS_00642,EUREKA-VPL-006,nurse,2025-03-19 15:31:17.449586004,2025-03-19 15:31:32.448711608,ROOM_105,B2.82 1-bedskamer,2.82,14.999125
RTLS_00643,EUREKA-VPL-006,nurse,2025-03-19 15:31:32.448711608,2025-03-19 15:31:34.577547918,STORAGE,B2.61 Opslag,2.61,2.128836
RTLS_00644,EUREKA-VPL-006,nurse,2025-03-19 15:31:34.577547918,2025-03-19 15:31:41.295962619,NS_A,B2.71 Open wacht,2.71,6.718414
RTLS_00141,EUREKA-VPL-001,nurse,2025-03-19 15:31:40.803034911,2025-03-19 15:31:48.157822093,STORE_C,B2.65 Berging,2.65,7.354787
RTLS_00645,EUREKA-VPL-006,nurse,2025-03-19 15:31:41.295962619,2025-03-19 15:32:20.963246960,ROOM_109,B2.68 2-bedskamer,2.68,39.667284
RTLS_02624,Glucosemeter 1,equipment,2025-03-19 15:31:45.000000000,2025-03-19 15:31:52.000000000,NS_A,B2.71 Open wacht,2.71,7.0
RTLS_00142,EUREKA-VPL-001,nurse,2025-03-19 15:31:48.157822093,2025-03-19 15:32:19.146007709,BATH_B,B2.55 Badkamer,2.55,30.988185
RTLS_02839,Toiletstoel 1,equipment,2025-03-19 15:31:55.000000000,2025-03-19 15:32:08.000000000,UTIL_A,B2.63 Utility,2.63,13.0
RTLS_03157,Voedingspomp 1,equipment,2025-03-19 15:31:55.000000000,2025-03-19 15:32:16.000000000,UTIL_A,B2.63 Utility,2.63,21.0
RTLS_00931,EUREKA-VPL-008,nurse,2025-03-19 15:31:58.726816912,2025-03-19 15:39:11.600717052,ROOM_109,B2.68 2-bedskamer,2.68,432.8739
RTLS_02320,Infuuspomp 4,equipment,2025-03-19 15:32:12.000000000,2025-03-19 15:32:34.000000000,UTIL_B,B2.75 Utility,2.75,22.0
RTLS_03371,Voedingspomp 3,equipment,2025-03-19 15:32:16.000000000,2025-03-19 15:32:24.000000000,UTIL_A,B2.63 Utility,2.63,8.0
RTLS_00143,EUREKA-VPL-001,nurse,2025-03-19 15:32:19.146007709,2025-03-19 15:32:28.954342361,ROOM_106,B2.62 2-bedskamer,2.62,9.808334
RTLS_00646,EUREKA-VPL-006,nurse,2025-03-19 15:32:20.963246960,2025-03-19 15:34:59.374085322,NS_B,B2.71.01 Dienstplaats,2.71.01,158.410838
RTLS_00144,EUREKA-VPL-001,nurse,2025-03-19 15:32:28.954342361,2025-03-19 15:34:37.172762363,ROOM_101,B2.74 1-bedskamer,2.74,128.21842
RTLS_03573,Voedingspomp 5,equipment,2025-03-19 15:32:38.000000000,2025-03-19 15:32:46.000000000,UTIL_A,B2.63 Utility,2.63,8.0
RTLS_02112,Infuuspomp 2,equipment,2025-03-19 15:32:50.000000000,2025-03-19 15:33:07.000000000,UTIL_A,B2.63 Utility,2.63,17.0
RTLS_01068,EUREKA-VPL-009,nurse,2025-03-19 15:33:27.039790458,2025-03-19 15:33:48.413145944,KITCHEN,B2.77 Keuken,2.77,21.373355
RTLS_01069,EUREKA-VPL-009,nurse,2025-03-19 15:33:48.413145944,2025-03-19 15:37:39.274415987,UTIL_A,B2.63 Utility,2.63,230.86127
RTLS_03473,Voedingspomp 4,equipment,2025-03-19 15:33:51.000000000,2025-03-19 15:34:15.000000000,UTIL_B,B2.75 Utility,2.75,24.0
RTLS_01580,EUREKA-VPL-013,nurse,2025-03-19 15:33:54.852031354,2025-03-19 15:34:31.826503691,ROOM_108,B2.66 2-bedskamer,2.66,36.974472
RTLS_02946,Toiletstoel 2,equipment,2025-03-19 15:33:57.000000000,2025-03-19 15:34:26.000000000,UTIL_B,B2.75 Utility,2.75,29.0
RTLS_02734,Glucosemeter 2,equipment,2025-03-19 15:33:59.000000000,2025-03-19 15:34:34.000000000,NS_B,B2.71.01 Dienstplaats,2.71.01,35.0
RTLS_02219,Infuuspomp 3,equipment,2025-03-19 15:34:00.000000000,2025-03-19 15:34:25.000000000,UTIL_B,B2.75 Utility,2.75,25.0
RTLS_02113,Infuuspomp 2,equipment,2025-03-19 15:34:09.000000000,2025-03-19 15:34:43.000000000,UTIL_A,B2.63 Utility,2.63,34.0
RTLS_01752,EUREKA-VPL-014,nurse,2025-03-19 15:34:10.255064489,2025-03-19 15:41:12.912774034,PREP_A,B2.71.02 Voorbereiding,2.71.02,422.657709
RTLS_01997,Infuuspomp 1,equipment,2025-03-19 15:34:16.000000000,2025-03-19 15:34:22.000000000,UTIL_A,B2.63 Utility,2.63,6.0
RTLS_00145,EUREKA-VPL-001,nurse,2025-03-19 15:34:37.172762363,2025-03-19 15:36:27.078998465,NS_B,B2.71.01 Dienstplaats,2.71.01,109.906236
RTLS_02840,Toiletstoel 1,equipment,2025-03-19 15:34:49.000000000,2025-03-19 15:34:59.000000000,UTIL_A,B2.63 Utility,2.63,10.0
RTLS_00647,EUREKA-VPL-006,nurse,2025-03-19 15:34:59.374085322,2025-03-19 15:59:59.999999322,UTIL_B,B2.75 Utility,2.75,1500.625914
RTLS_02418,Spuitaandrijver,equipment,2025-03-19 15:35:36.000000000,2025-03-19 15:35:44.000000000,UTIL_B,B2.75 Utility,2.75,8.0
RTLS_03057,Toiletstoel 3,equipment,2025-03-19 15:36:03.000000000,2025-03-19 15:36:38.000000000,STORAGE,B2.61 Opslag,2.61,35.0
RTLS_03158,Voedingspomp 1,equipment,2025-03-19 15:36:06.000000000,2025-03-19 15:36:27.000000000,UTIL_A,B2.63 Utility,2.63,21.0
RTLS_02518,Bladderscan,equipment,2025-03-19 15:36:17.000000000,2025-03-19 15:36:41.000000000,UTIL_A,B2.63 Utility,2.63,24.0
RTLS_00146,EUREKA-VPL-001,nurse,2025-03-19 15:36:27.078998465,2025-03-19 15:39:03.630835672,STORE_A,B2.53 Berging,2.53,156.551837
RTLS_03266,Voedingspomp 2,equipment,2025-03-19 15:36:35.000000000,2025-03-19 15:36:51.000000000,UTIL_B,B2.75 Utility,2.75,16.0
RTLS_02321,Infuuspomp 4,equipment,2025-03-19 15:37:02.000000000,2025-03-19 15:37:35.000000000,UTIL_B,B2.75 Utility,2.75,33.0
RTLS_02114,Infuuspomp 2,equipment,2025-03-19 15:37:17.000000000,2025-03-19 15:37:52.000000000,UTIL_A,B2.63 Utility,2.63,35.0
RTLS_01070,EUREKA-VPL-009,nurse,2025-03-19 15:37:39.274415987,2025-03-19 15:38:07.060141017,STORE_B,B2.59 Berging,2.59,27.785725
RTLS_01257,EUREKA-VPL-010,nurse,2025-03-19 15:37:51.273346088,2025-03-19 15:37:57.652406263,STORE_A,B2.53 Berging,2.53,6.37906
RTLS_03372,Voedingspomp 3,equipment,2025-03-19 15:37:52.000000000,2025-03-19 15:38:03.000000000,UTIL_A,B2.63 Utility,2.63,11.0
RTLS_01258,EUREKA-VPL-010,nurse,2025-03-19 15:37:57.652406263,2025-03-19 15:38:13.992385944,ROOM_102,B2.76 1-bedskamer,2.76,16.339979
RTLS_01071,EUREKA-VPL-009,nurse,2025-03-19 15:38:07.060141017,2025-03-19 15:38:25.358612150,ROOM_109,B2.68 2-bedskamer,2.68,18.298471
RTLS_01259,EUREKA-VPL-010,nurse,2025-03-19 15:38:13.992385944,2025-03-19 15:38:34.545067072,ROOM_106,B2.62 2-bedskamer,2.62,20.552681
RTLS_01072,EUREKA-VPL-009,nurse,2025-03-19 15:38:25.358612150,2025-03-19 15:38:27.275118598,ROOM_104,B2.80 1-bedskamer,2.80,1.916506
RTLS_03159,Voedingspomp 1,equipment,2025-03-19 15:38:26.000000000,2025-03-19 15:38:46.000000000,UTIL_A,B2.63 Utility,2.63,20.0
RTLS_01073,EUREKA-VPL-009,nurse,2025-03-19 15:38:27.275118598,2025-03-19 15:39:32.721300656,ROOM_101,B2.74 1-bedskamer,2.74,65.446182
RTLS_02625,Glucosemeter 1,equipment,2025-03-19 15:38:29.000000000,2025-03-19 15:38:45.000000000,NS_A,B2.71 Open wacht,2.71,16.0
RTLS_01260,EUREKA-VPL-010,nurse,2025-03-19 15:38:34.545067072,2025-03-19 15:42:35.874587418,ROOM_108,B2.66 2-bedskamer,2.66,241.32952
RTLS_03373,Voedingspomp 3,equipment,2025-03-19 15:38:59.000000000,2025-03-19 15:39:18.000000000,UTIL_A,B2.63 Utility,2.63,19.0
RTLS_00932,EUREKA-VPL-008,nurse,2025-03-19 15:39:11.600717052,2025-03-19 15:39:18.686197681,KITCHEN,B2.77 Keuken,2.77,7.0854800000000004
RTLS_02735,Glucosemeter 2,equipment,2025-03-19 15:39:25.000000000,2025-03-19 15:39:50.000000000,NS_B,B2.71.01 Dienstplaats,2.71.01,25.0
RTLS_02322,Infuuspomp 4,equipment,2025-03-19 15:39:31.000000000,2025-03-19 15:40:00.000000000,UTIL_B,B2.75 Utility,2.75,29.0
RTLS_03574,Voedingspomp 5,equipment,2025-03-19 15:39:32.000000000,2025-03-19 15:39:57.000000000,UTIL_A,B2.63 Utility,2.63,25.0
RTLS_01074,EUREKA-VPL-009,nurse,2025-03-19 15:39:32.721300656,2025-03-19 15:39:55.171131387,ROOM_107,B2.64 2-bedskamer,2.64,22.44983
RTLS_02519,Bladderscan,equipment,2025-03-19 15:39:40.000000000,2025-03-19 15:40:02.000000000,UTIL_A,B2.63 Utility,2.63,22.0
RTLS_03474,Voedingspomp 4,equipment,2025-03-19 15:39:50.000000000,2025-03-19 15:40:10.000000000,UTIL_B,B2.75 Utility,2.75,20.0
RTLS_01075,EUREKA-VPL-009,nurse,2025-03-19 15:39:55.171131387,2025-03-19 15:41:50.753515102,ROOM_105,B2.82 1-bedskamer,2.82,115.582383
RTLS_02841,Toiletstoel 1,equipment,2025-03-19 15:40:16.000000000,2025-03-19 15:40:38.000000000,UTIL_A,B2.63 Utility,2.63,22.0
RTLS_03160,Voedingspomp 1,equipment,2025-03-19 15:40:25.000000000,2025-03-19 15:41:01.000000000,UTIL_A,B2.63 Utility,2.63,36.0
RTLS_02220,Infuuspomp 3,equipment,2025-03-19 15:40:33.000000000,2025-03-19 15:40:47.000000000,UTIL_B,B2.75 Utility,2.75,14.0
RTLS_01998,Infuuspomp 1,equipment,2025-03-19 15:40:45.000000000,2025-03-19 15:40:50.000000000,UTIL_A,B2.63 Utility,2.63,5.0
RTLS_02323,Infuuspomp 4,equipment,2025-03-19 15:40:52.000000000,2025-03-19 15:41:06.000000000,UTIL_B,B2.75 Utility,2.75,14.0
RTLS_03058,Toiletstoel 3,equipment,2025-03-19 15:40:57.000000000,2025-03-19 15:41:21.000000000,STORAGE,B2.61 Opslag,2.61,24.0
RTLS_02947,Toiletstoel 2,equipment,2025-03-19 15:41:04.000000000,2025-03-19 15:41:18.000000000,UTIL_B,B2.75 Utility,2.75,14.0
RTLS_02419,Spuitaandrijver,equipment,2025-03-19 15:41:12.000000000,2025-03-19 15:41:28.000000000,UTIL_B,B2.75 Utility,2.75,16.0
RTLS_01753,EUREKA-VPL-014,nurse,2025-03-19 15:41:12.912774034,2025-03-19 15:41:29.001272297,ROOM_102,B2.76 1-bedskamer,2.76,16.088498
RTLS_02736,Glucosemeter 2,equipment,2025-03-19 15:41:14.000000000,2025-03-19 15:41:36.000000000,NS_B,B2.71.01 Dienstplaats,2.71.01,22.0
RTLS_01754,EUREKA-VPL-014,nurse,2025-03-19 15:41:29.001272297,2025-03-19 15:41:35.713513443,KITCHEN,B2.77 Keuken,2.77,6.712241
RTLS_01755,EUREKA-VPL-014,nurse,2025-03-19 15:41:35.713513443,2025-03-19 15:41:50.377011807,NS_B,B2.71.01 Dienstplaats,2.71.01,14.663498
RTLS_01756,EUREKA-VPL-014,nurse,2025-03-19 15:41:50.377011807,2025-03-19 15:42:00.806936291,ROOM_106,B2.62 2-bedskamer,2.62,10.429924
RTLS_03374,Voedingspomp 3,equipment,2025-03-19 15:41:57.000000000,2025-03-19 15:42:02.000000000,UTIL_A,B2.63 Utility,2.63,5.0
RTLS_01757,EUREKA-VPL-014,nurse,2025-03-19 15:42:00.806936291,2025-03-19 15:44:58.016548072,ROOM_104,B2.80 1-bedskamer,2.80,177.209611
RTLS_01261,EUREKA-VPL-010,nurse,2025-03-19 15:42:35.874587418,2025-03-19 15:43:25.286161250,KITCHEN,B2.77 Keuken,2.77,49.411573
RTLS_03267,Voedingspomp 2,equipment,2025-03-19 15:42:37.000000000,2025-03-19 15:43:02.000000000,UTIL_B,B2.75 Utility,2.75,25.0
RTLS_02948,Toiletstoel 2,equipment,2025-03-19 15:42:52.000000000,2025-03-19 15:43:17.000000000,UTIL_B,B2.75 Utility,2.75,25.0
RTLS_02324,Infuuspomp 4,equipment,2025-03-19 15:43:06.000000000,2025-03-19 15:43:15.000000000,UTIL_B,B2.75 Utility,2.75,9.0
RTLS_02420,Spuitaandrijver,equipment,2025-03-19 15:43:11.000000000,2025-03-19 15:43:21.000000000,UTIL_B,B2.75 Utility,2.75,10.0
RTLS_01262,EUREKA-VPL-010,nurse,2025-03-19 15:43:25.286161250,2025-03-19 15:43:31.698188146,PREP_B,B2.71.02 Voorbereiding,2.71.02,6.412026
RTLS_01263,EUREKA-VPL-010,nurse,2025-03-19 15:43:31.698188146,2025-03-19 15:43:32.698188146,ROOM_104,B2.80 1-bedskamer,2.80,1.0
RTLS_01264,EUREKA-VPL-010,nurse,2025-03-19 15:43:32.698188146,2025-03-19 15:43:41.833287469,NS_A,B2.71 Open wacht,2.71,9.135099
RTLS_03575,Voedingspomp 5,equipment,2025-03-19 15:43:39.000000000,2025-03-19 15:44:07.000000000,UTIL_A,B2.63 Utility,2.63,28.0
RTLS_01265,EUREKA-VPL-010,nurse,2025-03-19 15:43:41.833287469,2025-03-19 15:50:19.315107565,ROOM_104,B2.80 1-bedskamer,2.80,397.48182
RTLS_03475,Voedingspomp 4,equipment,2025-03-19 15:43:44.000000000,2025-03-19 15:43:59.000000000,UTIL_B,B2.75 Utility,2.75,15.0
RTLS_01999,Infuuspomp 1,equipment,2025-03-19 15:43:47.000000000,2025-03-19 15:44:11.000000000,UTIL_A,B2.63 Utility,2.63,24.0
RTLS_02842,Toiletstoel 1,equipment,2025-03-19 15:43:47.000000000,2025-03-19 15:44:14.000000000,UTIL_A,B2.63 Utility,2.63,27.0
RTLS_02115,Infuuspomp 2,equipment,2025-03-19 15:43:54.000000000,2025-03-19 15:44:28.000000000,UTIL_A,B2.63 Utility,2.63,34.0
RTLS_02520,Bladderscan,equipment,2025-03-19 15:44:27.000000000,2025-03-19 15:44:59.000000000,UTIL_A,B2.63 Utility,2.63,32.0
RTLS_03268,Voedingspomp 2,equipment,2025-03-19 15:44:29.000000000,2025-03-19 15:44:37.000000000,UTIL_B,B2.75 Utility,2.75,8.0
RTLS_02421,Spuitaandrijver,equipment,2025-03-19 15:44:57.000000000,2025-03-19 15:45:31.000000000,UTIL_B,B2.75 Utility,2.75,34.0
RTLS_01758,EUREKA-VPL-014,nurse,2025-03-19 15:44:58.016548072,2025-03-19 15:45:03.921544286,ROOM_108,B2.66 2-bedskamer,2.66,5.904996
RTLS_02737,Glucosemeter 2,equipment,2025-03-19 15:45:00.000000000,2025-03-19 15:45:20.000000000,NS_B,B2.71.01 Dienstplaats,2.71.01,20.0
RTLS_01759,EUREKA-VPL-014,nurse,2025-03-19 15:45:03.921544286,2025-03-19 15:45:42.205484021,ROOM_105,B2.82 1-bedskamer,2.82,38.283939
RTLS_02626,Glucosemeter 1,equipment,2025-03-19 15:45:04.000000000,2025-03-19 15:45:25.000000000,NS_A,B2.71 Open wacht,2.71,21.0
RTLS_03576,Voedingspomp 5,equipment,2025-03-19 15:45:10.000000000,2025-03-19 15:45:30.000000000,UTIL_A,B2.63 Utility,2.63,20.0
RTLS_02221,Infuuspomp 3,equipment,2025-03-19 15:45:32.000000000,2025-03-19 15:45:55.000000000,UTIL_B,B2.75 Utility,2.75,23.0
RTLS_03269,Voedingspomp 2,equipment,2025-03-19 15:45:33.000000000,2025-03-19 15:45:40.000000000,UTIL_B,B2.75 Utility,2.75,7.0
RTLS_01760,EUREKA-VPL-014,nurse,2025-03-19 15:45:42.205484021,2025-03-19 15:59:59.999999021,ROOM_104,B2.80 1-bedskamer,2.80,857.794515
RTLS_03476,Voedingspomp 4,equipment,2025-03-19 15:45:45.000000000,2025-03-19 15:45:50.000000000,UTIL_B,B2.75 Utility,2.75,5.0
RTLS_03161,Voedingspomp 1,equipment,2025-03-19 15:45:47.000000000,2025-03-19 15:45:53.000000000,UTIL_A,B2.63 Utility,2.63,6.0
RTLS_02000,Infuuspomp 1,equipment,2025-03-19 15:45:59.000000000,2025-03-19 15:46:20.000000000,UTIL_A,B2.63 Utility,2.63,21.0
RTLS_03059,Toiletstoel 3,equipment,2025-03-19 15:46:30.000000000,2025-03-19 15:46:47.000000000,STORAGE,B2.61 Opslag,2.61,17.0
RTLS_02222,Infuuspomp 3,equipment,2025-03-19 15:46:48.000000000,2025-03-19 15:47:23.000000000,UTIL_B,B2.75 Utility,2.75,35.0
RTLS_02843,Toiletstoel 1,equipment,2025-03-19 15:47:35.000000000,2025-03-19 15:47:46.000000000,UTIL_A,B2.63 Utility,2.63,11.0
RTLS_02738,Glucosemeter 2,equipment,2025-03-19 15:47:55.000000000,2025-03-19 15:48:06.000000000,NS_B,B2.71.01 Dienstplaats,2.71.01,11.0
RTLS_02325,Infuuspomp 4,equipment,2025-03-19 15:48:00.000000000,2025-03-19 15:48:34.000000000,UTIL_B,B2.75 Utility,2.75,34.0
RTLS_03375,Voedingspomp 3,equipment,2025-03-19 15:48:05.000000000,2025-03-19 15:48:29.000000000,UTIL_A,B2.63 Utility,2.63,24.0
RTLS_03577,Voedingspomp 5,equipment,2025-03-19 15:48:06.000000000,2025-03-19 15:48:20.000000000,UTIL_A,B2.63 Utility,2.63,14.0
RTLS_02949,Toiletstoel 2,equipment,2025-03-19 15:48:07.000000000,2025-03-19 15:48:24.000000000,UTIL_B,B2.75 Utility,2.75,17.0
RTLS_03060,Toiletstoel 3,equipment,2025-03-19 15:48:25.000000000,2025-03-19 15:48:46.000000000,STORAGE,B2.61 Opslag,2.61,21.0
RTLS_03270,Voedingspomp 2,equipment,2025-03-19 15:48:30.000000000,2025-03-19 15:48:35.000000000,UTIL_B,B2.75 Utility,2.75,5.0
RTLS_03477,Voedingspomp 4,equipment,2025-03-19 15:48:55.000000000,2025-03-19 15:49:26.000000000,UTIL_B,B2.75 Utility,2.75,31.0
RTLS_02627,Glucosemeter 1,equipment,2025-03-19 15:49:18.000000000,2025-03-19 15:49:25.000000000,NS_A,B2.71 Open wacht,2.71,7.0
RTLS_02521,Bladderscan,equipment,2025-03-19 15:49:22.000000000,2025-03-19 15:49:27.000000000,UTIL_A,B2.63 Utility,2.63,5.0
RTLS_03162,Voedingspomp 1,equipment,2025-03-19 15:50:06.000000000,2025-03-19 15:50:41.000000000,UTIL_A,B2.63 Utility,2.63,35.0
RTLS_01266,EUREKA-VPL-010,nurse,2025-03-19 15:50:19.315107565,2025-03-19 15:51:05.869811966,STORAGE,B2.61 Opslag,2.61,46.554704
RTLS_02950,Toiletstoel 2,equipment,2025-03-19 15:50:28.000000000,2025-03-19 15:51:01.000000000,UTIL_B,B2.75 Utility,2.75,33.0
RTLS_02116,Infuuspomp 2,equipment,2025-03-19 15:50:48.000000000,2025-03-19 15:50:57.000000000,UTIL_A,B2.63 Utility,2.63,9.0
RTLS_02628,Glucosemeter 1,equipment,2025-03-19 15:51:02.000000000,2025-03-19 15:51:26.000000000,NS_A,B2.71 Open wacht,2.71,24.0
RTLS_01267,EUREKA-VPL-010,nurse,2025-03-19 15:51:05.869811966,2025-03-19 15:51:08.418715516,ROOM_108,B2.66 2-bedskamer,2.66,2.548903
RTLS_01268,EUREKA-VPL-010,nurse,2025-03-19 15:51:08.418715516,2025-03-19 15:51:17.560310457,BATH_B,B2.55 Badkamer,2.55,9.141594
RTLS_02422,Spuitaandrijver,equipment,2025-03-19 15:51:32.000000000,2025-03-19 15:51:40.000000000,UTIL_B,B2.75 Utility,2.75,8.0
RTLS_03478,Voedingspomp 4,equipment,2025-03-19 15:51:50.000000000,2025-03-19 15:52:00.000000000,UTIL_B,B2.75 Utility,2.75,10.0
RTLS_02223,Infuuspomp 3,equipment,2025-03-19 15:52:02.000000000,2025-03-19 15:52:14.000000000,UTIL_B,B2.75 Utility,2.75,12.0
RTLS_02844,Toiletstoel 1,equipment,2025-03-19 15:52:13.000000000,2025-03-19 15:52:32.000000000,UTIL_A,B2.63 Utility,2.63,19.0
RTLS_02001,Infuuspomp 1,equipment,2025-03-19 15:53:51.000000000,2025-03-19 15:54:23.000000000,UTIL_A,B2.63 Utility,2.63,32.0
RTLS_02326,Infuuspomp 4,equipment,2025-03-19 15:53:52.000000000,2025-03-19 15:54:25.000000000,UTIL_B,B2.75 Utility,2.75,33.0
RTLS_02522,Bladderscan,equipment,2025-03-19 15:54:58.000000000,2025-03-19 15:55:28.000000000,UTIL_A,B2.63 Utility,2.63,30.0
RTLS_03479,Voedingspomp 4,equipment,2025-03-19 15:55:02.000000000,2025-03-19 15:55:26.000000000,UTIL_B,B2.75 Utility,2.75,24.0
RTLS_02739,Glucosemeter 2,equipment,2025-03-19 15:55:19.000000000,2025-03-19 15:55:42.000000000,NS_B,B2.71.01 Dienstplaats,2.71.01,23.0
RTLS_02002,Infuuspomp 1,equipment,2025-03-19 15:55:25.000000000,2025-03-19 15:55:49.000000000,UTIL_A,B2.63 Utility,2.63,24.0
RTLS_03376,Voedingspomp 3,equipment,2025-03-19 15:55:25.000000000,2025-03-19 15:55:45.000000000,UTIL_A,B2.63 Utility,2.63,20.0
RTLS_03061,Toiletstoel 3,equipment,2025-03-19 15:55:26.000000000,2025-03-19 15:55:41.000000000,STORAGE,B2.61 Opslag,2.61,15.0
RTLS_03578,Voedingspomp 5,equipment,2025-03-19 15:55:40.000000000,2025-03-19 15:56:03.000000000,UTIL_A,B2.63 Utility,2.63,23.0
RTLS_03271,Voedingspomp 2,equipment,2025-03-19 15:55:43.000000000,2025-03-19 15:56:18.000000000,UTIL_B,B2.75 Utility,2.75,35.0
RTLS_02117,Infuuspomp 2,equipment,2025-03-19 15:55:59.000000000,2025-03-19 15:56:17.000000000,UTIL_A,B2.63 Utility,2.63,18.0
RTLS_02845,Toiletstoel 1,equipment,2025-03-19 15:56:05.000000000,2025-03-19 15:56:24.000000000,UTIL_A,B2.63 Utility,2.63,19.0
RTLS_02629,Glucosemeter 1,equipment,2025-03-19 15:56:05.000000000,2025-03-19 15:56:28.000000000,NS_A,B2.71 Open wacht,2.71,23.0
RTLS_03163,Voedingspomp 1,equipment,2025-03-19 15:56:30.000000000,2025-03-19 15:56:44.000000000,UTIL_A,B2.63 Utility,2.63,14.0
RTLS_02423,Spuitaandrijver,equipment,2025-03-19 15:56:42.000000000,2025-03-19 15:57:08.000000000,UTIL_B,B2.75 Utility,2.75,26.0
RTLS_02224,Infuuspomp 3,equipment,2025-03-19 15:57:19.000000000,2025-03-19 15:57:46.000000000,UTIL_B,B2.75 Utility,2.75,27.0
RTLS_02951,Toiletstoel 2,equipment,2025-03-19 15:57:32.000000000,2025-03-19 15:58:01.000000000,UTIL_B,B2.75 Utility,2.75,29.0
RTLS_03480,Voedingspomp 4,equipment,2025-03-19 15:57:42.000000000,2025-03-19 15:57:54.000000000,UTIL_B,B2.75 Utility,2.75,12.0
RTLS_03579,Voedingspomp 5,equipment,2025-03-19 15:57:49.000000000,2025-03-19 15:58:06.000000000,UTIL_A,B2.63 Utility,2.63,17.0
RTLS_03272,Voedingspomp 2,equipment,2025-03-19 15:58:17.000000000,2025-03-19 15:58:32.000000000,UTIL_B,B2.75 Utility,2.75,15.0
RTLS_02523,Bladderscan,equipment,2025-03-19 15:58:18.000000000,2025-03-19 15:58:26.000000000,UTIL_A,B2.63 Utility,2.63,8.0
RTLS_02630,Glucosemeter 1,equipment,2025-03-19 15:58:21.000000000,2025-03-19 15:58:42.000000000,NS_A,B2.71 Open wacht,2.71,21.0
RTLS_02327,Infuuspomp 4,equipment,2025-03-19 15:59:13.000000000,2025-03-19 15:59:19.000000000,UTIL_B,B2.75 Utility,2.75,6.0
RTLS_02740,Glucosemeter 2,equipment,2025-03-19 15:59:17.000000000,2025-03-19 15:59:24.000000000,NS_B,B2.71.01 Dienstplaats,2.71.01,7.0
RTLS_03481,Voedingspomp 4,equipment,2025-03-19 15:59:29.000000000,2025-03-19 15:59:44.000000000,UTIL_B,B2.75 Utility,2.75,15.0
